# 3ds Max Wavefront OBJ Exporter v0.99 - (c)2007 guruware
# File Created: 26.03.2025 22:23:51

mtllib CocheLlantaDelanteraDerecha.mtl

#
# object LlantaDelanteraDerecha
#

v  1.9927 -0.6542 1.4440
v  2.0822 -0.2214 1.4442
v  2.0107 -0.2142 1.5086
v  1.9243 -0.6323 1.5085
v  2.0798 0.2205 1.4436
v  2.0084 0.2127 1.5080
v  1.9175 0.6298 1.5069
v  1.9857 0.6523 1.4424
v  1.9189 -0.2050 1.5351
v  1.8364 -0.6042 1.5350
v  1.9167 0.2026 1.5346
v  1.8299 0.6009 1.5335
v  1.8094 -0.1941 1.5335
v  1.7315 -0.5707 1.5334
v  1.8073 0.1905 1.5331
v  1.7254 0.5663 1.5320
v  1.2126 1.7051 1.4356
v  1.1707 1.6469 1.5003
v  1.4893 1.3630 1.5029
v  1.5424 1.4111 1.4383
v  1.7419 1.0189 1.5051
v  1.8039 1.0550 1.4406
v  1.1168 1.5720 1.5272
v  1.4210 1.3009 1.5297
v  1.6622 0.9724 1.5318
v  1.0526 1.4825 1.5261
v  1.3396 1.2267 1.5284
v  1.5671 0.9168 1.5304
v  -0.0082 -2.1256 1.4316
v  0.4307 -2.0771 1.4346
v  0.4152 -2.0070 1.4994
v  -0.0088 -2.0539 1.4964
v  0.8499 -1.9383 1.4375
v  0.8202 -1.8729 1.5021
v  1.1885 -1.6574 1.5045
v  1.2311 -1.7152 1.4399
v  0.3955 -1.9168 1.5263
v  -0.0094 -1.9615 1.5235
v  0.7822 -1.7887 1.5289
v  1.1338 -1.5830 1.5312
v  0.3720 -1.8091 1.5253
v  -0.0099 -1.8514 1.5226
v  0.7369 -1.6883 1.5277
v  1.0687 -1.4942 1.5298
v  1.7529 -1.0233 1.5077
v  1.8153 -1.0588 1.4433
v  1.5040 -1.3700 1.5064
v  1.5577 -1.4178 1.4419
v  1.6727 -0.9775 1.5343
v  1.4351 -1.3086 1.5330
v  1.5771 -0.9229 1.5328
v  1.3529 -1.2353 1.5316
v  -2.0249 -0.6758 1.4154
v  -1.8431 -1.0786 1.4171
v  -1.7815 -1.0423 1.4825
v  -1.9571 -0.6532 1.4808
v  -1.5816 -1.4347 1.4195
v  -1.5289 -1.3864 1.4847
v  -1.2103 -1.6703 1.4873
v  -1.2519 -1.7286 1.4222
v  -1.7019 -0.9957 1.5102
v  -1.8696 -0.6242 1.5085
v  -1.4607 -1.3242 1.5123
v  -1.1566 -1.5953 1.5148
v  -1.6069 -0.9401 1.5100
v  -1.7651 -0.5896 1.5085
v  -1.3793 -1.2501 1.5121
v  -1.0924 -1.5059 1.5144
v  -0.4333 -2.0115 1.4933
v  -0.4476 -2.0818 1.4284
v  -0.8397 -1.8818 1.4903
v  -0.8683 -1.9475 1.4252
v  -0.4147 -1.9211 1.5205
v  -0.8027 -1.7972 1.5176
v  -0.3924 -1.8133 1.5198
v  -0.7585 -1.6964 1.5170
v  -1.2704 1.6917 1.4178
v  -1.5969 1.3942 1.4159
v  -1.5436 1.3466 1.4813
v  -1.2282 1.6340 1.4832
v  -1.8545 1.0353 1.4145
v  -1.7925 0.9999 1.4799
v  -1.9639 0.6089 1.4792
v  -2.0320 0.6306 1.4137
v  -1.4748 1.2853 1.5090
v  -1.1736 1.5597 1.5108
v  -1.7125 0.9542 1.5077
v  -1.8761 0.5809 1.5070
v  -1.3926 1.2120 1.5089
v  -1.1084 1.4709 1.5106
v  -1.6169 0.8996 1.5077
v  -1.7713 0.5474 1.5070
v  -2.0481 -0.2361 1.4796
v  -2.1191 -0.2441 1.4142
v  -2.0504 0.1908 1.4791
v  -2.1214 0.1979 1.4136
v  -1.9565 -0.2259 1.5074
v  -1.9587 0.1817 1.5069
v  -1.8471 -0.2138 1.5074
v  -1.8491 0.1708 1.5069
v  0.8290 1.9240 1.4326
v  0.8001 1.8584 1.4974
v  0.4084 2.0583 1.4294
v  0.3937 1.9882 1.4943
v  -0.0308 2.0305 1.4912
v  -0.0310 2.1021 1.4262
v  0.7630 1.7739 1.5244
v  0.3749 1.8978 1.5215
v  -0.0304 1.9382 1.5185
v  0.7187 1.6730 1.5235
v  0.3526 1.7899 1.5207
v  -0.0298 1.8281 1.5179
v  -0.8599 1.8495 1.4855
v  -0.8892 1.9147 1.4203
v  -0.4549 1.9836 1.4883
v  -0.4699 2.0535 1.4231
v  -0.8220 1.7654 1.5131
v  -0.4353 1.8934 1.5157
v  -0.7767 1.6650 1.5128
v  -0.4118 1.7858 1.5152
v  1.9974 -0.6562 -0.1862
v  1.9293 -0.6345 -0.2516
v  2.0158 -0.2164 -0.2515
v  2.0868 -0.2234 -0.1861
v  2.0134 0.2106 -0.2521
v  2.0844 0.2185 -0.1866
v  1.9225 0.6277 -0.2532
v  1.9903 0.6503 -0.1879
v  1.8415 -0.6065 -0.2795
v  1.9241 -0.2073 -0.2794
v  1.9219 0.2004 -0.2799
v  1.8350 0.5986 -0.2810
v  1.7367 -0.5730 -0.2853
v  1.8145 -0.1963 -0.2794
v  1.8125 0.1883 -0.2799
v  1.7305 0.5640 -0.2810
v  1.2173 1.7031 -0.1947
v  1.5470 1.4091 -0.1920
v  1.4943 1.3608 -0.2572
v  1.1757 1.6448 -0.2598
v  1.8085 1.0530 -0.1896
v  1.7469 1.0168 -0.2550
v  1.4261 1.2986 -0.2848
v  1.1220 1.5698 -0.2873
v  1.6673 0.9701 -0.2827
v  1.3447 1.2245 -0.2845
v  1.0578 1.4803 -0.2927
v  1.5723 0.9146 -0.2825
v  -0.0036 -2.1276 -0.1987
v  -0.0038 -2.0560 -0.2637
v  0.4202 -2.0091 -0.2608
v  0.4353 -2.0791 -0.1956
v  0.8253 -1.8750 -0.2580
v  0.8546 -1.9403 -0.1928
v  1.1935 -1.6596 -0.2557
v  1.2358 -1.7172 -0.1903
v  -0.0042 -1.9638 -0.2910
v  0.4007 -1.9190 -0.2882
v  0.7874 -1.7909 -0.2856
v  1.1390 -1.5852 -0.2833
v  -0.0048 -1.8536 -0.2962
v  0.3772 -1.8114 -0.2877
v  0.7421 -1.6905 -0.2853
v  1.0738 -1.4964 -0.2831
v  1.8199 -1.0608 -0.1870
v  1.7579 -1.0254 -0.2524
v  1.5623 -1.4198 -0.1884
v  1.5090 -1.3722 -0.2538
v  1.6779 -0.9797 -0.2802
v  1.4402 -1.3108 -0.2815
v  1.5822 -0.9252 -0.2802
v  1.3580 -1.2375 -0.2814
v  -2.0203 -0.6778 -0.2149
v  -1.9521 -0.6554 -0.2794
v  -1.7765 -1.0445 -0.2776
v  -1.8385 -1.0806 -0.2131
v  -1.5239 -1.3885 -0.2754
v  -1.5770 -1.4367 -0.2108
v  -1.2053 -1.6725 -0.2728
v  -1.2473 -1.7306 -0.2081
v  -1.8645 -0.6264 -0.3060
v  -1.6968 -0.9979 -0.3043
v  -1.4556 -1.3264 -0.3022
v  -1.1514 -1.5976 -0.2997
v  -1.7599 -0.5918 -0.3103
v  -1.6018 -0.9423 -0.3029
v  -1.3742 -1.2523 -0.3009
v  -1.0872 -1.5081 -0.2986
v  -0.4430 -2.0838 -0.2019
v  -0.4283 -2.0137 -0.2668
v  -0.8637 -1.9495 -0.2051
v  -0.8347 -1.8840 -0.2699
v  -0.4095 -1.9234 -0.2940
v  -0.7976 -1.7995 -0.2969
v  -0.3872 -1.8155 -0.2932
v  -0.7533 -1.6986 -0.2960
v  -1.2657 1.6897 -0.2124
v  -1.2231 1.6318 -0.2770
v  -1.5386 1.3445 -0.2789
v  -1.5923 1.3922 -0.2144
v  -1.7875 0.9977 -0.2802
v  -1.8499 1.0333 -0.2158
v  -1.9589 0.6067 -0.2810
v  -2.0273 0.6286 -0.2165
v  -1.1685 1.5574 -0.3037
v  -1.4697 1.2830 -0.3055
v  -1.7073 0.9520 -0.3068
v  -1.8710 0.5787 -0.3075
v  -1.1033 1.4686 -0.3081
v  -1.3875 1.2098 -0.3041
v  -1.6117 0.8974 -0.3053
v  -1.7661 0.5452 -0.3059
v  -2.1144 -0.2461 -0.2161
v  -2.0430 -0.2383 -0.2805
v  -2.1168 0.1959 -0.2166
v  -2.0454 0.1887 -0.2811
v  -1.9513 -0.2282 -0.3071
v  -1.9535 0.1795 -0.3076
v  -1.8419 -0.2161 -0.3056
v  -1.8440 0.1686 -0.3060
v  0.8051 1.8562 -0.2627
v  0.8337 1.9220 -0.1977
v  0.3987 1.9860 -0.2658
v  0.4130 2.0563 -0.2009
v  -0.0258 2.0283 -0.2689
v  -0.0264 2.1001 -0.2040
v  0.7681 1.7717 -0.2901
v  0.3801 1.8956 -0.2930
v  -0.0253 1.9360 -0.2960
v  0.7239 1.6708 -0.2895
v  0.3578 1.7877 -0.2923
v  -0.0247 1.8258 -0.2951
v  -0.8845 1.9127 -0.2100
v  -0.8549 1.8473 -0.2746
v  -0.4653 2.0515 -0.2071
v  -0.4499 1.9814 -0.2719
v  -0.8168 1.7631 -0.3014
v  -0.4301 1.8912 -0.2988
v  -0.7715 1.6628 -0.3002
v  -0.4067 1.7836 -0.2978
v  0.3006 0.1731 0.5900
v  0.3188 0.1839 0.6415
v  0.3185 0.2353 0.6414
v  0.3002 0.2458 0.5899
v  0.3628 0.2612 0.6417
v  0.3628 0.2824 0.5903
v  0.4074 0.2358 0.6420
v  0.4259 0.2464 0.5908
v  0.4077 0.1844 0.6421
v  0.4263 0.1738 0.5909
v  0.3634 0.1585 0.6418
v  0.3636 0.1371 0.5905
v  0.2875 0.1651 0.4552
v  0.2871 0.1652 0.5968
v  0.2866 0.2535 0.5967
v  0.2870 0.2533 0.4551
v  0.3627 0.2980 0.5972
v  0.3631 0.2979 0.4556
v  0.4393 0.2543 0.5978
v  0.4398 0.2541 0.4562
v  0.4398 0.1661 0.5979
v  0.4402 0.1659 0.4563
v  0.3637 0.1215 0.5974
v  0.3641 0.1214 0.4558
v  0.3030 -0.2679 0.5906
v  0.3212 -0.2571 0.6420
v  0.3209 -0.2058 0.6420
v  0.3026 -0.1953 0.5905
v  0.3652 -0.1799 0.6423
v  0.3652 -0.1586 0.5909
v  0.4098 -0.2053 0.6426
v  0.4283 -0.1946 0.5914
v  0.4101 -0.2567 0.6427
v  0.4287 -0.2673 0.5914
v  0.3658 -0.2826 0.6424
v  0.3660 -0.3039 0.5910
v  0.2899 -0.2760 0.4558
v  0.2895 -0.2758 0.5974
v  0.2890 -0.1876 0.5972
v  0.2894 -0.1877 0.4557
v  0.3651 -0.1430 0.5977
v  0.3655 -0.1432 0.4562
v  0.4417 -0.1867 0.5983
v  0.4421 -0.1869 0.4568
v  0.4422 -0.2750 0.5984
v  0.4426 -0.2752 0.4569
v  0.3661 -0.3195 0.5980
v  0.3665 -0.3197 0.4564
v  -0.0775 -0.4905 0.5881
v  -0.0593 -0.4797 0.6396
v  -0.0596 -0.4284 0.6395
v  -0.0779 -0.4179 0.5880
v  -0.0153 -0.4024 0.6398
v  -0.0152 -0.3812 0.5884
v  0.0293 -0.4279 0.6402
v  0.0478 -0.4172 0.5889
v  0.0296 -0.4792 0.6402
v  0.0482 -0.4898 0.5890
v  -0.0147 -0.5052 0.6399
v  -0.0145 -0.5265 0.5886
v  -0.0906 -0.4986 0.4533
v  -0.0910 -0.4984 0.5949
v  -0.0915 -0.4101 0.5948
v  -0.0911 -0.4103 0.4532
v  -0.0153 -0.3656 0.5953
v  -0.0149 -0.3658 0.4537
v  0.0613 -0.4093 0.5959
v  0.0617 -0.4095 0.4543
v  0.0617 -0.4976 0.5960
v  0.0621 -0.4977 0.4544
v  -0.0144 -0.5421 0.5955
v  -0.0140 -0.5423 0.4539
v  -0.4627 0.1690 0.5845
v  -0.4445 0.1798 0.6360
v  -0.4448 0.2312 0.6360
v  -0.4631 0.2416 0.5845
v  -0.4005 0.2571 0.6362
v  -0.4005 0.2783 0.5848
v  -0.3559 0.2316 0.6366
v  -0.3374 0.2423 0.5854
v  -0.3556 0.1803 0.6367
v  -0.3370 0.1697 0.5854
v  -0.3999 0.1544 0.6364
v  -0.3997 0.1330 0.5850
v  -0.4758 0.1610 0.4498
v  -0.4762 0.1611 0.5913
v  -0.4767 0.2494 0.5912
v  -0.4763 0.2492 0.4497
v  -0.4006 0.2939 0.5917
v  -0.4002 0.2937 0.4501
v  -0.3240 0.2502 0.5923
v  -0.3236 0.2500 0.4507
v  -0.3235 0.1620 0.5924
v  -0.3231 0.1618 0.4509
v  -0.3996 0.1174 0.5919
v  -0.3992 0.1172 0.4504
v  -0.0823 0.3916 0.5870
v  -0.0641 0.4024 0.6385
v  -0.0643 0.4537 0.6384
v  -0.0827 0.4642 0.5869
v  -0.0200 0.4797 0.6387
v  -0.0200 0.5009 0.5873
v  0.0246 0.4542 0.6390
v  0.0431 0.4649 0.5878
v  0.0248 0.4029 0.6391
v  0.0434 0.3923 0.5879
v  -0.0195 0.3769 0.6388
v  -0.0192 0.3556 0.5875
v  -0.0954 0.3835 0.4522
v  -0.0958 0.3837 0.5938
v  -0.0962 0.4720 0.5937
v  -0.0958 0.4718 0.4521
v  -0.0201 0.5165 0.5942
v  -0.0197 0.5163 0.4526
v  0.0565 0.4728 0.5948
v  0.0569 0.4726 0.4532
v  0.0570 0.3845 0.5949
v  0.0574 0.3844 0.4533
v  -0.0192 0.3400 0.5944
v  -0.0187 0.3398 0.4528
v  -0.3346 -0.2714 0.5860
v  -0.3533 -0.2608 0.6372
v  -0.3976 -0.2867 0.6369
v  -0.3973 -0.3080 0.5856
v  -0.4422 -0.2612 0.6366
v  -0.4604 -0.2720 0.5851
v  -0.4424 -0.2099 0.6365
v  -0.4608 -0.1994 0.5850
v  -0.3981 -0.1840 0.6368
v  -0.3981 -0.1627 0.5854
v  -0.3535 -0.2094 0.6372
v  -0.3350 -0.1987 0.5859
v  -0.3207 -0.2793 0.4514
v  -0.3211 -0.2791 0.5930
v  -0.3972 -0.3236 0.5925
v  -0.3968 -0.3238 0.4509
v  -0.4738 -0.2799 0.5919
v  -0.4734 -0.2801 0.4503
v  -0.4743 -0.1917 0.5918
v  -0.4739 -0.1918 0.4502
v  -0.3982 -0.1471 0.5923
v  -0.3978 -0.1473 0.4507
v  -0.3216 -0.1908 0.5929
v  -0.3212 -0.1910 0.4513
v  -0.4284 -1.0265 -0.0152
v  -0.4286 -1.0264 0.0712
v  -0.7845 -0.7912 0.0684
v  -0.7843 -0.7913 -0.0180
v  -1.0234 -0.4375 0.0662
v  -1.0232 -0.4376 -0.0201
v  -1.1089 -0.0193 0.0651
v  -1.1086 -0.0194 -0.0213
v  -1.0279 0.3998 0.0652
v  -1.0277 0.3997 -0.0212
v  -0.7929 0.7560 0.0664
v  -0.7927 0.7558 -0.0200
v  -0.4395 0.9950 0.0686
v  -0.4393 0.9949 -0.0177
v  -0.0217 1.0805 0.0715
v  -0.0214 1.0804 -0.0148
v  0.3971 0.9995 0.0746
v  0.3973 0.9994 -0.0117
v  0.7530 0.7643 0.0775
v  0.7533 0.7642 -0.0089
v  0.9919 0.4107 0.0796
v  0.9921 0.4105 -0.0068
v  1.0774 -0.0076 0.0807
v  1.0776 -0.0077 -0.0056
v  0.9964 -0.4266 0.0807
v  0.9967 -0.4268 -0.0057
v  0.7614 -0.7828 0.0794
v  0.7616 -0.7829 -0.0069
v  0.4080 -1.0219 0.0772
v  0.4083 -1.0220 -0.0092
v  -0.0099 -1.1074 0.0743
v  -0.0096 -1.1075 -0.0121
v  1.0429 1.4692 1.5659
v  1.3273 1.2157 1.5682
v  1.5672 0.9168 1.5304
v  1.5528 0.9085 1.5702
v  1.7096 0.5611 1.5717
v  1.7928 -0.1924 1.5733
v  1.7157 -0.5657 1.5732
v  1.7908 0.1887 1.5728
v  1.5626 -0.9147 1.5725
v  1.3404 -1.2243 1.5713
v  1.0588 -1.4808 1.5696
v  0.3684 -1.7929 1.5651
v  -0.0101 -1.8348 1.5624
v  0.7300 -1.6732 1.5675
v  -0.3891 -1.7970 1.5596
v  -0.7520 -1.6812 1.5569
v  -1.0828 -1.4924 1.5543
v  -1.5928 -0.9317 1.5500
v  -1.7496 -0.5844 1.5484
v  -1.3793 -1.2500 1.5121
v  -1.3672 -1.2389 1.5520
v  -1.8308 -0.2120 1.5474
v  -1.8328 0.1692 1.5469
v  -1.7557 0.5424 1.5470
v  -1.3804 1.2011 1.5489
v  -1.0988 1.4576 1.5506
v  -1.6168 0.8996 1.5077
v  -1.6026 0.8915 1.5477
v  -0.7700 1.6500 1.5527
v  -0.4084 1.7697 1.5551
v  -0.0298 1.8116 1.5578
v  0.7120 1.6580 1.5633
v  0.3491 1.7738 1.5605
v  0.9537 1.3447 1.5098
v  1.2142 1.1125 1.5120
v  1.4208 0.8311 1.5138
v  1.4609 0.7423 1.5142
v  1.5644 0.5129 1.5152
v  1.5333 0.5026 1.4842
v  1.5500 0.5081 1.5008
v  1.4527 0.7369 1.4976
v  1.4471 0.7067 1.4718
v  0.9482 1.3369 1.4961
v  1.2072 1.1060 1.4982
v  1.4126 0.8263 1.5000
v  1.6407 -0.1773 1.5166
v  1.5700 -0.5192 1.5165
v  1.6388 0.1718 1.5161
v  1.6181 0.2671 1.5159
v  1.6312 -0.1764 1.5028
v  1.5609 -0.5163 1.5028
v  1.6293 0.1708 1.5024
v  1.6083 0.2665 1.4993
v  1.5858 0.2873 1.4733
v  1.5539 0.2969 1.4419
v  1.4734 0.2743 1.3807
v  1.4273 0.6797 1.4405
v  1.3493 0.6496 1.3793
v  1.4298 -0.8389 1.5159
v  1.2263 -1.1225 1.5148
v  1.1543 -1.1881 1.5144
v  0.9683 -1.3575 1.5132
v  0.9489 -1.3310 1.4823
v  0.9593 -1.3452 1.4989
v  1.1467 -1.1819 1.4978
v  1.1163 -1.1859 1.4717
v  1.4216 -0.8342 1.5021
v  1.2192 -1.1161 1.5010
v  0.3359 -1.6434 1.5091
v  -0.0108 -1.6817 1.5066
v  0.6671 -1.5337 1.5113
v  0.7512 -1.4845 1.5119
v  0.3339 -1.6340 1.4954
v  -0.0108 -1.6721 1.4929
v  0.6632 -1.5250 1.4976
v  0.7477 -1.4753 1.4953
v  0.7606 -1.4475 1.4695
v  0.7600 -1.4140 1.4383
v  0.7138 -1.3443 1.3772
v  1.0847 -1.1753 1.4404
v  1.0321 -1.1102 1.3792
v  -0.3580 -1.6471 1.5041
v  -0.6903 -1.5410 1.5016
v  -0.7749 -1.4927 1.5009
v  -0.9934 -1.3681 1.4992
v  -0.9741 -1.3414 1.4685
v  -0.9844 -1.3557 1.4850
v  -0.7714 -1.4835 1.4844
v  -0.7845 -1.4558 1.4585
v  -0.3560 -1.6377 1.4904
v  -0.6864 -1.5322 1.4879
v  -1.4605 -0.8545 1.4953
v  -1.6041 -0.5363 1.4938
v  -1.2539 -1.1358 1.4971
v  -1.1812 -1.2007 1.4977
v  -1.4522 -0.8497 1.4816
v  -1.5950 -0.5333 1.4802
v  -1.2468 -1.1294 1.4834
v  -1.1735 -1.1944 1.4812
v  -1.1430 -1.1981 1.4556
v  -1.1113 -1.1871 1.4247
v  -1.0591 -1.1215 1.3643
v  -0.7840 -1.4224 1.4273
v  -0.7383 -1.3521 1.3669
v  -1.6785 -0.1952 1.4929
v  -1.6804 0.1539 1.4924
v  -1.6607 0.2494 1.4925
v  -1.6097 0.4958 1.4925
v  -1.5782 0.4858 1.4620
v  -1.5951 0.4912 1.4784
v  -1.6507 0.2489 1.4760
v  -1.6284 0.2699 1.4503
v  -1.6689 -0.1942 1.4793
v  -1.6708 0.1530 1.4788
v  -1.2660 1.0991 1.4942
v  -1.0080 1.3341 1.4958
v  -1.4695 0.8155 1.4931
v  -1.5087 0.7263 1.4930
v  -1.2588 1.0927 1.4806
v  -1.0023 1.3264 1.4822
v  -1.4611 0.8108 1.4795
v  -1.5003 0.7210 1.4765
v  -1.4942 0.6908 1.4508
v  -1.4739 0.6641 1.4198
v  -1.3952 0.6348 1.3597
v  -1.5964 0.2799 1.4194
v  -1.5153 0.2582 1.3593
v  -0.7068 1.5103 1.4977
v  -0.3756 1.6200 1.5000
v  -0.2788 1.6307 1.5007
v  -0.0289 1.6584 1.5024
v  -0.0286 1.6254 1.4716
v  -0.0287 1.6430 1.4882
v  -0.2762 1.6212 1.4841
v  -0.2492 1.6064 1.4585
v  -0.7028 1.5016 1.4841
v  -0.3735 1.6106 1.4863
v  0.6507 1.5176 1.5074
v  0.3183 1.6237 1.5049
v  0.2214 1.6334 1.5042
v  0.6468 1.5088 1.4937
v  0.3164 1.6143 1.4912
v  0.2189 1.6238 1.4877
v  0.1922 1.6088 1.4617
v  0.1732 1.5813 1.4305
v  0.1699 1.4975 1.3698
v  -0.2297 1.5791 1.4276
v  -0.2251 1.4953 1.3670
v  -0.0177 -0.0126 0.7614
v  -0.1211 0.3002 0.7496
v  -0.2127 0.2529 0.7490
v  -0.2851 0.1796 0.7486
v  -0.3314 0.0875 0.7483
v  -0.3469 -0.0144 0.7484
v  -0.3303 -0.1161 0.7486
v  -0.2830 -0.2077 0.7490
v  -0.2098 -0.2802 0.7497
v  -0.1177 -0.3265 0.7504
v  -0.0159 -0.3421 0.7511
v  0.0857 -0.3254 0.7518
v  0.1773 -0.2781 0.7524
v  0.2497 -0.2048 0.7529
v  0.2960 -0.1127 0.7531
v  0.3116 -0.0108 0.7531
v  0.2949 0.0909 0.7528
v  0.2476 0.1825 0.7524
v  0.1744 0.2550 0.7517
v  0.0824 0.3013 0.7510
v  -0.0195 0.3169 0.7503
v  -0.2133 0.2545 0.4654
v  -0.1211 0.3022 0.4660
v  -0.1941 0.5230 0.4652
v  -0.3509 0.4420 0.4642
v  -0.2863 0.1807 0.4650
v  -0.4750 0.3164 0.4634
v  -0.3329 0.0879 0.4647
v  -0.5543 0.1586 0.4631
v  -0.3486 -0.0147 0.4648
v  -0.5810 -0.0160 0.4631
v  -0.3318 -0.1172 0.4650
v  -0.5524 -0.1903 0.4635
v  -0.2842 -0.2095 0.4655
v  -0.4714 -0.3472 0.4643
v  -0.2104 -0.2826 0.4661
v  -0.3460 -0.4715 0.4653
v  -0.1177 -0.3292 0.4668
v  -0.1883 -0.5508 0.4666
v  -0.0151 -0.3449 0.4675
v  -0.0138 -0.5775 0.4678
v  0.0873 -0.3281 0.4683
v  0.1603 -0.5489 0.4691
v  0.1795 -0.2804 0.4689
v  0.3172 -0.4679 0.4701
v  0.2525 -0.2066 0.4693
v  0.4413 -0.3423 0.4708
v  0.2991 -0.1138 0.4695
v  0.5205 -0.1845 0.4712
v  0.3148 -0.0112 0.4695
v  0.5472 -0.0099 0.4712
v  0.2980 0.0913 0.4693
v  0.5187 0.1644 0.4707
v  0.2504 0.1836 0.4688
v  0.4377 0.3213 0.4700
v  0.1766 0.2566 0.4682
v  0.3122 0.4455 0.4689
v  0.0839 0.3033 0.4675
v  0.1545 0.5249 0.4677
v  -0.0187 0.3190 0.4667
v  -0.0199 0.5516 0.4664
v  -0.3523 0.4426 0.9663
v  -0.1955 0.5236 0.9674
v  -0.2327 0.6360 0.9670
v  -0.4224 0.5380 0.9657
v  -0.4765 0.3170 0.9656
v  -0.5726 0.3861 0.9648
v  -0.5557 0.1592 0.9652
v  -0.6685 0.1952 0.9644
v  -0.5824 -0.0154 0.9653
v  -0.7007 -0.0160 0.9644
v  -0.5539 -0.1897 0.9657
v  -0.6662 -0.2269 0.9649
v  -0.4729 -0.3466 0.9664
v  -0.5682 -0.4167 0.9658
v  -0.3474 -0.4708 0.9675
v  -0.4164 -0.5670 0.9671
v  -0.1897 -0.5502 0.9687
v  -0.2257 -0.6630 0.9686
v  -0.0153 -0.5769 0.9700
v  -0.0146 -0.6953 0.9701
v  0.1589 -0.5483 0.9712
v  0.1961 -0.6607 0.9716
v  0.3157 -0.4673 0.9722
v  0.3858 -0.5627 0.9728
v  0.4398 -0.3417 0.9730
v  0.5359 -0.4108 0.9737
v  0.5191 -0.1839 0.9733
v  0.6318 -0.2199 0.9742
v  0.5458 -0.0093 0.9733
v  0.6641 -0.0087 0.9742
v  0.5172 0.1650 0.9729
v  0.6296 0.2022 0.9737
v  0.4363 0.3219 0.9721
v  0.5316 0.3921 0.9727
v  0.3108 0.4462 0.9711
v  0.3798 0.5423 0.9714
v  0.1531 0.5255 0.9698
v  0.1891 0.6383 0.9700
v  -0.0214 0.5522 0.9686
v  -0.0220 0.6706 0.9684
v  1.2089 1.1053 0.8943
v  0.9499 1.3362 0.8921
v  0.9532 1.3347 -0.2798
v  1.2122 1.1038 -0.2661
v  1.4143 0.8255 0.8961
v  1.4176 0.8241 -0.2643
v  1.6329 -0.1771 0.8989
v  1.6362 -0.1785 -0.2615
v  1.5660 -0.5185 -0.2731
v  1.5626 -0.5170 0.8987
v  1.6310 0.1700 0.8985
v  1.6343 0.1686 -0.2620
v  1.6119 0.2646 0.8987
v  1.5604 0.5077 -0.2629
v  1.4233 -0.8349 0.8982
v  1.4266 -0.8363 -0.2622
v  1.2209 -1.1168 0.8971
v  1.2242 -1.1183 -0.2633
v  0.3356 -1.6347 0.8914
v  0.3390 -1.6362 -0.2690
v  -0.0058 -1.6743 -0.2830
v  -0.0091 -1.6729 0.8889
v  0.6650 -1.5257 0.8937
v  0.6683 -1.5271 -0.2668
v  0.7489 -1.4782 0.8947
v  0.9677 -1.3519 -0.2649
v  -0.3543 -1.6385 0.8865
v  -0.3510 -1.6399 -0.2739
v  -0.6847 -1.5330 0.8840
v  -0.6814 -1.5344 -0.2764
v  -0.7692 -1.4864 0.8838
v  -0.9827 -1.3625 -0.2788
v  -1.4504 -0.8504 0.8777
v  -1.4471 -0.8518 -0.2827
v  -1.5899 -0.5355 -0.2957
v  -1.5932 -0.5341 0.8762
v  -1.2451 -1.1301 0.8795
v  -1.2418 -1.1316 -0.2809
v  -1.1740 -1.1954 0.8806
v  -1.6672 -0.1949 0.8754
v  -1.6639 -0.1963 -0.2851
v  -1.6691 0.1522 0.8749
v  -1.6658 0.1508 -0.2855
v  -1.2571 1.0920 0.8767
v  -1.2538 1.0905 -0.2837
v  -0.9972 1.3242 -0.2937
v  -1.0006 1.3256 0.8782
v  -1.4594 0.8100 0.8756
v  -1.4561 0.8086 -0.2848
v  -1.4995 0.7223 0.8759
v  -1.5955 0.4907 -0.2854
v  -0.7011 1.5008 0.8802
v  -0.6978 1.4994 -0.2803
v  -0.3718 1.6099 0.8824
v  -0.3685 1.6084 -0.2781
v  0.6486 1.5081 0.8898
v  0.6519 1.5067 -0.2706
v  0.3181 1.6136 0.8873
v  0.3214 1.6122 -0.2731
v  0.2223 1.6246 0.8871
v  -0.0237 1.6466 -0.2756
v  -0.1209 0.3021 0.4107
v  -0.2131 0.2545 0.4101
v  -0.2861 0.1806 0.4097
v  -0.3327 0.0878 0.4095
v  -0.3484 -0.0148 0.4095
v  -0.3316 -0.1173 0.4097
v  -0.2840 -0.2096 0.4102
v  -0.2102 -0.2826 0.4108
v  -0.1175 -0.3293 0.4115
v  -0.0149 -0.3450 0.4123
v  0.0875 -0.3282 0.4130
v  0.1797 -0.2805 0.4136
v  0.2527 -0.2067 0.4140
v  0.2993 -0.1139 0.4142
v  0.3149 -0.0112 0.4142
v  0.2982 0.0912 0.4140
v  0.2506 0.1835 0.4135
v  0.1768 0.2566 0.4129
v  0.0841 0.3032 0.4122
v  -0.0185 0.3189 0.4114
v  -0.3508 0.4419 0.4089
v  -0.1939 0.5229 0.4099
v  -0.4749 0.3163 0.4082
v  -0.5542 0.1585 0.4078
v  -0.5808 -0.0161 0.4078
v  -0.5523 -0.1904 0.4083
v  -0.4713 -0.3473 0.4090
v  -0.3458 -0.4715 0.4101
v  -0.1881 -0.5509 0.4113
v  -0.0137 -0.5776 0.4126
v  0.1605 -0.5490 0.4138
v  0.3173 -0.4680 0.4148
v  0.4414 -0.3424 0.4155
v  0.5207 -0.1846 0.4159
v  0.5474 -0.0100 0.4159
v  0.5188 0.1643 0.4155
v  0.4378 0.3213 0.4147
v  0.3124 0.4455 0.4137
v  0.1547 0.5248 0.4124
v  -0.0198 0.5515 0.4111
v  -0.2308 0.6352 0.2979
v  -0.4205 0.5372 0.2966
v  -0.5707 0.3853 0.2958
v  -0.6666 0.1944 0.2953
v  -0.6988 -0.0168 0.2953
v  -0.6643 -0.2277 0.2959
v  -0.5663 -0.4176 0.2968
v  -0.4145 -0.5678 0.2981
v  -0.2238 -0.6638 0.2995
v  -0.0127 -0.6961 0.3011
v  0.1980 -0.6616 0.3026
v  0.3877 -0.5635 0.3038
v  0.5378 -0.4116 0.3047
v  0.6337 -0.2207 0.3051
v  0.6660 -0.0095 0.3051
v  0.6315 0.2014 0.3046
v  0.5335 0.3912 0.3037
v  0.3817 0.5415 0.3024
v  0.1910 0.6375 0.3009
v  -0.0201 0.6698 0.2994
v  -0.2593 0.7214 0.2976
v  -0.4742 0.6103 0.2962
v  -0.6443 0.4382 0.2952
v  -0.7529 0.2220 0.2947
v  -0.7895 -0.0173 0.2947
v  -0.7504 -0.2562 0.2953
v  -0.6394 -0.4713 0.2963
v  -0.4674 -0.6415 0.2978
v  -0.2513 -0.7503 0.2994
v  -0.0122 -0.7869 0.3012
v  0.2265 -0.7477 0.3029
v  0.4414 -0.6366 0.3043
v  0.6115 -0.4646 0.3053
v  0.7201 -0.2483 0.3058
v  0.7567 -0.0090 0.3057
v  0.7175 0.2299 0.3052
v  0.6066 0.4450 0.3041
v  0.4346 0.6152 0.3027
v  0.2185 0.7239 0.3010
v  -0.0206 0.7605 0.2992
v  -0.2586 0.7211 0.0703
v  -0.4735 0.6100 0.0689
v  -0.6437 0.4380 0.0679
v  -0.7523 0.2217 0.0674
v  -0.7888 -0.0176 0.0674
v  -0.7497 -0.2565 0.0680
v  -0.6387 -0.4716 0.0690
v  -0.4668 -0.6418 0.0705
v  -0.2507 -0.7506 0.0721
v  -0.0116 -0.7871 0.0739
v  0.2271 -0.7480 0.0756
v  0.4420 -0.6369 0.0770
v  0.6121 -0.4648 0.0780
v  0.7208 -0.2486 0.0785
v  0.7573 -0.0093 0.0784
v  0.7182 0.2296 0.0779
v  0.6072 0.4447 0.0768
v  0.4353 0.6149 0.0754
v  0.2192 0.7237 0.0737
v  -0.0199 0.7602 0.0719
v  1.4553 0.7382 0.8970
v  1.1506 -1.1829 0.8972
v  -1.6509 0.2470 0.8754
v  -0.2761 1.6219 0.8835
v  1.4495 0.7062 0.8849
v  1.4244 0.6775 0.8649
v  1.5882 0.2868 0.8864
v  1.5510 0.2947 0.8663
v  1.1184 -1.1872 0.8848
v  1.0835 -1.1721 0.8648
v  0.7627 -1.4488 0.8795
v  0.7588 -1.4109 0.8612
v  -0.7832 -1.4571 0.8716
v  -0.7796 -1.4192 0.8518
v  -1.1417 -1.1994 0.8687
v  -1.1068 -1.1839 0.8491
v  -1.6274 0.2694 0.8634
v  -1.5902 0.2778 0.8439
v  -1.4933 0.6903 0.8639
v  -1.4677 0.6619 0.8443
v  -0.2475 1.6065 0.8716
v  -0.2280 1.5736 0.8520
v  0.1939 1.6088 0.8748
v  0.1749 1.5758 0.8549
v  1.5823 -0.9252 -0.2802
v  -0.4066 1.7836 -0.2978
v  -0.2274 -0.6454 0.2980
v  -0.5477 -0.4151 0.2955
v  -0.6824 -0.0077 0.2940
v  -0.5626 0.3683 0.2944
v  0.2014 -0.6431 0.2995
v  0.5192 -0.4094 0.3031
v  0.5256 0.3742 0.3022
v  0.6495 -0.0005 0.3035
v  -0.2170 0.6224 0.2965
v  0.1773 0.6246 0.2994
v  -0.2318 -0.6486 0.8750
v  -0.5521 -0.4183 0.8724
v  0.5204 -0.4125 0.8801
v  0.2026 -0.6462 0.8781
v  0.5285 0.3764 0.8792
v  0.6524 0.0017 0.8805
v  -0.6886 -0.0055 0.8709
v  -0.5688 0.3705 0.8713
v  -0.2187 0.6279 0.8735
v  0.1757 0.6301 0.8763
# 872 vertices

vn 0.8734 -0.2787 0.3994
vn 0.9123 -0.0906 0.3993
vn 0.4931 -0.0486 0.8686
vn 0.4718 -0.1513 0.8686
vn 0.9113 0.1015 0.3991
vn 0.4925 0.0562 0.8685
vn 0.4701 0.1585 0.8682
vn 0.8703 0.2892 0.3987
vn 0.1414 -0.0136 0.9899
vn 0.1350 -0.0441 0.9899
vn 0.1412 0.0176 0.9898
vn 0.1345 0.0480 0.9897
vn -0.0141 0.0019 0.9999
vn -0.0138 0.0034 0.9999
vn -0.0140 0.0005 0.9999
vn -0.0138 -0.0010 0.9999
vn 0.5337 0.7468 0.3968
vn 0.2864 0.4080 0.8669
vn 0.3648 0.3384 0.8674
vn 0.6773 0.6190 0.3975
vn 0.4269 0.2540 0.8679
vn 0.7912 0.4642 0.3982
vn 0.0799 0.1222 0.9893
vn 0.1032 0.1015 0.9895
vn 0.1217 0.0764 0.9896
vn -0.0112 -0.0044 0.9999
vn -0.0123 -0.0035 0.9999
vn -0.0132 -0.0023 0.9999
vn 0.0022 -0.9179 0.3968
vn 0.1932 -0.8970 0.3975
vn 0.1007 -0.4881 0.8669
vn -0.0034 -0.4994 0.8664
vn 0.3758 -0.8368 0.3981
vn 0.2002 -0.4554 0.8675
vn 0.2908 -0.4027 0.8679
vn 0.5418 -0.7400 0.3987
vn 0.0247 -0.1442 0.9892
vn -0.0063 -0.1476 0.9890
vn 0.0543 -0.1345 0.9894
vn 0.0812 -0.1188 0.9896
vn -0.0086 0.0081 0.9999
vn -0.0072 0.0082 0.9999
vn -0.0100 0.0076 0.9999
vn -0.0113 0.0069 0.9999
vn 0.4296 -0.2472 0.8685
vn 0.7961 -0.4547 0.3993
vn 0.3684 -0.3322 0.8683
vn 0.6840 -0.6107 0.3991
vn 0.1225 -0.0726 0.9898
vn 0.1043 -0.0979 0.9897
vn -0.0132 0.0047 0.9999
vn -0.0124 0.0059 0.9999
vn -0.8737 -0.2875 0.3923
vn -0.7950 -0.4623 0.3928
vn -0.4378 -0.2511 0.8633
vn -0.4806 -0.1558 0.8630
vn -0.6816 -0.6170 0.3935
vn -0.3759 -0.3353 0.8639
vn -0.2980 -0.4050 0.8644
vn -0.5384 -0.7447 0.3943
vn -0.1355 -0.0738 0.9880
vn -0.1483 -0.0455 0.9879
vn -0.1171 -0.0989 0.9882
vn -0.0939 -0.1196 0.9884
vn -0.0011 0.0048 1.0000
vn -0.0005 0.0034 1.0000
vn -0.0020 0.0059 1.0000
vn -0.0031 0.0069 1.0000
vn -0.1076 -0.4888 0.8657
vn -0.1889 -0.8986 0.3960
vn -0.2072 -0.4569 0.8650
vn -0.3718 -0.8400 0.3951
vn -0.0372 -0.1445 0.9888
vn -0.0669 -0.1350 0.9886
vn -0.0057 0.0081 1.0000
vn -0.0044 0.0076 1.0000
vn -0.5464 0.7399 0.3924
vn -0.6882 0.6106 0.3920
vn -0.3795 0.3334 0.8630
vn -0.3023 0.4039 0.8634
vn -0.7999 0.4547 0.3917
vn -0.4404 0.2485 0.8627
vn -0.4823 0.1528 0.8626
vn -0.8768 0.2791 0.3916
vn -0.1182 0.1001 0.9879
vn -0.0952 0.1211 0.9881
vn -0.1363 0.0749 0.9878
vn -0.1488 0.0464 0.9878
vn -0.0020 -0.0034 1.0000
vn -0.0030 -0.0044 1.0000
vn -0.0011 -0.0022 1.0000
vn -0.0005 -0.0009 1.0000
vn -0.4965 -0.1059 0.8616
vn -0.8998 -0.1951 0.3901
vn -0.9208 -0.0045 0.3900
vn -0.5079 -0.0017 0.8614
vn -0.5034 0.0506 0.8626
vn -0.9156 0.0914 0.3916
vn -0.1532 -0.0307 0.9877
vn -0.1567 0.0004 0.9877
vn -0.1551 0.0160 0.9878
vn -0.0003 0.0027 1.0000
vn -0.0001 0.0013 1.0000
vn -0.0002 0.0006 1.0000
vn 0.3667 0.8418 0.3961
vn 0.1953 0.4597 0.8663
vn 0.1836 0.9000 0.3953
vn 0.0954 0.4914 0.8657
vn -0.0088 0.5016 0.8651
vn -0.0077 0.9189 0.3945
vn 0.0528 0.1376 0.9891
vn 0.0232 0.1470 0.9889
vn -0.0079 0.1501 0.9886
vn -0.0100 -0.0052 0.9999
vn -0.0086 -0.0056 0.9999
vn -0.0071 -0.0058 1.0000
vn -0.2121 0.4568 0.8639
vn -0.3808 0.8370 0.3930
vn -0.1129 0.4899 0.8645
vn -0.1986 0.8975 0.3937
vn -0.0684 0.1368 0.9882
vn -0.0388 0.1466 0.9884
vn -0.0036 -0.0048 1.0000
vn -0.0050 -0.0054 1.0000
vn -0.0057 -0.0056 1.0000
vn 0.8768 -0.2791 -0.3916
vn 0.4823 -0.1528 -0.8626
vn 0.5035 -0.0506 -0.8625
vn 0.9156 -0.0914 -0.3916
vn 0.5029 0.0538 -0.8627
vn 0.9145 0.1003 -0.3919
vn 0.4807 0.1559 -0.8629
vn 0.8737 0.2875 -0.3923
vn 0.1717 -0.0537 -0.9837
vn 0.1576 -0.0135 -0.9874
vn 0.1549 0.0151 -0.9878
vn 0.1483 0.0455 -0.9879
vn 0.0418 -0.0123 -0.9990
vn 0.0010 0.0070 -1.0000
vn 0.0003 -0.0020 -1.0000
vn 0.0005 -0.0034 -1.0000
vn 0.5384 0.7447 -0.3943
vn 0.6815 0.6169 -0.3935
vn 0.3760 0.3353 -0.8638
vn 0.2980 0.4049 -0.8644
vn 0.7950 0.4623 -0.3928
vn 0.4377 0.2511 -0.8633
vn 0.1206 0.0984 -0.9878
vn 0.1079 0.1392 -0.9844
vn 0.1355 0.0738 -0.9880
vn 0.0071 -0.0115 -0.9999
vn 0.0284 0.0284 -0.9992
vn 0.0012 -0.0047 -1.0000
vn 0.0077 -0.9189 -0.3945
vn 0.0088 -0.5016 -0.8651
vn 0.1128 -0.4898 -0.8645
vn 0.1986 -0.8975 -0.3937
vn 0.2121 -0.4568 -0.8639
vn 0.3808 -0.8370 -0.3930
vn 0.3023 -0.4039 -0.8634
vn 0.5464 -0.7399 -0.3924
vn 0.0080 -0.1742 -0.9847
vn 0.0419 -0.1482 -0.9881
vn 0.0684 -0.1368 -0.9882
vn 0.0952 -0.1211 -0.9881
vn 0.0073 -0.0376 -0.9993
vn 0.0130 0.0072 -0.9999
vn 0.0043 0.0051 -1.0000
vn 0.0030 0.0044 -1.0000
vn 0.7999 -0.4547 -0.3917
vn 0.4404 -0.2485 -0.8627
vn 0.6882 -0.6106 -0.3920
vn 0.3796 -0.3334 -0.8630
vn 0.1369 -0.0783 -0.9875
vn 0.1182 -0.1001 -0.9879
vn -0.0026 -0.0043 -1.0000
vn 0.0019 0.0034 -1.0000
vn -0.8703 -0.2892 -0.3987
vn -0.4701 -0.1585 -0.8682
vn -0.4269 -0.2540 -0.8679
vn -0.7912 -0.4642 -0.3982
vn -0.3648 -0.3384 -0.8674
vn -0.6773 -0.6190 -0.3976
vn -0.2864 -0.4080 -0.8669
vn -0.5337 -0.7468 -0.3968
vn -0.1574 -0.0556 -0.9860
vn -0.1222 -0.0798 -0.9893
vn -0.1032 -0.1015 -0.9895
vn -0.0799 -0.1222 -0.9893
vn -0.0275 -0.0127 -0.9995
vn 0.0170 -0.0042 -0.9998
vn 0.0123 0.0034 -0.9999
vn 0.0112 0.0044 -0.9999
vn -0.1836 -0.9000 -0.3952
vn -0.0954 -0.4914 -0.8657
vn -0.3667 -0.8418 -0.3961
vn -0.1953 -0.4597 -0.8664
vn -0.0262 -0.1487 -0.9885
vn -0.0528 -0.1376 -0.9891
vn 0.0012 0.0071 -1.0000
vn 0.0099 0.0051 -0.9999
vn -0.5417 0.7400 -0.3987
vn -0.2908 0.4027 -0.8679
vn -0.3684 0.3322 -0.8683
vn -0.6840 0.6107 -0.3991
vn -0.4296 0.2472 -0.8685
vn -0.7961 0.4547 -0.3993
vn -0.4718 0.1513 -0.8686
vn -0.8734 0.2787 -0.3994
vn -0.0955 0.1382 -0.9858
vn -0.1077 0.0974 -0.9894
vn -0.1225 0.0726 -0.9898
vn -0.1350 0.0441 -0.9899
vn -0.0144 0.0281 -0.9995
vn 0.0073 -0.0115 -0.9999
vn 0.0131 -0.0046 -0.9999
vn 0.0138 -0.0033 -0.9999
vn -0.8964 -0.1966 -0.3972
vn -0.4860 -0.1084 -0.8672
vn -0.9177 -0.0055 -0.3973
vn -0.9123 0.0906 -0.3993
vn -0.4931 0.0486 -0.8686
vn -0.4977 -0.0038 -0.8673
vn -0.1445 -0.0284 -0.9891
vn -0.1413 0.0136 -0.9899
vn -0.1429 -0.0020 -0.9897
vn 0.0123 0.0152 -0.9998
vn 0.0141 -0.0019 -0.9999
vn 0.0141 -0.0012 -0.9999
vn 0.2072 0.4569 -0.8651
vn 0.3718 0.8400 -0.3951
vn 0.1076 0.4889 -0.8657
vn 0.1889 0.8986 -0.3960
vn 0.0034 0.4995 -0.8663
vn -0.0022 0.9179 -0.3968
vn 0.0654 0.1382 -0.9882
vn 0.0372 0.1445 -0.9888
vn 0.0063 0.1477 -0.9890
vn -0.0025 -0.0045 -1.0000
vn 0.0057 -0.0081 -1.0000
vn 0.0072 -0.0081 -0.9999
vn -0.3758 0.8368 -0.3982
vn -0.2002 0.4554 -0.8675
vn -0.1932 0.8970 -0.3975
vn -0.1007 0.4881 -0.8669
vn -0.0528 0.1376 -0.9891
vn -0.0247 0.1443 -0.9892
vn 0.0169 -0.0044 -0.9998
vn 0.0086 -0.0080 -0.9999
vn -0.7997 -0.4647 0.3803
vn -0.5727 -0.3311 0.7499
vn -0.5762 0.3268 0.7491
vn -0.8046 0.4570 0.3792
vn -0.0079 0.6595 0.7517
vn -0.0087 0.9243 0.3815
vn 0.5647 0.3333 0.7550
vn 0.7958 0.4677 0.3847
vn 0.5682 -0.3253 0.7559
vn 0.8008 -0.4581 0.3859
vn -0.0008 -0.6577 0.7533
vn 0.0013 -0.9234 0.3839
vn -1.0000 -0.0054 -0.0028
vn -1.0000 -0.0054 -0.0029
vn -0.5050 0.8631 -0.0025
vn 0.4956 0.8685 0.0003
vn 0.4956 0.8685 0.0004
vn 1.0000 0.0054 0.0029
vn 0.5049 -0.8631 0.0025
vn 0.5049 -0.8632 0.0025
vn 0.5050 -0.8631 0.0025
vn -0.4956 -0.8685 -0.0003
vn -0.4956 -0.8686 -0.0003
vn -0.4957 -0.8685 -0.0004
vn -0.0072 0.0012 1.0000
vn -0.0072 0.0011 1.0000
vn -0.0073 0.0013 1.0000
vn -0.5762 0.3269 0.7491
vn -0.8046 0.4570 0.3791
vn -0.0079 0.6594 0.7517
vn -0.0088 0.9243 0.3816
vn 0.5646 0.3334 0.7550
vn 0.7958 0.4677 0.3846
vn 0.8008 -0.4581 0.3858
vn -0.0008 -0.6576 0.7533
vn 0.0012 -0.9234 0.3838
vn 1.0000 0.0054 0.0028
vn 1.0000 0.0055 0.0029
vn -0.4956 -0.8685 -0.0004
vn -0.0071 0.0012 1.0000
vn -0.8046 0.4569 0.3792
vn 0.5646 0.3333 0.7551
vn 0.7957 0.4677 0.3847
vn 0.5682 -0.3253 0.7558
vn -0.0007 -0.6577 0.7533
vn 0.0012 -0.9234 0.3837
vn -0.5049 0.8632 -0.0025
vn -0.7996 -0.4647 0.3803
vn -0.5762 0.3268 0.7492
vn -0.0079 0.6596 0.7516
vn 0.7957 0.4677 0.3848
vn 0.8007 -0.4581 0.3859
vn -0.0008 -0.6576 0.7534
vn -1.0000 -0.0055 -0.0029
vn -0.5049 0.8631 -0.0025
vn 0.4957 0.8685 0.0003
vn -0.0072 0.0010 1.0000
vn -0.0072 0.0013 1.0000
vn -0.7997 -0.4647 0.3802
vn -0.0079 0.6595 0.7516
vn 0.5646 0.3333 0.7550
vn 0.7958 0.4676 0.3847
vn 0.8008 -0.4580 0.3859
vn 0.0013 -0.9234 0.3838
vn -0.5049 0.8632 -0.0026
vn -0.0071 0.0013 1.0000
vn 0.5682 -0.3254 0.7559
vn -0.0080 0.6595 0.7516
vn 0.4956 0.8686 0.0003
vn 0.4956 0.8686 0.0004
vn -0.5514 -0.8343 -0.0005
vn -0.7033 -0.7109 -0.0011
vn -0.7038 -0.7104 -0.0011
vn -0.9218 -0.3876 -0.0022
vn -0.9220 -0.3872 -0.0022
vn -0.9259 0.3776 -0.0031
vn -0.9261 0.3773 -0.0031
vn -0.7109 0.7033 -0.0029
vn -0.7114 0.7028 -0.0029
vn -0.3874 0.9219 -0.0023
vn -0.3883 0.9215 -0.0023
vn -0.0048 1.0000 -0.0013
vn -0.0059 1.0000 -0.0013
vn 0.3784 0.9256 -0.0000
vn 0.3775 0.9260 -0.0000
vn 0.7038 0.7104 0.0011
vn 0.7033 0.7109 0.0011
vn 0.9220 0.3873 0.0022
vn 0.9218 0.3876 0.0022
vn 0.9261 -0.3773 0.0031
vn 0.9259 -0.3776 0.0031
vn 0.7114 -0.7028 0.0028
vn 0.7109 -0.7033 0.0028
vn 0.3883 -0.9215 0.0022
vn 0.3874 -0.9219 0.0022
vn 0.0059 -1.0000 0.0012
vn 0.0049 -1.0000 0.0012
vn -0.1899 -0.9818 0.0007
vn 0.0071 -0.0012 -1.0000
vn 0.0072 -0.0012 -1.0000
vn 0.0071 -0.0011 -1.0000
vn 0.0071 -0.0013 -1.0000
vn 0.6813 0.6229 0.3843
vn 0.5368 0.7513 0.3840
vn 0.5371 0.7511 0.3839
vn 0.6816 0.6227 0.3843
vn 0.7959 0.4672 0.3850
vn 0.7961 0.4669 0.3850
vn 0.8757 0.2908 0.3854
vn 0.8756 0.2910 0.3854
vn 0.9180 -0.0912 0.3860
vn 0.8788 -0.2804 0.3861
vn 0.8787 -0.2806 0.3861
vn 0.9169 0.1021 0.3859
vn 0.9169 0.1021 0.3860
vn 0.8010 -0.4576 0.3861
vn 0.8011 -0.4574 0.3861
vn 0.6880 -0.6145 0.3860
vn 0.6882 -0.6143 0.3860
vn 0.5452 -0.7443 0.3857
vn 0.5449 -0.7445 0.3857
vn 0.1941 -0.9024 0.3847
vn 0.1946 -0.9023 0.3847
vn 0.0025 -0.9232 0.3842
vn 0.0020 -0.9232 0.3842
vn 0.3778 -0.8419 0.3854
vn 0.3782 -0.8417 0.3854
vn -0.1902 -0.9037 0.3835
vn -0.1898 -0.9038 0.3835
vn -0.3741 -0.8447 0.3827
vn -0.3737 -0.8449 0.3827
vn -0.5413 -0.7491 0.3819
vn -0.5416 -0.7489 0.3819
vn -0.7995 -0.4648 0.3806
vn -0.7993 -0.4650 0.3806
vn -0.8786 -0.2892 0.3800
vn -0.8786 -0.2891 0.3800
vn -0.6855 -0.6203 0.3812
vn -0.6853 -0.6205 0.3812
vn -0.9196 -0.1008 0.3798
vn -0.9206 0.0918 0.3795
vn -0.9206 0.0919 0.3795
vn -0.8817 0.2807 0.3793
vn -0.8817 0.2805 0.3793
vn -0.6921 0.6138 0.3797
vn -0.6919 0.6141 0.3797
vn -0.5494 0.7441 0.3801
vn -0.5497 0.7439 0.3801
vn -0.8044 0.4571 0.3795
vn -0.8043 0.4573 0.3795
vn -0.3832 0.8416 0.3807
vn -0.3828 0.8418 0.3807
vn -0.2000 0.9027 0.3811
vn -0.1995 0.9028 0.3811
vn -0.0075 0.9242 0.3819
vn -0.0079 0.9242 0.3819
vn 0.3687 0.8469 0.3832
vn 0.3691 0.8467 0.3832
vn 0.1844 0.9054 0.3825
vn 0.1849 0.9053 0.3825
vn -0.2057 -0.2756 0.9390
vn -0.3529 -0.4818 0.8021
vn -0.4455 -0.3989 0.8015
vn -0.2588 -0.2282 0.9386
vn -0.5188 -0.2987 0.8010
vn -0.3010 -0.1708 0.9382
vn -0.5843 -0.2577 0.7695
vn -0.4928 -0.1648 0.8544
vn -0.3303 -0.1058 0.9379
vn -0.6595 -0.2245 0.7174
vn -0.6544 -0.2269 0.7213
vn -0.7881 -0.3369 0.5151
vn -0.7635 -0.2871 0.5784
vn -0.4815 -0.6636 0.5725
vn -0.6091 -0.5497 0.5717
vn -0.7121 -0.4129 0.5678
vn -0.3314 0.1046 0.9377
vn -0.3458 0.0349 0.9376
vn -0.5969 0.0598 0.8000
vn -0.5717 0.1813 0.8002
vn -0.3455 -0.0363 0.9377
vn -0.5984 -0.0614 0.7988
vn -0.6291 -0.1350 0.7655
vn -0.8175 0.0817 0.5701
vn -0.7827 0.2489 0.5704
vn -0.8172 -0.0822 0.5705
vn -0.8331 -0.1853 0.5212
vn -0.7776 -0.2037 0.5948
vn -0.6480 -0.1990 0.7352
vn -0.5622 -0.1830 0.8065
vn -0.6405 -0.2218 0.7353
vn -0.5220 0.2951 0.8002
vn -0.3028 0.1699 0.9378
vn -0.4498 0.3961 0.8005
vn -0.2613 0.2277 0.9380
vn -0.4309 0.4714 0.7695
vn -0.3147 0.4127 0.8548
vn -0.2086 0.2758 0.9383
vn -0.4223 0.5537 0.7177
vn -0.4231 0.5481 0.7215
vn -0.5678 0.6423 0.5148
vn -0.5132 0.6340 0.5785
vn -0.7144 0.4055 0.5703
vn -0.6168 0.5462 0.5668
vn -0.0086 0.3422 0.9396
vn -0.0795 0.3343 0.9391
vn -0.1327 0.5822 0.8021
vn -0.0090 0.5961 0.8029
vn -0.1471 0.3118 0.9387
vn -0.2487 0.5459 0.8001
vn -0.3280 0.5524 0.7663
vn -0.1785 0.8005 0.5722
vn -0.0083 0.8194 0.5731
vn -0.3347 0.7492 0.5716
vn -0.4376 0.7322 0.5219
vn -0.4383 0.6732 0.5956
vn -0.3945 0.5504 0.7358
vn -0.3531 0.4734 0.8070
vn -0.4139 0.5362 0.7356
vn -0.3532 0.4734 0.8070
vn 0.1149 0.5841 0.8035
vn 0.0624 0.3352 0.9401
vn 0.2337 0.5465 0.8042
vn 0.1305 0.3137 0.9405
vn 0.3117 0.5521 0.7733
vn 0.2908 0.4223 0.8585
vn 0.1925 0.2784 0.9410
vn 0.3932 0.5696 0.7218
vn 0.3875 0.5685 0.7258
vn 0.4338 0.7368 0.5187
vn 0.4424 0.6819 0.5825
vn 0.1622 0.8028 0.5738
vn 0.3267 0.7533 0.5708
vn 0.3177 0.1085 0.9420
vn 0.2882 0.1735 0.9417
vn 0.5094 0.3019 0.8058
vn 0.5608 0.1884 0.8063
vn 0.2459 0.2310 0.9414
vn 0.4389 0.4012 0.8040
vn 0.4207 0.4791 0.7703
vn 0.7045 0.4145 0.5761
vn 0.7751 0.2583 0.5767
vn 0.6074 0.5473 0.5758
vn 0.5597 0.6404 0.5259
vn 0.5029 0.6225 0.5996
vn 0.3985 0.5419 0.7399
vn 0.3373 0.4782 0.8109
vn 0.3790 0.5562 0.7396
vn 0.5872 0.0665 0.8067
vn 0.3329 0.0387 0.9422
vn 0.5881 -0.0581 0.8067
vn 0.3333 -0.0327 0.9423
vn 0.6176 -0.1303 0.7756
vn 0.4870 -0.1511 0.8602
vn 0.3188 -0.1026 0.9422
vn 0.6595 -0.2019 0.7240
vn 0.6567 -0.1969 0.7280
vn 0.8326 -0.1877 0.5211
vn 0.7825 -0.2132 0.5850
vn 0.8114 0.0908 0.5774
vn 0.8152 -0.0809 0.5734
vn 0.1955 -0.2739 0.9417
vn 0.2484 -0.2259 0.9419
vn 0.4396 -0.3955 0.8064
vn 0.3473 -0.4791 0.8061
vn 0.2901 -0.1680 0.9421
vn 0.5126 -0.2980 0.8052
vn 0.5814 -0.2564 0.7721
vn 0.6086 -0.5444 0.5773
vn 0.4817 -0.6596 0.5771
vn 0.7053 -0.4113 0.5773
vn 0.7794 -0.3372 0.5281
vn 0.7446 -0.2893 0.6015
vn 0.6350 -0.2158 0.7418
vn 0.5548 -0.1777 0.8128
vn 0.6422 -0.1928 0.7419
vn 0.2396 -0.5419 0.8055
vn 0.1338 -0.3098 0.9413
vn 0.1212 -0.5807 0.8051
vn 0.0660 -0.3322 0.9409
vn 0.0620 -0.6307 0.7735
vn 0.0013 -0.5137 0.8580
vn -0.0049 -0.3399 0.9404
vn 0.0072 -0.6924 0.7215
vn 0.0111 -0.6883 0.7254
vn 0.0754 -0.8512 0.5194
vn 0.0353 -0.8117 0.5829
vn 0.3337 -0.7460 0.5763
vn 0.1713 -0.8020 0.5723
vn -0.1438 -0.3109 0.9395
vn -0.2449 -0.5434 0.8029
vn -0.0759 -0.3327 0.9400
vn -0.1299 -0.5828 0.8022
vn -0.0690 -0.6352 0.7692
vn -0.3329 -0.7485 0.5736
vn -0.1767 -0.7995 0.5741
vn -0.0832 -0.8468 0.5253
vn -0.0488 -0.7993 0.5990
vn -0.0137 -0.6733 0.7392
vn -0.0026 -0.5859 0.8103
vn 0.0104 -0.6731 0.7395
vn -0.0026 -0.5859 0.8104
vn -0.0173 0.0321 0.9993
vn -0.0264 0.0275 0.9993
vn -0.0336 0.0202 0.9992
vn -0.0382 0.0111 0.9992
vn -0.0397 0.0010 0.9992
vn -0.0380 -0.0090 0.9992
vn -0.0334 -0.0180 0.9993
vn -0.0261 -0.0252 0.9993
vn -0.0170 -0.0298 0.9994
vn -0.0070 -0.0313 0.9995
vn 0.0031 -0.0297 0.9996
vn 0.0121 -0.0250 0.9996
vn 0.0193 -0.0178 0.9997
vn 0.0239 -0.0086 0.9997
vn 0.0254 0.0014 0.9997
vn 0.0238 0.0114 0.9997
vn 0.0191 0.0205 0.9996
vn 0.0118 0.0277 0.9995
vn 0.0027 0.0322 0.9995
vn -0.0073 0.0338 0.9994
vn -0.7399 -0.6727 -0.0013
vn -0.5839 -0.8118 -0.0007
vn -0.5835 -0.8121 -0.0007
vn -0.7389 -0.6738 -0.0013
vn -0.8598 -0.5106 -0.0018
vn -0.8632 -0.5049 -0.0012
vn -0.9951 0.0990 -0.0030
vn -0.9950 0.1002 -0.0030
vn -0.9527 0.3037 -0.0031
vn -0.9528 0.3036 -0.0031
vn -0.9947 -0.1025 -0.0027
vn -0.9940 -0.1095 -0.0021
vn -0.9681 -0.2502 -0.0116
vn -0.9494 -0.3140 -0.0041
vn -0.8689 0.4949 -0.0031
vn -0.8693 0.4942 -0.0031
vn -0.7520 0.6592 -0.0030
vn -0.7471 0.6647 -0.0023
vn -0.2136 0.9769 -0.0018
vn -0.2120 0.9773 -0.0018
vn -0.1100 0.9939 -0.0015
vn -0.4054 0.9141 -0.0023
vn -0.4113 0.9115 -0.0017
vn -0.5376 0.8431 -0.0117
vn -0.5922 0.8058 -0.0045
vn 0.2025 0.9793 -0.0006
vn 0.0993 0.9951 -0.0009
vn 0.2020 0.9794 -0.0006
vn 0.3951 0.9186 -0.0000
vn 0.4019 0.9157 0.0006
vn 0.5284 0.8489 -0.0087
vn 0.5839 0.8118 -0.0011
vn 0.8634 0.5045 0.0018
vn 0.8641 0.5033 0.0018
vn 0.9495 0.3139 0.0023
vn 0.9494 0.3140 0.0023
vn 0.7446 0.6675 0.0013
vn 0.7402 0.6724 0.0019
vn 0.6363 0.7714 -0.0083
vn 0.9939 0.1099 0.0027
vn 0.9938 0.1109 0.0027
vn 0.9958 -0.0918 0.0029
vn 0.9951 -0.0987 0.0035
vn 0.7469 -0.6650 0.0029
vn 0.7464 -0.6655 0.0029
vn 0.5926 -0.8055 0.0027
vn 0.5922 -0.8058 0.0027
vn 0.8651 -0.5015 0.0031
vn 0.8687 -0.4952 0.0037
vn 0.9305 -0.3663 -0.0060
vn 0.9528 -0.3036 0.0013
vn 0.4117 -0.9113 0.0023
vn 0.4131 -0.9107 0.0023
vn 0.2203 -0.9754 0.0018
vn 0.2140 -0.9768 0.0024
vn -0.4023 -0.9155 -0.0000
vn -0.4028 -0.9153 -0.0000
vn -0.2102 -0.9777 0.0006
vn -0.2029 -0.9792 0.0012
vn -0.0612 -0.9981 -0.0081
vn 0.0057 -1.0000 -0.0006
vn -0.5922 0.8058 0.0045
vn -0.3140 0.9494 0.0051
vn -0.3148 0.9492 0.0051
vn -0.5927 0.8054 0.0045
vn -0.8122 0.5833 0.0041
vn -0.8125 0.5829 0.0041
vn -0.9527 0.3038 0.0041
vn -0.9528 0.3036 0.0041
vn -1.0000 -0.0054 0.0043
vn -0.9494 -0.3141 0.0049
vn -0.9495 -0.3138 0.0049
vn -0.8059 -0.5920 0.0056
vn -0.8062 -0.5916 0.0056
vn -0.5834 -0.8121 0.0065
vn -0.5840 -0.8117 0.0065
vn -0.3037 -0.9527 0.0075
vn -0.3045 -0.9525 0.0075
vn -0.1513 -0.9885 0.0079
vn 0.3147 -0.9492 0.0092
vn 0.1618 -0.9868 0.0088
vn 0.3139 -0.9494 0.0092
vn 0.5926 -0.8054 0.0098
vn 0.5921 -0.8058 0.0099
vn 0.8125 -0.5829 0.0102
vn 0.8122 -0.5833 0.0102
vn 0.9528 -0.3035 0.0103
vn 0.9527 -0.3038 0.0103
vn 0.9999 0.0054 0.0100
vn 0.9494 0.3138 0.0095
vn 0.9494 0.3141 0.0095
vn 0.8061 0.5917 0.0087
vn 0.8058 0.5921 0.0087
vn 0.5839 0.8118 0.0078
vn 0.5833 0.8122 0.0078
vn 0.3044 0.9525 0.0069
vn 0.3036 0.9528 0.0069
vn -0.0050 1.0000 0.0059
vn -0.0059 1.0000 0.0059
vn 0.5927 -0.8054 0.0027
vn 0.3147 -0.9492 0.0021
vn 0.3140 -0.9494 0.0021
vn 0.5921 -0.8058 0.0027
vn 0.8125 -0.5829 0.0030
vn 0.8122 -0.5833 0.0030
vn 0.9528 -0.3036 0.0031
vn 0.9527 -0.3038 0.0031
vn 0.9495 0.3138 0.0023
vn 0.9494 0.3141 0.0023
vn 0.8062 0.5917 0.0016
vn 0.8059 0.5921 0.0016
vn 0.5840 0.8118 0.0007
vn 0.5834 0.8122 0.0007
vn 0.3045 0.9525 -0.0003
vn 0.3037 0.9528 -0.0003
vn 0.1512 0.9885 -0.0008
vn -0.3140 0.9494 -0.0021
vn -0.1619 0.9868 -0.0017
vn -0.3147 0.9492 -0.0021
vn -0.5921 0.8058 -0.0027
vn -0.5927 0.8054 -0.0027
vn -0.8122 0.5833 -0.0030
vn -0.8125 0.5829 -0.0030
vn -0.9527 0.3038 -0.0031
vn -0.9528 0.3035 -0.0031
vn -0.9494 -0.3141 -0.0023
vn -0.9495 -0.3138 -0.0023
vn -0.8059 -0.5921 -0.0016
vn -0.8062 -0.5917 -0.0016
vn -0.5834 -0.8122 -0.0007
vn -0.5840 -0.8118 -0.0007
vn -0.3037 -0.9528 0.0003
vn -0.3045 -0.9525 0.0003
vn 0.0058 -1.0000 0.0013
vn 0.0050 -1.0000 0.0012
vn -0.1512 -0.9885 0.0008
vn 0.1619 -0.9868 0.0017
vn 0.9528 -0.3035 0.0031
vn -0.0050 1.0000 -0.0012
vn -0.0058 1.0000 -0.0012
vn -0.7396 -0.6730 -0.0013
vn -0.8631 -0.5050 -0.0031
vn -0.8595 -0.5111 -0.0018
vn -0.9953 -0.0965 -0.0035
vn -0.9782 -0.2076 -0.0047
vn -0.9951 0.0991 -0.0030
vn -0.9940 -0.1090 -0.0039
vn -0.9948 -0.1022 -0.0027
vn -0.8563 -0.5164 -0.0026
vn -0.9093 -0.4161 -0.0042
vn -0.8688 0.4951 -0.0031
vn -0.7477 0.6641 -0.0042
vn -0.7520 0.6592 -0.0029
vn -0.3989 0.9170 -0.0030
vn -0.5007 0.8656 -0.0046
vn -0.2130 0.9770 -0.0018
vn -0.0051 1.0000 -0.0012
vn -0.0057 1.0000 -0.0013
vn -0.4114 0.9115 -0.0035
vn -0.4047 0.9144 -0.0023
vn -0.7599 0.6500 -0.0037
vn -0.6778 0.7352 -0.0050
vn 0.2031 0.9792 -0.0006
vn 0.4011 0.9160 -0.0012
vn 0.3953 0.9186 -0.0000
vn 0.7491 0.6624 0.0005
vn 0.6691 0.7431 -0.0012
vn 0.8636 0.5043 0.0018
vn 0.7402 0.6724 0.0001
vn 0.7450 0.6671 0.0013
vn 0.3901 0.9208 -0.0008
vn 0.4902 0.8716 -0.0018
vn 0.9939 0.1098 0.0027
vn 0.9952 -0.0983 0.0017
vn 0.9958 -0.0914 0.0029
vn 0.8622 -0.5065 0.0023
vn 0.9134 -0.4070 0.0010
vn 0.7471 -0.6647 0.0029
vn 0.8684 -0.4959 0.0019
vn 0.9963 -0.0854 0.0022
vn 0.9804 -0.1971 0.0009
vn 0.4122 -0.9111 0.0023
vn 0.2139 -0.9769 0.0006
vn 0.2210 -0.9753 0.0018
vn -0.2154 -0.9765 -0.0002
vn -0.1055 -0.9944 -0.0012
vn -0.4018 -0.9157 -0.0000
vn -0.2039 -0.9790 -0.0006
vn -0.2100 -0.9777 0.0006
vn 0.2271 -0.9739 0.0011
vn 0.1147 -0.9934 -0.0006
vn -0.9539 0.3002 -0.0039
vn -0.8683 0.4960 -0.0009
vn -0.6975 0.7166 -0.0032
vn -0.7109 0.7033 0.0009
vn -0.3590 0.9333 -0.0018
vn -0.5868 -0.8097 -0.0015
vn -0.4007 -0.9162 0.0022
vn -0.1322 -0.9912 0.0005
vn -0.1509 -0.9885 0.0046
vn 0.2690 -0.9631 0.0023
vn -0.0092 1.0000 -0.0021
vn 0.2043 0.9789 0.0016
vn 0.4668 0.8844 -0.0001
vn 0.4499 0.8931 0.0040
vn 0.7771 0.6294 0.0018
vn -0.9517 0.3069 -0.0039
vn -0.9958 0.0915 -0.0007
vn -0.9835 -0.1809 -0.0029
vn -0.9871 -0.1604 0.0012
vn -0.8332 -0.5530 -0.0013
vn 0.9484 0.3172 0.0015
vn 0.9941 0.1088 0.0049
vn 0.9853 -0.1706 0.0027
vn 0.9885 -0.1513 0.0068
vn 0.8392 -0.5439 0.0034
vn -0.0021 1.0000 -0.0021
vn -0.2137 0.9769 0.0004
vn -0.4767 0.8790 -0.0028
vn -0.4592 0.8883 0.0014
vn -0.7838 0.6210 -0.0026
vn 0.5949 -0.8038 0.0019
vn 0.4115 -0.9114 0.0045
vn 0.1420 -0.9899 0.0013
vn 0.1618 -0.9868 0.0054
vn -0.2585 -0.9660 0.0008
vn 0.9505 0.3108 0.0015
vn 0.8630 0.5051 0.0041
vn 0.6892 0.7246 0.0008
vn 0.7033 0.7108 0.0049
vn 0.3489 0.9371 0.0002
vn -0.5815 -0.8136 -0.0001
vn -0.7422 -0.6702 -0.0021
vn -0.8880 -0.4598 -0.0022
vn -0.9986 -0.0528 -0.0024
vn -0.8951 -0.4458 0.0017
vn 0.5895 -0.8078 0.0019
vn 0.7479 -0.6638 0.0052
vn 0.9022 -0.4312 0.0028
vn 0.8938 -0.4484 0.0069
vn 0.9991 -0.0420 0.0033
vn -0.0923 0.0220 -0.9955
vn -0.0642 0.0215 -0.9977
vn -0.0742 0.0247 -0.9969
vn -0.0973 0.0258 -0.9949
vn -0.0989 -0.0129 -0.9950
vn -0.0941 -0.0347 -0.9950
vn -0.0588 -0.0791 -0.9951
vn -0.0606 -0.0852 -0.9945
vn -0.0427 -0.0705 -0.9966
vn -0.0365 -0.0620 -0.9974
vn -0.0850 -0.0550 -0.9949
vn -0.0015 0.1004 -0.9949
vn 0.0067 0.0735 -0.9973
vn 0.0067 0.0840 -0.9964
vn 0.0006 0.1064 -0.9943
vn -0.0368 0.0959 -0.9947
vn -0.0560 0.0847 -0.9948
vn -0.0561 0.0847 -0.9948
vn -0.0874 0.0374 -0.9955
vn -0.0937 0.0371 -0.9949
vn -0.0725 0.0697 -0.9949
vn -0.0725 0.0696 -0.9949
vn 0.1011 0.0384 -0.9941
vn 0.0781 0.0222 -0.9967
vn 0.0881 0.0256 -0.9958
vn 0.1074 0.0382 -0.9935
vn 0.0859 0.0705 -0.9938
vn 0.0693 0.0853 -0.9939
vn 0.0147 0.1005 -0.9948
vn 0.0125 0.1064 -0.9942
vn 0.0499 0.0963 -0.9941
vn 0.0738 -0.0783 -0.9942
vn 0.0514 -0.0615 -0.9968
vn 0.0576 -0.0699 -0.9959
vn 0.0757 -0.0844 -0.9936
vn 0.0997 -0.0540 -0.9936
vn 0.1086 -0.0336 -0.9935
vn 0.1062 0.0230 -0.9941
vn 0.1112 0.0269 -0.9934
vn 0.1131 -0.0118 -0.9935
vn -0.0457 -0.0886 -0.9950
vn -0.0509 -0.0921 -0.9944
vn -0.0145 -0.1055 -0.9943
vn 0.0077 -0.1078 -0.9941
vn 0.0608 -0.0879 -0.9943
vn 0.0661 -0.0915 -0.9936
vn 0.0298 -0.1053 -0.9940
vn 0.4905 0.1591 -0.8568
vn 0.5598 0.1822 -0.8084
vn 0.5598 0.1822 -0.8083
vn 0.3896 -0.5154 -0.7633
vn 0.3014 -0.3967 -0.8670
vn 0.3111 -0.4076 -0.8585
vn 0.3535 -0.4706 -0.8084
vn -0.2892 -0.4120 -0.8641
vn -0.2924 -0.4164 -0.8609
vn -0.4765 0.1528 -0.8658
vn -0.4816 0.1544 -0.8627
vn 0.0026 0.5835 -0.8121
vn 0.0023 0.6127 -0.7903
vn 0.0023 0.6125 -0.7904
vn 0.0027 0.5834 -0.8121
vn 0.9708 -0.2398 -0.0061
vn -0.5524 0.1769 -0.8146
vn -0.5522 0.1769 -0.8147
vn -0.5804 0.1858 -0.7928
vn -0.5801 0.1857 -0.7931
vn 0.3081 -0.4058 -0.8605
vn 0.4224 -0.5603 -0.7124
vn 0.3686 -0.4945 -0.7872
vn -0.6447 0.7644 -0.0119
vn 0.4854 0.1574 -0.8600
vn 0.5871 0.1913 -0.7866
vn -0.9265 -0.3762 -0.0113
vn 0.0034 0.5043 -0.8635
vn 0.0034 0.5096 -0.8604
vn 0.0034 0.5097 -0.8604
vn 0.0717 -0.9974 -0.0077
vn 0.2835 0.4040 0.8697
vn 0.8142 -0.5806 0.0053
vn 0.8126 -0.5828 0.0030
vn 0.8157 -0.5784 0.0075
vn 0.8171 -0.5764 0.0095
vn -0.8106 0.5856 -0.0008
vn -0.8076 0.5898 0.0034
vn -0.8090 0.5878 0.0014
vn -0.8122 0.5834 -0.0030
vn -0.2996 0.4000 0.8662
vn 0.8042 0.5943 0.0038
vn 0.8058 0.5921 0.0016
vn 0.8026 0.5965 0.0060
vn 0.8011 0.5985 0.0080
vn -0.8079 -0.5893 0.0006
vn -0.8109 -0.5852 0.0048
vn -0.8095 -0.5871 0.0028
vn -0.8063 -0.5916 -0.0016
vn -0.4762 -0.1543 0.8657
vn -0.3173 0.9483 0.0002
vn -0.3199 0.9474 0.0024
vn -0.3222 0.9467 0.0043
vn 0.3114 -0.9503 0.0043
vn 0.3065 -0.9518 0.0084
vn 0.3088 -0.9511 0.0065
vn 0.4671 -0.1498 0.8714
vn -0.3012 -0.9536 0.0025
vn -0.3038 -0.9527 0.0003
vn -0.2986 -0.9544 0.0048
vn -0.2963 -0.9551 0.0067
vn 0.3070 0.9517 0.0019
vn 0.3119 0.9501 0.0061
vn 0.3096 0.9509 0.0042
vn 0.3044 0.9525 -0.0003
vn -0.0035 -0.4945 0.8691
vn -1.0000 -0.0085 -0.0006
vn -1.0000 -0.0058 -0.0028
vn -0.9999 -0.0112 0.0016
vn -0.9999 -0.0136 0.0036
vn 1.0000 0.0023 0.0051
vn 1.0000 -0.0028 0.0093
vn 1.0000 -0.0004 0.0073
vn 1.0000 0.0050 0.0028
vn -0.3357 -0.4760 -0.8129
vn -0.3357 -0.4761 -0.8128
vn -0.3527 -0.4994 -0.7913
vn -0.3528 -0.4996 -0.7912
# 937 vertex normals

vt 0.1710 0.3038 0.0000
vt 0.1686 0.3038 0.0000
vt 0.1686 0.3057 0.0000
vt 0.1710 0.3057 0.0000
vt 0.1662 0.3038 0.0000
vt 0.1662 0.3057 0.0000
vt 0.1637 0.3057 0.0000
vt 0.1637 0.3038 0.0000
vt 0.1686 0.3078 0.0000
vt 0.1710 0.3078 0.0000
vt 0.1662 0.3078 0.0000
vt 0.1637 0.3078 0.0000
vt 0.1686 0.3102 0.0000
vt 0.1710 0.3102 0.0000
vt 0.1662 0.3102 0.0000
vt 0.1637 0.3102 0.0000
vt 0.1565 0.3038 0.0000
vt 0.1565 0.3057 0.0000
vt 0.1589 0.3057 0.0000
vt 0.1589 0.3038 0.0000
vt 0.1613 0.3057 0.0000
vt 0.1613 0.3038 0.0000
vt 0.1565 0.3078 0.0000
vt 0.1589 0.3078 0.0000
vt 0.1613 0.3078 0.0000
vt 0.1565 0.3102 0.0000
vt 0.1589 0.3102 0.0000
vt 0.1613 0.3102 0.0000
vt 0.1856 0.3038 0.0000
vt 0.1832 0.3038 0.0000
vt 0.1832 0.3057 0.0000
vt 0.1856 0.3058 0.0000
vt 0.1807 0.3038 0.0000
vt 0.1807 0.3057 0.0000
vt 0.1783 0.3057 0.0000
vt 0.1783 0.3038 0.0000
vt 0.1832 0.3078 0.0000
vt 0.1856 0.3078 0.0000
vt 0.1807 0.3078 0.0000
vt 0.1783 0.3078 0.0000
vt 0.1832 0.3102 0.0000
vt 0.1856 0.3102 0.0000
vt 0.1807 0.3102 0.0000
vt 0.1783 0.3102 0.0000
vt 0.1734 0.3057 0.0000
vt 0.1734 0.3038 0.0000
vt 0.1759 0.3057 0.0000
vt 0.1759 0.3038 0.0000
vt 0.1734 0.3078 0.0000
vt 0.1759 0.3078 0.0000
vt 0.1734 0.3102 0.0000
vt 0.1759 0.3102 0.0000
vt 0.2002 0.3038 0.0000
vt 0.1977 0.3038 0.0000
vt 0.1977 0.3057 0.0000
vt 0.2002 0.3057 0.0000
vt 0.1953 0.3038 0.0000
vt 0.1953 0.3057 0.0000
vt 0.1929 0.3057 0.0000
vt 0.1929 0.3038 0.0000
vt 0.1977 0.3078 0.0000
vt 0.2002 0.3078 0.0000
vt 0.1953 0.3078 0.0000
vt 0.1929 0.3078 0.0000
vt 0.1977 0.3102 0.0000
vt 0.2002 0.3102 0.0000
vt 0.1953 0.3102 0.0000
vt 0.1929 0.3102 0.0000
vt 0.1880 0.3058 0.0000
vt 0.1880 0.3038 0.0000
vt 0.1904 0.3058 0.0000
vt 0.1904 0.3038 0.0000
vt 0.1880 0.3078 0.0000
vt 0.1904 0.3078 0.0000
vt 0.1880 0.3102 0.0000
vt 0.1904 0.3102 0.0000
vt 0.1419 0.3038 0.0000
vt 0.1395 0.3038 0.0000
vt 0.1395 0.3058 0.0000
vt 0.1419 0.3058 0.0000
vt 0.1370 0.3038 0.0000
vt 0.1370 0.3058 0.0000
vt 0.1346 0.3058 0.0000
vt 0.1346 0.3038 0.0000
vt 0.1395 0.3078 0.0000
vt 0.1419 0.3078 0.0000
vt 0.1370 0.3078 0.0000
vt 0.1346 0.3078 0.0000
vt 0.1395 0.3102 0.0000
vt 0.1419 0.3102 0.0000
vt 0.1370 0.3102 0.0000
vt 0.1346 0.3102 0.0000
vt 0.2026 0.3057 0.0000
vt 0.2026 0.3038 0.0000
vt 0.1297 0.3038 0.0000
vt 0.1297 0.3058 0.0000
vt 0.1322 0.3058 0.0000
vt 0.1322 0.3038 0.0000
vt 0.2026 0.3078 0.0000
vt 0.1297 0.3078 0.0000
vt 0.1322 0.3078 0.0000
vt 0.2026 0.3102 0.0000
vt 0.1297 0.3102 0.0000
vt 0.1322 0.3102 0.0000
vt 0.1540 0.3038 0.0000
vt 0.1540 0.3057 0.0000
vt 0.1516 0.3038 0.0000
vt 0.1516 0.3057 0.0000
vt 0.1492 0.3058 0.0000
vt 0.1492 0.3038 0.0000
vt 0.1540 0.3078 0.0000
vt 0.1516 0.3078 0.0000
vt 0.1492 0.3078 0.0000
vt 0.1540 0.3102 0.0000
vt 0.1516 0.3102 0.0000
vt 0.1492 0.3102 0.0000
vt 0.1443 0.3058 0.0000
vt 0.1443 0.3038 0.0000
vt 0.1467 0.3058 0.0000
vt 0.1467 0.3038 0.0000
vt 0.1443 0.3078 0.0000
vt 0.1467 0.3078 0.0000
vt 0.1443 0.3102 0.0000
vt 0.1467 0.3102 0.0000
vt 0.1710 0.2714 0.0000
vt 0.1710 0.2695 0.0000
vt 0.1686 0.2695 0.0000
vt 0.1686 0.2714 0.0000
vt 0.1662 0.2695 0.0000
vt 0.1662 0.2714 0.0000
vt 0.1637 0.2695 0.0000
vt 0.1637 0.2714 0.0000
vt 0.1710 0.2674 0.0000
vt 0.1686 0.2674 0.0000
vt 0.1662 0.2674 0.0000
vt 0.1637 0.2674 0.0000
vt 0.1710 0.2650 0.0000
vt 0.1686 0.2650 0.0000
vt 0.1662 0.2650 0.0000
vt 0.1637 0.2650 0.0000
vt 0.1565 0.2714 0.0000
vt 0.1589 0.2714 0.0000
vt 0.1589 0.2695 0.0000
vt 0.1565 0.2695 0.0000
vt 0.1613 0.2714 0.0000
vt 0.1613 0.2695 0.0000
vt 0.1589 0.2674 0.0000
vt 0.1565 0.2674 0.0000
vt 0.1613 0.2674 0.0000
vt 0.1589 0.2650 0.0000
vt 0.1565 0.2650 0.0000
vt 0.1613 0.2650 0.0000
vt 0.1856 0.2714 0.0000
vt 0.1856 0.2695 0.0000
vt 0.1832 0.2695 0.0000
vt 0.1832 0.2714 0.0000
vt 0.1807 0.2695 0.0000
vt 0.1807 0.2714 0.0000
vt 0.1783 0.2695 0.0000
vt 0.1783 0.2714 0.0000
vt 0.1856 0.2674 0.0000
vt 0.1832 0.2674 0.0000
vt 0.1807 0.2674 0.0000
vt 0.1783 0.2674 0.0000
vt 0.1856 0.2650 0.0000
vt 0.1832 0.2650 0.0000
vt 0.1807 0.2650 0.0000
vt 0.1783 0.2650 0.0000
vt 0.1734 0.2714 0.0000
vt 0.1734 0.2695 0.0000
vt 0.1759 0.2714 0.0000
vt 0.1759 0.2695 0.0000
vt 0.1734 0.2674 0.0000
vt 0.1759 0.2674 0.0000
vt 0.1734 0.2650 0.0000
vt 0.1759 0.2650 0.0000
vt 0.2002 0.2714 0.0000
vt 0.2002 0.2695 0.0000
vt 0.1977 0.2695 0.0000
vt 0.1977 0.2714 0.0000
vt 0.1953 0.2695 0.0000
vt 0.1953 0.2714 0.0000
vt 0.1929 0.2695 0.0000
vt 0.1929 0.2714 0.0000
vt 0.2002 0.2674 0.0000
vt 0.1977 0.2674 0.0000
vt 0.1953 0.2674 0.0000
vt 0.1929 0.2674 0.0000
vt 0.2002 0.2650 0.0000
vt 0.1977 0.2650 0.0000
vt 0.1953 0.2650 0.0000
vt 0.1929 0.2650 0.0000
vt 0.1880 0.2714 0.0000
vt 0.1880 0.2695 0.0000
vt 0.1904 0.2714 0.0000
vt 0.1904 0.2695 0.0000
vt 0.1880 0.2674 0.0000
vt 0.1904 0.2674 0.0000
vt 0.1880 0.2650 0.0000
vt 0.1904 0.2650 0.0000
vt 0.1419 0.2714 0.0000
vt 0.1419 0.2695 0.0000
vt 0.1395 0.2695 0.0000
vt 0.1395 0.2714 0.0000
vt 0.1370 0.2695 0.0000
vt 0.1370 0.2714 0.0000
vt 0.1346 0.2695 0.0000
vt 0.1346 0.2714 0.0000
vt 0.1419 0.2674 0.0000
vt 0.1395 0.2674 0.0000
vt 0.1370 0.2674 0.0000
vt 0.1346 0.2674 0.0000
vt 0.1419 0.2650 0.0000
vt 0.1395 0.2650 0.0000
vt 0.1370 0.2650 0.0000
vt 0.1346 0.2650 0.0000
vt 0.2026 0.2714 0.0000
vt 0.2026 0.2695 0.0000
vt 0.1297 0.2714 0.0000
vt 0.1322 0.2714 0.0000
vt 0.1322 0.2695 0.0000
vt 0.1297 0.2695 0.0000
vt 0.2026 0.2674 0.0000
vt 0.1322 0.2674 0.0000
vt 0.1297 0.2674 0.0000
vt 0.2026 0.2650 0.0000
vt 0.1322 0.2650 0.0000
vt 0.1297 0.2650 0.0000
vt 0.1540 0.2695 0.0000
vt 0.1540 0.2714 0.0000
vt 0.1516 0.2695 0.0000
vt 0.1516 0.2714 0.0000
vt 0.1492 0.2695 0.0000
vt 0.1492 0.2714 0.0000
vt 0.1540 0.2674 0.0000
vt 0.1516 0.2674 0.0000
vt 0.1492 0.2674 0.0000
vt 0.1540 0.2650 0.0000
vt 0.1516 0.2650 0.0000
vt 0.1492 0.2650 0.0000
vt 0.1443 0.2714 0.0000
vt 0.1443 0.2695 0.0000
vt 0.1467 0.2714 0.0000
vt 0.1467 0.2695 0.0000
vt 0.1443 0.2674 0.0000
vt 0.1467 0.2674 0.0000
vt 0.1443 0.2650 0.0000
vt 0.1467 0.2650 0.0000
vt 0.1207 0.4900 0.0000
vt 0.1184 0.4861 0.0000
vt 0.1139 0.4861 0.0000
vt 0.1116 0.4900 0.0000
vt 0.1116 0.4823 0.0000
vt 0.1070 0.4823 0.0000
vt 0.1139 0.4785 0.0000
vt 0.1116 0.4747 0.0000
vt 0.1184 0.4785 0.0000
vt 0.1207 0.4747 0.0000
vt 0.1207 0.4823 0.0000
vt 0.1253 0.4823 0.0000
vt 0.3098 0.4092 0.0000
vt 0.3781 0.4092 0.0000
vt 0.3781 0.4053 0.0000
vt 0.3098 0.4053 0.0000
vt 0.3781 0.4013 0.0000
vt 0.3098 0.4013 0.0000
vt 0.3781 0.3975 0.0000
vt 0.3098 0.3975 0.0000
vt 0.3781 0.3935 0.0000
vt 0.3098 0.3935 0.0000
vt 0.3781 0.3896 0.0000
vt 0.3098 0.3896 0.0000
vt 0.3781 0.3856 0.0000
vt 0.3098 0.3856 0.0000
vt 0.1126 0.4757 0.0000
vt 0.1078 0.4829 0.0000
vt 0.1126 0.4900 0.0000
vt 0.1220 0.4900 0.0000
vt 0.1267 0.4829 0.0000
vt 0.1220 0.4757 0.0000
vt 0.1204 0.4912 0.0000
vt 0.1181 0.4874 0.0000
vt 0.1136 0.4874 0.0000
vt 0.1113 0.4912 0.0000
vt 0.1113 0.4836 0.0000
vt 0.1067 0.4836 0.0000
vt 0.1136 0.4797 0.0000
vt 0.1113 0.4759 0.0000
vt 0.1181 0.4797 0.0000
vt 0.1204 0.4759 0.0000
vt 0.1204 0.4836 0.0000
vt 0.1250 0.4836 0.0000
vt 0.1223 0.4922 0.0000
vt 0.1200 0.4883 0.0000
vt 0.1155 0.4883 0.0000
vt 0.1132 0.4922 0.0000
vt 0.1132 0.4845 0.0000
vt 0.1086 0.4845 0.0000
vt 0.1155 0.4807 0.0000
vt 0.1132 0.4768 0.0000
vt 0.1200 0.4807 0.0000
vt 0.1223 0.4768 0.0000
vt 0.1223 0.4845 0.0000
vt 0.1269 0.4845 0.0000
vt 0.1223 0.4915 0.0000
vt 0.1200 0.4877 0.0000
vt 0.1155 0.4877 0.0000
vt 0.1132 0.4915 0.0000
vt 0.1132 0.4839 0.0000
vt 0.1086 0.4839 0.0000
vt 0.1155 0.4800 0.0000
vt 0.1132 0.4762 0.0000
vt 0.1200 0.4800 0.0000
vt 0.1223 0.4762 0.0000
vt 0.1223 0.4839 0.0000
vt 0.1269 0.4839 0.0000
vt 0.1217 0.4909 0.0000
vt 0.1194 0.4871 0.0000
vt 0.1148 0.4871 0.0000
vt 0.1125 0.4909 0.0000
vt 0.1125 0.4832 0.0000
vt 0.1080 0.4832 0.0000
vt 0.1148 0.4794 0.0000
vt 0.1125 0.4756 0.0000
vt 0.1194 0.4794 0.0000
vt 0.1217 0.4756 0.0000
vt 0.1217 0.4832 0.0000
vt 0.1263 0.4832 0.0000
vt 0.1126 0.4762 0.0000
vt 0.1078 0.4834 0.0000
vt 0.1126 0.4905 0.0000
vt 0.1220 0.4905 0.0000
vt 0.1267 0.4834 0.0000
vt 0.1220 0.4762 0.0000
vt 0.3274 0.7794 0.0000
vt 0.3266 0.7794 0.0000
vt 0.3266 0.7816 0.0000
vt 0.3274 0.7816 0.0000
vt 0.3266 0.7838 0.0000
vt 0.3274 0.7838 0.0000
vt 0.3266 0.7860 0.0000
vt 0.3274 0.7860 0.0000
vt 0.3266 0.7882 0.0000
vt 0.3274 0.7882 0.0000
vt 0.3266 0.7904 0.0000
vt 0.3274 0.7904 0.0000
vt 0.3266 0.7926 0.0000
vt 0.3274 0.7926 0.0000
vt 0.3266 0.7948 0.0000
vt 0.3274 0.7948 0.0000
vt 0.3266 0.7970 0.0000
vt 0.3274 0.7970 0.0000
vt 0.3266 0.7992 0.0000
vt 0.3274 0.7992 0.0000
vt 0.3266 0.8014 0.0000
vt 0.3274 0.8014 0.0000
vt 0.3266 0.8036 0.0000
vt 0.3274 0.8036 0.0000
vt 0.3266 0.8058 0.0000
vt 0.3274 0.8058 0.0000
vt 0.3266 0.8080 0.0000
vt 0.3274 0.8080 0.0000
vt 0.3266 0.8102 0.0000
vt 0.3274 0.8102 0.0000
vt 0.3266 0.8124 0.0000
vt 0.3274 0.8124 0.0000
vt 0.3266 0.8146 0.0000
vt 0.3274 0.8146 0.0000
vt 0.1741 0.4362 0.0000
vt 0.1868 0.4362 0.0000
vt 0.1804 0.4350 0.0000
vt 0.1687 0.4603 0.0000
vt 0.1922 0.4603 0.0000
vt 0.1958 0.4555 0.0000
vt 0.1651 0.4555 0.0000
vt 0.1649 0.4436 0.0000
vt 0.1636 0.4493 0.0000
vt 0.1649 0.4549 0.0000
vt 0.1651 0.4442 0.0000
vt 0.1958 0.4442 0.0000
vt 0.1922 0.4394 0.0000
vt 0.1687 0.4394 0.0000
vt 0.1971 0.4498 0.0000
vt 0.1638 0.4498 0.0000
vt 0.1804 0.4646 0.0000
vt 0.1868 0.4635 0.0000
vt 0.1741 0.4635 0.0000
vt 0.1739 0.4356 0.0000
vt 0.1685 0.4388 0.0000
vt 0.1685 0.4597 0.0000
vt 0.1739 0.4629 0.0000
vt 0.1866 0.4356 0.0000
vt 0.1802 0.4345 0.0000
vt 0.1802 0.4641 0.0000
vt 0.1866 0.4629 0.0000
vt 0.1969 0.4493 0.0000
vt 0.1956 0.4436 0.0000
vt 0.1956 0.4549 0.0000
vt 0.1920 0.4388 0.0000
vt 0.1920 0.4597 0.0000
vt 0.3301 0.7910 0.0000
vt 0.3317 0.7926 0.0000
vt 0.3319 0.7923 0.0000
vt 0.3303 0.7908 0.0000
vt 0.3289 0.7890 0.0000
vt 0.3291 0.7889 0.0000
vt 0.3282 0.7868 0.0000
vt 0.3280 0.7869 0.0000
vt 0.3276 0.7822 0.0000
vt 0.3278 0.7822 0.0000
vt 0.3283 0.7799 0.0000
vt 0.3280 0.7798 0.0000
vt 0.3276 0.7846 0.0000
vt 0.3278 0.7845 0.0000
vt 0.3289 0.7777 0.0000
vt 0.3291 0.7778 0.0000
vt 0.3301 0.7757 0.0000
vt 0.3303 0.7759 0.0000
vt 0.3319 0.7744 0.0000
vt 0.3317 0.7741 0.0000
vt 0.3356 0.7722 0.0000
vt 0.3356 0.7725 0.0000
vt 0.3377 0.7723 0.0000
vt 0.3377 0.7720 0.0000
vt 0.3336 0.7730 0.0000
vt 0.3337 0.7732 0.0000
vt 0.3398 0.7722 0.0000
vt 0.3398 0.7725 0.0000
vt 0.3418 0.7730 0.0000
vt 0.3417 0.7732 0.0000
vt 0.3435 0.7744 0.0000
vt 0.3437 0.7741 0.0000
vt 0.3465 0.7777 0.0000
vt 0.3463 0.7778 0.0000
vt 0.3471 0.7799 0.0000
vt 0.3474 0.7798 0.0000
vt 0.3453 0.7757 0.0000
vt 0.3451 0.7759 0.0000
vt 0.3478 0.7822 0.0000
vt 0.3476 0.7822 0.0000
vt 0.3478 0.7846 0.0000
vt 0.3476 0.7845 0.0000
vt 0.3471 0.7868 0.0000
vt 0.3474 0.7869 0.0000
vt 0.3453 0.7910 0.0000
vt 0.3451 0.7908 0.0000
vt 0.3435 0.7923 0.0000
vt 0.3437 0.7926 0.0000
vt 0.3465 0.7890 0.0000
vt 0.3463 0.7889 0.0000
vt 0.3418 0.7938 0.0000
vt 0.3417 0.7935 0.0000
vt 0.3398 0.7945 0.0000
vt 0.3398 0.7942 0.0000
vt 0.3377 0.7945 0.0000
vt 0.3377 0.7947 0.0000
vt 0.3336 0.7938 0.0000
vt 0.3337 0.7935 0.0000
vt 0.3356 0.7945 0.0000
vt 0.3356 0.7942 0.0000
vt 0.3323 0.7917 0.0000
vt 0.3308 0.7903 0.0000
vt 0.3297 0.7885 0.0000
vt 0.3295 0.7880 0.0000
vt 0.3289 0.7865 0.0000
vt 0.3291 0.7865 0.0000
vt 0.3290 0.7865 0.0000
vt 0.3296 0.7879 0.0000
vt 0.3296 0.7878 0.0000
vt 0.3323 0.7916 0.0000
vt 0.3309 0.7902 0.0000
vt 0.3298 0.7885 0.0000
vt 0.3285 0.7823 0.0000
vt 0.3289 0.7802 0.0000
vt 0.3285 0.7844 0.0000
vt 0.3286 0.7851 0.0000
vt 0.3286 0.7823 0.0000
vt 0.3290 0.7802 0.0000
vt 0.3286 0.7844 0.0000
vt 0.3287 0.7850 0.0000
vt 0.3288 0.7852 0.0000
vt 0.3290 0.7852 0.0000
vt 0.3294 0.7852 0.0000
vt 0.3297 0.7876 0.0000
vt 0.3301 0.7873 0.0000
vt 0.3297 0.7782 0.0000
vt 0.3308 0.7765 0.0000
vt 0.3312 0.7761 0.0000
vt 0.3323 0.7750 0.0000
vt 0.3324 0.7752 0.0000
vt 0.3323 0.7751 0.0000
vt 0.3313 0.7761 0.0000
vt 0.3315 0.7761 0.0000
vt 0.3298 0.7782 0.0000
vt 0.3309 0.7765 0.0000
vt 0.3358 0.7733 0.0000
vt 0.3377 0.7731 0.0000
vt 0.3339 0.7740 0.0000
vt 0.3335 0.7742 0.0000
vt 0.3358 0.7734 0.0000
vt 0.3340 0.7740 0.0000
vt 0.3335 0.7743 0.0000
vt 0.3334 0.7745 0.0000
vt 0.3334 0.7747 0.0000
vt 0.3336 0.7751 0.0000
vt 0.3316 0.7762 0.0000
vt 0.3320 0.7765 0.0000
vt 0.3396 0.7733 0.0000
vt 0.3414 0.7740 0.0000
vt 0.3419 0.7742 0.0000
vt 0.3431 0.7750 0.0000
vt 0.3430 0.7752 0.0000
vt 0.3431 0.7751 0.0000
vt 0.3419 0.7743 0.0000
vt 0.3419 0.7745 0.0000
vt 0.3396 0.7734 0.0000
vt 0.3457 0.7782 0.0000
vt 0.3465 0.7802 0.0000
vt 0.3445 0.7765 0.0000
vt 0.3442 0.7761 0.0000
vt 0.3456 0.7782 0.0000
vt 0.3464 0.7802 0.0000
vt 0.3441 0.7761 0.0000
vt 0.3439 0.7761 0.0000
vt 0.3438 0.7762 0.0000
vt 0.3434 0.7765 0.0000
vt 0.3419 0.7747 0.0000
vt 0.3417 0.7751 0.0000
vt 0.3469 0.7823 0.0000
vt 0.3469 0.7844 0.0000
vt 0.3468 0.7851 0.0000
vt 0.3465 0.7865 0.0000
vt 0.3463 0.7865 0.0000
vt 0.3464 0.7865 0.0000
vt 0.3467 0.7850 0.0000
vt 0.3466 0.7852 0.0000
vt 0.3468 0.7823 0.0000
vt 0.3468 0.7844 0.0000
vt 0.3445 0.7903 0.0000
vt 0.3431 0.7917 0.0000
vt 0.3457 0.7885 0.0000
vt 0.3459 0.7880 0.0000
vt 0.3445 0.7902 0.0000
vt 0.3431 0.7916 0.0000
vt 0.3456 0.7885 0.0000
vt 0.3458 0.7879 0.0000
vt 0.3458 0.7878 0.0000
vt 0.3457 0.7876 0.0000
vt 0.3453 0.7873 0.0000
vt 0.3464 0.7852 0.0000
vt 0.3459 0.7852 0.0000
vt 0.3414 0.7928 0.0000
vt 0.3396 0.7935 0.0000
vt 0.3391 0.7935 0.0000
vt 0.3377 0.7937 0.0000
vt 0.3377 0.7935 0.0000
vt 0.3377 0.7936 0.0000
vt 0.3391 0.7934 0.0000
vt 0.3389 0.7934 0.0000
vt 0.3414 0.7927 0.0000
vt 0.3396 0.7934 0.0000
vt 0.3339 0.7928 0.0000
vt 0.3358 0.7935 0.0000
vt 0.3363 0.7935 0.0000
vt 0.3340 0.7927 0.0000
vt 0.3358 0.7934 0.0000
vt 0.3363 0.7934 0.0000
vt 0.3365 0.7934 0.0000
vt 0.3366 0.7932 0.0000
vt 0.3366 0.7927 0.0000
vt 0.3388 0.7932 0.0000
vt 0.3387 0.7927 0.0000
vt 0.3377 0.7833 0.0000
vt 0.3386 0.7864 0.0000
vt 0.3394 0.7860 0.0000
vt 0.3400 0.7853 0.0000
vt 0.3404 0.7844 0.0000
vt 0.3405 0.7833 0.0000
vt 0.3404 0.7824 0.0000
vt 0.3400 0.7815 0.0000
vt 0.3394 0.7808 0.0000
vt 0.3386 0.7803 0.0000
vt 0.3377 0.7802 0.0000
vt 0.3368 0.7803 0.0000
vt 0.3360 0.7808 0.0000
vt 0.3354 0.7815 0.0000
vt 0.3350 0.7824 0.0000
vt 0.3348 0.7833 0.0000
vt 0.3350 0.7844 0.0000
vt 0.3354 0.7853 0.0000
vt 0.3360 0.7860 0.0000
vt 0.3368 0.7864 0.0000
vt 0.3377 0.7866 0.0000
vt 0.3408 0.7939 0.0000
vt 0.3397 0.7946 0.0000
vt 0.3405 0.7974 0.0000
vt 0.3424 0.7963 0.0000
vt 0.3418 0.7929 0.0000
vt 0.3439 0.7946 0.0000
vt 0.3423 0.7916 0.0000
vt 0.3449 0.7925 0.0000
vt 0.3425 0.7902 0.0000
vt 0.3452 0.7902 0.0000
vt 0.3423 0.7887 0.0000
vt 0.3449 0.7878 0.0000
vt 0.3418 0.7874 0.0000
vt 0.3439 0.7857 0.0000
vt 0.3408 0.7864 0.0000
vt 0.3424 0.7840 0.0000
vt 0.3397 0.7858 0.0000
vt 0.3405 0.7829 0.0000
vt 0.3384 0.7855 0.0000
vt 0.3384 0.7826 0.0000
vt 0.3371 0.7858 0.0000
vt 0.3363 0.7829 0.0000
vt 0.3359 0.7864 0.0000
vt 0.3344 0.7840 0.0000
vt 0.3350 0.7874 0.0000
vt 0.3329 0.7857 0.0000
vt 0.3344 0.7887 0.0000
vt 0.3319 0.7878 0.0000
vt 0.3342 0.7902 0.0000
vt 0.3316 0.7902 0.0000
vt 0.3344 0.7916 0.0000
vt 0.3319 0.7925 0.0000
vt 0.3350 0.7929 0.0000
vt 0.3329 0.7946 0.0000
vt 0.3359 0.7939 0.0000
vt 0.3344 0.7963 0.0000
vt 0.3371 0.7946 0.0000
vt 0.3363 0.7974 0.0000
vt 0.3384 0.7948 0.0000
vt 0.3384 0.7978 0.0000
vt 0.3426 0.7967 0.0000
vt 0.3406 0.7978 0.0000
vt 0.3411 0.7994 0.0000
vt 0.3435 0.7980 0.0000
vt 0.3442 0.7949 0.0000
vt 0.3454 0.7959 0.0000
vt 0.3452 0.7926 0.0000
vt 0.3466 0.7932 0.0000
vt 0.3456 0.7902 0.0000
vt 0.3471 0.7902 0.0000
vt 0.3452 0.7877 0.0000
vt 0.3466 0.7872 0.0000
vt 0.3442 0.7855 0.0000
vt 0.3454 0.7845 0.0000
vt 0.3426 0.7837 0.0000
vt 0.3435 0.7823 0.0000
vt 0.3406 0.7826 0.0000
vt 0.3411 0.7810 0.0000
vt 0.3384 0.7822 0.0000
vt 0.3384 0.7805 0.0000
vt 0.3362 0.7826 0.0000
vt 0.3357 0.7810 0.0000
vt 0.3342 0.7837 0.0000
vt 0.3333 0.7823 0.0000
vt 0.3326 0.7855 0.0000
vt 0.3314 0.7845 0.0000
vt 0.3316 0.7877 0.0000
vt 0.3301 0.7872 0.0000
vt 0.3312 0.7902 0.0000
vt 0.3297 0.7902 0.0000
vt 0.3316 0.7926 0.0000
vt 0.3301 0.7932 0.0000
vt 0.3326 0.7949 0.0000
vt 0.3314 0.7959 0.0000
vt 0.3342 0.7967 0.0000
vt 0.3333 0.7980 0.0000
vt 0.3362 0.7978 0.0000
vt 0.3357 0.7994 0.0000
vt 0.3384 0.7982 0.0000
vt 0.3384 0.7999 0.0000
vt 0.3507 0.7847 0.0000
vt 0.3496 0.7847 0.0000
vt 0.3496 0.7903 0.0000
vt 0.3507 0.7903 0.0000
vt 0.3518 0.7847 0.0000
vt 0.3518 0.7903 0.0000
vt 0.3550 0.7847 0.0000
vt 0.3550 0.7903 0.0000
vt 0.3561 0.7903 0.0000
vt 0.3561 0.7847 0.0000
vt 0.3539 0.7847 0.0000
vt 0.3539 0.7903 0.0000
vt 0.3536 0.7847 0.0000
vt 0.3529 0.7903 0.0000
vt 0.3572 0.7847 0.0000
vt 0.3572 0.7903 0.0000
vt 0.3582 0.7847 0.0000
vt 0.3582 0.7903 0.0000
vt 0.3615 0.7847 0.0000
vt 0.3615 0.7903 0.0000
vt 0.3625 0.7903 0.0000
vt 0.3625 0.7847 0.0000
vt 0.3604 0.7847 0.0000
vt 0.3604 0.7903 0.0000
vt 0.3601 0.7847 0.0000
vt 0.3593 0.7903 0.0000
vt 0.3314 0.7847 0.0000
vt 0.3304 0.7847 0.0000
vt 0.3304 0.7903 0.0000
vt 0.3314 0.7903 0.0000
vt 0.3325 0.7847 0.0000
vt 0.3325 0.7903 0.0000
vt 0.3328 0.7847 0.0000
vt 0.3336 0.7903 0.0000
vt 0.3357 0.7847 0.0000
vt 0.3357 0.7903 0.0000
vt 0.3368 0.7903 0.0000
vt 0.3368 0.7847 0.0000
vt 0.3346 0.7847 0.0000
vt 0.3346 0.7903 0.0000
vt 0.3343 0.7847 0.0000
vt 0.3379 0.7847 0.0000
vt 0.3379 0.7903 0.0000
vt 0.3389 0.7847 0.0000
vt 0.3389 0.7903 0.0000
vt 0.3422 0.7847 0.0000
vt 0.3422 0.7903 0.0000
vt 0.3432 0.7903 0.0000
vt 0.3432 0.7847 0.0000
vt 0.3411 0.7847 0.0000
vt 0.3411 0.7903 0.0000
vt 0.3408 0.7847 0.0000
vt 0.3400 0.7903 0.0000
vt 0.3443 0.7847 0.0000
vt 0.3443 0.7903 0.0000
vt 0.3454 0.7847 0.0000
vt 0.3454 0.7903 0.0000
vt 0.3486 0.7847 0.0000
vt 0.3486 0.7903 0.0000
vt 0.3475 0.7847 0.0000
vt 0.3475 0.7903 0.0000
vt 0.3472 0.7847 0.0000
vt 0.3464 0.7903 0.0000
vt 0.3409 0.7840 0.0000
vt 0.3428 0.7840 0.0000
vt 0.3428 0.7796 0.0000
vt 0.3409 0.7796 0.0000
vt 0.3391 0.7840 0.0000
vt 0.3391 0.7796 0.0000
vt 0.3373 0.7840 0.0000
vt 0.3373 0.7796 0.0000
vt 0.3354 0.7840 0.0000
vt 0.3354 0.7796 0.0000
vt 0.3336 0.7840 0.0000
vt 0.3336 0.7796 0.0000
vt 0.3317 0.7840 0.0000
vt 0.3317 0.7796 0.0000
vt 0.3299 0.7840 0.0000
vt 0.3299 0.7796 0.0000
vt 0.3281 0.7840 0.0000
vt 0.3281 0.7796 0.0000
vt 0.3262 0.7840 0.0000
vt 0.3262 0.7796 0.0000
vt 0.3612 0.7840 0.0000
vt 0.3630 0.7840 0.0000
vt 0.3630 0.7796 0.0000
vt 0.3612 0.7796 0.0000
vt 0.3593 0.7840 0.0000
vt 0.3593 0.7796 0.0000
vt 0.3575 0.7840 0.0000
vt 0.3575 0.7796 0.0000
vt 0.3557 0.7840 0.0000
vt 0.3557 0.7796 0.0000
vt 0.3538 0.7840 0.0000
vt 0.3538 0.7796 0.0000
vt 0.3520 0.7840 0.0000
vt 0.3520 0.7796 0.0000
vt 0.3501 0.7840 0.0000
vt 0.3501 0.7796 0.0000
vt 0.3483 0.7840 0.0000
vt 0.3483 0.7796 0.0000
vt 0.3465 0.7840 0.0000
vt 0.3465 0.7796 0.0000
vt 0.3446 0.7840 0.0000
vt 0.3446 0.7796 0.0000
vt 0.3483 0.7708 0.0000
vt 0.3465 0.7708 0.0000
vt 0.3465 0.7782 0.0000
vt 0.3483 0.7782 0.0000
vt 0.3501 0.7708 0.0000
vt 0.3501 0.7782 0.0000
vt 0.3520 0.7708 0.0000
vt 0.3520 0.7782 0.0000
vt 0.3538 0.7708 0.0000
vt 0.3538 0.7782 0.0000
vt 0.3557 0.7708 0.0000
vt 0.3557 0.7782 0.0000
vt 0.3575 0.7708 0.0000
vt 0.3575 0.7782 0.0000
vt 0.3593 0.7708 0.0000
vt 0.3593 0.7782 0.0000
vt 0.3612 0.7708 0.0000
vt 0.3612 0.7782 0.0000
vt 0.3630 0.7708 0.0000
vt 0.3630 0.7782 0.0000
vt 0.3281 0.7708 0.0000
vt 0.3262 0.7708 0.0000
vt 0.3262 0.7782 0.0000
vt 0.3281 0.7782 0.0000
vt 0.3299 0.7708 0.0000
vt 0.3299 0.7782 0.0000
vt 0.3317 0.7708 0.0000
vt 0.3317 0.7782 0.0000
vt 0.3336 0.7708 0.0000
vt 0.3336 0.7782 0.0000
vt 0.3354 0.7708 0.0000
vt 0.3354 0.7782 0.0000
vt 0.3373 0.7708 0.0000
vt 0.3373 0.7782 0.0000
vt 0.3391 0.7708 0.0000
vt 0.3391 0.7782 0.0000
vt 0.3409 0.7708 0.0000
vt 0.3409 0.7782 0.0000
vt 0.3428 0.7708 0.0000
vt 0.3428 0.7782 0.0000
vt 0.3446 0.7708 0.0000
vt 0.3446 0.7782 0.0000
vt 0.3411 0.7927 0.0000
vt 0.3429 0.7927 0.0000
vt 0.3429 0.7903 0.0000
vt 0.3393 0.7927 0.0000
vt 0.3393 0.7903 0.0000
vt 0.3374 0.7927 0.0000
vt 0.3374 0.7903 0.0000
vt 0.3356 0.7927 0.0000
vt 0.3356 0.7903 0.0000
vt 0.3338 0.7927 0.0000
vt 0.3338 0.7903 0.0000
vt 0.3319 0.7927 0.0000
vt 0.3319 0.7903 0.0000
vt 0.3301 0.7927 0.0000
vt 0.3301 0.7903 0.0000
vt 0.3282 0.7927 0.0000
vt 0.3282 0.7903 0.0000
vt 0.3264 0.7927 0.0000
vt 0.3264 0.7903 0.0000
vt 0.3613 0.7927 0.0000
vt 0.3631 0.7927 0.0000
vt 0.3631 0.7903 0.0000
vt 0.3613 0.7903 0.0000
vt 0.3594 0.7927 0.0000
vt 0.3594 0.7903 0.0000
vt 0.3576 0.7927 0.0000
vt 0.3576 0.7903 0.0000
vt 0.3558 0.7927 0.0000
vt 0.3558 0.7903 0.0000
vt 0.3539 0.7927 0.0000
vt 0.3521 0.7927 0.0000
vt 0.3521 0.7903 0.0000
vt 0.3503 0.7927 0.0000
vt 0.3503 0.7903 0.0000
vt 0.3484 0.7927 0.0000
vt 0.3484 0.7903 0.0000
vt 0.3466 0.7927 0.0000
vt 0.3466 0.7903 0.0000
vt 0.3447 0.7927 0.0000
vt 0.3447 0.7903 0.0000
vt 0.3429 0.7895 0.0000
vt 0.3411 0.7895 0.0000
vt 0.3393 0.7895 0.0000
vt 0.3374 0.7895 0.0000
vt 0.3356 0.7895 0.0000
vt 0.3338 0.7895 0.0000
vt 0.3319 0.7895 0.0000
vt 0.3301 0.7895 0.0000
vt 0.3282 0.7895 0.0000
vt 0.3264 0.7895 0.0000
vt 0.3631 0.7895 0.0000
vt 0.3613 0.7895 0.0000
vt 0.3594 0.7895 0.0000
vt 0.3576 0.7895 0.0000
vt 0.3558 0.7895 0.0000
vt 0.3539 0.7895 0.0000
vt 0.3521 0.7895 0.0000
vt 0.3503 0.7895 0.0000
vt 0.3484 0.7895 0.0000
vt 0.3466 0.7895 0.0000
vt 0.3447 0.7895 0.0000
vt 0.3429 0.7851 0.0000
vt 0.3411 0.7851 0.0000
vt 0.3393 0.7851 0.0000
vt 0.3374 0.7851 0.0000
vt 0.3356 0.7851 0.0000
vt 0.3338 0.7851 0.0000
vt 0.3319 0.7851 0.0000
vt 0.3301 0.7851 0.0000
vt 0.3282 0.7851 0.0000
vt 0.3264 0.7851 0.0000
vt 0.3631 0.7851 0.0000
vt 0.3613 0.7851 0.0000
vt 0.3594 0.7851 0.0000
vt 0.3576 0.7851 0.0000
vt 0.3558 0.7851 0.0000
vt 0.3539 0.7851 0.0000
vt 0.3521 0.7851 0.0000
vt 0.3503 0.7851 0.0000
vt 0.3484 0.7851 0.0000
vt 0.3466 0.7851 0.0000
vt 0.3447 0.7851 0.0000
vt 0.2955 0.4017 0.0000
vt 0.3174 0.4017 0.0000
vt 0.3174 0.3958 0.0000
vt 0.2955 0.3958 0.0000
vt 0.2740 0.4017 0.0000
vt 0.2731 0.3958 0.0000
vt 0.2659 0.3958 0.0000
vt 0.2690 0.4017 0.0000
vt 0.3393 0.4128 0.0000
vt 0.3393 0.4069 0.0000
vt 0.3174 0.4069 0.0000
vt 0.3174 0.4128 0.0000
vt 0.3608 0.4128 0.0000
vt 0.3616 0.4069 0.0000
vt 0.3690 0.4069 0.0000
vt 0.3658 0.4128 0.0000
vt 0.2955 0.4128 0.0000
vt 0.2955 0.4069 0.0000
vt 0.2740 0.4128 0.0000
vt 0.2731 0.4069 0.0000
vt 0.2659 0.4069 0.0000
vt 0.2690 0.4128 0.0000
vt 0.3393 0.3788 0.0000
vt 0.3393 0.3730 0.0000
vt 0.3174 0.3730 0.0000
vt 0.3174 0.3788 0.0000
vt 0.3608 0.3788 0.0000
vt 0.3616 0.3730 0.0000
vt 0.3690 0.3730 0.0000
vt 0.3658 0.3788 0.0000
vt 0.2955 0.3788 0.0000
vt 0.2955 0.3730 0.0000
vt 0.2740 0.3788 0.0000
vt 0.2731 0.3730 0.0000
vt 0.2659 0.3730 0.0000
vt 0.2690 0.3788 0.0000
vt 0.3393 0.3686 0.0000
vt 0.3393 0.3627 0.0000
vt 0.3174 0.3627 0.0000
vt 0.3174 0.3686 0.0000
vt 0.3608 0.3686 0.0000
vt 0.3616 0.3627 0.0000
vt 0.3690 0.3627 0.0000
vt 0.3658 0.3686 0.0000
vt 0.2955 0.3686 0.0000
vt 0.2955 0.3627 0.0000
vt 0.2740 0.3686 0.0000
vt 0.2731 0.3627 0.0000
vt 0.2659 0.3627 0.0000
vt 0.2690 0.3686 0.0000
vt 0.3393 0.3898 0.0000
vt 0.3393 0.3839 0.0000
vt 0.3174 0.3839 0.0000
vt 0.3174 0.3898 0.0000
vt 0.3608 0.3898 0.0000
vt 0.3616 0.3839 0.0000
vt 0.3690 0.3839 0.0000
vt 0.3658 0.3898 0.0000
vt 0.2955 0.3898 0.0000
vt 0.2955 0.3839 0.0000
vt 0.2740 0.3898 0.0000
vt 0.2731 0.3839 0.0000
vt 0.2659 0.3839 0.0000
vt 0.2690 0.3898 0.0000
vt 0.3393 0.4017 0.0000
vt 0.3393 0.3958 0.0000
vt 0.3608 0.4017 0.0000
vt 0.3616 0.3958 0.0000
vt 0.3690 0.3958 0.0000
vt 0.3658 0.4017 0.0000
vt 0.2670 0.4017 0.0000
vt 0.2625 0.3958 0.0000
vt 0.2642 0.4017 0.0000
vt 0.2582 0.3958 0.0000
vt 0.2560 0.4017 0.0000
vt 0.3679 0.4128 0.0000
vt 0.3723 0.4069 0.0000
vt 0.3705 0.4128 0.0000
vt 0.3766 0.4069 0.0000
vt 0.3788 0.4128 0.0000
vt 0.2670 0.4128 0.0000
vt 0.2625 0.4069 0.0000
vt 0.2642 0.4128 0.0000
vt 0.2582 0.4069 0.0000
vt 0.2560 0.4128 0.0000
vt 0.3679 0.3788 0.0000
vt 0.3723 0.3730 0.0000
vt 0.3705 0.3788 0.0000
vt 0.3766 0.3730 0.0000
vt 0.3788 0.3788 0.0000
vt 0.2670 0.3788 0.0000
vt 0.2625 0.3730 0.0000
vt 0.2642 0.3788 0.0000
vt 0.2582 0.3730 0.0000
vt 0.2560 0.3788 0.0000
vt 0.3679 0.3686 0.0000
vt 0.3723 0.3627 0.0000
vt 0.3705 0.3686 0.0000
vt 0.3766 0.3627 0.0000
vt 0.3788 0.3686 0.0000
vt 0.2670 0.3686 0.0000
vt 0.2625 0.3627 0.0000
vt 0.2642 0.3686 0.0000
vt 0.2582 0.3627 0.0000
vt 0.2560 0.3686 0.0000
vt 0.3679 0.3898 0.0000
vt 0.3723 0.3839 0.0000
vt 0.3705 0.3898 0.0000
vt 0.3766 0.3839 0.0000
vt 0.3788 0.3898 0.0000
vt 0.2670 0.3898 0.0000
vt 0.2625 0.3839 0.0000
vt 0.2582 0.3839 0.0000
vt 0.2560 0.3898 0.0000
vt 0.2642 0.3898 0.0000
vt 0.3679 0.4017 0.0000
vt 0.3723 0.3958 0.0000
vt 0.3705 0.4017 0.0000
vt 0.3766 0.3958 0.0000
vt 0.3788 0.4017 0.0000
vt 0.3500 0.7864 0.0000
vt 0.3495 0.7839 0.0000
vt 0.3484 0.7842 0.0000
vt 0.3489 0.7866 0.0000
vt 0.3500 0.7891 0.0000
vt 0.3489 0.7890 0.0000
vt 0.3495 0.7917 0.0000
vt 0.3484 0.7913 0.0000
vt 0.3471 0.7963 0.0000
vt 0.3463 0.7955 0.0000
vt 0.3447 0.7971 0.0000
vt 0.3454 0.7981 0.0000
vt 0.3485 0.7941 0.0000
vt 0.3476 0.7935 0.0000
vt 0.3411 0.7753 0.0000
vt 0.3387 0.7751 0.0000
vt 0.3387 0.7763 0.0000
vt 0.3408 0.7766 0.0000
vt 0.3433 0.7761 0.0000
vt 0.3429 0.7773 0.0000
vt 0.3454 0.7775 0.0000
vt 0.3447 0.7785 0.0000
vt 0.3485 0.7814 0.0000
vt 0.3476 0.7820 0.0000
vt 0.3471 0.7793 0.0000
vt 0.3463 0.7801 0.0000
vt 0.3288 0.7814 0.0000
vt 0.3279 0.7839 0.0000
vt 0.3289 0.7842 0.0000
vt 0.3298 0.7820 0.0000
vt 0.3302 0.7793 0.0000
vt 0.3310 0.7801 0.0000
vt 0.3320 0.7775 0.0000
vt 0.3327 0.7785 0.0000
vt 0.3363 0.7753 0.0000
vt 0.3365 0.7766 0.0000
vt 0.3341 0.7761 0.0000
vt 0.3345 0.7773 0.0000
vt 0.3302 0.7963 0.0000
vt 0.3320 0.7981 0.0000
vt 0.3327 0.7971 0.0000
vt 0.3310 0.7955 0.0000
vt 0.3288 0.7941 0.0000
vt 0.3298 0.7935 0.0000
vt 0.3279 0.7917 0.0000
vt 0.3289 0.7913 0.0000
vt 0.3274 0.7864 0.0000
vt 0.3285 0.7866 0.0000
vt 0.3274 0.7891 0.0000
vt 0.3285 0.7890 0.0000
vt 0.3433 0.7994 0.0000
vt 0.3429 0.7983 0.0000
vt 0.3411 0.8002 0.0000
vt 0.3408 0.7990 0.0000
vt 0.3387 0.8005 0.0000
vt 0.3387 0.7993 0.0000
vt 0.3341 0.7994 0.0000
vt 0.3345 0.7983 0.0000
vt 0.3363 0.8002 0.0000
vt 0.3365 0.7990 0.0000
vt 0.3465 0.7920 0.0000
vt 0.3466 0.7922 0.0000
vt 0.3474 0.7896 0.0000
vt 0.3472 0.7897 0.0000
vt 0.3429 0.7792 0.0000
vt 0.3429 0.7795 0.0000
vt 0.3446 0.7809 0.0000
vt 0.3448 0.7808 0.0000
vt 0.3667 0.7768 0.0000
vt 0.3637 0.7722 0.0000
vt 0.3620 0.7736 0.0000
vt 0.3650 0.7782 0.0000
vt 0.3643 0.7807 0.0000
vt 0.3594 0.7824 0.0000
vt 0.3649 0.7829 0.0000
vt 0.3375 0.7976 0.0000
vt 0.3374 0.7977 0.0000
vt 0.3401 0.7977 0.0000
vt 0.3399 0.7976 0.0000
vt 0.3392 0.7847 0.0000
vt 0.3592 0.7824 0.0000
vt 0.3599 0.7849 0.0000
vt 0.3591 0.7822 0.0000
vt 0.3599 0.7851 0.0000
vt 0.3399 0.7841 0.0000
vt 0.3416 0.7855 0.0000
vt 0.3428 0.7791 0.0000
vt 0.3450 0.7808 0.0000
vt 0.3585 0.7847 0.0000
vt 0.3416 0.7902 0.0000
vt 0.3423 0.7880 0.0000
vt 0.3467 0.7924 0.0000
vt 0.3475 0.7895 0.0000
vt 0.3521 0.7847 0.0000
vt 0.3377 0.7917 0.0000
vt 0.3376 0.7974 0.0000
vt 0.3398 0.7974 0.0000
vt 0.3398 0.7917 0.0000
vt 0.3457 0.7847 0.0000
vt 0.3530 0.7728 0.0000
vt 0.3487 0.7693 0.0000
vt 0.3414 0.7802 0.0000
vt 0.3459 0.7839 0.0000
vt 0.3389 0.7786 0.0000
vt 0.3453 0.7687 0.0000
vt 0.3483 0.7862 0.0000
vt 0.3547 0.7764 0.0000
vt 0.3281 0.7693 0.0000
vt 0.3238 0.7728 0.0000
vt 0.3308 0.7839 0.0000
vt 0.3354 0.7802 0.0000
vt 0.3286 0.7861 0.0000
vt 0.3223 0.7762 0.0000
vt 0.3381 0.7784 0.0000
vt 0.3317 0.7686 0.0000
vt 0.3175 0.7947 0.0000
vt 0.3191 0.8003 0.0000
vt 0.3307 0.7963 0.0000
vt 0.3290 0.7903 0.0000
vt 0.3319 0.7993 0.0000
vt 0.3215 0.8030 0.0000
vt 0.3283 0.7869 0.0000
vt 0.3179 0.7906 0.0000
vt 0.3577 0.8003 0.0000
vt 0.3593 0.7947 0.0000
vt 0.3478 0.7903 0.0000
vt 0.3460 0.7963 0.0000
vt 0.3484 0.7871 0.0000
vt 0.3588 0.7909 0.0000
vt 0.3448 0.7995 0.0000
vt 0.3552 0.8033 0.0000
vt 0.3357 0.8138 0.0000
vt 0.3410 0.8138 0.0000
vt 0.3412 0.8002 0.0000
vt 0.3356 0.8002 0.0000
vt 0.3441 0.7999 0.0000
vt 0.3441 0.8121 0.0000
vt 0.3325 0.7999 0.0000
vt 0.3325 0.8121 0.0000
vt 0.3637 0.7720 0.0000
vt 0.3618 0.7735 0.0000
vt 0.3638 0.7718 0.0000
vt 0.3616 0.7736 0.0000
# 1165 texture coords

o LlantaDelanteraDerecha
g LlantaDelanteraDerecha
usemtl 5b395f45_dds
s 1
f 1/1/1 2/2/2 3/3/3 
f 1/1/1 3/3/3 4/4/4 
f 2/2/2 5/5/5 6/6/6 
f 2/2/2 6/6/6 3/3/3 
f 7/7/7 6/6/6 5/5/5 
f 7/7/7 5/5/5 8/8/8 
f 4/4/4 3/3/3 9/9/9 
f 4/4/4 9/9/9 10/10/10 
f 3/3/3 6/6/6 11/11/11 
f 3/3/3 11/11/11 9/9/9 
f 12/12/12 11/11/11 6/6/6 
f 12/12/12 6/6/6 7/7/7 
f 9/9/9 13/13/13 14/14/14 
f 9/9/9 14/14/14 10/10/10 
f 11/11/11 15/15/15 13/13/13 
f 11/11/11 13/13/13 9/9/9 
f 16/16/16 15/15/15 11/11/11 
f 16/16/16 11/11/11 12/12/12 
f 17/17/17 18/18/18 19/19/19 
f 17/17/17 19/19/19 20/20/20 
f 20/20/20 19/19/19 21/21/21 
f 20/20/20 21/21/21 22/22/22 
f 7/7/7 8/8/8 22/22/22 
f 7/7/7 22/22/22 21/21/21 
f 18/18/18 23/23/23 24/24/24 
f 18/18/18 24/24/24 19/19/19 
f 19/19/19 24/24/24 25/25/25 
f 19/19/19 25/25/25 21/21/21 
f 12/12/12 7/7/7 21/21/21 
f 12/12/12 21/21/21 25/25/25 
f 24/24/24 23/23/23 26/26/26 
f 24/24/24 26/26/26 27/27/27 
f 25/25/25 24/24/24 27/27/27 
f 25/25/25 27/27/27 28/28/28 
f 16/16/16 12/12/12 25/25/25 
f 16/16/16 25/25/25 28/28/28 
f 29/29/29 30/30/30 31/31/31 
f 29/29/29 31/31/31 32/32/32 
f 30/30/30 33/33/33 34/34/34 
f 30/30/30 34/34/34 31/31/31 
f 35/35/35 34/34/34 33/33/33 
f 35/35/35 33/33/33 36/36/36 
f 32/32/32 31/31/31 37/37/37 
f 32/32/32 37/37/37 38/38/38 
f 31/31/31 34/34/34 39/39/39 
f 31/31/31 39/39/39 37/37/37 
f 40/40/40 39/39/39 34/34/34 
f 40/40/40 34/34/34 35/35/35 
f 37/37/37 41/41/41 42/42/42 
f 37/37/37 42/42/42 38/38/38 
f 39/39/39 43/43/43 41/41/41 
f 39/39/39 41/41/41 37/37/37 
f 44/44/44 43/43/43 39/39/39 
f 44/44/44 39/39/39 40/40/40 
f 1/1/1 4/4/4 45/45/45 
f 1/1/1 45/45/45 46/46/46 
f 46/46/46 45/45/45 47/47/47 
f 46/46/46 47/47/47 48/48/48 
f 35/35/35 36/36/36 48/48/48 
f 35/35/35 48/48/48 47/47/47 
f 4/4/4 10/10/10 49/49/49 
f 4/4/4 49/49/49 45/45/45 
f 45/45/45 49/49/49 50/50/50 
f 45/45/45 50/50/50 47/47/47 
f 40/40/40 35/35/35 47/47/47 
f 40/40/40 47/47/47 50/50/50 
f 49/49/49 10/10/10 14/14/14 
f 49/49/49 14/14/14 51/51/51 
f 50/50/50 49/49/49 51/51/51 
f 50/50/50 51/51/51 52/52/52 
f 44/44/44 40/40/40 50/50/50 
f 44/44/44 50/50/50 52/52/52 
f 53/53/53 54/54/54 55/55/55 
f 53/53/53 55/55/55 56/56/56 
f 54/54/54 57/57/57 58/58/58 
f 54/54/54 58/58/58 55/55/55 
f 59/59/59 58/58/58 57/57/57 
f 59/59/59 57/57/57 60/60/60 
f 56/56/56 55/55/55 61/61/61 
f 56/56/56 61/61/61 62/62/62 
f 55/55/55 58/58/58 63/63/63 
f 55/55/55 63/63/63 61/61/61 
f 64/64/64 63/63/63 58/58/58 
f 64/64/64 58/58/58 59/59/59 
f 61/61/61 65/65/65 66/66/66 
f 61/61/61 66/66/66 62/62/62 
f 63/63/63 67/67/67 65/65/65 
f 63/63/63 65/65/65 61/61/61 
f 68/68/68 67/67/67 63/63/63 
f 68/68/68 63/63/63 64/64/64 
f 29/29/29 32/32/32 69/69/69 
f 29/29/29 69/69/69 70/70/70 
f 70/70/70 69/69/69 71/71/71 
f 70/70/70 71/71/71 72/72/72 
f 59/59/59 60/60/60 72/72/72 
f 59/59/59 72/72/72 71/71/71 
f 32/32/32 38/38/38 73/73/73 
f 32/32/32 73/73/73 69/69/69 
f 69/69/69 73/73/73 74/74/74 
f 69/69/69 74/74/74 71/71/71 
f 64/64/64 59/59/59 71/71/71 
f 64/64/64 71/71/71 74/74/74 
f 73/73/73 38/38/38 42/42/42 
f 73/73/73 42/42/42 75/75/75 
f 74/74/74 73/73/73 75/75/75 
f 74/74/74 75/75/75 76/76/76 
f 68/68/68 64/64/64 74/74/74 
f 68/68/68 74/74/74 76/76/76 
f 77/77/77 78/78/78 79/79/79 
f 77/77/77 79/79/79 80/80/80 
f 78/78/78 81/81/81 82/82/82 
f 78/78/78 82/82/82 79/79/79 
f 83/83/83 82/82/82 81/81/81 
f 83/83/83 81/81/81 84/84/84 
f 80/80/80 79/79/79 85/85/85 
f 80/80/80 85/85/85 86/86/86 
f 79/79/79 82/82/82 87/87/87 
f 79/79/79 87/87/87 85/85/85 
f 88/88/88 87/87/87 82/82/82 
f 88/88/88 82/82/82 83/83/83 
f 85/85/85 89/89/89 90/90/90 
f 85/85/85 90/90/90 86/86/86 
f 87/87/87 91/91/91 89/89/89 
f 87/87/87 89/89/89 85/85/85 
f 92/92/92 91/91/91 87/87/87 
f 92/92/92 87/87/87 88/88/88 
f 53/53/53 56/56/56 93/93/93 
f 53/53/53 93/93/93 94/94/94 
f 94/95/95 93/96/96 95/97/97 
f 94/95/95 95/97/97 96/98/98 
f 83/83/83 84/84/84 96/98/98 
f 83/83/83 96/98/98 95/97/97 
f 56/56/56 62/62/62 97/99/99 
f 56/56/56 97/99/99 93/93/93 
f 93/96/96 97/100/100 98/101/101 
f 93/96/96 98/101/101 95/97/97 
f 88/88/88 83/83/83 95/97/97 
f 88/88/88 95/97/97 98/101/101 
f 97/99/99 62/62/62 66/66/66 
f 97/99/99 66/66/66 99/102/102 
f 98/101/101 97/100/100 99/103/103 
f 98/101/101 99/103/103 100/104/104 
f 92/92/92 88/88/88 98/101/101 
f 92/92/92 98/101/101 100/104/104 
f 17/17/17 101/105/105 102/106/106 
f 17/17/17 102/106/106 18/18/18 
f 101/105/105 103/107/107 104/108/108 
f 101/105/105 104/108/108 102/106/106 
f 105/109/109 104/108/108 103/107/107 
f 105/109/109 103/107/107 106/110/110 
f 18/18/18 102/106/106 107/111/111 
f 18/18/18 107/111/111 23/23/23 
f 102/106/106 104/108/108 108/112/112 
f 102/106/106 108/112/112 107/111/111 
f 109/113/113 108/112/112 104/108/108 
f 109/113/113 104/108/108 105/109/109 
f 107/111/111 110/114/114 26/26/26 
f 107/111/111 26/26/26 23/23/23 
f 108/112/112 111/115/115 110/114/114 
f 108/112/112 110/114/114 107/111/111 
f 112/116/116 111/115/115 108/112/112 
f 112/116/116 108/112/112 109/113/113 
f 77/77/77 80/80/80 113/117/117 
f 77/77/77 113/117/117 114/118/118 
f 114/118/118 113/117/117 115/119/119 
f 114/118/118 115/119/119 116/120/120 
f 105/109/109 106/110/110 116/120/120 
f 105/109/109 116/120/120 115/119/119 
f 80/80/80 86/86/86 117/121/121 
f 80/80/80 117/121/121 113/117/117 
f 113/117/117 117/121/121 118/122/122 
f 113/117/117 118/122/122 115/119/119 
f 109/113/113 105/109/109 115/119/119 
f 109/113/113 115/119/119 118/122/122 
f 117/121/121 86/86/86 90/90/90 
f 117/121/121 90/90/90 119/123/123 
f 118/122/122 117/121/121 119/123/124 
f 118/122/122 119/123/124 120/124/125 
f 112/116/116 109/113/113 118/122/122 
f 112/116/116 118/122/122 120/124/125 
f 121/125/126 122/126/127 123/127/128 
f 121/125/126 123/127/128 124/128/129 
f 124/128/129 123/127/128 125/129/130 
f 124/128/129 125/129/130 126/130/131 
f 127/131/132 128/132/133 126/130/131 
f 127/131/132 126/130/131 125/129/130 
f 122/126/127 129/133/134 130/134/135 
f 122/126/127 130/134/135 123/127/128 
f 123/127/128 130/134/135 131/135/136 
f 123/127/128 131/135/136 125/129/130 
f 132/136/137 127/131/132 125/129/130 
f 132/136/137 125/129/130 131/135/136 
f 130/134/135 129/133/134 133/137/138 
f 130/134/135 133/137/138 134/138/139 
f 131/135/136 130/134/135 134/138/139 
f 131/135/136 134/138/139 135/139/140 
f 136/140/141 132/136/137 131/135/136 
f 136/140/141 131/135/136 135/139/140 
f 137/141/142 138/142/143 139/143/144 
f 137/141/142 139/143/144 140/144/145 
f 138/142/143 141/145/146 142/146/147 
f 138/142/143 142/146/147 139/143/144 
f 127/131/132 142/146/147 141/145/146 
f 127/131/132 141/145/146 128/132/133 
f 140/144/145 139/143/144 143/147/148 
f 140/144/145 143/147/148 144/148/149 
f 139/143/144 142/146/147 145/149/150 
f 139/143/144 145/149/150 143/147/148 
f 132/136/137 145/149/150 142/146/147 
f 132/136/137 142/146/147 127/131/132 
f 143/147/148 146/150/151 147/151/152 
f 143/147/148 147/151/152 144/148/149 
f 145/149/150 148/152/153 146/150/151 
f 145/149/150 146/150/151 143/147/148 
f 136/140/141 148/152/153 145/149/150 
f 136/140/141 145/149/150 132/136/137 
f 149/153/154 150/154/155 151/155/156 
f 149/153/154 151/155/156 152/156/157 
f 152/156/157 151/155/156 153/157/158 
f 152/156/157 153/157/158 154/158/159 
f 155/159/160 156/160/161 154/158/159 
f 155/159/160 154/158/159 153/157/158 
f 150/154/155 157/161/162 158/162/163 
f 150/154/155 158/162/163 151/155/156 
f 151/155/156 158/162/163 159/163/164 
f 151/155/156 159/163/164 153/157/158 
f 160/164/165 155/159/160 153/157/158 
f 160/164/165 153/157/158 159/163/164 
f 158/162/163 157/161/162 161/165/166 
f 158/162/163 161/165/166 162/166/167 
f 159/163/164 158/162/163 162/166/167 
f 159/163/164 162/166/167 163/167/168 
f 164/168/169 160/164/165 159/163/164 
f 164/168/169 159/163/164 163/167/168 
f 121/125/126 165/169/170 166/170/171 
f 121/125/126 166/170/171 122/126/127 
f 165/169/170 167/171/172 168/172/173 
f 165/169/170 168/172/173 166/170/171 
f 155/159/160 168/172/173 167/171/172 
f 155/159/160 167/171/172 156/160/161 
f 122/126/127 166/170/171 169/173/174 
f 122/126/127 169/173/174 129/133/134 
f 166/170/171 168/172/173 170/174/175 
f 166/170/171 170/174/175 169/173/174 
f 160/164/165 170/174/175 168/172/173 
f 160/164/165 168/172/173 155/159/160 
f 169/173/174 171/175/176 133/137/138 
f 169/173/174 133/137/138 129/133/134 
f 170/174/175 172/176/177 171/175/176 
f 170/174/175 171/175/176 169/173/174 
f 164/168/169 172/176/177 170/174/175 
f 164/168/169 170/174/175 160/164/165 
f 173/177/178 174/178/179 175/179/180 
f 173/177/178 175/179/180 176/180/181 
f 176/180/181 175/179/180 177/181/182 
f 176/180/181 177/181/182 178/182/183 
f 179/183/184 180/184/185 178/182/183 
f 179/183/184 178/182/183 177/181/182 
f 174/178/179 181/185/186 182/186/187 
f 174/178/179 182/186/187 175/179/180 
f 175/179/180 182/186/187 183/187/188 
f 175/179/180 183/187/188 177/181/182 
f 184/188/189 179/183/184 177/181/182 
f 184/188/189 177/181/182 183/187/188 
f 182/186/187 181/185/186 185/189/190 
f 182/186/187 185/189/190 186/190/191 
f 183/187/188 182/186/187 186/190/191 
f 183/187/188 186/190/191 187/191/192 
f 188/192/193 184/188/189 183/187/188 
f 188/192/193 183/187/188 187/191/192 
f 149/153/154 189/193/194 190/194/195 
f 149/153/154 190/194/195 150/154/155 
f 189/193/194 191/195/196 192/196/197 
f 189/193/194 192/196/197 190/194/195 
f 179/183/184 192/196/197 191/195/196 
f 179/183/184 191/195/196 180/184/185 
f 150/154/155 190/194/195 193/197/198 
f 150/154/155 193/197/198 157/161/162 
f 190/194/195 192/196/197 194/198/199 
f 190/194/195 194/198/199 193/197/198 
f 184/188/189 194/198/199 192/196/197 
f 184/188/189 192/196/197 179/183/184 
f 193/197/198 195/199/200 161/165/166 
f 193/197/198 161/165/166 157/161/162 
f 194/198/199 196/200/201 195/199/200 
f 194/198/199 195/199/200 193/197/198 
f 188/192/193 196/200/201 194/198/199 
f 188/192/193 194/198/199 184/188/189 
f 197/201/202 198/202/203 199/203/204 
f 197/201/202 199/203/204 200/204/205 
f 200/204/205 199/203/204 201/205/206 
f 200/204/205 201/205/206 202/206/207 
f 203/207/208 204/208/209 202/206/207 
f 203/207/208 202/206/207 201/205/206 
f 198/202/203 205/209/210 206/210/211 
f 198/202/203 206/210/211 199/203/204 
f 199/203/204 206/210/211 207/211/212 
f 199/203/204 207/211/212 201/205/206 
f 208/212/213 203/207/208 201/205/206 
f 208/212/213 201/205/206 207/211/212 
f 206/210/211 205/209/210 209/213/214 
f 206/210/211 209/213/214 210/214/215 
f 207/211/212 206/210/211 210/214/215 
f 207/211/212 210/214/215 211/215/216 
f 212/216/217 208/212/213 207/211/212 
f 212/216/217 207/211/212 211/215/216 
f 173/177/178 213/217/218 214/218/219 
f 173/177/178 214/218/219 174/178/179 
f 213/219/220 215/220/221 216/221/222 
f 213/219/220 216/221/222 214/222/223 
f 203/207/208 216/221/222 215/220/221 
f 203/207/208 215/220/221 204/208/209 
f 174/178/179 214/218/219 217/223/224 
f 174/178/179 217/223/224 181/185/186 
f 214/222/223 216/221/222 218/224/225 
f 214/222/223 218/224/225 217/225/226 
f 208/212/213 218/224/225 216/221/222 
f 208/212/213 216/221/222 203/207/208 
f 217/223/224 219/226/227 185/189/190 
f 217/223/224 185/189/190 181/185/186 
f 218/224/225 220/227/228 219/228/229 
f 218/224/225 219/228/229 217/225/226 
f 212/216/217 220/227/228 218/224/225 
f 212/216/217 218/224/225 208/212/213 
f 137/141/142 140/144/145 221/229/230 
f 137/141/142 221/229/230 222/230/231 
f 222/230/231 221/229/230 223/231/232 
f 222/230/231 223/231/232 224/232/233 
f 225/233/234 226/234/235 224/232/233 
f 225/233/234 224/232/233 223/231/232 
f 140/144/145 144/148/149 227/235/236 
f 140/144/145 227/235/236 221/229/230 
f 221/229/230 227/235/236 228/236/237 
f 221/229/230 228/236/237 223/231/232 
f 229/237/238 225/233/234 223/231/232 
f 229/237/238 223/231/232 228/236/237 
f 227/235/236 144/148/149 147/151/152 
f 227/235/236 147/151/152 230/238/239 
f 228/236/237 227/235/236 230/238/239 
f 228/236/237 230/238/239 231/239/240 
f 232/240/241 229/237/238 228/236/237 
f 232/240/241 228/236/237 231/239/240 
f 197/201/202 233/241/242 234/242/243 
f 197/201/202 234/242/243 198/202/203 
f 233/241/242 235/243/244 236/244/245 
f 233/241/242 236/244/245 234/242/243 
f 225/233/234 236/244/245 235/243/244 
f 225/233/234 235/243/244 226/234/235 
f 198/202/203 234/242/243 237/245/246 
f 198/202/203 237/245/246 205/209/210 
f 234/242/243 236/244/245 238/246/247 
f 234/242/243 238/246/247 237/245/246 
f 229/237/238 238/246/247 236/244/245 
f 229/237/238 236/244/245 225/233/234 
f 237/245/246 239/247/248 209/213/214 
f 237/245/246 209/213/214 205/209/210 
f 238/246/247 240/248/249 239/247/248 
f 238/246/247 239/247/248 237/245/246 
f 232/240/241 240/248/249 238/246/247 
f 232/240/241 238/246/247 229/237/238 
f 2/2/2 1/1/1 121/125/126 
f 2/2/2 121/125/126 124/128/129 
f 5/5/5 2/2/2 124/128/129 
f 5/5/5 124/128/129 126/130/131 
f 8/8/8 5/5/5 126/130/131 
f 8/8/8 126/130/131 128/132/133 
f 20/20/20 138/142/143 137/141/142 
f 20/20/20 137/141/142 17/17/17 
f 22/22/22 141/145/146 138/142/143 
f 22/22/22 138/142/143 20/20/20 
f 8/8/8 128/132/133 141/145/146 
f 8/8/8 141/145/146 22/22/22 
f 30/30/30 29/29/29 149/153/154 
f 30/30/30 149/153/154 152/156/157 
f 33/33/33 30/30/30 152/156/157 
f 33/33/33 152/156/157 154/158/159 
f 36/36/36 33/33/33 154/158/159 
f 36/36/36 154/158/159 156/160/161 
f 46/46/46 165/169/170 121/125/126 
f 46/46/46 121/125/126 1/1/1 
f 48/48/48 167/171/172 165/169/170 
f 48/48/48 165/169/170 46/46/46 
f 36/36/36 156/160/161 167/171/172 
f 36/36/36 167/171/172 48/48/48 
f 54/54/54 53/53/53 173/177/178 
f 54/54/54 173/177/178 176/180/181 
f 57/57/57 54/54/54 176/180/181 
f 57/57/57 176/180/181 178/182/183 
f 60/60/60 57/57/57 178/182/183 
f 60/60/60 178/182/183 180/184/185 
f 70/70/70 189/193/194 149/153/154 
f 70/70/70 149/153/154 29/29/29 
f 72/72/72 191/195/196 189/193/194 
f 72/72/72 189/193/194 70/70/70 
f 60/60/60 180/184/185 191/195/196 
f 60/60/60 191/195/196 72/72/72 
f 78/78/78 77/77/77 197/201/202 
f 78/78/78 197/201/202 200/204/205 
f 81/81/81 78/78/78 200/204/205 
f 81/81/81 200/204/205 202/206/207 
f 84/84/84 81/81/81 202/206/207 
f 84/84/84 202/206/207 204/208/209 
f 94/94/94 213/217/218 173/177/178 
f 94/94/94 173/177/178 53/53/53 
f 96/98/98 215/220/221 213/219/220 
f 96/98/98 213/219/220 94/95/95 
f 84/84/84 204/208/209 215/220/221 
f 84/84/84 215/220/221 96/98/98 
f 101/105/105 17/17/17 137/141/142 
f 101/105/105 137/141/142 222/230/231 
f 103/107/107 101/105/105 222/230/231 
f 103/107/107 222/230/231 224/232/233 
f 106/110/110 103/107/107 224/232/233 
f 106/110/110 224/232/233 226/234/235 
f 114/118/118 233/241/242 197/201/202 
f 114/118/118 197/201/202 77/77/77 
f 116/120/120 235/243/244 233/241/242 
f 116/120/120 233/241/242 114/118/118 
f 106/110/110 226/234/235 235/243/244 
f 106/110/110 235/243/244 116/120/120 
f 241/249/250 242/250/251 243/251/252 
f 241/249/250 243/251/252 244/252/253 
f 244/252/253 243/251/252 245/253/254 
f 244/252/253 245/253/254 246/254/255 
f 246/254/255 245/253/254 247/255/256 
f 246/254/255 247/255/256 248/256/257 
f 248/256/257 247/255/256 249/257/258 
f 248/256/257 249/257/258 250/258/259 
f 250/258/259 249/257/258 251/259/260 
f 250/258/259 251/259/260 252/260/261 
f 252/260/261 251/259/260 242/250/251 
f 252/260/261 242/250/251 241/249/250 
f 243/251/252 247/255/256 245/253/254 
f 253/261/262 254/262/263 255/263/262 
f 253/261/262 255/263/262 256/264/262 
f 256/264/264 255/263/264 257/265/264 
f 256/264/264 257/265/264 258/266/264 
f 258/266/265 257/265/265 259/267/265 
f 258/266/265 259/267/265 260/268/266 
f 260/268/267 259/267/267 261/269/267 
f 260/268/267 261/269/267 262/270/267 
f 262/270/268 261/269/269 263/271/269 
f 262/270/268 263/271/269 264/272/270 
f 264/272/271 263/271/272 254/273/271 
f 264/272/271 254/273/271 253/274/273 
f 259/275/274 257/276/275 255/277/274 
f 259/275/274 255/277/274 254/278/274 
f 263/279/274 261/280/276 259/275/274 
f 263/279/274 259/275/274 254/278/274 
f 265/281/250 266/282/251 267/283/277 
f 265/281/250 267/283/277 268/284/278 
f 268/284/278 267/283/277 269/285/279 
f 268/284/278 269/285/279 270/286/280 
f 270/286/280 269/285/279 271/287/281 
f 270/286/280 271/287/281 272/288/282 
f 272/288/282 271/287/281 273/289/258 
f 272/288/282 273/289/258 274/290/283 
f 274/290/283 273/289/258 275/291/284 
f 274/290/283 275/291/284 276/292/285 
f 276/292/285 275/291/284 266/282/251 
f 276/292/285 266/282/251 265/281/250 
f 266/282/251 273/289/258 271/287/281 
f 266/282/251 271/287/281 267/283/277 
f 277/261/262 278/262/263 279/263/262 
f 277/261/262 279/263/262 280/264/262 
f 280/264/264 279/263/264 281/265/264 
f 280/264/264 281/265/264 282/266/264 
f 282/266/265 281/265/266 283/267/265 
f 282/266/265 283/267/265 284/268/265 
f 284/268/267 283/267/286 285/269/286 
f 284/268/267 285/269/286 286/270/287 
f 286/270/269 285/269/269 287/271/269 
f 286/270/269 287/271/269 288/272/269 
f 288/272/271 287/271/271 278/273/271 
f 288/272/271 278/273/271 277/274/288 
f 283/275/289 281/276/289 279/277/289 
f 283/275/289 279/277/289 278/278/274 
f 287/279/274 285/280/289 283/275/289 
f 287/279/274 283/275/289 278/278/274 
f 289/293/250 290/294/251 291/295/252 
f 289/293/250 291/295/252 292/296/290 
f 292/296/290 291/295/252 293/297/254 
f 292/296/290 293/297/254 294/298/255 
f 294/298/255 293/297/254 295/299/291 
f 294/298/255 295/299/291 296/300/292 
f 296/300/292 295/299/291 297/301/293 
f 296/300/292 297/301/293 298/302/283 
f 298/302/283 297/301/293 299/303/294 
f 298/302/283 299/303/294 300/304/295 
f 300/304/295 299/303/294 290/294/251 
f 300/304/295 290/294/251 289/293/250 
f 290/294/251 297/301/293 295/299/291 
f 290/294/251 295/299/291 291/295/252 
f 301/261/262 302/262/263 303/263/262 
f 301/261/262 303/263/262 304/264/262 
f 304/264/296 303/263/296 305/265/296 
f 304/264/296 305/265/296 306/266/296 
f 306/266/266 305/265/266 307/267/266 
f 306/266/266 307/267/266 308/268/266 
f 308/268/267 307/267/267 309/269/267 
f 308/268/267 309/269/267 310/270/286 
f 310/270/270 309/269/270 311/271/270 
f 310/270/270 311/271/270 312/272/270 
f 312/272/271 311/271/271 302/273/271 
f 312/272/271 302/273/271 301/274/288 
f 307/275/274 305/276/274 303/277/274 
f 307/275/274 303/277/274 302/278/274 
f 311/279/274 309/280/289 307/275/274 
f 311/279/274 307/275/274 302/278/274 
f 313/249/297 314/250/251 315/251/298 
f 313/249/297 315/251/298 316/252/253 
f 316/252/253 315/251/298 317/253/299 
f 316/252/253 317/253/299 318/254/255 
f 318/254/255 317/253/299 319/255/291 
f 318/254/255 319/255/291 320/256/300 
f 320/256/300 319/255/291 321/257/258 
f 320/256/300 321/257/258 322/258/301 
f 322/258/301 321/257/258 323/259/302 
f 322/258/301 323/259/302 324/260/285 
f 324/260/285 323/259/302 314/250/251 
f 324/260/285 314/250/251 313/249/297 
f 315/251/298 319/255/291 317/253/299 
f 325/261/263 326/262/303 327/263/303 
f 325/261/263 327/263/303 328/264/263 
f 328/264/264 327/263/296 329/265/304 
f 328/264/264 329/265/304 330/266/264 
f 330/266/305 329/265/265 331/267/265 
f 330/266/305 331/267/265 332/268/305 
f 332/268/286 331/267/286 333/269/286 
f 332/268/286 333/269/286 334/270/267 
f 334/270/270 333/269/269 335/271/268 
f 334/270/270 335/271/268 336/272/270 
f 336/272/271 335/271/272 326/273/272 
f 336/272/271 326/273/272 325/274/288 
f 331/275/274 329/276/306 327/277/274 
f 331/275/274 327/277/274 326/278/307 
f 335/279/307 333/280/307 331/275/274 
f 335/279/307 331/275/274 326/278/307 
f 337/305/308 338/306/251 339/307/277 
f 337/305/308 339/307/277 340/308/278 
f 340/308/278 339/307/277 341/309/309 
f 340/308/278 341/309/309 342/310/255 
f 342/310/255 341/309/309 343/311/310 
f 342/310/255 343/311/310 344/312/311 
f 344/312/311 343/311/310 345/313/258 
f 344/312/311 345/313/258 346/314/312 
f 346/314/312 345/313/258 347/315/302 
f 346/314/312 347/315/302 348/316/313 
f 348/316/313 347/315/302 338/306/251 
f 348/316/313 338/306/251 337/305/308 
f 339/307/277 338/306/251 345/313/258 
f 339/307/277 345/313/258 343/311/310 
f 349/261/263 350/262/263 351/263/263 
f 349/261/263 351/263/263 352/264/263 
f 352/264/304 351/263/314 353/265/296 
f 352/264/304 353/265/296 354/266/264 
f 354/266/266 353/265/305 355/267/265 
f 354/266/266 355/267/265 356/268/266 
f 356/268/267 355/267/267 357/269/267 
f 356/268/267 357/269/267 358/270/267 
f 358/270/270 357/269/270 359/271/270 
f 358/270/270 359/271/270 360/272/269 
f 360/272/288 359/271/288 350/273/288 
f 360/272/288 350/273/288 349/274/288 
f 355/275/289 353/276/289 351/277/289 
f 355/275/289 351/277/289 350/278/289 
f 359/279/315 357/280/289 355/275/289 
f 359/279/315 355/275/289 350/278/289 
f 361/317/312 362/318/316 363/319/302 
f 361/317/312 363/319/302 364/320/285 
f 364/320/285 363/319/302 365/321/251 
f 364/320/285 365/321/251 366/322/250 
f 366/322/250 365/321/251 367/323/252 
f 366/322/250 367/323/252 368/324/253 
f 368/324/253 367/323/252 369/325/317 
f 368/324/253 369/325/317 370/326/255 
f 370/326/255 369/325/317 371/327/310 
f 370/326/255 371/327/310 372/328/282 
f 372/328/282 371/327/310 362/318/316 
f 372/328/282 362/318/316 361/317/312 
f 362/318/316 365/321/251 363/319/302 
f 373/261/270 374/262/270 375/263/270 
f 373/261/270 375/263/270 376/264/270 
f 376/264/271 375/263/288 377/265/271 
f 376/264/271 377/265/271 378/266/271 
f 378/266/262 377/265/262 379/267/262 
f 378/266/262 379/267/262 380/268/263 
f 380/268/264 379/267/296 381/269/296 
f 380/268/264 381/269/296 382/270/264 
f 382/270/318 381/269/265 383/271/318 
f 382/270/318 383/271/318 384/272/319 
f 384/272/267 383/271/267 374/273/267 
f 384/272/267 374/273/267 373/274/267 
f 379/329/274 377/330/289 375/331/274 
f 379/329/274 375/331/274 374/332/274 
f 383/333/274 381/334/307 379/329/274 
f 383/333/274 379/329/274 374/332/274 
f 385/335/320 386/336/320 387/337/321 
f 385/335/320 387/337/321 388/338/322 
f 388/338/322 387/337/321 389/339/323 
f 388/338/322 389/339/323 390/340/324 
f 390/340/324 389/339/323 391/341/262 
f 390/340/324 391/341/262 392/342/262 
f 392/342/262 391/341/262 393/343/325 
f 392/342/262 393/343/325 394/344/326 
f 394/344/326 393/343/325 395/345/327 
f 394/344/326 395/345/327 396/346/328 
f 396/346/328 395/345/327 397/347/329 
f 396/346/328 397/347/329 398/348/330 
f 398/348/330 397/347/329 399/349/331 
f 398/348/330 399/349/331 400/350/332 
f 400/350/332 399/349/331 401/351/333 
f 400/350/332 401/351/333 402/352/334 
f 402/352/334 401/351/333 403/353/335 
f 402/352/334 403/353/335 404/354/336 
f 404/354/336 403/353/335 405/355/337 
f 404/354/336 405/355/337 406/356/338 
f 406/356/338 405/355/337 407/357/267 
f 406/356/338 407/357/267 408/358/286 
f 408/358/286 407/357/267 409/359/339 
f 408/358/286 409/359/339 410/360/340 
f 410/360/340 409/359/339 411/361/341 
f 410/360/340 411/361/341 412/362/342 
f 412/362/342 411/361/341 413/363/343 
f 412/362/342 413/363/343 414/364/344 
f 414/364/344 413/363/343 415/365/345 
f 414/364/344 415/365/345 416/366/346 
f 416/366/346 415/365/345 386/367/347 
f 416/366/346 386/367/347 385/368/347 
f 402/369/348 398/370/349 400/371/350 
f 412/372/348 388/373/349 390/374/348 
f 412/372/348 390/374/348 410/375/348 
f 401/376/274 399/377/307 397/378/289 
f 406/379/348 394/380/348 396/381/348 
f 406/379/348 396/381/348 404/382/349 
f 404/382/349 396/381/348 398/370/349 
f 404/382/349 398/370/349 402/369/348 
f 392/383/348 408/384/348 410/375/348 
f 392/383/348 410/375/348 390/374/348 
f 416/385/351 385/386/349 414/387/348 
f 385/386/349 388/373/349 412/372/348 
f 385/386/349 412/372/348 414/387/348 
f 392/383/348 394/380/348 406/379/348 
f 392/383/348 406/379/348 408/384/348 
f 405/388/274 403/389/289 395/390/274 
f 405/388/274 395/390/274 393/391/274 
f 403/389/289 401/376/274 397/378/289 
f 403/389/289 397/378/289 395/390/274 
f 409/392/289 407/393/274 391/394/274 
f 409/392/289 391/394/274 389/395/289 
f 407/393/274 405/388/274 393/391/274 
f 407/393/274 393/391/274 391/394/274 
f 415/396/307 413/397/289 386/398/274 
f 411/399/289 409/392/289 389/395/289 
f 411/399/289 389/395/289 387/400/289 
f 413/397/289 411/399/289 387/400/289 
f 413/397/289 387/400/289 386/398/274 
f 339/307/277 343/311/310 341/309/309 
f 347/315/302 345/313/258 338/306/251 
f 323/259/302 321/257/258 314/250/251 
f 314/250/251 321/257/258 319/255/291 
f 314/250/251 319/255/291 315/251/298 
f 371/327/310 369/325/317 367/323/252 
f 371/327/310 367/323/252 365/321/251 
f 371/327/310 365/321/251 362/318/316 
f 291/295/252 295/299/291 293/297/254 
f 299/303/294 297/301/293 290/294/251 
f 267/283/277 271/287/281 269/285/279 
f 275/291/284 273/289/258 266/282/251 
f 251/259/260 249/257/258 242/250/251 
f 242/250/251 249/257/258 247/255/256 
f 242/250/251 247/255/256 243/251/252 
usemtl 24fe1dbe_dds
f 27/401/352 26/402/353 417/403/354 
f 27/401/352 417/403/354 418/404/355 
f 419/405/356 27/401/352 418/404/355 
f 419/405/356 418/404/355 420/406/357 
f 421/407/358 16/408/359 419/405/356 
f 421/407/358 419/405/356 420/406/357 
f 13/409/360 422/410/360 423/411/361 
f 13/409/360 423/411/361 14/412/362 
f 15/413/363 424/414/364 422/410/360 
f 15/413/363 422/410/360 13/409/360 
f 421/407/358 424/414/364 15/413/363 
f 421/407/358 15/413/363 16/408/359 
f 51/415/365 14/412/362 423/411/361 
f 51/415/365 423/411/361 425/416/366 
f 52/417/367 51/415/365 425/416/366 
f 52/417/367 425/416/366 426/418/368 
f 427/419/369 44/420/370 52/417/367 
f 427/419/369 52/417/367 426/418/368 
f 41/421/371 428/422/372 429/423/373 
f 41/421/371 429/423/373 42/424/374 
f 43/425/375 430/426/376 428/422/372 
f 43/425/375 428/422/372 41/421/371 
f 427/419/369 430/426/376 43/425/375 
f 427/419/369 43/425/375 44/420/370 
f 75/427/377 42/424/374 429/423/373 
f 75/427/377 429/423/373 431/428/378 
f 76/429/379 75/427/377 431/428/378 
f 76/429/379 431/428/378 432/430/380 
f 433/431/381 68/432/382 76/429/379 
f 433/431/381 76/429/379 432/430/380 
f 65/433/383 434/434/384 435/435/385 
f 65/433/383 435/435/385 66/436/386 
f 436/437/387 437/438/388 434/434/384 
f 436/437/387 434/434/384 65/433/383 
f 433/431/381 437/438/388 436/437/387 
f 433/431/381 436/437/387 68/432/382 
f 99/439/389 66/436/386 435/435/385 
f 99/439/389 435/435/385 438/440/389 
f 100/441/390 99/439/389 438/440/389 
f 100/441/390 438/440/389 439/442/391 
f 440/443/392 92/444/393 100/441/390 
f 440/443/392 100/441/390 439/442/391 
f 89/445/394 441/446/395 442/447/396 
f 89/445/394 442/447/396 90/448/397 
f 443/449/398 444/450/399 441/446/395 
f 443/449/398 441/446/395 89/445/394 
f 440/443/392 444/450/399 443/449/398 
f 440/443/392 443/449/398 92/444/393 
f 119/451/400 90/448/397 442/447/396 
f 119/451/400 442/447/396 445/452/401 
f 120/453/402 119/451/400 445/452/401 
f 120/453/402 445/452/401 446/454/403 
f 447/455/404 112/456/405 120/453/402 
f 447/455/404 120/453/402 446/454/403 
f 110/457/406 448/458/407 417/403/354 
f 110/457/406 417/403/354 26/402/353 
f 111/459/408 449/460/409 448/458/407 
f 111/459/408 448/458/407 110/457/406 
f 447/455/404 449/460/409 111/459/408 
f 447/455/404 111/459/408 112/456/405 
f 417/403/410 450/461/411 451/462/412 
f 417/403/410 451/462/412 418/404/413 
f 418/404/413 451/462/412 452/463/414 
f 418/404/413 452/463/414 420/406/415 
f 453/464/416 454/465/417 421/407/418 
f 453/464/416 421/407/418 420/406/415 
f 455/466/419 456/467/420 457/468/421 
f 455/466/419 457/468/421 458/469/422 
f 451/462/412 450/461/411 459/470/423 
f 451/462/412 459/470/423 460/471/424 
f 452/463/414 451/462/412 460/471/424 
f 452/463/414 460/471/424 461/472/425 
f 453/464/416 452/463/414 461/472/425 
f 453/464/416 461/472/425 457/468/421 
f 453/464/416 457/468/421 456/467/420 
f 453/464/416 456/467/420 454/465/417 
f 453/464/416 420/406/415 452/463/414 
f 423/411/426 422/410/427 462/473/428 
f 423/411/426 462/473/428 463/474/429 
f 422/410/427 424/414/430 464/475/431 
f 422/410/427 464/475/431 462/473/428 
f 465/476/432 424/414/430 421/407/418 
f 465/476/432 421/407/418 454/465/417 
f 462/473/428 466/477/433 467/478/434 
f 462/473/428 467/478/434 463/474/429 
f 464/475/431 468/479/435 466/477/433 
f 464/475/431 466/477/433 462/473/428 
f 469/480/436 468/479/435 464/475/431 
f 469/480/436 464/475/431 465/476/432 
f 470/481/437 469/480/436 456/467/420 
f 470/481/437 456/467/420 455/466/419 
f 471/482/438 470/481/437 455/466/419 
f 472/483/439 471/482/438 473/484/440 
f 472/483/439 473/484/440 474/485/439 
f 469/480/436 465/476/432 454/465/417 
f 469/480/436 454/465/417 456/467/420 
f 465/476/432 464/475/431 424/414/430 
f 423/411/426 463/474/429 475/486/441 
f 423/411/426 475/486/441 425/416/442 
f 425/416/442 475/486/441 476/487/443 
f 425/416/442 476/487/443 426/418/444 
f 477/488/445 478/489/446 427/419/447 
f 477/488/445 427/419/447 426/418/444 
f 479/490/448 480/491/449 481/492/450 
f 479/490/448 481/492/450 482/493/451 
f 475/486/441 463/474/429 467/478/434 
f 475/486/441 467/478/434 483/494/452 
f 476/487/443 475/486/441 483/494/452 
f 476/487/443 483/494/452 484/495/453 
f 477/488/445 476/487/443 484/495/453 
f 477/488/445 484/495/453 481/492/450 
f 477/488/445 481/492/450 480/491/449 
f 477/488/445 480/491/449 478/489/446 
f 477/488/445 426/418/444 476/487/443 
f 429/423/454 428/422/455 485/496/456 
f 429/423/454 485/496/456 486/497/457 
f 428/422/455 430/426/458 487/498/459 
f 428/422/455 487/498/459 485/496/456 
f 488/499/460 430/426/458 427/419/447 
f 488/499/460 427/419/447 478/489/446 
f 485/496/456 489/500/461 490/497/462 
f 485/496/456 490/497/462 486/497/457 
f 487/498/459 491/501/463 489/500/461 
f 487/498/459 489/500/461 485/496/456 
f 492/502/464 491/501/463 487/498/459 
f 492/502/464 487/498/459 488/499/460 
f 493/503/465 492/502/464 480/491/449 
f 493/503/465 480/491/449 479/490/448 
f 494/504/466 493/503/465 479/490/448 
f 495/505/467 494/504/466 496/506/468 
f 495/505/467 496/506/468 497/507/469 
f 492/502/464 488/499/460 478/489/446 
f 492/502/464 478/489/446 480/491/449 
f 488/499/460 487/498/459 430/426/458 
f 429/423/454 486/497/457 498/508/470 
f 429/423/454 498/508/470 431/428/471 
f 431/428/471 498/508/470 499/509/472 
f 431/428/471 499/509/472 432/430/473 
f 500/510/474 501/511/475 433/431/476 
f 500/510/474 433/431/476 432/430/473 
f 502/512/477 503/513/478 504/514/479 
f 502/512/477 504/514/479 505/515/480 
f 498/508/470 486/497/457 490/497/462 
f 498/508/470 490/497/462 506/516/481 
f 499/509/472 498/508/470 506/516/481 
f 499/509/472 506/516/481 507/509/482 
f 500/510/474 499/509/472 507/509/482 
f 500/510/474 507/509/482 504/514/479 
f 500/510/474 504/514/479 503/513/478 
f 500/510/474 503/513/478 501/511/475 
f 500/510/474 432/430/473 499/509/472 
f 435/435/483 434/434/484 508/517/485 
f 435/435/483 508/517/485 509/518/486 
f 434/434/484 437/438/487 510/519/488 
f 434/434/484 510/519/488 508/517/485 
f 511/520/489 437/438/487 433/431/476 
f 511/520/489 433/431/476 501/511/475 
f 508/517/485 512/521/490 513/522/491 
f 508/517/485 513/522/491 509/518/486 
f 510/519/488 514/519/492 512/521/490 
f 510/519/488 512/521/490 508/517/485 
f 515/523/493 514/519/492 510/519/488 
f 515/523/493 510/519/488 511/520/489 
f 516/524/494 515/523/493 503/513/478 
f 516/524/494 503/513/478 502/512/477 
f 517/525/495 516/524/494 502/512/477 
f 518/526/496 517/525/495 519/527/497 
f 518/526/496 519/527/497 520/528/496 
f 515/523/493 511/520/489 501/511/475 
f 515/523/493 501/511/475 503/513/478 
f 511/520/489 510/519/488 437/438/487 
f 435/435/483 509/518/486 521/529/498 
f 435/435/483 521/529/498 438/440/499 
f 438/440/499 521/529/498 522/530/500 
f 438/440/499 522/530/500 439/442/501 
f 523/531/502 524/532/503 440/443/504 
f 523/531/502 440/443/504 439/442/501 
f 525/533/505 526/534/506 527/535/507 
f 525/533/505 527/535/507 528/536/508 
f 521/529/498 509/518/486 513/522/491 
f 521/529/498 513/522/491 529/537/509 
f 522/530/500 521/529/498 529/537/509 
f 522/530/500 529/537/509 530/538/510 
f 523/531/502 522/530/500 530/538/510 
f 523/531/502 530/538/510 527/535/507 
f 523/531/502 527/535/507 526/534/506 
f 523/531/502 526/534/506 524/532/503 
f 523/531/502 439/442/501 522/530/500 
f 442/447/511 441/446/512 531/539/513 
f 442/447/511 531/539/513 532/540/514 
f 441/446/512 444/450/515 533/541/516 
f 441/446/512 533/541/516 531/539/513 
f 534/542/517 444/450/515 440/443/504 
f 534/542/517 440/443/504 524/532/503 
f 531/539/513 535/543/518 536/544/519 
f 531/539/513 536/544/519 532/540/514 
f 533/541/516 537/545/520 535/543/518 
f 533/541/516 535/543/518 531/539/513 
f 538/546/521 537/545/520 533/541/516 
f 538/546/521 533/541/516 534/542/517 
f 539/547/522 538/546/521 526/534/506 
f 539/547/522 526/534/506 525/533/505 
f 540/548/523 539/547/522 525/533/505 
f 541/549/524 540/548/523 542/550/525 
f 541/549/524 542/550/525 543/551/524 
f 538/546/521 534/542/517 524/532/503 
f 538/546/521 524/532/503 526/534/506 
f 534/542/517 533/541/516 444/450/515 
f 442/447/511 532/540/514 544/552/526 
f 442/447/511 544/552/526 445/452/527 
f 445/452/527 544/552/526 545/553/528 
f 445/452/527 545/553/528 446/454/529 
f 546/554/530 547/555/531 447/455/532 
f 546/554/530 447/455/532 446/454/529 
f 548/556/533 549/557/534 550/558/535 
f 548/556/533 550/558/535 551/559/536 
f 544/552/526 532/540/514 536/544/519 
f 544/552/526 536/544/519 552/560/537 
f 545/553/528 544/552/526 552/560/537 
f 545/553/528 552/560/537 553/561/538 
f 546/554/530 545/553/528 553/561/538 
f 546/554/530 553/561/538 550/558/535 
f 546/554/530 550/558/535 549/557/534 
f 546/554/530 549/557/534 547/555/531 
f 546/554/530 446/454/529 545/553/528 
f 417/403/410 448/458/539 554/562/540 
f 417/403/410 554/562/540 450/461/411 
f 448/458/539 449/460/541 555/563/542 
f 448/458/539 555/563/542 554/562/540 
f 556/564/543 449/460/541 447/455/532 
f 556/564/543 447/455/532 547/555/531 
f 554/562/540 557/565/544 459/470/423 
f 554/562/540 459/470/423 450/461/411 
f 555/563/542 558/566/545 557/565/544 
f 555/563/542 557/565/544 554/562/540 
f 559/567/546 558/566/545 555/563/542 
f 559/567/546 555/563/542 556/564/543 
f 560/568/547 559/567/546 549/557/534 
f 560/568/547 549/557/534 548/556/533 
f 561/569/548 560/568/547 548/556/533 
f 562/570/549 561/569/548 563/571/550 
f 562/570/549 563/571/550 564/572/551 
f 559/567/546 556/564/543 547/555/531 
f 559/567/546 547/555/531 549/557/534 
f 556/564/543 555/563/542 449/460/541 
f 565/573/289 566/574/552 567/575/553 
f 565/573/289 567/575/553 568/576/554 
f 565/573/289 568/576/554 569/577/555 
f 565/573/289 569/577/555 570/578/556 
f 565/573/289 570/578/556 571/579/557 
f 565/573/289 571/579/557 572/580/558 
f 565/573/289 572/580/558 573/581/559 
f 565/573/289 573/581/559 574/582/560 
f 565/573/289 574/582/560 575/583/561 
f 565/573/289 575/583/561 576/584/562 
f 565/573/289 576/584/562 577/585/563 
f 565/573/289 577/585/563 578/586/564 
f 565/573/289 578/586/564 579/587/565 
f 565/573/289 579/587/565 580/588/566 
f 565/573/289 580/588/566 581/589/567 
f 565/573/289 581/589/567 582/590/568 
f 565/573/289 582/590/568 583/591/569 
f 565/573/289 583/591/569 584/592/570 
f 565/573/289 584/592/570 585/593/571 
f 565/573/289 585/593/571 566/574/552 
f 540/548/523 525/533/505 542/550/525 
f 542/550/525 525/533/505 528/536/508 
f 561/569/548 548/556/533 563/571/550 
f 563/571/550 548/556/533 551/559/536 
f 473/484/440 455/466/419 458/469/422 
f 471/482/438 455/466/419 473/484/440 
f 494/504/466 479/490/448 496/506/468 
f 496/506/468 479/490/448 482/493/451 
f 519/527/497 502/512/477 505/515/480 
f 517/525/495 502/512/477 519/527/497 
usemtl d121065c_dds
f 586/594/289 587/595/289 588/596/289 
f 586/594/289 588/596/289 589/597/289 
f 590/598/274 586/594/289 589/597/289 
f 590/598/274 589/597/289 591/599/274 
f 592/600/274 590/598/274 591/599/274 
f 592/600/274 591/599/274 593/601/289 
f 594/602/289 592/600/274 593/601/289 
f 594/602/289 593/601/289 595/603/289 
f 596/604/315 594/602/289 595/603/289 
f 596/604/315 595/603/289 597/605/289 
f 598/606/315 596/604/315 597/605/289 
f 598/606/315 597/605/289 599/607/289 
f 600/608/289 598/606/315 599/607/289 
f 600/608/289 599/607/289 601/609/289 
f 602/610/289 600/608/289 601/609/289 
f 602/610/289 601/609/289 603/611/289 
f 604/612/274 602/610/289 603/611/289 
f 604/612/274 603/611/289 605/613/274 
f 606/614/274 604/612/274 605/613/274 
f 606/614/274 605/613/274 607/615/289 
f 608/616/289 606/614/274 607/615/289 
f 608/616/289 607/615/289 609/617/289 
f 610/618/274 608/616/289 609/617/289 
f 610/618/274 609/617/289 611/619/274 
f 612/620/274 610/618/274 611/619/274 
f 612/620/274 611/619/274 613/621/274 
f 614/622/289 612/620/274 613/621/274 
f 614/622/289 613/621/274 615/623/289 
f 616/624/289 614/622/289 615/623/289 
f 616/624/289 615/623/289 617/625/274 
f 618/626/274 616/624/289 617/625/274 
f 618/626/274 617/625/274 619/627/274 
f 620/628/289 618/626/274 619/627/274 
f 620/628/289 619/627/274 621/629/315 
f 622/630/307 620/628/289 621/629/315 
f 622/630/307 621/629/315 623/631/289 
f 624/632/289 622/630/307 623/631/289 
f 624/632/289 623/631/289 625/633/289 
f 587/595/289 624/632/289 625/633/289 
f 587/595/289 625/633/289 588/596/289 
f 626/634/274 627/635/289 628/636/274 
f 626/634/274 628/636/274 629/637/274 
f 630/638/274 626/634/274 629/637/274 
f 630/638/274 629/637/274 631/639/289 
f 632/640/274 630/638/274 631/639/289 
f 632/640/274 631/639/289 633/641/274 
f 634/642/274 632/640/274 633/641/274 
f 634/642/274 633/641/274 635/643/274 
f 636/644/274 634/642/274 635/643/274 
f 636/644/274 635/643/274 637/645/274 
f 638/646/274 636/644/274 637/645/274 
f 638/646/274 637/645/274 639/647/274 
f 640/648/274 638/646/274 639/647/274 
f 640/648/274 639/647/274 641/649/274 
f 642/650/274 640/648/274 641/649/274 
f 642/650/274 641/649/274 643/651/274 
f 644/652/274 642/650/274 643/651/274 
f 644/652/274 643/651/274 645/653/289 
f 646/654/289 644/652/274 645/653/289 
f 646/654/289 645/653/289 647/655/289 
f 648/656/307 646/654/289 647/655/289 
f 648/656/307 647/655/289 649/657/307 
f 650/658/289 648/656/307 649/657/307 
f 650/658/289 649/657/307 651/659/289 
f 652/660/274 650/658/289 651/659/289 
f 652/660/274 651/659/289 653/661/274 
f 654/662/274 652/660/274 653/661/274 
f 654/662/274 653/661/274 655/663/274 
f 656/664/274 654/662/274 655/663/274 
f 656/664/274 655/663/274 657/665/274 
f 658/666/274 656/664/274 657/665/274 
f 658/666/274 657/665/274 659/667/274 
f 660/668/289 658/666/274 659/667/274 
f 660/668/289 659/667/274 661/669/289 
f 662/670/307 660/668/289 661/669/289 
f 662/670/307 661/669/289 663/671/274 
f 664/672/289 662/670/307 663/671/274 
f 664/672/289 663/671/274 665/673/289 
f 627/635/289 664/672/289 665/673/289 
f 627/635/289 665/673/289 628/636/274 
f 666/674/572 667/675/573 668/676/574 
f 666/674/572 668/676/574 669/677/575 
f 670/678/576 666/674/572 669/677/575 
f 670/678/576 669/677/575 671/679/577 
f 672/680/578 673/681/579 674/682/580 
f 672/680/578 674/682/580 675/683/581 
f 676/684/582 677/685/583 673/681/579 
f 676/684/582 673/681/579 672/680/578 
f 678/686/584 679/687/585 677/685/583 
f 678/686/584 677/685/583 676/684/582 
f 680/688/586 675/683/581 674/682/580 
f 680/688/586 674/682/580 681/689/587 
f 682/690/588 680/688/586 681/689/587 
f 682/690/588 681/689/587 683/691/589 
f 684/692/590 685/693/591 686/694/592 
f 684/692/590 686/694/592 687/695/592 
f 688/696/593 689/697/594 685/693/591 
f 688/696/593 685/693/591 684/692/590 
f 690/698/595 691/699/596 689/697/594 
f 690/698/595 689/697/594 688/696/593 
f 692/700/597 687/701/598 686/702/598 
f 692/700/597 686/702/598 693/703/599 
f 694/704/600 692/700/597 693/703/599 
f 694/704/600 693/703/599 695/705/601 
f 696/706/602 694/704/600 695/705/601 
f 696/706/602 695/705/601 697/707/603 
f 698/708/604 699/709/605 700/710/606 
f 698/708/604 700/710/606 701/711/607 
f 702/712/608 703/713/609 699/709/605 
f 702/712/608 699/709/605 698/708/604 
f 704/714/610 697/707/603 703/713/609 
f 704/714/610 703/713/609 702/712/608 
f 705/715/611 701/711/607 700/710/606 
f 705/715/611 700/710/606 706/716/612 
f 707/717/613 705/715/611 706/716/612 
f 707/717/613 706/716/612 708/718/614 
f 709/719/615 710/720/616 711/721/617 
f 709/719/615 711/721/617 712/722/618 
f 713/723/619 714/724/620 710/720/616 
f 713/723/619 710/720/616 709/719/615 
f 715/725/621 716/726/622 714/724/620 
f 715/725/621 714/724/620 713/723/619 
f 717/727/623 712/722/618 711/721/617 
f 717/727/623 711/721/617 718/728/624 
f 719/729/625 717/727/623 718/728/624 
f 719/729/625 718/728/624 720/730/626 
f 721/731/627 722/732/628 668/676/574 
f 721/731/627 668/676/574 667/675/573 
f 723/733/629 724/734/630 722/732/628 
f 723/733/629 722/732/628 721/731/627 
f 725/735/631 726/736/632 724/734/630 
f 725/735/631 724/734/630 723/733/629 
f 567/737/633 566/738/634 727/739/635 
f 567/737/633 727/739/635 728/740/636 
f 568/741/637 567/737/633 728/740/636 
f 568/741/637 728/740/636 729/742/638 
f 569/743/639 568/741/637 729/742/638 
f 569/743/639 729/742/638 730/744/640 
f 570/745/641 569/743/639 730/744/640 
f 570/745/641 730/744/640 731/746/641 
f 571/747/642 570/745/641 731/746/641 
f 571/747/642 731/746/641 732/748/643 
f 572/749/644 571/747/642 732/748/643 
f 572/749/644 732/748/643 733/750/645 
f 573/751/646 572/749/644 733/750/645 
f 573/751/646 733/750/645 734/752/647 
f 574/753/648 573/751/646 734/752/647 
f 574/753/648 734/752/647 735/754/649 
f 575/755/650 574/753/648 735/754/649 
f 575/755/650 735/754/649 736/756/650 
f 576/757/651 575/758/652 736/759/652 
f 576/757/651 736/759/652 737/760/653 
f 577/761/654 576/757/651 737/760/653 
f 577/761/654 737/760/653 738/762/655 
f 578/763/656 577/761/654 738/762/655 
f 578/763/656 738/762/655 739/764/657 
f 579/765/658 578/763/656 739/764/657 
f 579/765/658 739/764/657 740/766/659 
f 580/767/660 579/765/658 740/766/659 
f 580/767/660 740/766/659 741/768/660 
f 581/769/661 580/767/660 741/768/660 
f 581/769/661 741/768/660 742/770/662 
f 582/771/663 581/769/661 742/770/662 
f 582/771/663 742/770/662 743/772/664 
f 583/773/665 582/771/663 743/772/664 
f 583/773/665 743/772/664 744/774/666 
f 584/775/667 583/773/665 744/774/666 
f 584/775/667 744/774/666 745/776/668 
f 585/777/669 584/775/667 745/776/668 
f 585/777/669 745/776/668 746/778/670 
f 566/738/634 585/777/669 746/778/670 
f 566/738/634 746/778/670 727/739/635 
f 747/779/671 748/780/672 627/781/673 
f 747/779/671 627/781/673 626/782/674 
f 749/783/675 747/779/671 626/782/674 
f 749/783/675 626/782/674 630/784/676 
f 750/785/677 749/783/675 630/784/676 
f 750/785/677 630/784/676 632/786/678 
f 751/787/286 750/785/677 632/786/678 
f 751/787/286 632/786/678 634/788/286 
f 752/789/679 751/787/286 634/788/286 
f 752/789/679 634/788/286 636/790/680 
f 753/791/681 752/789/679 636/790/680 
f 753/791/681 636/790/680 638/792/682 
f 754/793/683 753/791/681 638/792/682 
f 754/793/683 638/792/682 640/794/684 
f 755/795/685 754/793/683 640/794/684 
f 755/795/685 640/794/684 642/796/686 
f 756/797/687 755/795/685 642/796/686 
f 756/797/687 642/796/686 644/798/687 
f 757/799/688 756/800/689 644/801/689 
f 757/799/688 644/801/689 646/802/690 
f 758/803/691 757/799/688 646/802/690 
f 758/803/691 646/802/690 648/804/692 
f 759/805/693 758/803/691 648/804/692 
f 759/805/693 648/804/692 650/806/694 
f 760/807/695 759/805/693 650/806/694 
f 760/807/695 650/806/694 652/808/696 
f 761/809/262 760/807/695 652/808/696 
f 761/809/262 652/808/696 654/810/262 
f 762/811/697 761/809/262 654/810/262 
f 762/811/697 654/810/262 656/812/698 
f 763/813/699 762/811/697 656/812/698 
f 763/813/699 656/812/698 658/814/700 
f 764/815/701 763/813/699 658/814/700 
f 764/815/701 658/814/700 660/816/702 
f 765/817/703 764/815/701 660/816/702 
f 765/817/703 660/816/702 662/818/704 
f 766/819/705 765/817/703 662/818/704 
f 766/819/705 662/818/704 664/820/706 
f 748/780/672 766/819/705 664/820/706 
f 748/780/672 664/820/706 627/781/673 
f 629/821/691 628/822/688 767/823/690 
f 629/821/691 767/823/690 768/724/692 
f 631/824/693 629/821/691 768/724/692 
f 631/824/693 768/724/692 769/825/694 
f 633/826/695 631/824/693 769/825/694 
f 633/826/695 769/825/694 770/827/581 
f 635/828/262 633/826/695 770/827/581 
f 635/828/262 770/827/581 771/829/262 
f 637/830/697 635/828/262 771/829/262 
f 637/830/697 771/829/262 772/831/698 
f 639/832/699 637/830/697 772/831/698 
f 639/832/699 772/831/698 773/833/700 
f 641/834/701 639/832/699 773/833/700 
f 641/834/701 773/833/700 774/835/702 
f 643/836/703 641/834/701 774/835/702 
f 643/836/703 774/835/702 775/837/704 
f 645/838/707 643/836/703 775/837/704 
f 645/838/707 775/837/704 776/839/707 
f 647/840/672 645/841/708 776/842/708 
f 647/840/672 776/842/708 777/843/673 
f 649/844/671 647/840/672 777/843/673 
f 649/844/671 777/843/673 778/845/674 
f 651/846/675 649/844/671 778/845/674 
f 651/846/675 778/845/674 779/847/676 
f 653/848/709 651/846/675 779/847/676 
f 653/848/709 779/847/676 780/849/678 
f 655/850/286 653/848/709 780/849/678 
f 655/850/286 780/849/678 781/685/286 
f 657/851/679 655/850/286 781/685/286 
f 657/851/679 781/685/286 782/852/680 
f 659/853/681 657/851/679 782/852/680 
f 659/853/681 782/852/680 783/854/682 
f 661/855/683 659/853/681 783/854/682 
f 661/855/683 783/854/682 784/856/684 
f 663/857/685 661/855/683 784/856/684 
f 663/857/685 784/856/684 785/858/686 
f 665/859/710 663/857/685 785/858/686 
f 665/859/710 785/858/686 786/860/711 
f 628/822/688 665/859/710 786/860/711 
f 628/822/688 786/860/711 767/823/690 
f 768/724/289 767/823/289 787/861/289 
f 768/724/289 787/861/289 788/862/289 
f 769/825/274 768/724/289 788/862/289 
f 769/825/274 788/862/289 789/863/274 
f 770/827/274 769/825/274 789/863/274 
f 770/827/274 789/863/274 790/864/274 
f 771/829/289 770/827/274 790/864/274 
f 771/829/289 790/864/274 791/865/289 
f 772/831/274 771/829/289 791/865/289 
f 772/831/274 791/865/289 792/866/274 
f 773/833/274 772/831/274 792/866/274 
f 773/833/274 792/866/274 793/867/274 
f 774/835/315 773/833/274 793/867/274 
f 774/835/315 793/867/274 794/868/315 
f 775/837/289 774/835/315 794/868/315 
f 775/837/289 794/868/315 795/869/289 
f 776/839/274 775/837/289 795/869/289 
f 776/839/274 795/869/289 796/870/274 
f 777/843/289 776/842/274 796/871/274 
f 777/843/289 796/871/274 797/872/315 
f 778/845/307 777/843/289 797/872/315 
f 778/845/307 797/872/315 798/873/307 
f 779/847/307 778/845/307 798/873/307 
f 779/847/307 798/873/307 799/874/307 
f 780/849/307 779/847/307 799/874/307 
f 780/849/307 799/874/307 800/875/307 
f 781/685/289 780/849/307 800/875/307 
f 781/685/289 800/875/307 801/876/289 
f 782/852/274 781/685/289 801/876/289 
f 782/852/274 801/876/289 802/877/274 
f 783/854/315 782/852/274 802/877/274 
f 783/854/315 802/877/274 803/878/315 
f 784/856/274 783/854/315 803/878/315 
f 784/856/274 803/878/315 804/879/274 
f 785/858/274 784/856/274 804/879/274 
f 785/858/274 804/879/274 805/880/307 
f 786/860/307 785/858/274 805/880/307 
f 786/860/307 805/880/307 806/881/307 
f 767/823/289 786/860/307 806/881/307 
f 767/823/289 806/881/307 787/861/289 
f 788/862/691 787/861/688 807/882/690 
f 788/862/691 807/882/690 808/883/692 
f 789/863/693 788/862/691 808/883/692 
f 789/863/693 808/883/692 809/884/694 
f 790/864/695 789/863/693 809/884/694 
f 790/864/695 809/884/694 810/885/696 
f 791/865/263 790/864/695 810/885/696 
f 791/865/263 810/885/696 811/886/263 
f 792/866/697 791/865/263 811/886/263 
f 792/866/697 811/886/263 812/887/698 
f 793/867/699 792/866/697 812/887/698 
f 793/867/699 812/887/698 813/888/700 
f 794/868/701 793/867/699 813/888/700 
f 794/868/701 813/888/700 814/889/702 
f 795/869/703 794/868/701 814/889/702 
f 795/869/703 814/889/702 815/890/704 
f 796/870/707 795/869/703 815/890/704 
f 796/870/707 815/890/704 816/891/707 
f 797/872/672 796/871/708 816/892/708 
f 797/872/672 816/892/708 817/893/673 
f 798/873/671 797/872/672 817/893/673 
f 798/873/671 817/893/673 818/894/674 
f 799/874/675 798/873/671 818/894/674 
f 799/874/675 818/894/674 819/895/676 
f 800/875/709 799/874/675 819/895/676 
f 800/875/709 819/895/676 820/896/678 
f 801/876/267 800/875/709 820/896/678 
f 801/876/267 820/896/678 821/897/267 
f 802/877/679 801/876/267 821/897/267 
f 802/877/679 821/897/267 822/898/680 
f 803/878/681 802/877/679 822/898/680 
f 803/878/681 822/898/680 823/899/682 
f 804/879/683 803/878/681 823/899/682 
f 804/879/683 823/899/682 824/900/684 
f 805/880/685 804/879/683 824/900/684 
f 805/880/685 824/900/684 825/901/686 
f 806/881/710 805/880/685 825/901/686 
f 806/881/710 825/901/686 826/902/711 
f 787/861/688 806/881/710 826/902/711 
f 787/861/688 826/902/711 807/882/690 
f 460/903/572 459/904/573 667/905/574 
f 460/903/572 667/905/574 666/906/712 
f 461/907/713 460/903/572 666/906/712 
f 461/907/713 666/906/712 670/908/714 
f 827/909/715 457/910/716 461/907/713 
f 827/909/715 461/907/713 670/908/714 
f 466/911/578 672/912/717 675/913/580 
f 466/911/578 675/913/580 467/914/581 
f 468/915/718 676/916/719 672/912/717 
f 468/915/718 672/912/717 466/911/578 
f 678/917/720 676/916/719 468/915/718 
f 678/917/720 468/915/718 469/918/721 
f 483/919/586 467/914/581 675/913/580 
f 483/919/586 675/913/580 680/920/722 
f 484/921/723 483/919/586 680/920/722 
f 484/921/723 680/920/722 682/922/724 
f 828/923/725 481/924/726 484/921/723 
f 828/923/725 484/921/723 682/922/724 
f 489/925/590 684/926/727 687/927/728 
f 489/925/590 687/927/728 490/928/729 
f 491/929/730 688/930/731 684/926/727 
f 491/929/730 684/926/727 489/925/590 
f 690/931/732 688/930/731 491/929/730 
f 690/931/732 491/929/730 492/932/733 
f 506/933/597 490/928/729 687/927/728 
f 506/933/597 687/927/728 692/934/734 
f 507/935/735 506/933/597 692/934/734 
f 507/935/735 692/934/734 694/936/736 
f 696/937/737 504/938/738 507/935/735 
f 696/937/737 507/935/735 694/936/736 
f 512/939/604 698/940/739 701/941/606 
f 512/939/604 701/941/606 513/942/607 
f 514/943/740 702/944/741 698/940/739 
f 514/943/740 698/940/739 512/939/604 
f 704/945/742 702/944/741 514/943/740 
f 704/945/742 514/943/740 515/946/743 
f 529/947/611 513/942/607 701/941/606 
f 529/947/611 701/941/606 705/948/744 
f 530/949/745 529/947/611 705/948/744 
f 530/949/745 705/948/744 707/950/746 
f 829/951/747 527/952/748 530/949/745 
f 829/951/747 530/949/745 707/950/746 
f 535/953/615 709/954/749 712/955/617 
f 535/953/615 712/955/617 536/956/618 
f 537/957/750 713/958/619 709/954/749 
f 537/957/750 709/954/749 535/953/615 
f 715/959/751 713/958/619 537/957/750 
f 715/959/751 537/957/750 538/960/752 
f 552/961/623 536/956/618 712/955/617 
f 552/961/623 712/955/617 717/962/753 
f 553/963/754 552/961/623 717/962/753 
f 553/963/754 717/962/753 719/964/755 
f 830/965/756 550/966/757 553/963/754 
f 830/965/756 553/963/754 719/964/755 
f 557/967/627 721/968/758 667/905/574 
f 557/967/627 667/905/574 459/904/573 
f 558/969/759 723/970/760 721/968/758 
f 558/969/759 721/968/758 557/967/627 
f 725/971/761 723/970/760 558/969/759 
f 725/971/761 558/969/759 559/972/762 
f 458/973/763 457/910/716 827/909/715 
f 458/973/763 827/909/715 831/974/764 
f 473/975/765 458/973/763 831/974/764 
f 473/975/765 831/974/764 832/976/766 
f 832/976/766 474/977/767 473/975/765 
f 470/978/768 833/979/769 678/917/720 
f 470/978/768 678/917/720 469/918/721 
f 471/980/770 834/981/771 833/979/769 
f 471/980/770 833/979/769 470/978/768 
f 834/981/771 471/980/770 472/982/772 
f 482/983/773 481/924/726 828/923/725 
f 482/983/773 828/923/725 835/984/774 
f 496/985/775 482/983/773 835/984/774 
f 496/985/775 835/984/774 836/986/776 
f 836/986/776 497/987/777 496/985/775 
f 493/988/778 837/989/779 690/931/732 
f 493/988/778 690/931/732 492/932/733 
f 494/990/780 838/991/781 837/989/779 
f 494/990/780 837/989/779 493/988/778 
f 838/991/781 494/990/780 495/992/782 
f 505/993/783 504/938/738 696/937/737 
f 505/993/783 696/937/737 839/994/784 
f 519/995/785 505/993/783 839/994/784 
f 519/995/785 839/994/784 840/996/786 
f 840/996/786 520/997/787 519/995/785 
f 516/998/788 841/999/789 704/945/742 
f 516/998/788 704/945/742 515/946/743 
f 517/1000/790 842/1001/791 841/999/789 
f 517/1000/790 841/999/789 516/998/788 
f 842/1001/791 517/1000/790 518/1002/792 
f 528/1003/793 527/952/748 829/951/747 
f 528/1003/793 829/951/747 843/1004/794 
f 542/1005/795 528/1003/793 843/1004/794 
f 542/1005/795 843/1004/794 844/1006/796 
f 844/1006/796 543/1007/797 542/1005/795 
f 539/1008/798 845/1009/799 715/959/751 
f 539/1008/798 715/959/751 538/960/752 
f 540/1010/800 846/1011/801 845/1009/799 
f 540/1010/800 845/1009/799 539/1008/798 
f 846/1011/801 540/1010/800 541/1012/802 
f 551/1013/803 550/966/757 830/965/756 
f 551/1013/803 830/965/756 847/1014/804 
f 848/1015/805 564/1016/806 563/1017/807 
f 848/1015/805 563/1017/807 551/1013/803 
f 848/1015/805 551/1013/803 847/1014/804 
f 560/1018/808 849/1019/809 725/971/761 
f 560/1018/808 725/971/761 559/972/762 
f 561/1020/810 850/1021/811 849/1019/809 
f 561/1020/810 849/1019/809 560/1018/808 
f 850/1021/811 561/1020/810 562/1022/812 
f 134/1023/813 133/1024/814 674/1025/815 
f 134/1023/813 674/1025/815 673/1026/816 
f 135/1027/817 134/1023/813 673/1026/816 
f 135/1027/817 673/1026/816 677/1028/817 
f 136/1029/818 135/1027/817 677/1028/817 
f 136/1029/818 677/1028/817 679/1030/818 
f 146/1031/819 669/1032/820 668/1033/821 
f 146/1031/819 668/1033/821 147/1034/822 
f 148/1035/823 671/1036/823 669/1032/820 
f 148/1035/823 669/1032/820 146/1031/819 
f 136/1029/818 679/1030/818 671/1036/823 
f 136/1029/818 671/1036/823 148/1035/823 
f 162/1037/824 161/1038/825 686/1039/826 
f 162/1037/824 686/1039/826 685/1040/827 
f 163/1041/828 162/1037/824 685/1040/827 
f 163/1041/828 685/1040/827 689/1042/828 
f 164/1043/829 163/1041/828 689/1042/828 
f 164/1043/829 689/1042/828 691/1044/830 
f 851/1045/831 681/1046/832 674/1025/815 
f 851/1045/831 674/1025/815 133/1024/814 
f 172/1047/833 683/1048/834 681/1046/832 
f 172/1047/833 681/1046/832 851/1045/831 
f 164/1043/829 691/1044/830 683/1048/834 
f 164/1043/829 683/1048/834 172/1047/833 
f 186/1049/835 185/1050/836 700/1051/837 
f 186/1049/835 700/1051/837 699/1052/838 
f 187/1053/839 186/1049/835 699/1052/838 
f 187/1053/839 699/1052/838 703/1054/839 
f 188/1055/840 187/1053/839 703/1054/839 
f 188/1055/840 703/1054/839 697/1056/840 
f 195/1057/841 693/1058/842 686/1039/826 
f 195/1057/841 686/1039/826 161/1038/825 
f 196/1059/843 695/1060/843 693/1058/842 
f 196/1059/843 693/1058/842 195/1057/841 
f 188/1055/840 697/1056/840 695/1060/843 
f 188/1055/840 695/1060/843 196/1059/843 
f 210/1061/844 209/1062/845 711/1063/846 
f 210/1061/844 711/1063/846 710/1064/847 
f 211/1065/848 210/1061/844 710/1064/847 
f 211/1065/848 710/1064/847 714/1066/848 
f 212/1067/849 211/1065/848 714/1066/848 
f 212/1067/849 714/1066/848 716/1068/849 
f 219/1069/850 706/1070/851 700/1051/837 
f 219/1069/850 700/1051/837 185/1050/836 
f 220/1071/852 708/1072/852 706/1070/851 
f 220/1071/852 706/1070/851 219/1069/850 
f 212/1067/849 716/1068/849 708/1072/852 
f 212/1067/849 708/1072/852 220/1071/852 
f 230/1073/853 147/1034/822 668/1033/821 
f 230/1073/853 668/1033/821 722/1074/854 
f 231/1075/855 230/1073/853 722/1074/854 
f 231/1075/855 722/1074/854 724/1076/855 
f 232/1077/856 231/1075/855 724/1076/855 
f 232/1077/856 724/1076/855 726/1078/856 
f 239/1079/857 718/1080/858 711/1063/846 
f 239/1079/857 711/1063/846 209/1062/845 
f 852/1081/859 720/1082/859 718/1080/858 
f 852/1081/859 718/1080/858 239/1079/857 
f 232/1077/856 726/1078/856 720/1082/859 
f 232/1077/856 720/1082/859 852/1081/859 
f 832/1083/860 831/1084/861 833/1085/862 
f 832/1083/860 833/1085/862 834/1086/860 
f 837/1087/863 838/1088/864 836/1089/865 
f 837/1087/863 836/1089/865 835/1090/866 
f 853/1091/867 840/1092/868 842/1093/868 
f 853/1091/867 842/1093/868 854/1094/867 
f 855/1095/869 844/1096/870 846/698/870 
f 855/1095/869 846/698/870 856/1097/869 
f 847/1098/871 830/1099/872 725/1100/873 
f 847/1098/871 725/1100/873 849/1101/874 
f 829/1102/875 707/717/613 708/718/614 
f 829/1102/875 708/718/614 716/726/622 
f 716/726/622 715/725/621 829/1102/875 
f 844/1096/870 843/1103/876 845/1104/877 
f 844/1096/870 845/1104/877 846/698/870 
f 843/1103/876 829/1105/878 715/1106/879 
f 843/1103/876 715/1106/879 845/1104/877 
f 838/1088/864 857/1107/880 858/1108/880 
f 838/1088/864 858/1108/880 836/1089/865 
f 690/1109/881 837/1087/863 835/1090/866 
f 690/1109/881 835/1090/866 828/1110/882 
f 828/1111/883 682/690/588 683/691/589 
f 828/1111/883 683/691/589 691/699/596 
f 691/699/596 690/698/595 828/1111/883 
f 697/707/603 704/714/610 696/706/602 
f 859/1112/884 832/1083/860 834/1086/860 
f 859/1112/884 834/1086/860 860/1113/884 
f 831/1084/861 827/1114/885 678/1115/885 
f 831/1084/861 678/1115/885 833/1085/862 
f 827/1116/886 670/678/576 671/679/577 
f 827/1116/886 671/679/577 679/687/585 
f 679/687/585 678/686/584 827/1116/886 
f 861/1117/887 848/1118/888 850/1119/889 
f 861/1117/887 850/1119/889 862/1120/887 
f 848/1118/888 847/1098/871 849/1101/874 
f 848/1118/888 849/1101/874 850/1119/889 
f 726/736/632 725/735/631 830/1121/890 
f 830/1121/890 719/729/625 720/730/626 
f 830/1121/890 720/730/626 726/736/632 
f 518/1122/891 520/1123/891 863/1124/891 
f 518/1122/891 863/1124/891 864/1125/891 
f 853/1126/892 863/1124/893 520/1123/894 
f 853/1126/892 520/1123/894 840/1127/895 
f 854/1128/896 842/1129/897 518/1122/898 
f 854/1128/896 518/1122/898 864/1125/899 
f 495/1130/900 497/1131/900 865/1132/900 
f 495/1130/900 865/1132/900 866/1133/900 
f 858/1134/901 865/1132/902 497/1131/903 
f 858/1134/901 497/1131/903 836/1135/904 
f 857/1136/905 838/1137/906 495/1130/907 
f 857/1136/905 495/1130/907 866/1133/908 
f 472/1138/909 474/1139/909 867/1140/909 
f 472/1138/909 867/1140/909 868/1141/909 
f 859/1142/910 867/1140/690 474/1139/911 
f 859/1142/910 474/1139/911 832/1143/912 
f 860/1144/913 834/1145/914 472/1138/915 
f 860/1144/913 472/1138/915 868/1141/673 
f 541/1146/916 543/1147/916 869/1148/916 
f 541/1146/916 869/1148/916 870/1149/916 
f 855/1150/917 869/1148/918 543/1147/919 
f 855/1150/917 543/1147/919 844/1151/920 
f 856/1152/921 846/1153/922 541/1146/923 
f 856/1152/921 541/1146/923 870/1149/924 
f 562/1154/925 564/1155/925 871/1156/925 
f 562/1154/925 871/1156/925 872/1157/925 
f 861/1158/926 871/1156/927 564/1155/928 
f 861/1158/926 564/1155/928 848/1159/929 
f 862/1160/930 850/1161/931 562/1154/932 
f 862/1160/930 562/1154/932 872/1157/933 
f 840/1092/868 839/1162/934 841/1163/935 
f 840/1092/868 841/1163/935 842/1093/868 
f 839/1162/934 696/1164/936 704/1165/937 
f 839/1162/934 704/1165/937 841/1163/935 
# 1522 faces

