# 3ds Max Wavefront OBJ Exporter v0.99 - (c)2007 guruware
# File Created: 18.03.2025 20:55:07

mtllib CocheLlantaDelanteraDerecha.mtl

#
# object LlantaDelanteraDerecha
#

v  1.9946 -0.6866 1.4854
v  2.0841 -0.2539 1.4855
v  2.0126 -0.2467 1.5499
v  1.9262 -0.6648 1.5498
v  2.0817 0.1881 1.4850
v  2.0103 0.1803 1.5494
v  1.9194 0.5974 1.5482
v  1.9876 0.6198 1.4838
v  1.9208 -0.2375 1.5765
v  1.8383 -0.6367 1.5764
v  1.9186 0.1702 1.5760
v  1.8318 0.5684 1.5748
v  1.8113 -0.2266 1.5749
v  1.7334 -0.6032 1.5748
v  1.8092 0.1580 1.5744
v  1.7273 0.5338 1.5734
v  1.2146 1.6726 1.4769
v  1.1726 1.6145 1.5417
v  1.4912 1.3305 1.5443
v  1.5443 1.3787 1.4797
v  1.7438 0.9865 1.5465
v  1.8058 1.0226 1.4820
v  1.1187 1.5395 1.5686
v  1.4229 1.2684 1.5711
v  1.6641 0.9399 1.5732
v  1.0545 1.4501 1.5674
v  1.3415 1.1943 1.5698
v  1.5691 0.8843 1.5718
v  -0.0063 -2.1581 1.4729
v  0.4326 -2.1095 1.4760
v  0.4171 -2.0394 1.5407
v  -0.0069 -2.0863 1.5378
v  0.8518 -1.9707 1.4788
v  0.8221 -1.9053 1.5435
v  1.1904 -1.6899 1.5458
v  1.2330 -1.7477 1.4813
v  0.3974 -1.9492 1.5677
v  -0.0075 -1.9940 1.5649
v  0.7841 -1.8212 1.5703
v  1.1358 -1.6154 1.5726
v  0.3739 -1.8416 1.5666
v  -0.0080 -1.8839 1.5639
v  0.7388 -1.7208 1.5691
v  1.0706 -1.5267 1.5712
v  1.7548 -1.0557 1.5491
v  1.8172 -1.0913 1.4846
v  1.5059 -1.4025 1.5477
v  1.5596 -1.4502 1.4832
v  1.6746 -1.0100 1.5757
v  1.4370 -1.3410 1.5744
v  1.5790 -0.9554 1.5741
v  1.3548 -1.2678 1.5729
v  -2.0230 -0.7083 1.4567
v  -1.8412 -1.1110 1.4585
v  -1.7796 -1.0748 1.5239
v  -1.9552 -0.6857 1.5221
v  -1.5797 -1.4671 1.4608
v  -1.5270 -1.4188 1.5261
v  -1.2084 -1.7028 1.5287
v  -1.2500 -1.7611 1.4635
v  -1.7000 -1.0282 1.5516
v  -1.8677 -0.6567 1.5499
v  -1.4588 -1.3567 1.5537
v  -1.1547 -1.6278 1.5562
v  -1.6050 -0.9726 1.5514
v  -1.7632 -0.6221 1.5498
v  -1.3774 -1.2825 1.5534
v  -1.0905 -1.5383 1.5558
v  -0.4314 -2.0440 1.5347
v  -0.4457 -2.1143 1.4697
v  -0.8378 -1.9143 1.5316
v  -0.8664 -1.9800 1.4666
v  -0.4128 -1.9536 1.5619
v  -0.8008 -1.8297 1.5590
v  -0.3905 -1.8457 1.5612
v  -0.7566 -1.7288 1.5584
v  -1.2685 1.6592 1.4592
v  -1.5950 1.3618 1.4572
v  -1.5417 1.3142 1.5226
v  -1.2263 1.6015 1.5245
v  -1.8526 1.0028 1.4558
v  -1.7906 0.9674 1.5213
v  -1.9620 0.5765 1.5205
v  -2.0301 0.5982 1.4551
v  -1.4729 1.2528 1.5504
v  -1.1717 1.5272 1.5522
v  -1.7106 0.9217 1.5491
v  -1.8742 0.5484 1.5484
v  -1.3907 1.1795 1.5503
v  -1.1065 1.4384 1.5520
v  -1.6150 0.8672 1.5491
v  -1.7694 0.5150 1.5484
v  -2.0462 -0.2686 1.5210
v  -2.1172 -0.2765 1.4555
v  -2.0485 0.1584 1.5204
v  -2.1195 0.1654 1.4550
v  -1.9546 -0.2584 1.5488
v  -1.9568 0.1493 1.5483
v  -1.8452 -0.2463 1.5488
v  -1.8472 0.1383 1.5483
v  0.8310 1.8915 1.4739
v  0.8020 1.8260 1.5387
v  0.4103 2.0258 1.4708
v  0.3956 1.9557 1.5357
v  -0.0289 1.9980 1.5326
v  -0.0291 2.0696 1.4676
v  0.7649 1.7415 1.5658
v  0.3768 1.8653 1.5629
v  -0.0285 1.9058 1.5599
v  0.7206 1.6406 1.5648
v  0.3545 1.7575 1.5621
v  -0.0279 1.7956 1.5593
v  -0.8580 1.8170 1.5269
v  -0.8873 1.8822 1.4617
v  -0.4530 1.9511 1.5296
v  -0.4680 2.0211 1.4645
v  -0.8201 1.7329 1.5545
v  -0.4334 1.8610 1.5571
v  -0.7748 1.6325 1.5541
v  -0.4099 1.7534 1.5566
v  1.9993 -0.6886 -0.1448
v  1.9312 -0.6669 -0.2103
v  2.0177 -0.2488 -0.2102
v  2.0887 -0.2559 -0.1447
v  2.0153 0.1781 -0.2107
v  2.0863 0.1861 -0.1453
v  1.9244 0.5952 -0.2119
v  1.9922 0.6178 -0.1465
v  1.8434 -0.6389 -0.2381
v  1.9260 -0.2397 -0.2380
v  1.9238 0.1679 -0.2386
v  1.8369 0.5662 -0.2397
v  1.7386 -0.6054 -0.2439
v  1.8164 -0.2288 -0.2381
v  1.8144 0.1558 -0.2386
v  1.7324 0.5316 -0.2396
v  1.2192 1.6706 -0.1533
v  1.5489 1.3767 -0.1506
v  1.4962 1.3284 -0.2158
v  1.1776 1.6123 -0.2185
v  1.8104 1.0206 -0.1483
v  1.7488 0.9843 -0.2136
v  1.4280 1.2662 -0.2435
v  1.1239 1.5373 -0.2460
v  1.6692 0.9377 -0.2413
v  1.3466 1.1920 -0.2432
v  1.0597 1.4478 -0.2513
v  1.5742 0.8821 -0.2412
v  -0.0017 -2.1601 -0.1573
v  -0.0019 -2.0885 -0.2223
v  0.4221 -2.0416 -0.2194
v  0.4372 -2.1115 -0.1542
v  0.8272 -1.9075 -0.2167
v  0.8565 -1.9727 -0.1514
v  1.1954 -1.6920 -0.2143
v  1.2377 -1.7497 -0.1490
v  -0.0023 -1.9962 -0.2497
v  0.4026 -1.9514 -0.2468
v  0.7893 -1.8234 -0.2442
v  1.1409 -1.6177 -0.2420
v  -0.0029 -1.8861 -0.2548
v  0.3791 -1.8438 -0.2464
v  0.7440 -1.7230 -0.2439
v  1.0757 -1.5289 -0.2418
v  1.8218 -1.0933 -0.1456
v  1.7598 -1.0579 -0.2110
v  1.5642 -1.4522 -0.1470
v  1.5109 -1.4046 -0.2124
v  1.6798 -1.0122 -0.2389
v  1.4421 -1.3433 -0.2401
v  1.5841 -0.9576 -0.2388
v  1.3599 -1.2700 -0.2401
v  -2.0184 -0.7103 -0.1735
v  -1.9502 -0.6878 -0.2380
v  -1.7746 -1.0769 -0.2363
v  -1.8366 -1.1130 -0.1717
v  -1.5220 -1.4210 -0.2340
v  -1.5751 -1.4691 -0.1694
v  -1.2034 -1.7049 -0.2314
v  -1.2454 -1.7631 -0.1667
v  -1.8626 -0.6589 -0.2646
v  -1.6949 -1.0304 -0.2630
v  -1.4537 -1.3589 -0.2608
v  -1.1495 -1.6300 -0.2583
v  -1.7580 -0.6243 -0.2689
v  -1.5999 -0.9748 -0.2616
v  -1.3723 -1.2847 -0.2596
v  -1.0853 -1.5405 -0.2572
v  -0.4411 -2.1163 -0.1605
v  -0.4264 -2.0462 -0.2254
v  -0.8618 -1.9820 -0.1637
v  -0.8328 -1.9164 -0.2285
v  -0.4076 -1.9558 -0.2526
v  -0.7957 -1.8319 -0.2555
v  -0.3853 -1.8479 -0.2518
v  -0.7514 -1.7311 -0.2546
v  -1.2638 1.6572 -0.1710
v  -1.2212 1.5994 -0.2356
v  -1.5367 1.3120 -0.2375
v  -1.5904 1.3598 -0.1730
v  -1.7856 0.9652 -0.2389
v  -1.8480 1.0008 -0.1744
v  -1.9570 0.5743 -0.2396
v  -2.0254 0.5962 -0.1752
v  -1.1666 1.5250 -0.2623
v  -1.4678 1.2506 -0.2641
v  -1.7054 0.9195 -0.2654
v  -1.8691 0.5462 -0.2661
v  -1.1014 1.4362 -0.2667
v  -1.3856 1.1773 -0.2627
v  -1.6098 0.8649 -0.2639
v  -1.7642 0.5127 -0.2646
v  -2.1125 -0.2785 -0.1747
v  -2.0411 -0.2707 -0.2392
v  -2.1149 0.1634 -0.1753
v  -2.0435 0.1562 -0.2397
v  -1.9494 -0.2606 -0.2657
v  -1.9516 0.1470 -0.2662
v  -1.8400 -0.2485 -0.2642
v  -1.8421 0.1361 -0.2647
v  0.8070 1.8238 -0.2214
v  0.8356 1.8895 -0.1563
v  0.4006 1.9535 -0.2245
v  0.4149 2.0238 -0.1595
v  -0.0239 1.9959 -0.2275
v  -0.0245 2.0676 -0.1627
v  0.7700 1.7392 -0.2487
v  0.3820 1.8631 -0.2517
v  -0.0234 1.9035 -0.2546
v  0.7258 1.6384 -0.2482
v  0.3597 1.7552 -0.2509
v  -0.0228 1.7934 -0.2537
v  -0.8826 1.8802 -0.1686
v  -0.8530 1.8148 -0.2332
v  -0.4634 2.0191 -0.1658
v  -0.4479 1.9490 -0.2305
v  -0.8149 1.7307 -0.2601
v  -0.4282 1.8587 -0.2575
v  -0.7696 1.6303 -0.2588
v  -0.4047 1.7511 -0.2564
v  0.3025 0.1407 0.6314
v  0.3207 0.1515 0.6828
v  0.3204 0.2028 0.6828
v  0.3021 0.2133 0.6313
v  0.3647 0.2287 0.6831
v  0.3647 0.2500 0.6317
v  0.4093 0.2033 0.6834
v  0.4278 0.2140 0.6322
v  0.4096 0.1519 0.6835
v  0.4282 0.1413 0.6323
v  0.3653 0.1260 0.6832
v  0.3655 0.1047 0.6319
v  0.2894 0.1326 0.4966
v  0.2890 0.1328 0.6382
v  0.2885 0.2210 0.6380
v  0.2889 0.2209 0.4965
v  0.3646 0.2656 0.6385
v  0.3650 0.2654 0.4970
v  0.4412 0.2219 0.6391
v  0.4417 0.2217 0.4976
v  0.4417 0.1336 0.6393
v  0.4421 0.1334 0.4977
v  0.3656 0.0891 0.6388
v  0.3660 0.0889 0.4972
v  0.3049 -0.3004 0.6319
v  0.3231 -0.2896 0.6834
v  0.3228 -0.2382 0.6833
v  0.3045 -0.2278 0.6318
v  0.3671 -0.2123 0.6836
v  0.3671 -0.1911 0.6322
v  0.4117 -0.2377 0.6840
v  0.4302 -0.2271 0.6327
v  0.4120 -0.2891 0.6840
v  0.4306 -0.2997 0.6328
v  0.3677 -0.3150 0.6837
v  0.3679 -0.3364 0.6324
v  0.2918 -0.3084 0.4971
v  0.2914 -0.3083 0.6387
v  0.2909 -0.2200 0.6386
v  0.2913 -0.2202 0.4970
v  0.3670 -0.1755 0.6391
v  0.3674 -0.1756 0.4975
v  0.4436 -0.2192 0.6397
v  0.4440 -0.2194 0.4981
v  0.4441 -0.3074 0.6398
v  0.4445 -0.3076 0.4982
v  0.3680 -0.3520 0.6393
v  0.3684 -0.3521 0.4977
v  -0.0756 -0.5230 0.6295
v  -0.0574 -0.5122 0.6810
v  -0.0577 -0.4608 0.6809
v  -0.0760 -0.4503 0.6294
v  -0.0134 -0.4349 0.6812
v  -0.0133 -0.4137 0.6298
v  0.0312 -0.4603 0.6815
v  0.0497 -0.4497 0.6303
v  0.0315 -0.5117 0.6816
v  0.0501 -0.5223 0.6304
v  -0.0128 -0.5376 0.6813
v  -0.0126 -0.5590 0.6300
v  -0.0887 -0.5310 0.4947
v  -0.0891 -0.5308 0.6363
v  -0.0896 -0.4426 0.6362
v  -0.0892 -0.4428 0.4946
v  -0.0134 -0.3981 0.6367
v  -0.0130 -0.3982 0.4951
v  0.0632 -0.4418 0.6373
v  0.0636 -0.4419 0.4957
v  0.0636 -0.5300 0.6374
v  0.0640 -0.5302 0.4958
v  -0.0125 -0.5746 0.6369
v  -0.0121 -0.5747 0.4953
v  -0.4608 0.1365 0.6259
v  -0.4426 0.1473 0.6774
v  -0.4429 0.1987 0.6773
v  -0.4612 0.2092 0.6258
v  -0.3986 0.2246 0.6776
v  -0.3986 0.2458 0.6262
v  -0.3540 0.1992 0.6780
v  -0.3355 0.2099 0.6267
v  -0.3537 0.1478 0.6780
v  -0.3351 0.1372 0.6268
v  -0.3980 0.1219 0.6777
v  -0.3978 0.1006 0.6264
v  -0.4739 0.1285 0.4911
v  -0.4743 0.1287 0.6327
v  -0.4748 0.2169 0.6326
v  -0.4744 0.2168 0.4910
v  -0.3987 0.2615 0.6331
v  -0.3983 0.2613 0.4915
v  -0.3221 0.2177 0.6337
v  -0.3217 0.2176 0.4921
v  -0.3216 0.1295 0.6338
v  -0.3212 0.1293 0.4922
v  -0.3977 0.0850 0.6333
v  -0.3973 0.0848 0.4917
v  -0.0804 0.3591 0.6284
v  -0.0622 0.3699 0.6798
v  -0.0624 0.4213 0.6798
v  -0.0808 0.4318 0.6283
v  -0.0181 0.4472 0.6801
v  -0.0181 0.4684 0.6287
v  0.0265 0.4218 0.6804
v  0.0450 0.4324 0.6292
v  0.0267 0.3704 0.6805
v  0.0453 0.3598 0.6292
v  -0.0176 0.3445 0.6802
v  -0.0173 0.3231 0.6288
v  -0.0935 0.3511 0.4936
v  -0.0939 0.3513 0.6352
v  -0.0943 0.4395 0.6350
v  -0.0939 0.4393 0.4935
v  -0.0182 0.4840 0.6355
v  -0.0178 0.4839 0.4940
v  0.0584 0.4403 0.6361
v  0.0588 0.4402 0.4946
v  0.0589 0.3521 0.6362
v  0.0593 0.3519 0.4947
v  -0.0173 0.3075 0.6358
v  -0.0168 0.3074 0.4942
v  -0.3327 -0.3038 0.6274
v  -0.3514 -0.2932 0.6786
v  -0.3957 -0.3191 0.6783
v  -0.3954 -0.3405 0.6270
v  -0.4403 -0.2937 0.6779
v  -0.4585 -0.3045 0.6265
v  -0.4405 -0.2423 0.6779
v  -0.4589 -0.2319 0.6264
v  -0.3962 -0.2164 0.6782
v  -0.3962 -0.1952 0.6268
v  -0.3516 -0.2419 0.6785
v  -0.3331 -0.2312 0.6273
v  -0.3188 -0.3117 0.4928
v  -0.3192 -0.3115 0.6344
v  -0.3953 -0.3561 0.6339
v  -0.3949 -0.3563 0.4923
v  -0.4719 -0.3124 0.6333
v  -0.4715 -0.3125 0.4917
v  -0.4724 -0.2241 0.6332
v  -0.4720 -0.2243 0.4916
v  -0.3963 -0.1796 0.6336
v  -0.3959 -0.1798 0.4921
v  -0.3197 -0.2233 0.6342
v  -0.3193 -0.2235 0.4927
v  -0.4265 -1.0590 0.0262
v  -0.4267 -1.0589 0.1126
v  -0.7826 -0.8236 0.1097
v  -0.7824 -0.8237 0.0234
v  -1.0215 -0.4700 0.1076
v  -1.0213 -0.4701 0.0212
v  -1.1070 -0.0518 0.1065
v  -1.1067 -0.0519 0.0201
v  -1.0260 0.3673 0.1065
v  -1.0258 0.3672 0.0202
v  -0.7910 0.7235 0.1078
v  -0.7908 0.7234 0.0214
v  -0.4376 0.9626 0.1100
v  -0.4374 0.9624 0.0236
v  -0.0198 1.0481 0.1129
v  -0.0195 1.0480 0.0265
v  0.3990 0.9671 0.1160
v  0.3992 0.9670 0.0296
v  0.7549 0.7318 0.1188
v  0.7552 0.7317 0.0325
v  0.9938 0.3782 0.1210
v  0.9940 0.3781 0.0346
v  1.0793 -0.0400 0.1221
v  1.0795 -0.0401 0.0357
v  0.9983 -0.4591 0.1220
v  0.9986 -0.4592 0.0357
v  0.7633 -0.8153 0.1208
v  0.7635 -0.8154 0.0344
v  0.4099 -1.0544 0.1186
v  0.4102 -1.0545 0.0322
v  -0.0080 -1.1399 0.1157
v  -0.0077 -1.1400 0.0293
v  1.0448 1.4367 1.6072
v  1.3292 1.1832 1.6096
v  1.5547 0.8760 1.6116
v  1.7115 0.5287 1.6131
v  1.7947 -0.2249 1.6146
v  1.7176 -0.5981 1.6145
v  1.7927 0.1563 1.6142
v  1.5645 -0.9472 1.6139
v  1.3423 -1.2567 1.6127
v  1.0607 -1.5133 1.6110
v  0.3703 -1.8254 1.6064
v  -0.0082 -1.8673 1.6038
v  0.7319 -1.7057 1.6089
v  -0.3872 -1.8295 1.6010
v  -0.7501 -1.7136 1.5983
v  -1.0809 -1.5249 1.5957
v  -1.5909 -0.9642 1.5913
v  -1.7477 -0.6168 1.5898
v  -1.3653 -1.2713 1.5933
v  -1.8289 -0.2444 1.5887
v  -1.8309 0.1367 1.5883
v  -1.7538 0.5100 1.5884
v  -1.3785 1.1686 1.5902
v  -1.0969 1.4252 1.5919
v  -1.6149 0.8672 1.5491
v  -1.6007 0.8590 1.5890
v  -0.7681 1.6175 1.5940
v  -0.4065 1.7373 1.5965
v  -0.0279 1.7791 1.5991
v  0.7139 1.6255 1.6046
v  0.3510 1.7413 1.6019
v  0.9556 1.3122 1.5512
v  1.2161 1.0800 1.5533
v  1.4227 0.7987 1.5551
v  1.4628 0.7099 1.5555
v  1.5663 0.4805 1.5566
v  1.5352 0.4701 1.5255
v  1.5519 0.4757 1.5422
v  1.4546 0.7044 1.5390
v  1.4490 0.6742 1.5131
v  0.9501 1.3044 1.5375
v  1.2091 1.0736 1.5396
v  1.4145 0.7938 1.5414
v  1.6426 -0.2098 1.5580
v  1.5719 -0.5517 1.5579
v  1.6407 0.1394 1.5575
v  1.6200 0.2346 1.5573
v  1.6331 -0.2088 1.5442
v  1.5628 -0.5488 1.5441
v  1.6312 0.1383 1.5438
v  1.6102 0.2340 1.5406
v  1.5877 0.2548 1.5146
v  1.5558 0.2645 1.4833
v  1.4753 0.2418 1.4220
v  1.4292 0.6473 1.4819
v  1.3512 0.6172 1.4207
v  1.4317 -0.8714 1.5573
v  1.2282 -1.1549 1.5562
v  1.1562 -1.2206 1.5557
v  0.9702 -1.3899 1.5546
v  0.9508 -1.3634 1.5236
v  0.9612 -1.3776 1.5403
v  1.1486 -1.2144 1.5391
v  1.1182 -1.2183 1.5131
v  1.4235 -0.8666 1.5435
v  1.2211 -1.1486 1.5424
v  0.3378 -1.6758 1.5504
v  -0.0089 -1.7142 1.5480
v  0.6690 -1.5661 1.5527
v  0.7531 -1.5170 1.5532
v  0.3358 -1.6665 1.5367
v  -0.0089 -1.7046 1.5343
v  0.6651 -1.5574 1.5389
v  0.7496 -1.5078 1.5366
v  0.7625 -1.4799 1.5109
v  0.7619 -1.4465 1.4797
v  0.7157 -1.3768 1.4186
v  1.0866 -1.2077 1.4817
v  1.0340 -1.1427 1.4206
v  -0.3561 -1.6796 1.5455
v  -0.6884 -1.5735 1.5430
v  -0.7730 -1.5252 1.5423
v  -0.9915 -1.4005 1.5406
v  -0.9722 -1.3738 1.5099
v  -0.9825 -1.3881 1.5264
v  -0.7695 -1.5160 1.5258
v  -0.7826 -1.4883 1.4998
v  -0.3541 -1.6702 1.5318
v  -0.6845 -1.5647 1.5293
v  -1.4586 -0.8870 1.5366
v  -1.6022 -0.5688 1.5352
v  -1.2520 -1.1683 1.5384
v  -1.1793 -1.2331 1.5391
v  -1.4503 -0.8821 1.5230
v  -1.5931 -0.5658 1.5216
v  -1.2449 -1.1619 1.5248
v  -1.1716 -1.2269 1.5226
v  -1.1411 -1.2305 1.4970
v  -1.1094 -1.2196 1.4661
v  -1.0572 -1.1539 1.4056
v  -0.7821 -1.4548 1.4687
v  -0.7364 -1.3846 1.4082
v  -1.6766 -0.2277 1.5342
v  -1.6785 0.1215 1.5338
v  -1.6588 0.2169 1.5338
v  -1.6078 0.4634 1.5339
v  -1.5763 0.4533 1.5033
v  -1.5932 0.4587 1.5198
v  -1.6488 0.2164 1.5174
v  -1.6265 0.2375 1.4917
v  -1.6670 -0.2266 1.5206
v  -1.6689 0.1205 1.5202
v  -1.2641 1.0667 1.5356
v  -1.0061 1.3017 1.5372
v  -1.4676 0.7831 1.5345
v  -1.5068 0.6938 1.5343
v  -1.2569 1.0603 1.5220
v  -1.0004 1.2939 1.5235
v  -1.4592 0.7783 1.5209
v  -1.4984 0.6885 1.5179
v  -1.4923 0.6584 1.4921
v  -1.4720 0.6316 1.4612
v  -1.3933 0.6024 1.4011
v  -1.5944 0.2475 1.4608
v  -1.5134 0.2257 1.4007
v  -0.7049 1.4779 1.5391
v  -0.3737 1.5875 1.5413
v  -0.2769 1.5983 1.5420
v  -0.0270 1.6259 1.5438
v  -0.0267 1.5929 1.5130
v  -0.0268 1.6106 1.5295
v  -0.2743 1.5887 1.5255
v  -0.2473 1.5740 1.4999
v  -0.7009 1.4691 1.5255
v  -0.3716 1.5781 1.5277
v  0.6526 1.4852 1.5488
v  0.3202 1.5913 1.5463
v  0.2233 1.6010 1.5456
v  0.6487 1.4764 1.5351
v  0.3183 1.5819 1.5326
v  0.2208 1.5914 1.5290
v  0.1941 1.5763 1.5031
v  0.1751 1.5488 1.4718
v  0.1718 1.4650 1.4112
v  -0.2278 1.5466 1.4690
v  -0.2232 1.4629 1.4084
v  -0.0158 -0.0450 0.8028
v  -0.1192 0.2678 0.7909
v  -0.2108 0.2205 0.7904
v  -0.2832 0.1472 0.7899
v  -0.3295 0.0551 0.7897
v  -0.3450 -0.0468 0.7897
v  -0.3284 -0.1486 0.7900
v  -0.2811 -0.2402 0.7904
v  -0.2079 -0.3127 0.7910
v  -0.1158 -0.3590 0.7917
v  -0.0140 -0.3746 0.7925
v  0.0876 -0.3579 0.7932
v  0.1792 -0.3106 0.7938
v  0.2516 -0.2373 0.7942
v  0.2979 -0.1452 0.7944
v  0.3135 -0.0433 0.7944
v  0.2968 0.0584 0.7942
v  0.2495 0.1500 0.7937
v  0.1763 0.2226 0.7931
v  0.0843 0.2689 0.7924
v  -0.0176 0.2844 0.7916
v  -0.2114 0.2221 0.5068
v  -0.1192 0.2697 0.5074
v  -0.1922 0.4905 0.5066
v  -0.3490 0.4095 0.5056
v  -0.2844 0.1482 0.5063
v  -0.4731 0.2840 0.5048
v  -0.3310 0.0555 0.5061
v  -0.5524 0.1261 0.5044
v  -0.3467 -0.0472 0.5061
v  -0.5791 -0.0485 0.5045
v  -0.3299 -0.1497 0.5064
v  -0.5505 -0.2228 0.5049
v  -0.2823 -0.2420 0.5068
v  -0.4695 -0.3797 0.5057
v  -0.2085 -0.3150 0.5074
v  -0.3441 -0.5039 0.5067
v  -0.1158 -0.3617 0.5082
v  -0.1864 -0.5833 0.5079
v  -0.0132 -0.3773 0.5089
v  -0.0119 -0.6099 0.5092
v  0.0892 -0.3605 0.5096
v  0.1622 -0.5814 0.5104
v  0.1814 -0.3129 0.5102
v  0.3191 -0.5003 0.5114
v  0.2544 -0.2391 0.5107
v  0.4432 -0.3748 0.5122
v  0.3010 -0.1463 0.5109
v  0.5224 -0.2170 0.5126
v  0.3167 -0.0436 0.5109
v  0.5491 -0.0424 0.5125
v  0.2999 0.0589 0.5106
v  0.5206 0.1319 0.5121
v  0.2523 0.1511 0.5102
v  0.4396 0.2889 0.5113
v  0.1785 0.2242 0.5096
v  0.3141 0.4131 0.5103
v  0.0858 0.2708 0.5088
v  0.1564 0.4924 0.5091
v  -0.0168 0.2865 0.5081
v  -0.0180 0.5191 0.5078
v  -0.3504 0.4101 1.0077
v  -0.1936 0.4912 1.0087
v  -0.2308 0.6036 1.0083
v  -0.4205 0.5056 1.0071
v  -0.4746 0.2846 1.0070
v  -0.5707 0.3537 1.0062
v  -0.5538 0.1268 1.0066
v  -0.6666 0.1627 1.0057
v  -0.5805 -0.0478 1.0066
v  -0.6988 -0.0485 1.0058
v  -0.5519 -0.2221 1.0070
v  -0.6643 -0.2593 1.0063
v  -0.4710 -0.3791 1.0078
v  -0.5663 -0.4492 1.0072
v  -0.3455 -0.5033 1.0089
v  -0.4145 -0.5995 1.0085
v  -0.1878 -0.5826 1.0101
v  -0.2238 -0.6955 1.0100
v  -0.0134 -0.6093 1.0114
v  -0.0127 -0.7277 1.0115
v  0.1608 -0.5808 1.0126
v  0.1980 -0.6932 1.0130
v  0.3176 -0.4997 1.0136
v  0.3877 -0.5952 1.0142
v  0.4417 -0.3742 1.0143
v  0.5378 -0.4432 1.0151
v  0.5210 -0.2164 1.0147
v  0.6337 -0.2523 1.0155
v  0.5477 -0.0418 1.0147
v  0.6660 -0.0411 1.0155
v  0.5191 0.1325 1.0143
v  0.6315 0.1697 1.0150
v  0.4382 0.2895 1.0135
v  0.5335 0.3596 1.0141
v  0.3127 0.4137 1.0124
v  0.3817 0.5099 1.0128
v  0.1550 0.4930 1.0112
v  0.1910 0.6059 1.0113
v  -0.0195 0.5197 1.0099
v  -0.0201 0.6382 1.0098
v  1.2108 1.0728 0.9357
v  0.9518 1.3037 0.9334
v  0.9551 1.3023 -0.2384
v  1.2141 1.0714 -0.2248
v  1.4162 0.7931 0.9375
v  1.4195 0.7916 -0.2230
v  1.6348 -0.2096 0.9403
v  1.6381 -0.2110 -0.2202
v  1.5679 -0.5509 -0.2318
v  1.5645 -0.5495 0.9401
v  1.6329 0.1376 0.9398
v  1.6362 0.1361 -0.2206
v  1.6138 0.2322 0.9401
v  1.5623 0.4753 -0.2216
v  1.4252 -0.8674 0.9396
v  1.4285 -0.8688 -0.2209
v  1.2228 -1.1493 0.9385
v  1.2261 -1.1507 -0.2220
v  0.3375 -1.6672 0.9328
v  0.3409 -1.6686 -0.2276
v  -0.0039 -1.7068 -0.2416
v  -0.0072 -1.7053 0.9303
v  0.6669 -1.5582 0.9350
v  0.6702 -1.5596 -0.2254
v  0.7508 -1.5107 0.9360
v  0.9696 -1.3844 -0.2235
v  -0.3524 -1.6709 0.9279
v  -0.3491 -1.6723 -0.2326
v  -0.6828 -1.5654 0.9254
v  -0.6795 -1.5669 -0.2351
v  -0.7673 -1.5189 0.9252
v  -0.9808 -1.3949 -0.2374
v  -1.4485 -0.8829 0.9191
v  -1.4452 -0.8843 -0.2414
v  -1.5880 -0.5680 -0.2543
v  -1.5913 -0.5665 0.9176
v  -1.2432 -1.1626 0.9209
v  -1.2399 -1.1640 -0.2396
v  -1.1721 -1.2279 0.9219
v  -1.6653 -0.2274 0.9167
v  -1.6620 -0.2288 -0.2437
v  -1.6672 0.1198 0.9163
v  -1.6639 0.1183 -0.2442
v  -1.2552 1.0595 0.9181
v  -1.2519 1.0581 -0.2424
v  -0.9953 1.2917 -0.2524
v  -0.9987 1.2932 0.9195
v  -1.4575 0.7776 0.9170
v  -1.4542 0.7762 -0.2435
v  -1.4976 0.6898 0.9173
v  -1.5936 0.4583 -0.2441
v  -0.6992 1.4684 0.9215
v  -0.6959 1.4669 -0.2389
v  -0.3699 1.5774 0.9238
v  -0.3666 1.5760 -0.2367
v  0.6505 1.4756 0.9312
v  0.6538 1.4742 -0.2293
v  0.3200 1.5811 0.9287
v  0.3233 1.5797 -0.2318
v  0.2242 1.5921 0.9284
v  -0.0218 1.6141 -0.2343
v  -0.1190 0.2697 0.4521
v  -0.2112 0.2220 0.4515
v  -0.2842 0.1482 0.4511
v  -0.3308 0.0554 0.4508
v  -0.3465 -0.0473 0.4509
v  -0.3297 -0.1498 0.4511
v  -0.2821 -0.2420 0.4516
v  -0.2083 -0.3151 0.4522
v  -0.1156 -0.3617 0.4529
v  -0.0130 -0.3774 0.4536
v  0.0894 -0.3606 0.4544
v  0.1816 -0.3130 0.4550
v  0.2546 -0.2391 0.4554
v  0.3012 -0.1464 0.4556
v  0.3168 -0.0437 0.4556
v  0.3001 0.0588 0.4553
v  0.2525 0.1511 0.4549
v  0.1787 0.2241 0.4543
v  0.0860 0.2708 0.4536
v  -0.0166 0.2864 0.4528
v  -0.3489 0.4094 0.4503
v  -0.1920 0.4905 0.4513
v  -0.4730 0.2839 0.4495
v  -0.5522 0.1261 0.4492
v  -0.5789 -0.0485 0.4492
v  -0.5504 -0.2228 0.4496
v  -0.4694 -0.3798 0.4504
v  -0.3439 -0.5040 0.4514
v  -0.1862 -0.5833 0.4527
v  -0.0118 -0.6100 0.4539
v  0.1624 -0.5814 0.4552
v  0.3192 -0.5004 0.4562
v  0.4433 -0.3748 0.4569
v  0.5226 -0.2170 0.4573
v  0.5493 -0.0424 0.4573
v  0.5207 0.1319 0.4568
v  0.4397 0.2888 0.4561
v  0.3143 0.4130 0.4550
v  0.1566 0.4924 0.4538
v  -0.0179 0.5191 0.4525
v  -0.2289 0.6028 0.3393
v  -0.4186 0.5047 0.3380
v  -0.5688 0.3528 0.3371
v  -0.6647 0.1619 0.3367
v  -0.6969 -0.0493 0.3367
v  -0.6624 -0.2602 0.3372
v  -0.5644 -0.4500 0.3382
v  -0.4126 -0.6003 0.3394
v  -0.2219 -0.6963 0.3409
v  -0.0108 -0.7286 0.3425
v  0.1999 -0.6940 0.3439
v  0.3896 -0.5960 0.3451
v  0.5398 -0.4441 0.3460
v  0.6357 -0.2532 0.3465
v  0.6679 -0.0419 0.3465
v  0.6334 0.1689 0.3459
v  0.5354 0.3588 0.3450
v  0.3836 0.5091 0.3437
v  0.1929 0.6050 0.3423
v  -0.0182 0.6373 0.3407
v  -0.2574 0.6889 0.3390
v  -0.4723 0.5779 0.3375
v  -0.6424 0.4058 0.3365
v  -0.7510 0.1895 0.3360
v  -0.7876 -0.0498 0.3361
v  -0.7485 -0.2887 0.3366
v  -0.6375 -0.5038 0.3377
v  -0.4655 -0.6740 0.3391
v  -0.2494 -0.7827 0.3408
v  -0.0103 -0.8193 0.3426
v  0.2284 -0.7802 0.3442
v  0.4433 -0.6691 0.3456
v  0.6134 -0.4970 0.3466
v  0.7220 -0.2807 0.3471
v  0.7586 -0.0415 0.3471
v  0.7194 0.1974 0.3465
v  0.6085 0.4125 0.3455
v  0.4365 0.5828 0.3440
v  0.2204 0.6915 0.3424
v  -0.0187 0.7281 0.3406
v  -0.2567 0.6886 0.1116
v  -0.4716 0.5776 0.1102
v  -0.6418 0.4055 0.1092
v  -0.7504 0.1892 0.1087
v  -0.7869 -0.0501 0.1088
v  -0.7478 -0.2889 0.1093
v  -0.6368 -0.5040 0.1104
v  -0.4649 -0.6743 0.1118
v  -0.2488 -0.7830 0.1135
v  -0.0097 -0.8196 0.1153
v  0.2290 -0.7804 0.1169
v  0.4439 -0.6694 0.1183
v  0.6140 -0.4973 0.1193
v  0.7227 -0.2810 0.1198
v  0.7592 -0.0417 0.1198
v  0.7201 0.1972 0.1192
v  0.6091 0.4122 0.1182
v  0.4372 0.5825 0.1167
v  0.2211 0.6912 0.1151
v  -0.0180 0.7278 0.1133
v  1.4572 0.7057 0.9384
v  1.1525 -1.2153 0.9385
v  -1.6490 0.2146 0.9167
v  -0.2742 1.5895 0.9249
v  1.4514 0.6737 0.9262
v  1.4263 0.6451 0.9063
v  1.5901 0.2543 0.9277
v  1.5529 0.2623 0.9077
v  1.1203 -1.2197 0.9262
v  1.0854 -1.2046 0.9061
v  0.7646 -1.4813 0.9208
v  0.7607 -1.4433 0.9025
v  -0.7813 -1.4896 0.9129
v  -0.7777 -1.4516 0.8931
v  -1.1398 -1.2319 0.9101
v  -1.1049 -1.2164 0.8905
v  -1.6255 0.2370 0.9048
v  -1.5883 0.2453 0.8853
v  -1.4914 0.6579 0.9052
v  -1.4658 0.6295 0.8857
v  -0.2456 1.5740 0.9130
v  -0.2261 1.5411 0.8934
v  0.1958 1.5764 0.9162
v  0.1768 1.5433 0.8963
v  1.5842 -0.9576 -0.2388
v  -0.2255 -0.6778 0.3394
v  -0.5458 -0.4476 0.3368
v  -0.6805 -0.0402 0.3354
v  -0.5607 0.3359 0.3358
v  0.2033 -0.6755 0.3409
v  0.5211 -0.4418 0.3444
v  0.5275 0.3417 0.3435
v  0.6514 -0.0330 0.3449
v  -0.2151 0.5900 0.3379
v  0.1793 0.5921 0.3407
v  -0.2299 -0.6810 0.9163
v  -0.5502 -0.4508 0.9138
v  0.5223 -0.4450 0.9214
v  0.2045 -0.6787 0.9195
v  0.5304 0.3440 0.9205
v  0.6543 -0.0308 0.9219
v  -0.6867 -0.0380 0.9123
v  -0.5669 0.3380 0.9127
v  -0.2168 0.5955 0.9149
v  0.1776 0.5976 0.9177
# 869 vertices

vn 0.8734 -0.2787 0.3994
vn 0.9123 -0.0906 0.3993
vn 0.4931 -0.0486 0.8686
vn 0.4718 -0.1513 0.8686
vn 0.9113 0.1015 0.3991
vn 0.4925 0.0562 0.8685
vn 0.4701 0.1585 0.8682
vn 0.8703 0.2892 0.3987
vn 0.1414 -0.0136 0.9899
vn 0.1350 -0.0441 0.9899
vn 0.1412 0.0176 0.9898
vn 0.1345 0.0480 0.9897
vn -0.0141 0.0019 0.9999
vn -0.0138 0.0034 0.9999
vn -0.0140 0.0005 0.9999
vn -0.0138 -0.0010 0.9999
vn 0.5337 0.7468 0.3968
vn 0.2864 0.4080 0.8669
vn 0.3648 0.3384 0.8674
vn 0.6773 0.6190 0.3975
vn 0.4269 0.2540 0.8679
vn 0.7912 0.4642 0.3982
vn 0.0799 0.1222 0.9893
vn 0.1032 0.1015 0.9895
vn 0.1217 0.0764 0.9896
vn -0.0112 -0.0044 0.9999
vn -0.0123 -0.0035 0.9999
vn -0.0132 -0.0023 0.9999
vn 0.0022 -0.9179 0.3968
vn 0.1932 -0.8970 0.3975
vn 0.1007 -0.4881 0.8669
vn -0.0034 -0.4994 0.8664
vn 0.3758 -0.8368 0.3981
vn 0.2002 -0.4554 0.8675
vn 0.2908 -0.4027 0.8679
vn 0.5418 -0.7400 0.3987
vn 0.0247 -0.1442 0.9892
vn -0.0063 -0.1476 0.9890
vn 0.0543 -0.1345 0.9894
vn 0.0812 -0.1188 0.9896
vn -0.0086 0.0081 0.9999
vn -0.0072 0.0082 0.9999
vn -0.0100 0.0076 0.9999
vn -0.0113 0.0069 0.9999
vn 0.4296 -0.2472 0.8685
vn 0.7961 -0.4547 0.3993
vn 0.3684 -0.3322 0.8683
vn 0.6840 -0.6107 0.3991
vn 0.1225 -0.0726 0.9898
vn 0.1043 -0.0979 0.9897
vn -0.0132 0.0047 0.9999
vn -0.0124 0.0059 0.9999
vn -0.8737 -0.2875 0.3923
vn -0.7950 -0.4623 0.3928
vn -0.4378 -0.2511 0.8633
vn -0.4806 -0.1558 0.8630
vn -0.6816 -0.6170 0.3935
vn -0.3759 -0.3353 0.8639
vn -0.2980 -0.4050 0.8644
vn -0.5384 -0.7447 0.3943
vn -0.1355 -0.0738 0.9880
vn -0.1483 -0.0455 0.9879
vn -0.1171 -0.0989 0.9882
vn -0.0939 -0.1196 0.9884
vn -0.0011 0.0048 1.0000
vn -0.0005 0.0034 1.0000
vn -0.0020 0.0059 1.0000
vn -0.0031 0.0069 1.0000
vn -0.1076 -0.4888 0.8657
vn -0.1889 -0.8986 0.3960
vn -0.2072 -0.4569 0.8650
vn -0.3718 -0.8400 0.3951
vn -0.0372 -0.1445 0.9888
vn -0.0669 -0.1350 0.9886
vn -0.0057 0.0081 1.0000
vn -0.0044 0.0076 1.0000
vn -0.5464 0.7399 0.3924
vn -0.6882 0.6106 0.3920
vn -0.3795 0.3334 0.8630
vn -0.3023 0.4039 0.8634
vn -0.7999 0.4547 0.3917
vn -0.4404 0.2485 0.8627
vn -0.4823 0.1528 0.8626
vn -0.8768 0.2791 0.3916
vn -0.1182 0.1001 0.9879
vn -0.0952 0.1211 0.9881
vn -0.1363 0.0749 0.9878
vn -0.1488 0.0464 0.9878
vn -0.0020 -0.0034 1.0000
vn -0.0030 -0.0044 1.0000
vn -0.0011 -0.0022 1.0000
vn -0.0005 -0.0009 1.0000
vn -0.4965 -0.1059 0.8616
vn -0.8998 -0.1951 0.3901
vn -0.9208 -0.0045 0.3900
vn -0.5079 -0.0017 0.8614
vn -0.5034 0.0506 0.8626
vn -0.9156 0.0914 0.3916
vn -0.1532 -0.0307 0.9877
vn -0.1567 0.0004 0.9877
vn -0.1551 0.0160 0.9878
vn -0.0003 0.0027 1.0000
vn -0.0001 0.0013 1.0000
vn -0.0002 0.0006 1.0000
vn 0.3667 0.8418 0.3961
vn 0.1953 0.4597 0.8663
vn 0.1836 0.9000 0.3953
vn 0.0954 0.4914 0.8657
vn -0.0088 0.5016 0.8651
vn -0.0077 0.9189 0.3945
vn 0.0528 0.1376 0.9891
vn 0.0232 0.1470 0.9889
vn -0.0079 0.1501 0.9886
vn -0.0100 -0.0052 0.9999
vn -0.0086 -0.0056 0.9999
vn -0.0071 -0.0058 1.0000
vn -0.2121 0.4568 0.8639
vn -0.3808 0.8370 0.3930
vn -0.1129 0.4899 0.8645
vn -0.1986 0.8975 0.3937
vn -0.0684 0.1368 0.9882
vn -0.0388 0.1466 0.9884
vn -0.0036 -0.0048 1.0000
vn -0.0050 -0.0054 1.0000
vn -0.0057 -0.0056 1.0000
vn 0.8768 -0.2791 -0.3916
vn 0.4823 -0.1528 -0.8626
vn 0.5035 -0.0506 -0.8625
vn 0.9156 -0.0914 -0.3916
vn 0.5029 0.0538 -0.8627
vn 0.9145 0.1003 -0.3919
vn 0.4807 0.1559 -0.8629
vn 0.8737 0.2875 -0.3923
vn 0.1717 -0.0537 -0.9837
vn 0.1576 -0.0135 -0.9874
vn 0.1549 0.0151 -0.9878
vn 0.1483 0.0455 -0.9879
vn 0.0418 -0.0123 -0.9990
vn 0.0010 0.0070 -1.0000
vn 0.0003 -0.0020 -1.0000
vn 0.0005 -0.0034 -1.0000
vn 0.5384 0.7447 -0.3943
vn 0.6815 0.6169 -0.3935
vn 0.3760 0.3353 -0.8638
vn 0.2980 0.4049 -0.8644
vn 0.7950 0.4623 -0.3928
vn 0.4377 0.2511 -0.8633
vn 0.1206 0.0984 -0.9878
vn 0.1079 0.1392 -0.9844
vn 0.1355 0.0738 -0.9880
vn 0.0071 -0.0115 -0.9999
vn 0.0284 0.0284 -0.9992
vn 0.0012 -0.0047 -1.0000
vn 0.0077 -0.9189 -0.3945
vn 0.0088 -0.5016 -0.8651
vn 0.1128 -0.4898 -0.8645
vn 0.1986 -0.8975 -0.3937
vn 0.2121 -0.4568 -0.8639
vn 0.3808 -0.8370 -0.3930
vn 0.3023 -0.4039 -0.8634
vn 0.5464 -0.7399 -0.3924
vn 0.0080 -0.1742 -0.9847
vn 0.0419 -0.1482 -0.9881
vn 0.0684 -0.1368 -0.9882
vn 0.0952 -0.1211 -0.9881
vn 0.0073 -0.0376 -0.9993
vn 0.0130 0.0072 -0.9999
vn 0.0043 0.0051 -1.0000
vn 0.0030 0.0044 -1.0000
vn 0.7999 -0.4547 -0.3917
vn 0.4404 -0.2485 -0.8627
vn 0.6882 -0.6106 -0.3920
vn 0.3796 -0.3334 -0.8630
vn 0.1369 -0.0783 -0.9875
vn 0.1182 -0.1001 -0.9879
vn -0.0026 -0.0043 -1.0000
vn 0.0019 0.0034 -1.0000
vn -0.8703 -0.2892 -0.3987
vn -0.4701 -0.1585 -0.8682
vn -0.4269 -0.2540 -0.8679
vn -0.7912 -0.4642 -0.3982
vn -0.3648 -0.3384 -0.8674
vn -0.6773 -0.6190 -0.3976
vn -0.2864 -0.4080 -0.8669
vn -0.5337 -0.7468 -0.3968
vn -0.1574 -0.0556 -0.9860
vn -0.1222 -0.0798 -0.9893
vn -0.1032 -0.1015 -0.9895
vn -0.0799 -0.1222 -0.9893
vn -0.0275 -0.0127 -0.9995
vn 0.0170 -0.0042 -0.9998
vn 0.0123 0.0034 -0.9999
vn 0.0112 0.0044 -0.9999
vn -0.1836 -0.9000 -0.3952
vn -0.0954 -0.4914 -0.8657
vn -0.3667 -0.8418 -0.3961
vn -0.1953 -0.4597 -0.8664
vn -0.0262 -0.1487 -0.9885
vn -0.0528 -0.1376 -0.9891
vn 0.0012 0.0071 -1.0000
vn 0.0099 0.0051 -0.9999
vn -0.5417 0.7400 -0.3987
vn -0.2908 0.4027 -0.8679
vn -0.3684 0.3322 -0.8683
vn -0.6840 0.6107 -0.3991
vn -0.4296 0.2472 -0.8685
vn -0.7961 0.4547 -0.3993
vn -0.4718 0.1513 -0.8686
vn -0.8734 0.2787 -0.3994
vn -0.0955 0.1382 -0.9858
vn -0.1077 0.0974 -0.9894
vn -0.1225 0.0726 -0.9898
vn -0.1350 0.0441 -0.9899
vn -0.0144 0.0281 -0.9995
vn 0.0073 -0.0115 -0.9999
vn 0.0131 -0.0046 -0.9999
vn 0.0138 -0.0033 -0.9999
vn -0.8964 -0.1966 -0.3972
vn -0.4860 -0.1084 -0.8672
vn -0.9177 -0.0055 -0.3973
vn -0.9123 0.0906 -0.3993
vn -0.4931 0.0486 -0.8686
vn -0.4977 -0.0038 -0.8673
vn -0.1445 -0.0284 -0.9891
vn -0.1413 0.0136 -0.9899
vn -0.1429 -0.0020 -0.9897
vn 0.0123 0.0152 -0.9998
vn 0.0141 -0.0019 -0.9999
vn 0.0141 -0.0012 -0.9999
vn 0.2072 0.4569 -0.8651
vn 0.3718 0.8400 -0.3951
vn 0.1076 0.4889 -0.8657
vn 0.1889 0.8986 -0.3960
vn 0.0034 0.4995 -0.8663
vn -0.0022 0.9179 -0.3968
vn 0.0654 0.1382 -0.9882
vn 0.0372 0.1445 -0.9888
vn 0.0063 0.1477 -0.9890
vn -0.0025 -0.0045 -1.0000
vn 0.0057 -0.0081 -1.0000
vn 0.0072 -0.0081 -0.9999
vn -0.3758 0.8368 -0.3982
vn -0.2002 0.4554 -0.8675
vn -0.1932 0.8970 -0.3975
vn -0.1007 0.4881 -0.8669
vn -0.0528 0.1376 -0.9891
vn -0.0247 0.1443 -0.9892
vn 0.0169 -0.0044 -0.9998
vn 0.0086 -0.0080 -0.9999
vn -0.7997 -0.4647 0.3803
vn -0.5727 -0.3311 0.7499
vn -0.5762 0.3268 0.7491
vn -0.8046 0.4570 0.3792
vn -0.0079 0.6595 0.7517
vn -0.0087 0.9243 0.3815
vn 0.5647 0.3333 0.7550
vn 0.7958 0.4677 0.3847
vn 0.5682 -0.3253 0.7559
vn 0.8008 -0.4581 0.3859
vn -0.0008 -0.6577 0.7533
vn 0.0013 -0.9234 0.3839
vn -1.0000 -0.0054 -0.0028
vn -1.0000 -0.0054 -0.0029
vn -0.5050 0.8631 -0.0025
vn 0.4956 0.8685 0.0003
vn 0.4956 0.8685 0.0004
vn 1.0000 0.0054 0.0029
vn 0.5049 -0.8631 0.0025
vn 0.5049 -0.8632 0.0025
vn 0.5050 -0.8631 0.0025
vn -0.4956 -0.8685 -0.0003
vn -0.4956 -0.8686 -0.0003
vn -0.4957 -0.8685 -0.0004
vn -0.0072 0.0012 1.0000
vn -0.0072 0.0011 1.0000
vn -0.0073 0.0013 1.0000
vn -0.5762 0.3269 0.7491
vn -0.8046 0.4570 0.3791
vn -0.0079 0.6594 0.7517
vn -0.0088 0.9243 0.3816
vn 0.5646 0.3334 0.7550
vn 0.7958 0.4677 0.3846
vn 0.8008 -0.4581 0.3858
vn -0.0008 -0.6576 0.7533
vn 0.0012 -0.9234 0.3838
vn 1.0000 0.0054 0.0028
vn 1.0000 0.0055 0.0029
vn -0.4956 -0.8685 -0.0004
vn -0.0071 0.0012 1.0000
vn -0.8046 0.4569 0.3792
vn 0.5646 0.3333 0.7551
vn 0.7957 0.4677 0.3847
vn 0.5682 -0.3253 0.7558
vn -0.0007 -0.6577 0.7533
vn 0.0012 -0.9234 0.3837
vn -0.5049 0.8632 -0.0025
vn -0.7996 -0.4647 0.3803
vn -0.5762 0.3268 0.7492
vn -0.0079 0.6596 0.7516
vn 0.7957 0.4677 0.3848
vn 0.8007 -0.4581 0.3859
vn -0.0008 -0.6576 0.7534
vn -1.0000 -0.0055 -0.0029
vn -0.5049 0.8631 -0.0025
vn 0.4957 0.8685 0.0003
vn -0.0072 0.0010 1.0000
vn -0.0072 0.0013 1.0000
vn -0.7997 -0.4647 0.3802
vn -0.0079 0.6595 0.7516
vn 0.5646 0.3333 0.7550
vn 0.7958 0.4676 0.3847
vn 0.8008 -0.4580 0.3859
vn 0.0013 -0.9234 0.3838
vn -0.5049 0.8632 -0.0026
vn -0.0071 0.0013 1.0000
vn 0.5682 -0.3254 0.7559
vn -0.0080 0.6595 0.7516
vn 0.4956 0.8686 0.0003
vn 0.4956 0.8686 0.0004
vn -0.5514 -0.8343 -0.0005
vn -0.7033 -0.7109 -0.0011
vn -0.7038 -0.7104 -0.0011
vn -0.9218 -0.3876 -0.0022
vn -0.9220 -0.3872 -0.0022
vn -0.9259 0.3776 -0.0031
vn -0.9261 0.3773 -0.0031
vn -0.7109 0.7033 -0.0029
vn -0.7114 0.7028 -0.0029
vn -0.3874 0.9219 -0.0023
vn -0.3883 0.9215 -0.0023
vn -0.0048 1.0000 -0.0013
vn -0.0059 1.0000 -0.0013
vn 0.3784 0.9256 -0.0000
vn 0.3775 0.9260 -0.0000
vn 0.7038 0.7104 0.0011
vn 0.7033 0.7109 0.0011
vn 0.9220 0.3873 0.0022
vn 0.9218 0.3876 0.0022
vn 0.9261 -0.3773 0.0031
vn 0.9259 -0.3776 0.0031
vn 0.7114 -0.7028 0.0028
vn 0.7109 -0.7033 0.0028
vn 0.3883 -0.9215 0.0022
vn 0.3874 -0.9219 0.0022
vn 0.0059 -1.0000 0.0012
vn 0.0049 -1.0000 0.0012
vn -0.1899 -0.9818 0.0007
vn 0.0071 -0.0012 -1.0000
vn 0.0072 -0.0012 -1.0000
vn 0.0071 -0.0011 -1.0000
vn 0.0071 -0.0013 -1.0000
vn 0.6813 0.6229 0.3843
vn 0.5368 0.7513 0.3840
vn 0.5371 0.7511 0.3839
vn 0.6816 0.6227 0.3843
vn 0.7959 0.4672 0.3850
vn 0.7961 0.4669 0.3850
vn 0.8757 0.2908 0.3854
vn 0.8756 0.2910 0.3854
vn 0.9180 -0.0912 0.3860
vn 0.8788 -0.2804 0.3861
vn 0.8787 -0.2806 0.3861
vn 0.9169 0.1021 0.3859
vn 0.9169 0.1021 0.3860
vn 0.8010 -0.4576 0.3861
vn 0.8011 -0.4574 0.3861
vn 0.6880 -0.6145 0.3860
vn 0.6882 -0.6143 0.3860
vn 0.5452 -0.7443 0.3857
vn 0.5449 -0.7445 0.3857
vn 0.1941 -0.9024 0.3847
vn 0.1946 -0.9023 0.3847
vn 0.0025 -0.9232 0.3842
vn 0.0020 -0.9232 0.3842
vn 0.3778 -0.8419 0.3854
vn 0.3782 -0.8417 0.3854
vn -0.1902 -0.9037 0.3835
vn -0.1898 -0.9038 0.3835
vn -0.3741 -0.8447 0.3827
vn -0.3737 -0.8449 0.3827
vn -0.5413 -0.7491 0.3819
vn -0.5416 -0.7489 0.3819
vn -0.7995 -0.4648 0.3806
vn -0.7993 -0.4650 0.3806
vn -0.8786 -0.2892 0.3800
vn -0.8786 -0.2891 0.3800
vn -0.6855 -0.6203 0.3812
vn -0.6853 -0.6205 0.3812
vn -0.9196 -0.1008 0.3798
vn -0.9206 0.0918 0.3795
vn -0.9206 0.0919 0.3795
vn -0.8817 0.2807 0.3793
vn -0.8817 0.2805 0.3793
vn -0.6921 0.6138 0.3797
vn -0.6919 0.6141 0.3797
vn -0.5494 0.7441 0.3801
vn -0.5497 0.7439 0.3801
vn -0.8044 0.4571 0.3795
vn -0.8043 0.4573 0.3795
vn -0.3832 0.8416 0.3807
vn -0.3828 0.8418 0.3807
vn -0.2000 0.9027 0.3811
vn -0.1995 0.9028 0.3811
vn -0.0075 0.9242 0.3819
vn -0.0079 0.9242 0.3819
vn 0.3687 0.8469 0.3832
vn 0.3691 0.8467 0.3832
vn 0.1844 0.9054 0.3825
vn 0.1849 0.9053 0.3825
vn -0.2057 -0.2756 0.9390
vn -0.3529 -0.4818 0.8021
vn -0.4455 -0.3989 0.8015
vn -0.2588 -0.2282 0.9386
vn -0.5188 -0.2987 0.8010
vn -0.3010 -0.1708 0.9382
vn -0.5843 -0.2577 0.7695
vn -0.4928 -0.1648 0.8544
vn -0.3303 -0.1058 0.9379
vn -0.6595 -0.2245 0.7174
vn -0.6544 -0.2269 0.7213
vn -0.7881 -0.3369 0.5151
vn -0.7635 -0.2871 0.5784
vn -0.4815 -0.6636 0.5725
vn -0.6091 -0.5497 0.5717
vn -0.7121 -0.4129 0.5678
vn -0.3314 0.1046 0.9377
vn -0.3458 0.0349 0.9376
vn -0.5969 0.0598 0.8000
vn -0.5717 0.1813 0.8002
vn -0.3455 -0.0363 0.9377
vn -0.5984 -0.0614 0.7988
vn -0.6291 -0.1350 0.7655
vn -0.8175 0.0817 0.5701
vn -0.7827 0.2489 0.5704
vn -0.8172 -0.0822 0.5705
vn -0.8331 -0.1853 0.5212
vn -0.7776 -0.2037 0.5948
vn -0.6480 -0.1990 0.7352
vn -0.5622 -0.1830 0.8065
vn -0.6405 -0.2218 0.7353
vn -0.5220 0.2951 0.8002
vn -0.3028 0.1699 0.9378
vn -0.4498 0.3961 0.8005
vn -0.2613 0.2277 0.9380
vn -0.4309 0.4714 0.7695
vn -0.3147 0.4127 0.8548
vn -0.2086 0.2758 0.9383
vn -0.4223 0.5537 0.7177
vn -0.4231 0.5481 0.7215
vn -0.5678 0.6423 0.5148
vn -0.5132 0.6340 0.5785
vn -0.7144 0.4055 0.5703
vn -0.6168 0.5462 0.5668
vn -0.0086 0.3422 0.9396
vn -0.0795 0.3343 0.9391
vn -0.1327 0.5822 0.8021
vn -0.0090 0.5961 0.8029
vn -0.1471 0.3118 0.9387
vn -0.2487 0.5459 0.8001
vn -0.3280 0.5524 0.7663
vn -0.1785 0.8005 0.5722
vn -0.0083 0.8194 0.5731
vn -0.3347 0.7492 0.5716
vn -0.4376 0.7322 0.5219
vn -0.4383 0.6732 0.5956
vn -0.3945 0.5504 0.7358
vn -0.3531 0.4734 0.8070
vn -0.4139 0.5362 0.7356
vn -0.3532 0.4734 0.8070
vn 0.1149 0.5841 0.8035
vn 0.0624 0.3352 0.9401
vn 0.2337 0.5465 0.8042
vn 0.1305 0.3137 0.9405
vn 0.3117 0.5521 0.7733
vn 0.2908 0.4223 0.8585
vn 0.1925 0.2784 0.9410
vn 0.3932 0.5696 0.7218
vn 0.3875 0.5685 0.7258
vn 0.4338 0.7368 0.5187
vn 0.4424 0.6819 0.5825
vn 0.1622 0.8028 0.5738
vn 0.3267 0.7533 0.5708
vn 0.3177 0.1085 0.9420
vn 0.2882 0.1735 0.9417
vn 0.5094 0.3019 0.8058
vn 0.5608 0.1884 0.8063
vn 0.2459 0.2310 0.9414
vn 0.4389 0.4012 0.8040
vn 0.4207 0.4791 0.7703
vn 0.7045 0.4145 0.5761
vn 0.7751 0.2583 0.5767
vn 0.6074 0.5473 0.5758
vn 0.5597 0.6404 0.5259
vn 0.5029 0.6225 0.5996
vn 0.3985 0.5419 0.7399
vn 0.3373 0.4782 0.8109
vn 0.3790 0.5562 0.7396
vn 0.5872 0.0665 0.8067
vn 0.3329 0.0387 0.9422
vn 0.5881 -0.0581 0.8067
vn 0.3333 -0.0327 0.9423
vn 0.6176 -0.1303 0.7756
vn 0.4870 -0.1511 0.8602
vn 0.3188 -0.1026 0.9422
vn 0.6595 -0.2019 0.7240
vn 0.6567 -0.1969 0.7280
vn 0.8326 -0.1877 0.5211
vn 0.7825 -0.2132 0.5850
vn 0.8114 0.0908 0.5774
vn 0.8152 -0.0809 0.5734
vn 0.1955 -0.2739 0.9417
vn 0.2484 -0.2259 0.9419
vn 0.4396 -0.3955 0.8064
vn 0.3473 -0.4791 0.8061
vn 0.2901 -0.1680 0.9421
vn 0.5126 -0.2980 0.8052
vn 0.5814 -0.2564 0.7721
vn 0.6086 -0.5444 0.5773
vn 0.4817 -0.6596 0.5771
vn 0.7053 -0.4113 0.5773
vn 0.7794 -0.3372 0.5281
vn 0.7446 -0.2893 0.6015
vn 0.6350 -0.2158 0.7418
vn 0.5548 -0.1777 0.8128
vn 0.6422 -0.1928 0.7419
vn 0.2396 -0.5419 0.8055
vn 0.1338 -0.3098 0.9413
vn 0.1212 -0.5807 0.8051
vn 0.0660 -0.3322 0.9409
vn 0.0620 -0.6307 0.7735
vn 0.0013 -0.5137 0.8580
vn -0.0049 -0.3399 0.9404
vn 0.0072 -0.6924 0.7215
vn 0.0111 -0.6883 0.7254
vn 0.0754 -0.8512 0.5194
vn 0.0353 -0.8117 0.5829
vn 0.3337 -0.7460 0.5763
vn 0.1713 -0.8020 0.5723
vn -0.1438 -0.3109 0.9395
vn -0.2449 -0.5434 0.8029
vn -0.0759 -0.3327 0.9400
vn -0.1299 -0.5828 0.8022
vn -0.0690 -0.6352 0.7692
vn -0.3329 -0.7485 0.5736
vn -0.1767 -0.7995 0.5741
vn -0.0832 -0.8468 0.5253
vn -0.0488 -0.7993 0.5990
vn -0.0137 -0.6733 0.7392
vn -0.0026 -0.5859 0.8103
vn 0.0104 -0.6731 0.7395
vn -0.0026 -0.5859 0.8104
vn -0.0173 0.0321 0.9993
vn -0.0264 0.0275 0.9993
vn -0.0336 0.0202 0.9992
vn -0.0382 0.0111 0.9992
vn -0.0397 0.0010 0.9992
vn -0.0380 -0.0090 0.9992
vn -0.0334 -0.0180 0.9993
vn -0.0261 -0.0252 0.9993
vn -0.0170 -0.0298 0.9994
vn -0.0070 -0.0313 0.9995
vn 0.0031 -0.0297 0.9996
vn 0.0121 -0.0250 0.9996
vn 0.0193 -0.0178 0.9997
vn 0.0239 -0.0086 0.9997
vn 0.0254 0.0014 0.9997
vn 0.0238 0.0114 0.9997
vn 0.0191 0.0205 0.9996
vn 0.0118 0.0277 0.9995
vn 0.0027 0.0322 0.9995
vn -0.0073 0.0338 0.9994
vn -0.7399 -0.6727 -0.0013
vn -0.5839 -0.8118 -0.0007
vn -0.5835 -0.8121 -0.0007
vn -0.7389 -0.6738 -0.0013
vn -0.8598 -0.5106 -0.0018
vn -0.8632 -0.5049 -0.0012
vn -0.9951 0.0990 -0.0030
vn -0.9950 0.1002 -0.0030
vn -0.9527 0.3037 -0.0031
vn -0.9528 0.3036 -0.0031
vn -0.9947 -0.1025 -0.0027
vn -0.9940 -0.1095 -0.0021
vn -0.9681 -0.2502 -0.0116
vn -0.9494 -0.3140 -0.0041
vn -0.8689 0.4949 -0.0031
vn -0.8693 0.4942 -0.0031
vn -0.7520 0.6592 -0.0030
vn -0.7471 0.6647 -0.0023
vn -0.2136 0.9769 -0.0018
vn -0.2120 0.9773 -0.0018
vn -0.1100 0.9939 -0.0015
vn -0.4054 0.9141 -0.0023
vn -0.4113 0.9115 -0.0017
vn -0.5376 0.8431 -0.0117
vn -0.5922 0.8058 -0.0045
vn 0.2025 0.9793 -0.0006
vn 0.0993 0.9951 -0.0009
vn 0.2020 0.9794 -0.0006
vn 0.3951 0.9186 -0.0000
vn 0.4019 0.9157 0.0006
vn 0.5284 0.8489 -0.0087
vn 0.5839 0.8118 -0.0011
vn 0.8634 0.5045 0.0018
vn 0.8641 0.5033 0.0018
vn 0.9495 0.3139 0.0023
vn 0.9494 0.3140 0.0023
vn 0.7446 0.6675 0.0013
vn 0.7402 0.6724 0.0019
vn 0.6363 0.7714 -0.0083
vn 0.9939 0.1099 0.0027
vn 0.9938 0.1109 0.0027
vn 0.9958 -0.0918 0.0029
vn 0.9951 -0.0987 0.0035
vn 0.7469 -0.6650 0.0029
vn 0.7464 -0.6655 0.0029
vn 0.5926 -0.8055 0.0027
vn 0.5922 -0.8058 0.0027
vn 0.8651 -0.5015 0.0031
vn 0.8687 -0.4952 0.0037
vn 0.9305 -0.3663 -0.0060
vn 0.9528 -0.3036 0.0013
vn 0.4117 -0.9113 0.0023
vn 0.4131 -0.9107 0.0023
vn 0.2203 -0.9754 0.0018
vn 0.2140 -0.9768 0.0024
vn -0.4023 -0.9155 -0.0000
vn -0.4028 -0.9153 -0.0000
vn -0.2102 -0.9777 0.0006
vn -0.2029 -0.9792 0.0012
vn -0.0612 -0.9981 -0.0081
vn 0.0057 -1.0000 -0.0006
vn -0.5922 0.8058 0.0045
vn -0.3140 0.9494 0.0051
vn -0.3148 0.9492 0.0051
vn -0.5927 0.8054 0.0045
vn -0.8122 0.5833 0.0041
vn -0.8125 0.5829 0.0041
vn -0.9527 0.3038 0.0041
vn -0.9528 0.3036 0.0041
vn -1.0000 -0.0054 0.0043
vn -0.9494 -0.3141 0.0049
vn -0.9495 -0.3138 0.0049
vn -0.8059 -0.5920 0.0056
vn -0.8062 -0.5916 0.0056
vn -0.5834 -0.8121 0.0065
vn -0.5840 -0.8117 0.0065
vn -0.3037 -0.9527 0.0075
vn -0.3045 -0.9525 0.0075
vn -0.1513 -0.9885 0.0079
vn 0.3147 -0.9492 0.0092
vn 0.1618 -0.9868 0.0088
vn 0.3139 -0.9494 0.0092
vn 0.5926 -0.8054 0.0098
vn 0.5921 -0.8058 0.0099
vn 0.8125 -0.5829 0.0102
vn 0.8122 -0.5833 0.0102
vn 0.9528 -0.3035 0.0103
vn 0.9527 -0.3038 0.0103
vn 0.9999 0.0054 0.0100
vn 0.9494 0.3138 0.0095
vn 0.9494 0.3141 0.0095
vn 0.8061 0.5917 0.0087
vn 0.8058 0.5921 0.0087
vn 0.5839 0.8118 0.0078
vn 0.5833 0.8122 0.0078
vn 0.3044 0.9525 0.0069
vn 0.3036 0.9528 0.0069
vn -0.0050 1.0000 0.0059
vn -0.0059 1.0000 0.0059
vn 0.5927 -0.8054 0.0027
vn 0.3147 -0.9492 0.0021
vn 0.3140 -0.9494 0.0021
vn 0.5921 -0.8058 0.0027
vn 0.8125 -0.5829 0.0030
vn 0.8122 -0.5833 0.0030
vn 0.9528 -0.3036 0.0031
vn 0.9527 -0.3038 0.0031
vn 0.9495 0.3138 0.0023
vn 0.9494 0.3141 0.0023
vn 0.8062 0.5917 0.0016
vn 0.8059 0.5921 0.0016
vn 0.5840 0.8118 0.0007
vn 0.5834 0.8122 0.0007
vn 0.3045 0.9525 -0.0003
vn 0.3037 0.9528 -0.0003
vn 0.1512 0.9885 -0.0008
vn -0.3140 0.9494 -0.0021
vn -0.1619 0.9868 -0.0017
vn -0.3147 0.9492 -0.0021
vn -0.5921 0.8058 -0.0027
vn -0.5927 0.8054 -0.0027
vn -0.8122 0.5833 -0.0030
vn -0.8125 0.5829 -0.0030
vn -0.9527 0.3038 -0.0031
vn -0.9528 0.3035 -0.0031
vn -0.9494 -0.3141 -0.0023
vn -0.9495 -0.3138 -0.0023
vn -0.8059 -0.5921 -0.0016
vn -0.8062 -0.5917 -0.0016
vn -0.5834 -0.8122 -0.0007
vn -0.5840 -0.8118 -0.0007
vn -0.3037 -0.9528 0.0003
vn -0.3045 -0.9525 0.0003
vn 0.0058 -1.0000 0.0013
vn 0.0050 -1.0000 0.0012
vn -0.1512 -0.9885 0.0008
vn 0.1619 -0.9868 0.0017
vn 0.9528 -0.3035 0.0031
vn -0.0050 1.0000 -0.0012
vn -0.0058 1.0000 -0.0012
vn -0.7396 -0.6730 -0.0013
vn -0.8631 -0.5050 -0.0031
vn -0.8595 -0.5111 -0.0018
vn -0.9953 -0.0965 -0.0035
vn -0.9782 -0.2076 -0.0047
vn -0.9951 0.0991 -0.0030
vn -0.9940 -0.1090 -0.0039
vn -0.9948 -0.1022 -0.0027
vn -0.8563 -0.5164 -0.0026
vn -0.9093 -0.4161 -0.0042
vn -0.8688 0.4951 -0.0031
vn -0.7477 0.6641 -0.0042
vn -0.7520 0.6592 -0.0029
vn -0.3989 0.9170 -0.0030
vn -0.5007 0.8656 -0.0046
vn -0.2130 0.9770 -0.0018
vn -0.0051 1.0000 -0.0012
vn -0.0057 1.0000 -0.0013
vn -0.4114 0.9115 -0.0035
vn -0.4047 0.9144 -0.0023
vn -0.7599 0.6500 -0.0037
vn -0.6778 0.7352 -0.0050
vn 0.2031 0.9792 -0.0006
vn 0.4011 0.9160 -0.0012
vn 0.3953 0.9186 -0.0000
vn 0.7491 0.6624 0.0005
vn 0.6691 0.7431 -0.0012
vn 0.8636 0.5043 0.0018
vn 0.7402 0.6724 0.0001
vn 0.7450 0.6671 0.0013
vn 0.3901 0.9208 -0.0008
vn 0.4902 0.8716 -0.0018
vn 0.9939 0.1098 0.0027
vn 0.9952 -0.0983 0.0017
vn 0.9958 -0.0914 0.0029
vn 0.8622 -0.5065 0.0023
vn 0.9134 -0.4070 0.0010
vn 0.7471 -0.6647 0.0029
vn 0.8684 -0.4959 0.0019
vn 0.9963 -0.0854 0.0022
vn 0.9804 -0.1971 0.0009
vn 0.4122 -0.9111 0.0023
vn 0.2139 -0.9769 0.0006
vn 0.2210 -0.9753 0.0018
vn -0.2154 -0.9765 -0.0002
vn -0.1055 -0.9944 -0.0012
vn -0.4018 -0.9157 -0.0000
vn -0.2039 -0.9790 -0.0006
vn -0.2100 -0.9777 0.0006
vn 0.2271 -0.9739 0.0011
vn 0.1147 -0.9934 -0.0006
vn -0.9539 0.3002 -0.0039
vn -0.8683 0.4960 -0.0009
vn -0.6975 0.7166 -0.0032
vn -0.7109 0.7033 0.0009
vn -0.3590 0.9333 -0.0018
vn -0.5868 -0.8097 -0.0015
vn -0.4007 -0.9162 0.0022
vn -0.1322 -0.9912 0.0005
vn -0.1509 -0.9885 0.0046
vn 0.2690 -0.9631 0.0023
vn -0.0092 1.0000 -0.0021
vn 0.2043 0.9789 0.0016
vn 0.4668 0.8844 -0.0001
vn 0.4499 0.8931 0.0040
vn 0.7771 0.6294 0.0018
vn -0.9517 0.3069 -0.0039
vn -0.9958 0.0915 -0.0007
vn -0.9835 -0.1809 -0.0029
vn -0.9871 -0.1604 0.0012
vn -0.8332 -0.5530 -0.0013
vn 0.9484 0.3172 0.0015
vn 0.9941 0.1088 0.0049
vn 0.9853 -0.1706 0.0027
vn 0.9885 -0.1513 0.0068
vn 0.8392 -0.5439 0.0034
vn -0.0021 1.0000 -0.0021
vn -0.2137 0.9769 0.0004
vn -0.4767 0.8790 -0.0028
vn -0.4592 0.8883 0.0014
vn -0.7838 0.6210 -0.0026
vn 0.5949 -0.8038 0.0019
vn 0.4115 -0.9114 0.0045
vn 0.1420 -0.9899 0.0013
vn 0.1618 -0.9868 0.0054
vn -0.2585 -0.9660 0.0008
vn 0.9505 0.3108 0.0015
vn 0.8630 0.5051 0.0041
vn 0.6892 0.7246 0.0008
vn 0.7033 0.7108 0.0049
vn 0.3489 0.9371 0.0002
vn -0.5815 -0.8136 -0.0001
vn -0.7422 -0.6702 -0.0021
vn -0.8880 -0.4598 -0.0022
vn -0.9986 -0.0528 -0.0024
vn -0.8951 -0.4458 0.0017
vn 0.5895 -0.8078 0.0019
vn 0.7479 -0.6638 0.0052
vn 0.9022 -0.4312 0.0028
vn 0.8938 -0.4484 0.0069
vn 0.9991 -0.0420 0.0033
vn -0.0923 0.0220 -0.9955
vn -0.0642 0.0215 -0.9977
vn -0.0742 0.0247 -0.9969
vn -0.0973 0.0258 -0.9949
vn -0.0989 -0.0129 -0.9950
vn -0.0941 -0.0347 -0.9950
vn -0.0588 -0.0791 -0.9951
vn -0.0606 -0.0852 -0.9945
vn -0.0427 -0.0705 -0.9966
vn -0.0365 -0.0620 -0.9974
vn -0.0850 -0.0550 -0.9949
vn -0.0015 0.1004 -0.9949
vn 0.0067 0.0735 -0.9973
vn 0.0067 0.0840 -0.9964
vn 0.0006 0.1064 -0.9943
vn -0.0368 0.0959 -0.9947
vn -0.0560 0.0847 -0.9948
vn -0.0561 0.0847 -0.9948
vn -0.0874 0.0374 -0.9955
vn -0.0937 0.0371 -0.9949
vn -0.0725 0.0697 -0.9949
vn -0.0725 0.0696 -0.9949
vn 0.1011 0.0384 -0.9941
vn 0.0781 0.0222 -0.9967
vn 0.0881 0.0256 -0.9958
vn 0.1074 0.0382 -0.9935
vn 0.0859 0.0705 -0.9938
vn 0.0693 0.0853 -0.9939
vn 0.0147 0.1005 -0.9948
vn 0.0125 0.1064 -0.9942
vn 0.0499 0.0963 -0.9941
vn 0.0738 -0.0783 -0.9942
vn 0.0514 -0.0615 -0.9968
vn 0.0576 -0.0699 -0.9959
vn 0.0757 -0.0844 -0.9936
vn 0.0997 -0.0540 -0.9936
vn 0.1086 -0.0336 -0.9935
vn 0.1062 0.0230 -0.9941
vn 0.1112 0.0269 -0.9934
vn 0.1131 -0.0118 -0.9935
vn -0.0457 -0.0886 -0.9950
vn -0.0509 -0.0921 -0.9944
vn -0.0145 -0.1055 -0.9943
vn 0.0077 -0.1078 -0.9941
vn 0.0608 -0.0879 -0.9943
vn 0.0661 -0.0915 -0.9936
vn 0.0298 -0.1053 -0.9940
vn 0.4905 0.1591 -0.8568
vn 0.5598 0.1822 -0.8084
vn 0.5598 0.1822 -0.8083
vn 0.3896 -0.5154 -0.7633
vn 0.3014 -0.3967 -0.8670
vn 0.3111 -0.4076 -0.8585
vn 0.3535 -0.4706 -0.8084
vn -0.2892 -0.4120 -0.8641
vn -0.2924 -0.4164 -0.8609
vn -0.4765 0.1528 -0.8658
vn -0.4816 0.1544 -0.8627
vn 0.0026 0.5835 -0.8121
vn 0.0023 0.6127 -0.7903
vn 0.0023 0.6125 -0.7904
vn 0.0027 0.5834 -0.8121
vn 0.9708 -0.2398 -0.0061
vn -0.5524 0.1769 -0.8146
vn -0.5522 0.1769 -0.8147
vn -0.5804 0.1858 -0.7928
vn -0.5801 0.1857 -0.7931
vn 0.3081 -0.4058 -0.8605
vn 0.4224 -0.5603 -0.7124
vn 0.3686 -0.4945 -0.7872
vn -0.6447 0.7644 -0.0119
vn 0.4854 0.1574 -0.8600
vn 0.5871 0.1913 -0.7866
vn -0.9265 -0.3762 -0.0113
vn 0.0034 0.5043 -0.8635
vn 0.0034 0.5096 -0.8604
vn 0.0034 0.5097 -0.8604
vn 0.0717 -0.9974 -0.0077
vn 0.2835 0.4040 0.8697
vn 0.8142 -0.5806 0.0053
vn 0.8126 -0.5828 0.0030
vn 0.8157 -0.5784 0.0075
vn 0.8171 -0.5764 0.0095
vn -0.8106 0.5856 -0.0008
vn -0.8076 0.5898 0.0034
vn -0.8090 0.5878 0.0014
vn -0.8122 0.5834 -0.0030
vn -0.2996 0.4000 0.8662
vn 0.8042 0.5943 0.0038
vn 0.8058 0.5921 0.0016
vn 0.8026 0.5965 0.0060
vn 0.8011 0.5985 0.0080
vn -0.8079 -0.5893 0.0006
vn -0.8109 -0.5852 0.0048
vn -0.8095 -0.5871 0.0028
vn -0.8063 -0.5916 -0.0016
vn -0.4762 -0.1543 0.8657
vn -0.3173 0.9483 0.0002
vn -0.3199 0.9474 0.0024
vn -0.3222 0.9467 0.0043
vn 0.3114 -0.9503 0.0043
vn 0.3065 -0.9518 0.0084
vn 0.3088 -0.9511 0.0065
vn 0.4671 -0.1498 0.8714
vn -0.3012 -0.9536 0.0025
vn -0.3038 -0.9527 0.0003
vn -0.2986 -0.9544 0.0048
vn -0.2963 -0.9551 0.0067
vn 0.3070 0.9517 0.0019
vn 0.3119 0.9501 0.0061
vn 0.3096 0.9509 0.0042
vn 0.3044 0.9525 -0.0003
vn -0.0035 -0.4945 0.8691
vn -1.0000 -0.0085 -0.0006
vn -1.0000 -0.0058 -0.0028
vn -0.9999 -0.0112 0.0016
vn -0.9999 -0.0136 0.0036
vn 1.0000 0.0023 0.0051
vn 1.0000 -0.0028 0.0093
vn 1.0000 -0.0004 0.0073
vn 1.0000 0.0050 0.0028
vn -0.3357 -0.4760 -0.8129
vn -0.3357 -0.4761 -0.8128
vn -0.3527 -0.4994 -0.7913
vn -0.3528 -0.4996 -0.7912
# 937 vertex normals

vt 0.1333 0.9503 0.0000
vt 0.0667 0.9503 0.0000
vt 0.0667 0.9651 0.0000
vt 0.1333 0.9651 0.0000
vt -0.0000 0.9503 0.0000
vt -0.0000 0.9651 0.0000
vt -0.0667 0.9651 0.0000
vt -0.0667 0.9503 0.0000
vt 0.0667 0.9804 0.0000
vt 0.1333 0.9804 0.0000
vt -0.0000 0.9804 0.0000
vt -0.0667 0.9804 0.0000
vt 0.0667 0.9988 0.0000
vt 0.1333 0.9988 0.0000
vt -0.0000 0.9988 0.0000
vt -0.0667 0.9988 0.0000
vt -0.2666 0.9503 0.0000
vt -0.2666 0.9651 0.0000
vt -0.2000 0.9651 0.0000
vt -0.2000 0.9503 0.0000
vt -0.1333 0.9651 0.0000
vt -0.1333 0.9503 0.0000
vt -0.2666 0.9804 0.0000
vt -0.2000 0.9804 0.0000
vt -0.1333 0.9804 0.0000
vt -0.2666 0.9988 0.0000
vt -0.2000 0.9988 0.0000
vt -0.1333 0.9988 0.0000
vt 0.5332 0.9503 0.0000
vt 0.4666 0.9503 0.0000
vt 0.4666 0.9651 0.0000
vt 0.5332 0.9651 0.0000
vt 0.3999 0.9503 0.0000
vt 0.3999 0.9651 0.0000
vt 0.3333 0.9651 0.0000
vt 0.3333 0.9503 0.0000
vt 0.4666 0.9804 0.0000
vt 0.5332 0.9804 0.0000
vt 0.3999 0.9804 0.0000
vt 0.3333 0.9804 0.0000
vt 0.4666 0.9988 0.0000
vt 0.5332 0.9988 0.0000
vt 0.3999 0.9988 0.0000
vt 0.3333 0.9988 0.0000
vt 0.2000 0.9651 0.0000
vt 0.2000 0.9503 0.0000
vt 0.2666 0.9651 0.0000
vt 0.2666 0.9503 0.0000
vt 0.2000 0.9804 0.0000
vt 0.2666 0.9804 0.0000
vt 0.2000 0.9988 0.0000
vt 0.2666 0.9988 0.0000
vt 0.9331 0.9503 0.0000
vt 0.8662 0.9503 0.0000
vt 0.8662 0.9651 0.0000
vt 0.9331 0.9651 0.0000
vt 0.7998 0.9503 0.0000
vt 0.7998 0.9651 0.0000
vt 0.7329 0.9651 0.0000
vt 0.7329 0.9503 0.0000
vt 0.8662 0.9804 0.0000
vt 0.9331 0.9804 0.0000
vt 0.7998 0.9804 0.0000
vt 0.7329 0.9804 0.0000
vt 0.8662 0.9988 0.0000
vt 0.9331 0.9988 0.0000
vt 0.7998 0.9988 0.0000
vt 0.7329 0.9988 0.0000
vt 0.5996 0.9651 0.0000
vt 0.5996 0.9503 0.0000
vt 0.6665 0.9651 0.0000
vt 0.6665 0.9503 0.0000
vt 0.5996 0.9804 0.0000
vt 0.6665 0.9804 0.0000
vt 0.5996 0.9988 0.0000
vt 0.6665 0.9988 0.0000
vt -0.6665 0.9503 0.0000
vt -0.7329 0.9503 0.0000
vt -0.7329 0.9651 0.0000
vt -0.6665 0.9651 0.0000
vt -0.7998 0.9503 0.0000
vt -0.7998 0.9651 0.0000
vt -0.8662 0.9651 0.0000
vt -0.8662 0.9503 0.0000
vt -0.7329 0.9804 0.0000
vt -0.6665 0.9804 0.0000
vt -0.7998 0.9804 0.0000
vt -0.8662 0.9804 0.0000
vt -0.7329 0.9988 0.0000
vt -0.6665 0.9988 0.0000
vt -0.7998 0.9988 0.0000
vt -0.8662 0.9988 0.0000
vt 0.9995 0.9651 0.0000
vt 0.9995 0.9503 0.0000
vt -1.0000 0.9503 0.0000
vt -1.0000 0.9651 0.0000
vt -0.9331 0.9651 0.0000
vt -0.9331 0.9503 0.0000
vt 0.9995 0.9804 0.0000
vt -1.0000 0.9804 0.0000
vt -0.9331 0.9804 0.0000
vt 0.9995 0.9988 0.0000
vt -1.0000 0.9988 0.0000
vt -0.9331 0.9988 0.0000
vt -0.3333 0.9503 0.0000
vt -0.3333 0.9651 0.0000
vt -0.3999 0.9503 0.0000
vt -0.3999 0.9651 0.0000
vt -0.4666 0.9651 0.0000
vt -0.4666 0.9503 0.0000
vt -0.3333 0.9804 0.0000
vt -0.3999 0.9804 0.0000
vt -0.4666 0.9804 0.0000
vt -0.3333 0.9988 0.0000
vt -0.3999 0.9988 0.0000
vt -0.4666 0.9988 0.0000
vt -0.5996 0.9651 0.0000
vt -0.5996 0.9503 0.0000
vt -0.5332 0.9651 0.0000
vt -0.5332 0.9503 0.0000
vt -0.5996 0.9804 0.0000
vt -0.5332 0.9804 0.0000
vt -0.5996 0.9989 0.0000
vt -0.5332 0.9988 0.0000
vt 0.1333 0.7046 0.0000
vt 0.1333 0.6897 0.0000
vt 0.0667 0.6897 0.0000
vt 0.0667 0.7046 0.0000
vt -0.0000 0.6897 0.0000
vt -0.0000 0.7046 0.0000
vt -0.0667 0.6897 0.0000
vt -0.0667 0.7046 0.0000
vt 0.1333 0.6743 0.0000
vt 0.0667 0.6743 0.0000
vt -0.0000 0.6743 0.0000
vt -0.0667 0.6743 0.0000
vt 0.1333 0.6560 0.0000
vt 0.0667 0.6560 0.0000
vt -0.0000 0.6560 0.0000
vt -0.0667 0.6560 0.0000
vt -0.2666 0.7046 0.0000
vt -0.2000 0.7046 0.0000
vt -0.2000 0.6897 0.0000
vt -0.2666 0.6897 0.0000
vt -0.1333 0.7046 0.0000
vt -0.1333 0.6897 0.0000
vt -0.2000 0.6743 0.0000
vt -0.2666 0.6743 0.0000
vt -0.1333 0.6743 0.0000
vt -0.2000 0.6560 0.0000
vt -0.2666 0.6560 0.0000
vt -0.1333 0.6560 0.0000
vt 0.5332 0.7043 0.0000
vt 0.5332 0.6897 0.0000
vt 0.4666 0.6897 0.0000
vt 0.4666 0.7043 0.0000
vt 0.3999 0.6897 0.0000
vt 0.3999 0.7046 0.0000
vt 0.3333 0.6897 0.0000
vt 0.3333 0.7046 0.0000
vt 0.5332 0.6743 0.0000
vt 0.4666 0.6743 0.0000
vt 0.3999 0.6743 0.0000
vt 0.3333 0.6743 0.0000
vt 0.5332 0.6560 0.0000
vt 0.4666 0.6560 0.0000
vt 0.3999 0.6560 0.0000
vt 0.3333 0.6560 0.0000
vt 0.2000 0.7046 0.0000
vt 0.2000 0.6897 0.0000
vt 0.2666 0.7046 0.0000
vt 0.2666 0.6897 0.0000
vt 0.2000 0.6743 0.0000
vt 0.2666 0.6743 0.0000
vt 0.2000 0.6560 0.0000
vt 0.2666 0.6560 0.0000
vt 0.9331 0.7043 0.0000
vt 0.9331 0.6897 0.0000
vt 0.8662 0.6897 0.0000
vt 0.8662 0.7043 0.0000
vt 0.7998 0.6897 0.0000
vt 0.7998 0.7043 0.0000
vt 0.7329 0.6897 0.0000
vt 0.7329 0.7043 0.0000
vt 0.9331 0.6743 0.0000
vt 0.8662 0.6743 0.0000
vt 0.7998 0.6743 0.0000
vt 0.7329 0.6743 0.0000
vt 0.9331 0.6560 0.0000
vt 0.8662 0.6560 0.0000
vt 0.7998 0.6560 0.0000
vt 0.7329 0.6560 0.0000
vt 0.5996 0.7043 0.0000
vt 0.5996 0.6897 0.0000
vt 0.6665 0.7043 0.0000
vt 0.6665 0.6897 0.0000
vt 0.5996 0.6743 0.0000
vt 0.6665 0.6743 0.0000
vt 0.5996 0.6560 0.0000
vt 0.6665 0.6560 0.0000
vt -0.6665 0.7043 0.0000
vt -0.6665 0.6897 0.0000
vt -0.7329 0.6897 0.0000
vt -0.7329 0.7043 0.0000
vt -0.7998 0.6897 0.0000
vt -0.7998 0.7043 0.0000
vt -0.8662 0.6897 0.0000
vt -0.8662 0.7046 0.0000
vt -0.6665 0.6743 0.0000
vt -0.7329 0.6743 0.0000
vt -0.7998 0.6743 0.0000
vt -0.8662 0.6743 0.0000
vt -0.6665 0.6560 0.0000
vt -0.7329 0.6560 0.0000
vt -0.7998 0.6560 0.0000
vt -0.8662 0.6560 0.0000
vt 0.9995 0.7043 0.0000
vt 0.9995 0.6897 0.0000
vt -1.0000 0.7046 0.0000
vt -0.9331 0.7043 0.0000
vt -0.9331 0.6897 0.0000
vt -1.0000 0.6897 0.0000
vt 0.9995 0.6743 0.0000
vt -0.9331 0.6743 0.0000
vt -1.0000 0.6743 0.0000
vt 0.9995 0.6560 0.0000
vt -0.9331 0.6560 0.0000
vt -1.0000 0.6560 0.0000
vt -0.3333 0.6897 0.0000
vt -0.3333 0.7046 0.0000
vt -0.3999 0.6897 0.0000
vt -0.3999 0.7046 0.0000
vt -0.4666 0.6897 0.0000
vt -0.4666 0.7043 0.0000
vt -0.3333 0.6743 0.0000
vt -0.3999 0.6743 0.0000
vt -0.4666 0.6743 0.0000
vt -0.3333 0.6560 0.0000
vt -0.3999 0.6560 0.0000
vt -0.4666 0.6560 0.0000
vt -0.5996 0.7043 0.0000
vt -0.5996 0.6897 0.0000
vt -0.5332 0.7043 0.0000
vt -0.5332 0.6897 0.0000
vt -0.5996 0.6743 0.0000
vt -0.5332 0.6743 0.0000
vt -0.5996 0.6560 0.0000
vt -0.5332 0.6560 0.0000
vt 0.5127 0.2637 0.0000
vt 0.4956 0.2339 0.0000
vt 0.4612 0.2339 0.0000
vt 0.4438 0.2637 0.0000
vt 0.4438 0.2041 0.0000
vt 0.4094 0.2041 0.0000
vt 0.4612 0.1743 0.0000
vt 0.4438 0.1445 0.0000
vt 0.4956 0.1743 0.0000
vt 0.5127 0.1445 0.0000
vt 0.5127 0.2041 0.0000
vt 0.5474 0.2041 0.0000
vt 0.7827 0.2676 0.0000
vt 0.9624 0.2676 0.0000
vt 0.9624 0.2476 0.0000
vt 0.7827 0.2476 0.0000
vt 0.9624 0.2275 0.0000
vt 0.7827 0.2275 0.0000
vt 0.9624 0.2080 0.0000
vt 0.7827 0.2080 0.0000
vt 0.9624 0.1880 0.0000
vt 0.7827 0.1880 0.0000
vt 0.9624 0.1680 0.0000
vt 0.7827 0.1680 0.0000
vt 0.9624 0.1479 0.0000
vt 0.7827 0.1479 0.0000
vt 0.6079 0.1753 0.0000
vt 0.5635 0.2524 0.0000
vt 0.6079 0.3296 0.0000
vt 0.6968 0.3296 0.0000
vt 0.7412 0.2524 0.0000
vt 0.6968 0.1753 0.0000
vt 0.0387 0.1396 0.0000
vt 0.0257 0.1396 0.0000
vt 0.0257 0.1704 0.0000
vt 0.0387 0.1704 0.0000
vt 0.0257 0.2012 0.0000
vt 0.0387 0.2012 0.0000
vt 0.0257 0.2319 0.0000
vt 0.0387 0.2319 0.0000
vt 0.0257 0.2632 0.0000
vt 0.0387 0.2632 0.0000
vt 0.0257 0.2939 0.0000
vt 0.0387 0.2939 0.0000
vt 0.0257 0.3247 0.0000
vt 0.0387 0.3247 0.0000
vt 0.0257 0.3555 0.0000
vt 0.0387 0.3555 0.0000
vt 0.0257 0.3867 0.0000
vt 0.0387 0.3867 0.0000
vt 0.0257 0.4175 0.0000
vt 0.0387 0.4175 0.0000
vt 0.0257 0.4482 0.0000
vt 0.0387 0.4482 0.0000
vt 0.0257 0.4790 0.0000
vt 0.0387 0.4790 0.0000
vt 0.0257 0.5100 0.0000
vt 0.0387 0.5100 0.0000
vt 0.0257 0.5408 0.0000
vt 0.0387 0.5408 0.0000
vt 0.0257 0.5718 0.0000
vt 0.0387 0.5718 0.0000
vt 0.0257 0.6025 0.0000
vt 0.0387 0.6025 0.0000
vt 0.0257 0.6335 0.0000
vt 0.0387 0.6335 0.0000
vt 0.4104 0.3027 0.0000
vt 0.5298 0.3027 0.0000
vt 0.4702 0.2905 0.0000
vt 0.3596 0.5571 0.0000
vt 0.5806 0.5571 0.0000
vt 0.6143 0.5066 0.0000
vt 0.3257 0.5066 0.0000
vt 0.6797 0.4028 0.0000
vt 0.6675 0.4629 0.0000
vt 0.6797 0.5225 0.0000
vt 0.3257 0.3872 0.0000
vt 0.6143 0.3872 0.0000
vt 0.5806 0.3364 0.0000
vt 0.3596 0.3364 0.0000
vt 0.6265 0.4468 0.0000
vt 0.3140 0.4468 0.0000
vt 0.4702 0.6030 0.0000
vt 0.5298 0.5911 0.0000
vt 0.4104 0.5911 0.0000
vt 0.7642 0.3184 0.0000
vt 0.7134 0.3525 0.0000
vt 0.7134 0.5732 0.0000
vt 0.7642 0.6072 0.0000
vt 0.8838 0.3184 0.0000
vt 0.8237 0.3066 0.0000
vt 0.8237 0.6189 0.0000
vt 0.8838 0.6072 0.0000
vt 0.9800 0.4629 0.0000
vt 0.9683 0.4028 0.0000
vt 0.9683 0.5225 0.0000
vt 0.9346 0.3525 0.0000
vt 0.9346 0.5732 0.0000
vt 0.0816 0.3022 0.0000
vt 0.1064 0.3242 0.0000
vt 0.1088 0.3213 0.0000
vt 0.0845 0.2993 0.0000
vt 0.0620 0.2749 0.0000
vt 0.0653 0.2729 0.0000
vt 0.0520 0.2432 0.0000
vt 0.0484 0.2446 0.0000
vt 0.0414 0.1782 0.0000
vt 0.0453 0.1787 0.0000
vt 0.0521 0.1470 0.0000
vt 0.0484 0.1455 0.0000
vt 0.0414 0.2119 0.0000
vt 0.0453 0.2114 0.0000
vt 0.0620 0.1152 0.0000
vt 0.0653 0.1172 0.0000
vt 0.0816 0.0879 0.0000
vt 0.0845 0.0908 0.0000
vt 0.1088 0.0688 0.0000
vt 0.1064 0.0654 0.0000
vt 0.1672 0.0386 0.0000
vt 0.1680 0.0425 0.0000
vt 0.2004 0.0391 0.0000
vt 0.2004 0.0352 0.0000
vt 0.1354 0.0488 0.0000
vt 0.1370 0.0522 0.0000
vt 0.2336 0.0386 0.0000
vt 0.2329 0.0425 0.0000
vt 0.2654 0.0488 0.0000
vt 0.2639 0.0522 0.0000
vt 0.2922 0.0688 0.0000
vt 0.2944 0.0654 0.0000
vt 0.3389 0.1152 0.0000
vt 0.3357 0.1172 0.0000
vt 0.3489 0.1470 0.0000
vt 0.3525 0.1455 0.0000
vt 0.3193 0.0879 0.0000
vt 0.3164 0.0908 0.0000
vt 0.3594 0.1782 0.0000
vt 0.3557 0.1787 0.0000
vt 0.3594 0.2119 0.0000
vt 0.3557 0.2114 0.0000
vt 0.3489 0.2432 0.0000
vt 0.3525 0.2446 0.0000
vt 0.3193 0.3022 0.0000
vt 0.3164 0.2993 0.0000
vt 0.2922 0.3213 0.0000
vt 0.2944 0.3242 0.0000
vt 0.3389 0.2749 0.0000
vt 0.3357 0.2729 0.0000
vt 0.2654 0.3413 0.0000
vt 0.2639 0.3379 0.0000
vt 0.2336 0.3516 0.0000
vt 0.2329 0.3477 0.0000
vt 0.2004 0.3511 0.0000
vt 0.2004 0.3550 0.0000
vt 0.1354 0.3413 0.0000
vt 0.1370 0.3379 0.0000
vt 0.1672 0.3516 0.0000
vt 0.1680 0.3477 0.0000
vt 0.1154 0.3120 0.0000
vt 0.0929 0.2920 0.0000
vt 0.0751 0.2676 0.0000
vt 0.0714 0.2598 0.0000
vt 0.0626 0.2397 0.0000
vt 0.0655 0.2388 0.0000
vt 0.0639 0.2393 0.0000
vt 0.0727 0.2593 0.0000
vt 0.0730 0.2568 0.0000
vt 0.1161 0.3110 0.0000
vt 0.0938 0.2910 0.0000
vt 0.0761 0.2671 0.0000
vt 0.0565 0.1802 0.0000
vt 0.0628 0.1504 0.0000
vt 0.0565 0.2100 0.0000
vt 0.0580 0.2188 0.0000
vt 0.0577 0.1802 0.0000
vt 0.0639 0.1509 0.0000
vt 0.0577 0.2100 0.0000
vt 0.0595 0.2183 0.0000
vt 0.0612 0.2202 0.0000
vt 0.0637 0.2212 0.0000
vt 0.0708 0.2202 0.0000
vt 0.0745 0.2544 0.0000
vt 0.0809 0.2510 0.0000
vt 0.0751 0.1226 0.0000
vt 0.0929 0.0981 0.0000
vt 0.0990 0.0923 0.0000
vt 0.1153 0.0776 0.0000
vt 0.1171 0.0801 0.0000
vt 0.1161 0.0791 0.0000
vt 0.1001 0.0933 0.0000
vt 0.1025 0.0928 0.0000
vt 0.0761 0.1230 0.0000
vt 0.0938 0.0991 0.0000
vt 0.1704 0.0532 0.0000
vt 0.2004 0.0503 0.0000
vt 0.1416 0.0630 0.0000
vt 0.1340 0.0669 0.0000
vt 0.1707 0.0547 0.0000
vt 0.2004 0.0513 0.0000
vt 0.1421 0.0640 0.0000
vt 0.1348 0.0684 0.0000
vt 0.1335 0.0703 0.0000
vt 0.1334 0.0728 0.0000
vt 0.1367 0.0796 0.0000
vt 0.1051 0.0938 0.0000
vt 0.1102 0.0986 0.0000
vt 0.2306 0.0532 0.0000
vt 0.2593 0.0630 0.0000
vt 0.2668 0.0669 0.0000
vt 0.2856 0.0776 0.0000
vt 0.2839 0.0801 0.0000
vt 0.2849 0.0791 0.0000
vt 0.2661 0.0684 0.0000
vt 0.2673 0.0703 0.0000
vt 0.2303 0.0547 0.0000
vt 0.2588 0.0640 0.0000
vt 0.3259 0.1226 0.0000
vt 0.3381 0.1504 0.0000
vt 0.3081 0.0981 0.0000
vt 0.3020 0.0923 0.0000
vt 0.3247 0.1230 0.0000
vt 0.3369 0.1509 0.0000
vt 0.3071 0.0991 0.0000
vt 0.3008 0.0933 0.0000
vt 0.2983 0.0928 0.0000
vt 0.2959 0.0938 0.0000
vt 0.2908 0.0986 0.0000
vt 0.2673 0.0728 0.0000
vt 0.2642 0.0796 0.0000
vt 0.3445 0.1802 0.0000
vt 0.3445 0.2100 0.0000
vt 0.3430 0.2188 0.0000
vt 0.3384 0.2397 0.0000
vt 0.3354 0.2388 0.0000
vt 0.3369 0.2393 0.0000
vt 0.3416 0.2183 0.0000
vt 0.3398 0.2202 0.0000
vt 0.3433 0.1802 0.0000
vt 0.3433 0.2100 0.0000
vt 0.3081 0.2920 0.0000
vt 0.2854 0.3120 0.0000
vt 0.3259 0.2676 0.0000
vt 0.3296 0.2598 0.0000
vt 0.3071 0.2910 0.0000
vt 0.2849 0.3110 0.0000
vt 0.3247 0.2671 0.0000
vt 0.3281 0.2593 0.0000
vt 0.3279 0.2568 0.0000
vt 0.3264 0.2544 0.0000
vt 0.3201 0.2510 0.0000
vt 0.3372 0.2212 0.0000
vt 0.3301 0.2202 0.0000
vt 0.2593 0.3271 0.0000
vt 0.2306 0.3369 0.0000
vt 0.2222 0.3379 0.0000
vt 0.2004 0.3403 0.0000
vt 0.2004 0.3369 0.0000
vt 0.2004 0.3389 0.0000
vt 0.2219 0.3364 0.0000
vt 0.2196 0.3354 0.0000
vt 0.2588 0.3262 0.0000
vt 0.2303 0.3354 0.0000
vt 0.1416 0.3271 0.0000
vt 0.1703 0.3369 0.0000
vt 0.1788 0.3379 0.0000
vt 0.1421 0.3262 0.0000
vt 0.1707 0.3354 0.0000
vt 0.1791 0.3364 0.0000
vt 0.1813 0.3354 0.0000
vt 0.1829 0.3330 0.0000
vt 0.1841 0.3262 0.0000
vt 0.2180 0.3330 0.0000
vt 0.2168 0.3262 0.0000
vt 0.2004 0.1948 0.0000
vt 0.2144 0.2378 0.0000
vt 0.2269 0.2314 0.0000
vt 0.2368 0.2217 0.0000
vt 0.2432 0.2090 0.0000
vt 0.2454 0.1948 0.0000
vt 0.2432 0.1812 0.0000
vt 0.2368 0.1685 0.0000
vt 0.2269 0.1587 0.0000
vt 0.2144 0.1523 0.0000
vt 0.2004 0.1499 0.0000
vt 0.1865 0.1523 0.0000
vt 0.1741 0.1587 0.0000
vt 0.1641 0.1685 0.0000
vt 0.1577 0.1812 0.0000
vt 0.1555 0.1948 0.0000
vt 0.1577 0.2090 0.0000
vt 0.1641 0.2217 0.0000
vt 0.1741 0.2314 0.0000
vt 0.1865 0.2378 0.0000
vt 0.2004 0.2402 0.0000
vt 0.3726 0.7117 0.0000
vt 0.3542 0.7209 0.0000
vt 0.3672 0.7604 0.0000
vt 0.3970 0.7454 0.0000
vt 0.3870 0.6973 0.0000
vt 0.4207 0.7217 0.0000
vt 0.3962 0.6790 0.0000
vt 0.4358 0.6919 0.0000
vt 0.3994 0.6587 0.0000
vt 0.4409 0.6587 0.0000
vt 0.3962 0.6387 0.0000
vt 0.4358 0.6257 0.0000
vt 0.3870 0.6204 0.0000
vt 0.4207 0.5959 0.0000
vt 0.3726 0.6060 0.0000
vt 0.3970 0.5723 0.0000
vt 0.3542 0.5967 0.0000
vt 0.3672 0.5571 0.0000
vt 0.3342 0.5935 0.0000
vt 0.3342 0.5520 0.0000
vt 0.3140 0.5967 0.0000
vt 0.3010 0.5571 0.0000
vt 0.2957 0.6060 0.0000
vt 0.2712 0.5723 0.0000
vt 0.2812 0.6204 0.0000
vt 0.2477 0.5959 0.0000
vt 0.2720 0.6387 0.0000
vt 0.2325 0.6257 0.0000
vt 0.2688 0.6587 0.0000
vt 0.2273 0.6587 0.0000
vt 0.2720 0.6790 0.0000
vt 0.2325 0.6919 0.0000
vt 0.2812 0.6973 0.0000
vt 0.2477 0.7217 0.0000
vt 0.2957 0.7117 0.0000
vt 0.2712 0.7454 0.0000
vt 0.3140 0.7209 0.0000
vt 0.3010 0.7604 0.0000
vt 0.3342 0.7241 0.0000
vt 0.3342 0.7656 0.0000
vt 0.4004 0.7500 0.0000
vt 0.3689 0.7659 0.0000
vt 0.3762 0.7883 0.0000
vt 0.4143 0.7689 0.0000
vt 0.4253 0.7251 0.0000
vt 0.4443 0.7388 0.0000
vt 0.4412 0.6936 0.0000
vt 0.4636 0.7009 0.0000
vt 0.4468 0.6587 0.0000
vt 0.4705 0.6587 0.0000
vt 0.4412 0.6240 0.0000
vt 0.4636 0.6167 0.0000
vt 0.4253 0.5925 0.0000
vt 0.4443 0.5786 0.0000
vt 0.4004 0.5676 0.0000
vt 0.4143 0.5486 0.0000
vt 0.3689 0.5518 0.0000
vt 0.3762 0.5293 0.0000
vt 0.3342 0.5461 0.0000
vt 0.3342 0.5225 0.0000
vt 0.2993 0.5518 0.0000
vt 0.2920 0.5293 0.0000
vt 0.2678 0.5676 0.0000
vt 0.2542 0.5486 0.0000
vt 0.2430 0.5925 0.0000
vt 0.2240 0.5786 0.0000
vt 0.2271 0.6240 0.0000
vt 0.2046 0.6167 0.0000
vt 0.2216 0.6587 0.0000
vt 0.1980 0.6587 0.0000
vt 0.2271 0.6936 0.0000
vt 0.2046 0.7009 0.0000
vt 0.2430 0.7251 0.0000
vt 0.2240 0.7388 0.0000
vt 0.2678 0.7500 0.0000
vt 0.2542 0.7689 0.0000
vt 0.2993 0.7659 0.0000
vt 0.2920 0.7883 0.0000
vt 0.3342 0.7714 0.0000
vt 0.3342 0.7949 0.0000
vt 0.7939 0.8932 0.0000
vt 0.7769 0.8932 0.0000
vt 0.7769 0.9707 0.0000
vt 0.7939 0.9707 0.0000
vt 0.8105 0.8932 0.0000
vt 0.8105 0.9707 0.0000
vt 0.8613 0.8932 0.0000
vt 0.8613 0.9707 0.0000
vt 0.8779 0.9707 0.0000
vt 0.8779 0.8932 0.0000
vt 0.8442 0.8932 0.0000
vt 0.8442 0.9707 0.0000
vt 0.8394 0.8932 0.0000
vt 0.8276 0.9707 0.0000
vt 0.8950 0.8932 0.0000
vt 0.8950 0.9707 0.0000
vt 0.9116 0.8932 0.0000
vt 0.9116 0.9707 0.0000
vt 0.9624 0.8932 0.0000
vt 0.9624 0.9707 0.0000
vt 0.9790 0.9707 0.0000
vt 0.9790 0.8932 0.0000
vt 0.9453 0.8932 0.0000
vt 0.9453 0.9707 0.0000
vt 0.9404 0.8932 0.0000
vt 0.9287 0.9707 0.0000
vt 0.4907 0.8932 0.0000
vt 0.4739 0.8932 0.0000
vt 0.4739 0.9707 0.0000
vt 0.4907 0.9707 0.0000
vt 0.5073 0.8932 0.0000
vt 0.5073 0.9707 0.0000
vt 0.5122 0.8932 0.0000
vt 0.5244 0.9707 0.0000
vt 0.5581 0.8932 0.0000
vt 0.5581 0.9707 0.0000
vt 0.5747 0.9707 0.0000
vt 0.5747 0.8932 0.0000
vt 0.5410 0.8932 0.0000
vt 0.5410 0.9707 0.0000
vt 0.5361 0.8932 0.0000
vt 0.5918 0.8932 0.0000
vt 0.5918 0.9707 0.0000
vt 0.6084 0.8932 0.0000
vt 0.6084 0.9707 0.0000
vt 0.6592 0.8932 0.0000
vt 0.6592 0.9707 0.0000
vt 0.6758 0.9707 0.0000
vt 0.6758 0.8932 0.0000
vt 0.6421 0.8932 0.0000
vt 0.6421 0.9707 0.0000
vt 0.6372 0.8932 0.0000
vt 0.6255 0.9707 0.0000
vt 0.6929 0.8932 0.0000
vt 0.6929 0.9707 0.0000
vt 0.7095 0.8932 0.0000
vt 0.7095 0.9707 0.0000
vt 0.7603 0.8932 0.0000
vt 0.7603 0.9707 0.0000
vt 0.7432 0.8932 0.0000
vt 0.7432 0.9707 0.0000
vt 0.7383 0.8932 0.0000
vt 0.7266 0.9707 0.0000
vt 0.2515 0.2041 0.0000
vt 0.2805 0.2041 0.0000
vt 0.2805 0.1416 0.0000
vt 0.2515 0.1416 0.0000
vt 0.2227 0.2041 0.0000
vt 0.2227 0.1416 0.0000
vt 0.1937 0.2041 0.0000
vt 0.1937 0.1416 0.0000
vt 0.1648 0.2041 0.0000
vt 0.1648 0.1416 0.0000
vt 0.1360 0.2041 0.0000
vt 0.1360 0.1416 0.0000
vt 0.1071 0.2041 0.0000
vt 0.1071 0.1416 0.0000
vt 0.0781 0.2041 0.0000
vt 0.0781 0.1416 0.0000
vt 0.0492 0.2041 0.0000
vt 0.0492 0.1416 0.0000
vt 0.0203 0.2041 0.0000
vt 0.0203 0.1416 0.0000
vt 0.5698 0.2041 0.0000
vt 0.5986 0.2041 0.0000
vt 0.5986 0.1416 0.0000
vt 0.5698 0.1416 0.0000
vt 0.5405 0.2041 0.0000
vt 0.5405 0.1416 0.0000
vt 0.5117 0.2041 0.0000
vt 0.5117 0.1416 0.0000
vt 0.4829 0.2041 0.0000
vt 0.4829 0.1416 0.0000
vt 0.4541 0.2041 0.0000
vt 0.4541 0.1416 0.0000
vt 0.4250 0.2041 0.0000
vt 0.4250 0.1416 0.0000
vt 0.3962 0.2041 0.0000
vt 0.3962 0.1416 0.0000
vt 0.3672 0.2041 0.0000
vt 0.3672 0.1416 0.0000
vt 0.3384 0.2041 0.0000
vt 0.3384 0.1416 0.0000
vt 0.3093 0.2041 0.0000
vt 0.3093 0.1416 0.0000
vt 0.3672 0.0186 0.0000
vt 0.3384 0.0186 0.0000
vt 0.3384 0.1230 0.0000
vt 0.3672 0.1230 0.0000
vt 0.3962 0.0186 0.0000
vt 0.3962 0.1230 0.0000
vt 0.4250 0.0186 0.0000
vt 0.4250 0.1230 0.0000
vt 0.4541 0.0186 0.0000
vt 0.4541 0.1230 0.0000
vt 0.4829 0.0186 0.0000
vt 0.4829 0.1230 0.0000
vt 0.5117 0.0186 0.0000
vt 0.5117 0.1230 0.0000
vt 0.5405 0.0186 0.0000
vt 0.5405 0.1230 0.0000
vt 0.5698 0.0186 0.0000
vt 0.5698 0.1230 0.0000
vt 0.5986 0.0186 0.0000
vt 0.5986 0.1230 0.0000
vt 0.0492 0.0186 0.0000
vt 0.0203 0.0186 0.0000
vt 0.0203 0.1230 0.0000
vt 0.0492 0.1230 0.0000
vt 0.0781 0.0186 0.0000
vt 0.0781 0.1230 0.0000
vt 0.1071 0.0186 0.0000
vt 0.1071 0.1230 0.0000
vt 0.1360 0.0186 0.0000
vt 0.1360 0.1230 0.0000
vt 0.1648 0.0186 0.0000
vt 0.1648 0.1230 0.0000
vt 0.1937 0.0186 0.0000
vt 0.1937 0.1230 0.0000
vt 0.2227 0.0186 0.0000
vt 0.2227 0.1230 0.0000
vt 0.2515 0.0186 0.0000
vt 0.2515 0.1230 0.0000
vt 0.2805 0.0186 0.0000
vt 0.2805 0.1230 0.0000
vt 0.3093 0.0186 0.0000
vt 0.3093 0.1230 0.0000
vt 0.2537 0.3262 0.0000
vt 0.2825 0.3262 0.0000
vt 0.2825 0.2920 0.0000
vt 0.2537 0.2920 0.0000
vt 0.2250 0.3262 0.0000
vt 0.2250 0.2920 0.0000
vt 0.1962 0.3262 0.0000
vt 0.1962 0.2920 0.0000
vt 0.1674 0.3262 0.0000
vt 0.1674 0.2920 0.0000
vt 0.1385 0.3262 0.0000
vt 0.1385 0.2920 0.0000
vt 0.1097 0.3262 0.0000
vt 0.1097 0.2920 0.0000
vt 0.0809 0.3262 0.0000
vt 0.0809 0.2920 0.0000
vt 0.0521 0.3262 0.0000
vt 0.0521 0.2920 0.0000
vt 0.0233 0.3262 0.0000
vt 0.0233 0.2920 0.0000
vt 0.5708 0.3262 0.0000
vt 0.5996 0.3262 0.0000
vt 0.5996 0.2920 0.0000
vt 0.5708 0.2920 0.0000
vt 0.5420 0.3262 0.0000
vt 0.5420 0.2920 0.0000
vt 0.5132 0.3262 0.0000
vt 0.5132 0.2920 0.0000
vt 0.4844 0.3262 0.0000
vt 0.4844 0.2920 0.0000
vt 0.4556 0.3262 0.0000
vt 0.4556 0.2920 0.0000
vt 0.4268 0.3262 0.0000
vt 0.4268 0.2920 0.0000
vt 0.3979 0.3262 0.0000
vt 0.3979 0.2920 0.0000
vt 0.3691 0.3262 0.0000
vt 0.3691 0.2920 0.0000
vt 0.3403 0.3262 0.0000
vt 0.3403 0.2920 0.0000
vt 0.3113 0.3262 0.0000
vt 0.3113 0.2920 0.0000
vt 0.2825 0.2808 0.0000
vt 0.2537 0.2808 0.0000
vt 0.2250 0.2808 0.0000
vt 0.1962 0.2808 0.0000
vt 0.1674 0.2808 0.0000
vt 0.1385 0.2808 0.0000
vt 0.1097 0.2808 0.0000
vt 0.0809 0.2808 0.0000
vt 0.0521 0.2808 0.0000
vt 0.0233 0.2808 0.0000
vt 0.5996 0.2808 0.0000
vt 0.5708 0.2808 0.0000
vt 0.5420 0.2808 0.0000
vt 0.5132 0.2808 0.0000
vt 0.4844 0.2808 0.0000
vt 0.4556 0.2808 0.0000
vt 0.4268 0.2808 0.0000
vt 0.3979 0.2808 0.0000
vt 0.3691 0.2808 0.0000
vt 0.3403 0.2808 0.0000
vt 0.3113 0.2808 0.0000
vt 0.2825 0.2197 0.0000
vt 0.2537 0.2197 0.0000
vt 0.2250 0.2197 0.0000
vt 0.1962 0.2197 0.0000
vt 0.1674 0.2197 0.0000
vt 0.1385 0.2197 0.0000
vt 0.1097 0.2197 0.0000
vt 0.0809 0.2197 0.0000
vt 0.0521 0.2197 0.0000
vt 0.0233 0.2197 0.0000
vt 0.5996 0.2197 0.0000
vt 0.5708 0.2197 0.0000
vt 0.5420 0.2197 0.0000
vt 0.5132 0.2197 0.0000
vt 0.4844 0.2197 0.0000
vt 0.4556 0.2197 0.0000
vt 0.4268 0.2197 0.0000
vt 0.3979 0.2197 0.0000
vt 0.3691 0.2197 0.0000
vt 0.3403 0.2197 0.0000
vt 0.3113 0.2197 0.0000
vt 0.7451 0.2295 0.0000
vt 0.8027 0.2295 0.0000
vt 0.8027 0.1997 0.0000
vt 0.7451 0.1997 0.0000
vt 0.6885 0.2295 0.0000
vt 0.6860 0.1997 0.0000
vt 0.6670 0.1997 0.0000
vt 0.6753 0.2295 0.0000
vt 0.8604 0.2856 0.0000
vt 0.8604 0.2559 0.0000
vt 0.8027 0.2559 0.0000
vt 0.8027 0.2856 0.0000
vt 0.9170 0.2856 0.0000
vt 0.9189 0.2559 0.0000
vt 0.9385 0.2559 0.0000
vt 0.9302 0.2856 0.0000
vt 0.7451 0.2856 0.0000
vt 0.7451 0.2559 0.0000
vt 0.6885 0.2856 0.0000
vt 0.6860 0.2559 0.0000
vt 0.6670 0.2559 0.0000
vt 0.6753 0.2856 0.0000
vt 0.8604 0.1138 0.0000
vt 0.8604 0.0840 0.0000
vt 0.8027 0.0840 0.0000
vt 0.8027 0.1138 0.0000
vt 0.9170 0.1138 0.0000
vt 0.9189 0.0840 0.0000
vt 0.9385 0.0840 0.0000
vt 0.9302 0.1138 0.0000
vt 0.7451 0.1138 0.0000
vt 0.7451 0.0840 0.0000
vt 0.6885 0.1138 0.0000
vt 0.6860 0.0840 0.0000
vt 0.6670 0.0840 0.0000
vt 0.6753 0.1138 0.0000
vt 0.8604 0.0620 0.0000
vt 0.8604 0.0322 0.0000
vt 0.8027 0.0322 0.0000
vt 0.8027 0.0620 0.0000
vt 0.9170 0.0620 0.0000
vt 0.9189 0.0322 0.0000
vt 0.9385 0.0322 0.0000
vt 0.9302 0.0620 0.0000
vt 0.7451 0.0620 0.0000
vt 0.7451 0.0322 0.0000
vt 0.6885 0.0620 0.0000
vt 0.6860 0.0322 0.0000
vt 0.6670 0.0322 0.0000
vt 0.6753 0.0620 0.0000
vt 0.8604 0.1689 0.0000
vt 0.8604 0.1392 0.0000
vt 0.8027 0.1392 0.0000
vt 0.8027 0.1689 0.0000
vt 0.9170 0.1689 0.0000
vt 0.9189 0.1392 0.0000
vt 0.9385 0.1392 0.0000
vt 0.9302 0.1689 0.0000
vt 0.7451 0.1689 0.0000
vt 0.7451 0.1392 0.0000
vt 0.6885 0.1689 0.0000
vt 0.6860 0.1392 0.0000
vt 0.6670 0.1392 0.0000
vt 0.6753 0.1689 0.0000
vt 0.8604 0.2295 0.0000
vt 0.8604 0.1997 0.0000
vt 0.9170 0.2295 0.0000
vt 0.9189 0.1997 0.0000
vt 0.9385 0.1997 0.0000
vt 0.9302 0.2295 0.0000
vt 0.6699 0.2295 0.0000
vt 0.6582 0.1997 0.0000
vt 0.6626 0.2295 0.0000
vt 0.6470 0.1997 0.0000
vt 0.6411 0.2295 0.0000
vt 0.9355 0.2856 0.0000
vt 0.9473 0.2559 0.0000
vt 0.9424 0.2856 0.0000
vt 0.9585 0.2559 0.0000
vt 0.9644 0.2856 0.0000
vt 0.6699 0.2856 0.0000
vt 0.6582 0.2559 0.0000
vt 0.6626 0.2856 0.0000
vt 0.6470 0.2559 0.0000
vt 0.6411 0.2856 0.0000
vt 0.9355 0.1138 0.0000
vt 0.9473 0.0840 0.0000
vt 0.9424 0.1138 0.0000
vt 0.9585 0.0840 0.0000
vt 0.9644 0.1138 0.0000
vt 0.6699 0.1138 0.0000
vt 0.6582 0.0840 0.0000
vt 0.6626 0.1138 0.0000
vt 0.6470 0.0840 0.0000
vt 0.6411 0.1138 0.0000
vt 0.9355 0.0620 0.0000
vt 0.9473 0.0322 0.0000
vt 0.9424 0.0620 0.0000
vt 0.9585 0.0322 0.0000
vt 0.9644 0.0620 0.0000
vt 0.6699 0.0620 0.0000
vt 0.6582 0.0322 0.0000
vt 0.6626 0.0620 0.0000
vt 0.6470 0.0322 0.0000
vt 0.6411 0.0620 0.0000
vt 0.9355 0.1689 0.0000
vt 0.9473 0.1392 0.0000
vt 0.9424 0.1689 0.0000
vt 0.9585 0.1392 0.0000
vt 0.9644 0.1689 0.0000
vt 0.6699 0.1689 0.0000
vt 0.6582 0.1392 0.0000
vt 0.6470 0.1392 0.0000
vt 0.6411 0.1689 0.0000
vt 0.6626 0.1689 0.0000
vt 0.9355 0.2295 0.0000
vt 0.9473 0.1997 0.0000
vt 0.9424 0.2295 0.0000
vt 0.9585 0.1997 0.0000
vt 0.9644 0.2295 0.0000
vt 0.9746 0.5041 0.0000
vt 0.9668 0.4678 0.0000
vt 0.9502 0.4731 0.0000
vt 0.9575 0.5059 0.0000
vt 0.9746 0.5415 0.0000
vt 0.9575 0.5396 0.0000
vt 0.9668 0.5781 0.0000
vt 0.9502 0.5728 0.0000
vt 0.9297 0.6426 0.0000
vt 0.9170 0.6309 0.0000
vt 0.8916 0.6533 0.0000
vt 0.9019 0.6675 0.0000
vt 0.9517 0.6123 0.0000
vt 0.9365 0.6035 0.0000
vt 0.8340 0.3481 0.0000
vt 0.7969 0.3442 0.0000
vt 0.7969 0.3613 0.0000
vt 0.8306 0.3652 0.0000
vt 0.8696 0.3594 0.0000
vt 0.8623 0.3755 0.0000
vt 0.9019 0.3784 0.0000
vt 0.8916 0.3921 0.0000
vt 0.9517 0.4336 0.0000
vt 0.9365 0.4424 0.0000
vt 0.9297 0.4033 0.0000
vt 0.9170 0.4150 0.0000
vt 0.6421 0.4336 0.0000
vt 0.6270 0.4678 0.0000
vt 0.6431 0.4731 0.0000
vt 0.6572 0.4424 0.0000
vt 0.6641 0.4033 0.0000
vt 0.6768 0.4150 0.0000
vt 0.6919 0.3784 0.0000
vt 0.7021 0.3921 0.0000
vt 0.7598 0.3481 0.0000
vt 0.7632 0.3652 0.0000
vt 0.7241 0.3594 0.0000
vt 0.7310 0.3755 0.0000
vt 0.6641 0.6426 0.0000
vt 0.6919 0.6675 0.0000
vt 0.7021 0.6533 0.0000
vt 0.6768 0.6309 0.0000
vt 0.6421 0.6123 0.0000
vt 0.6572 0.6035 0.0000
vt 0.6270 0.5781 0.0000
vt 0.6431 0.5728 0.0000
vt 0.6191 0.5041 0.0000
vt 0.6362 0.5059 0.0000
vt 0.6191 0.5415 0.0000
vt 0.6362 0.5396 0.0000
vt 0.8696 0.6863 0.0000
vt 0.8623 0.6702 0.0000
vt 0.8340 0.6978 0.0000
vt 0.8306 0.6807 0.0000
vt 0.7969 0.7017 0.0000
vt 0.7969 0.6843 0.0000
vt 0.7241 0.6863 0.0000
vt 0.7310 0.6702 0.0000
vt 0.7598 0.6978 0.0000
vt 0.7632 0.6807 0.0000
vt 0.9194 0.5823 0.0000
vt 0.9219 0.5847 0.0000
vt 0.9331 0.5491 0.0000
vt 0.9302 0.5498 0.0000
vt 0.8628 0.4028 0.0000
vt 0.8623 0.4062 0.0000
vt 0.8901 0.4263 0.0000
vt 0.8931 0.4248 0.0000
vt 0.7793 0.4712 0.0000
vt 0.7319 0.4062 0.0000
vt 0.7046 0.4263 0.0000
vt 0.7520 0.4907 0.0000
vt 0.7407 0.5254 0.0000
vt 0.6646 0.5498 0.0000
vt 0.6748 0.5823 0.0000
vt 0.7510 0.5571 0.0000
vt 0.7788 0.6616 0.0000
vt 0.7764 0.6628 0.0000
vt 0.8184 0.6628 0.0000
vt 0.8159 0.6616 0.0000
vt 0.6133 0.8932 0.0000
vt 0.6611 0.5491 0.0000
vt 0.6729 0.5847 0.0000
vt 0.6592 0.5471 0.0000
vt 0.6724 0.5874 0.0000
vt 0.8154 0.4712 0.0000
vt 0.8423 0.4907 0.0000
vt 0.8613 0.4004 0.0000
vt 0.8955 0.4253 0.0000
vt 0.9165 0.8932 0.0000
vt 0.8433 0.5571 0.0000
vt 0.8535 0.5254 0.0000
vt 0.9224 0.5874 0.0000
vt 0.9355 0.5471 0.0000
vt 0.8154 0.8932 0.0000
vt 0.7808 0.5784 0.0000
vt 0.7803 0.6587 0.0000
vt 0.8145 0.6587 0.0000
vt 0.8140 0.5784 0.0000
vt 0.7144 0.8932 0.0000
vt 0.5630 0.4146 0.0000
vt 0.4961 0.3657 0.0000
vt 0.3809 0.5190 0.0000
vt 0.4529 0.5713 0.0000
vt 0.3420 0.4956 0.0000
vt 0.4424 0.3574 0.0000
vt 0.4902 0.6030 0.0000
vt 0.5903 0.4648 0.0000
vt 0.1724 0.3657 0.0000
vt 0.1051 0.4146 0.0000
vt 0.2155 0.5713 0.0000
vt 0.2874 0.5190 0.0000
vt 0.1809 0.6011 0.0000
vt 0.0806 0.4629 0.0000
vt 0.3291 0.4932 0.0000
vt 0.2288 0.3550 0.0000
vt 0.0051 0.7222 0.0000
vt 0.0308 0.8013 0.0000
vt 0.2140 0.7449 0.0000
vt 0.1865 0.6602 0.0000
vt 0.2316 0.7867 0.0000
vt 0.0692 0.8396 0.0000
vt 0.1749 0.6125 0.0000
vt 0.0126 0.6653 0.0000
vt 0.6377 0.8013 0.0000
vt 0.6631 0.7222 0.0000
vt 0.4817 0.6602 0.0000
vt 0.4543 0.7449 0.0000
vt 0.4922 0.6160 0.0000
vt 0.6543 0.6687 0.0000
vt 0.4355 0.7902 0.0000
vt 0.5977 0.8429 0.0000
vt 0.2925 0.9915 0.0000
vt 0.3757 0.9915 0.0000
vt 0.3787 0.7998 0.0000
vt 0.2896 0.7998 0.0000
vt 0.4241 0.7960 0.0000
vt 0.4241 0.9667 0.0000
vt 0.2408 0.7960 0.0000
vt 0.2408 0.9667 0.0000
vt 0.7319 0.4028 0.0000
vt 0.7017 0.4248 0.0000
vt 0.7329 0.4004 0.0000
vt 0.6987 0.4253 0.0000
# 1117 texture coords

o LlantaDelanteraDerecha
g LlantaDelanteraDerecha
usemtl 5b395f45_dds
s 1
f 1/1/1 2/2/2 3/3/3 
f 1/1/1 3/3/3 4/4/4 
f 2/2/2 5/5/5 6/6/6 
f 2/2/2 6/6/6 3/3/3 
f 7/7/7 6/6/6 5/5/5 
f 7/7/7 5/5/5 8/8/8 
f 4/4/4 3/3/3 9/9/9 
f 4/4/4 9/9/9 10/10/10 
f 3/3/3 6/6/6 11/11/11 
f 3/3/3 11/11/11 9/9/9 
f 12/12/12 11/11/11 6/6/6 
f 12/12/12 6/6/6 7/7/7 
f 9/9/9 13/13/13 14/14/14 
f 9/9/9 14/14/14 10/10/10 
f 11/11/11 15/15/15 13/13/13 
f 11/11/11 13/13/13 9/9/9 
f 16/16/16 15/15/15 11/11/11 
f 16/16/16 11/11/11 12/12/12 
f 17/17/17 18/18/18 19/19/19 
f 17/17/17 19/19/19 20/20/20 
f 20/20/20 19/19/19 21/21/21 
f 20/20/20 21/21/21 22/22/22 
f 7/7/7 8/8/8 22/22/22 
f 7/7/7 22/22/22 21/21/21 
f 18/18/18 23/23/23 24/24/24 
f 18/18/18 24/24/24 19/19/19 
f 19/19/19 24/24/24 25/25/25 
f 19/19/19 25/25/25 21/21/21 
f 12/12/12 7/7/7 21/21/21 
f 12/12/12 21/21/21 25/25/25 
f 24/24/24 23/23/23 26/26/26 
f 24/24/24 26/26/26 27/27/27 
f 25/25/25 24/24/24 27/27/27 
f 25/25/25 27/27/27 28/28/28 
f 16/16/16 12/12/12 25/25/25 
f 16/16/16 25/25/25 28/28/28 
f 29/29/29 30/30/30 31/31/31 
f 29/29/29 31/31/31 32/32/32 
f 30/30/30 33/33/33 34/34/34 
f 30/30/30 34/34/34 31/31/31 
f 35/35/35 34/34/34 33/33/33 
f 35/35/35 33/33/33 36/36/36 
f 32/32/32 31/31/31 37/37/37 
f 32/32/32 37/37/37 38/38/38 
f 31/31/31 34/34/34 39/39/39 
f 31/31/31 39/39/39 37/37/37 
f 40/40/40 39/39/39 34/34/34 
f 40/40/40 34/34/34 35/35/35 
f 37/37/37 41/41/41 42/42/42 
f 37/37/37 42/42/42 38/38/38 
f 39/39/39 43/43/43 41/41/41 
f 39/39/39 41/41/41 37/37/37 
f 44/44/44 43/43/43 39/39/39 
f 44/44/44 39/39/39 40/40/40 
f 1/1/1 4/4/4 45/45/45 
f 1/1/1 45/45/45 46/46/46 
f 46/46/46 45/45/45 47/47/47 
f 46/46/46 47/47/47 48/48/48 
f 35/35/35 36/36/36 48/48/48 
f 35/35/35 48/48/48 47/47/47 
f 4/4/4 10/10/10 49/49/49 
f 4/4/4 49/49/49 45/45/45 
f 45/45/45 49/49/49 50/50/50 
f 45/45/45 50/50/50 47/47/47 
f 40/40/40 35/35/35 47/47/47 
f 40/40/40 47/47/47 50/50/50 
f 49/49/49 10/10/10 14/14/14 
f 49/49/49 14/14/14 51/51/51 
f 50/50/50 49/49/49 51/51/51 
f 50/50/50 51/51/51 52/52/52 
f 44/44/44 40/40/40 50/50/50 
f 44/44/44 50/50/50 52/52/52 
f 53/53/53 54/54/54 55/55/55 
f 53/53/53 55/55/55 56/56/56 
f 54/54/54 57/57/57 58/58/58 
f 54/54/54 58/58/58 55/55/55 
f 59/59/59 58/58/58 57/57/57 
f 59/59/59 57/57/57 60/60/60 
f 56/56/56 55/55/55 61/61/61 
f 56/56/56 61/61/61 62/62/62 
f 55/55/55 58/58/58 63/63/63 
f 55/55/55 63/63/63 61/61/61 
f 64/64/64 63/63/63 58/58/58 
f 64/64/64 58/58/58 59/59/59 
f 61/61/61 65/65/65 66/66/66 
f 61/61/61 66/66/66 62/62/62 
f 63/63/63 67/67/67 65/65/65 
f 63/63/63 65/65/65 61/61/61 
f 68/68/68 67/67/67 63/63/63 
f 68/68/68 63/63/63 64/64/64 
f 29/29/29 32/32/32 69/69/69 
f 29/29/29 69/69/69 70/70/70 
f 70/70/70 69/69/69 71/71/71 
f 70/70/70 71/71/71 72/72/72 
f 59/59/59 60/60/60 72/72/72 
f 59/59/59 72/72/72 71/71/71 
f 32/32/32 38/38/38 73/73/73 
f 32/32/32 73/73/73 69/69/69 
f 69/69/69 73/73/73 74/74/74 
f 69/69/69 74/74/74 71/71/71 
f 64/64/64 59/59/59 71/71/71 
f 64/64/64 71/71/71 74/74/74 
f 73/73/73 38/38/38 42/42/42 
f 73/73/73 42/42/42 75/75/75 
f 74/74/74 73/73/73 75/75/75 
f 74/74/74 75/75/75 76/76/76 
f 68/68/68 64/64/64 74/74/74 
f 68/68/68 74/74/74 76/76/76 
f 77/77/77 78/78/78 79/79/79 
f 77/77/77 79/79/79 80/80/80 
f 78/78/78 81/81/81 82/82/82 
f 78/78/78 82/82/82 79/79/79 
f 83/83/83 82/82/82 81/81/81 
f 83/83/83 81/81/81 84/84/84 
f 80/80/80 79/79/79 85/85/85 
f 80/80/80 85/85/85 86/86/86 
f 79/79/79 82/82/82 87/87/87 
f 79/79/79 87/87/87 85/85/85 
f 88/88/88 87/87/87 82/82/82 
f 88/88/88 82/82/82 83/83/83 
f 85/85/85 89/89/89 90/90/90 
f 85/85/85 90/90/90 86/86/86 
f 87/87/87 91/91/91 89/89/89 
f 87/87/87 89/89/89 85/85/85 
f 92/92/92 91/91/91 87/87/87 
f 92/92/92 87/87/87 88/88/88 
f 53/53/53 56/56/56 93/93/93 
f 53/53/53 93/93/93 94/94/94 
f 94/95/95 93/96/96 95/97/97 
f 94/95/95 95/97/97 96/98/98 
f 83/83/83 84/84/84 96/98/98 
f 83/83/83 96/98/98 95/97/97 
f 56/56/56 62/62/62 97/99/99 
f 56/56/56 97/99/99 93/93/93 
f 93/96/96 97/100/100 98/101/101 
f 93/96/96 98/101/101 95/97/97 
f 88/88/88 83/83/83 95/97/97 
f 88/88/88 95/97/97 98/101/101 
f 97/99/99 62/62/62 66/66/66 
f 97/99/99 66/66/66 99/102/102 
f 98/101/101 97/100/100 99/103/103 
f 98/101/101 99/103/103 100/104/104 
f 92/92/92 88/88/88 98/101/101 
f 92/92/92 98/101/101 100/104/104 
f 17/17/17 101/105/105 102/106/106 
f 17/17/17 102/106/106 18/18/18 
f 101/105/105 103/107/107 104/108/108 
f 101/105/105 104/108/108 102/106/106 
f 105/109/109 104/108/108 103/107/107 
f 105/109/109 103/107/107 106/110/110 
f 18/18/18 102/106/106 107/111/111 
f 18/18/18 107/111/111 23/23/23 
f 102/106/106 104/108/108 108/112/112 
f 102/106/106 108/112/112 107/111/111 
f 109/113/113 108/112/112 104/108/108 
f 109/113/113 104/108/108 105/109/109 
f 107/111/111 110/114/114 26/26/26 
f 107/111/111 26/26/26 23/23/23 
f 108/112/112 111/115/115 110/114/114 
f 108/112/112 110/114/114 107/111/111 
f 112/116/116 111/115/115 108/112/112 
f 112/116/116 108/112/112 109/113/113 
f 77/77/77 80/80/80 113/117/117 
f 77/77/77 113/117/117 114/118/118 
f 114/118/118 113/117/117 115/119/119 
f 114/118/118 115/119/119 116/120/120 
f 105/109/109 106/110/110 116/120/120 
f 105/109/109 116/120/120 115/119/119 
f 80/80/80 86/86/86 117/121/121 
f 80/80/80 117/121/121 113/117/117 
f 113/117/117 117/121/121 118/122/122 
f 113/117/117 118/122/122 115/119/119 
f 109/113/113 105/109/109 115/119/119 
f 109/113/113 115/119/119 118/122/122 
f 117/121/121 86/86/86 90/90/90 
f 117/121/121 90/90/90 119/123/123 
f 118/122/122 117/121/121 119/123/124 
f 118/122/122 119/123/124 120/124/125 
f 112/116/116 109/113/113 118/122/122 
f 112/116/116 118/122/122 120/124/125 
f 121/125/126 122/126/127 123/127/128 
f 121/125/126 123/127/128 124/128/129 
f 124/128/129 123/127/128 125/129/130 
f 124/128/129 125/129/130 126/130/131 
f 127/131/132 128/132/133 126/130/131 
f 127/131/132 126/130/131 125/129/130 
f 122/126/127 129/133/134 130/134/135 
f 122/126/127 130/134/135 123/127/128 
f 123/127/128 130/134/135 131/135/136 
f 123/127/128 131/135/136 125/129/130 
f 132/136/137 127/131/132 125/129/130 
f 132/136/137 125/129/130 131/135/136 
f 130/134/135 129/133/134 133/137/138 
f 130/134/135 133/137/138 134/138/139 
f 131/135/136 130/134/135 134/138/139 
f 131/135/136 134/138/139 135/139/140 
f 136/140/141 132/136/137 131/135/136 
f 136/140/141 131/135/136 135/139/140 
f 137/141/142 138/142/143 139/143/144 
f 137/141/142 139/143/144 140/144/145 
f 138/142/143 141/145/146 142/146/147 
f 138/142/143 142/146/147 139/143/144 
f 127/131/132 142/146/147 141/145/146 
f 127/131/132 141/145/146 128/132/133 
f 140/144/145 139/143/144 143/147/148 
f 140/144/145 143/147/148 144/148/149 
f 139/143/144 142/146/147 145/149/150 
f 139/143/144 145/149/150 143/147/148 
f 132/136/137 145/149/150 142/146/147 
f 132/136/137 142/146/147 127/131/132 
f 143/147/148 146/150/151 147/151/152 
f 143/147/148 147/151/152 144/148/149 
f 145/149/150 148/152/153 146/150/151 
f 145/149/150 146/150/151 143/147/148 
f 136/140/141 148/152/153 145/149/150 
f 136/140/141 145/149/150 132/136/137 
f 149/153/154 150/154/155 151/155/156 
f 149/153/154 151/155/156 152/156/157 
f 152/156/157 151/155/156 153/157/158 
f 152/156/157 153/157/158 154/158/159 
f 155/159/160 156/160/161 154/158/159 
f 155/159/160 154/158/159 153/157/158 
f 150/154/155 157/161/162 158/162/163 
f 150/154/155 158/162/163 151/155/156 
f 151/155/156 158/162/163 159/163/164 
f 151/155/156 159/163/164 153/157/158 
f 160/164/165 155/159/160 153/157/158 
f 160/164/165 153/157/158 159/163/164 
f 158/162/163 157/161/162 161/165/166 
f 158/162/163 161/165/166 162/166/167 
f 159/163/164 158/162/163 162/166/167 
f 159/163/164 162/166/167 163/167/168 
f 164/168/169 160/164/165 159/163/164 
f 164/168/169 159/163/164 163/167/168 
f 121/125/126 165/169/170 166/170/171 
f 121/125/126 166/170/171 122/126/127 
f 165/169/170 167/171/172 168/172/173 
f 165/169/170 168/172/173 166/170/171 
f 155/159/160 168/172/173 167/171/172 
f 155/159/160 167/171/172 156/160/161 
f 122/126/127 166/170/171 169/173/174 
f 122/126/127 169/173/174 129/133/134 
f 166/170/171 168/172/173 170/174/175 
f 166/170/171 170/174/175 169/173/174 
f 160/164/165 170/174/175 168/172/173 
f 160/164/165 168/172/173 155/159/160 
f 169/173/174 171/175/176 133/137/138 
f 169/173/174 133/137/138 129/133/134 
f 170/174/175 172/176/177 171/175/176 
f 170/174/175 171/175/176 169/173/174 
f 164/168/169 172/176/177 170/174/175 
f 164/168/169 170/174/175 160/164/165 
f 173/177/178 174/178/179 175/179/180 
f 173/177/178 175/179/180 176/180/181 
f 176/180/181 175/179/180 177/181/182 
f 176/180/181 177/181/182 178/182/183 
f 179/183/184 180/184/185 178/182/183 
f 179/183/184 178/182/183 177/181/182 
f 174/178/179 181/185/186 182/186/187 
f 174/178/179 182/186/187 175/179/180 
f 175/179/180 182/186/187 183/187/188 
f 175/179/180 183/187/188 177/181/182 
f 184/188/189 179/183/184 177/181/182 
f 184/188/189 177/181/182 183/187/188 
f 182/186/187 181/185/186 185/189/190 
f 182/186/187 185/189/190 186/190/191 
f 183/187/188 182/186/187 186/190/191 
f 183/187/188 186/190/191 187/191/192 
f 188/192/193 184/188/189 183/187/188 
f 188/192/193 183/187/188 187/191/192 
f 149/153/154 189/193/194 190/194/195 
f 149/153/154 190/194/195 150/154/155 
f 189/193/194 191/195/196 192/196/197 
f 189/193/194 192/196/197 190/194/195 
f 179/183/184 192/196/197 191/195/196 
f 179/183/184 191/195/196 180/184/185 
f 150/154/155 190/194/195 193/197/198 
f 150/154/155 193/197/198 157/161/162 
f 190/194/195 192/196/197 194/198/199 
f 190/194/195 194/198/199 193/197/198 
f 184/188/189 194/198/199 192/196/197 
f 184/188/189 192/196/197 179/183/184 
f 193/197/198 195/199/200 161/165/166 
f 193/197/198 161/165/166 157/161/162 
f 194/198/199 196/200/201 195/199/200 
f 194/198/199 195/199/200 193/197/198 
f 188/192/193 196/200/201 194/198/199 
f 188/192/193 194/198/199 184/188/189 
f 197/201/202 198/202/203 199/203/204 
f 197/201/202 199/203/204 200/204/205 
f 200/204/205 199/203/204 201/205/206 
f 200/204/205 201/205/206 202/206/207 
f 203/207/208 204/208/209 202/206/207 
f 203/207/208 202/206/207 201/205/206 
f 198/202/203 205/209/210 206/210/211 
f 198/202/203 206/210/211 199/203/204 
f 199/203/204 206/210/211 207/211/212 
f 199/203/204 207/211/212 201/205/206 
f 208/212/213 203/207/208 201/205/206 
f 208/212/213 201/205/206 207/211/212 
f 206/210/211 205/209/210 209/213/214 
f 206/210/211 209/213/214 210/214/215 
f 207/211/212 206/210/211 210/214/215 
f 207/211/212 210/214/215 211/215/216 
f 212/216/217 208/212/213 207/211/212 
f 212/216/217 207/211/212 211/215/216 
f 173/177/178 213/217/218 214/218/219 
f 173/177/178 214/218/219 174/178/179 
f 213/219/220 215/220/221 216/221/222 
f 213/219/220 216/221/222 214/222/223 
f 203/207/208 216/221/222 215/220/221 
f 203/207/208 215/220/221 204/208/209 
f 174/178/179 214/218/219 217/223/224 
f 174/178/179 217/223/224 181/185/186 
f 214/222/223 216/221/222 218/224/225 
f 214/222/223 218/224/225 217/225/226 
f 208/212/213 218/224/225 216/221/222 
f 208/212/213 216/221/222 203/207/208 
f 217/223/224 219/226/227 185/189/190 
f 217/223/224 185/189/190 181/185/186 
f 218/224/225 220/227/228 219/228/229 
f 218/224/225 219/228/229 217/225/226 
f 212/216/217 220/227/228 218/224/225 
f 212/216/217 218/224/225 208/212/213 
f 137/141/142 140/144/145 221/229/230 
f 137/141/142 221/229/230 222/230/231 
f 222/230/231 221/229/230 223/231/232 
f 222/230/231 223/231/232 224/232/233 
f 225/233/234 226/234/235 224/232/233 
f 225/233/234 224/232/233 223/231/232 
f 140/144/145 144/148/149 227/235/236 
f 140/144/145 227/235/236 221/229/230 
f 221/229/230 227/235/236 228/236/237 
f 221/229/230 228/236/237 223/231/232 
f 229/237/238 225/233/234 223/231/232 
f 229/237/238 223/231/232 228/236/237 
f 227/235/236 144/148/149 147/151/152 
f 227/235/236 147/151/152 230/238/239 
f 228/236/237 227/235/236 230/238/239 
f 228/236/237 230/238/239 231/239/240 
f 232/240/241 229/237/238 228/236/237 
f 232/240/241 228/236/237 231/239/240 
f 197/201/202 233/241/242 234/242/243 
f 197/201/202 234/242/243 198/202/203 
f 233/241/242 235/243/244 236/244/245 
f 233/241/242 236/244/245 234/242/243 
f 225/233/234 236/244/245 235/243/244 
f 225/233/234 235/243/244 226/234/235 
f 198/202/203 234/242/243 237/245/246 
f 198/202/203 237/245/246 205/209/210 
f 234/242/243 236/244/245 238/246/247 
f 234/242/243 238/246/247 237/245/246 
f 229/237/238 238/246/247 236/244/245 
f 229/237/238 236/244/245 225/233/234 
f 237/245/246 239/247/248 209/213/214 
f 237/245/246 209/213/214 205/209/210 
f 238/246/247 240/248/249 239/247/248 
f 238/246/247 239/247/248 237/245/246 
f 232/240/241 240/248/249 238/246/247 
f 232/240/241 238/246/247 229/237/238 
f 2/2/2 1/1/1 121/125/126 
f 2/2/2 121/125/126 124/128/129 
f 5/5/5 2/2/2 124/128/129 
f 5/5/5 124/128/129 126/130/131 
f 8/8/8 5/5/5 126/130/131 
f 8/8/8 126/130/131 128/132/133 
f 20/20/20 138/142/143 137/141/142 
f 20/20/20 137/141/142 17/17/17 
f 22/22/22 141/145/146 138/142/143 
f 22/22/22 138/142/143 20/20/20 
f 8/8/8 128/132/133 141/145/146 
f 8/8/8 141/145/146 22/22/22 
f 30/30/30 29/29/29 149/153/154 
f 30/30/30 149/153/154 152/156/157 
f 33/33/33 30/30/30 152/156/157 
f 33/33/33 152/156/157 154/158/159 
f 36/36/36 33/33/33 154/158/159 
f 36/36/36 154/158/159 156/160/161 
f 46/46/46 165/169/170 121/125/126 
f 46/46/46 121/125/126 1/1/1 
f 48/48/48 167/171/172 165/169/170 
f 48/48/48 165/169/170 46/46/46 
f 36/36/36 156/160/161 167/171/172 
f 36/36/36 167/171/172 48/48/48 
f 54/54/54 53/53/53 173/177/178 
f 54/54/54 173/177/178 176/180/181 
f 57/57/57 54/54/54 176/180/181 
f 57/57/57 176/180/181 178/182/183 
f 60/60/60 57/57/57 178/182/183 
f 60/60/60 178/182/183 180/184/185 
f 70/70/70 189/193/194 149/153/154 
f 70/70/70 149/153/154 29/29/29 
f 72/72/72 191/195/196 189/193/194 
f 72/72/72 189/193/194 70/70/70 
f 60/60/60 180/184/185 191/195/196 
f 60/60/60 191/195/196 72/72/72 
f 78/78/78 77/77/77 197/201/202 
f 78/78/78 197/201/202 200/204/205 
f 81/81/81 78/78/78 200/204/205 
f 81/81/81 200/204/205 202/206/207 
f 84/84/84 81/81/81 202/206/207 
f 84/84/84 202/206/207 204/208/209 
f 94/94/94 213/217/218 173/177/178 
f 94/94/94 173/177/178 53/53/53 
f 96/98/98 215/220/221 213/219/220 
f 96/98/98 213/219/220 94/95/95 
f 84/84/84 204/208/209 215/220/221 
f 84/84/84 215/220/221 96/98/98 
f 101/105/105 17/17/17 137/141/142 
f 101/105/105 137/141/142 222/230/231 
f 103/107/107 101/105/105 222/230/231 
f 103/107/107 222/230/231 224/232/233 
f 106/110/110 103/107/107 224/232/233 
f 106/110/110 224/232/233 226/234/235 
f 114/118/118 233/241/242 197/201/202 
f 114/118/118 197/201/202 77/77/77 
f 116/120/120 235/243/244 233/241/242 
f 116/120/120 233/241/242 114/118/118 
f 106/110/110 226/234/235 235/243/244 
f 106/110/110 235/243/244 116/120/120 
f 241/249/250 242/250/251 243/251/252 
f 241/249/250 243/251/252 244/252/253 
f 244/252/253 243/251/252 245/253/254 
f 244/252/253 245/253/254 246/254/255 
f 246/254/255 245/253/254 247/255/256 
f 246/254/255 247/255/256 248/256/257 
f 248/256/257 247/255/256 249/257/258 
f 248/256/257 249/257/258 250/258/259 
f 250/258/259 249/257/258 251/259/260 
f 250/258/259 251/259/260 252/260/261 
f 252/260/261 251/259/260 242/250/251 
f 252/260/261 242/250/251 241/249/250 
f 243/251/252 247/255/256 245/253/254 
f 253/261/262 254/262/263 255/263/262 
f 253/261/262 255/263/262 256/264/262 
f 256/264/264 255/263/264 257/265/264 
f 256/264/264 257/265/264 258/266/264 
f 258/266/265 257/265/265 259/267/265 
f 258/266/265 259/267/265 260/268/266 
f 260/268/267 259/267/267 261/269/267 
f 260/268/267 261/269/267 262/270/267 
f 262/270/268 261/269/269 263/271/269 
f 262/270/268 263/271/269 264/272/270 
f 264/272/271 263/271/272 254/273/271 
f 264/272/271 254/273/271 253/274/273 
f 259/275/274 257/276/275 255/277/274 
f 259/275/274 255/277/274 254/278/274 
f 263/279/274 261/280/276 259/275/274 
f 263/279/274 259/275/274 254/278/274 
f 265/249/250 266/250/251 267/251/277 
f 265/249/250 267/251/277 268/252/278 
f 268/252/278 267/251/277 269/253/279 
f 268/252/278 269/253/279 270/254/280 
f 270/254/280 269/253/279 271/255/281 
f 270/254/280 271/255/281 272/256/282 
f 272/256/282 271/255/281 273/257/258 
f 272/256/282 273/257/258 274/258/283 
f 274/258/283 273/257/258 275/259/284 
f 274/258/283 275/259/284 276/260/285 
f 276/260/285 275/259/284 266/250/251 
f 276/260/285 266/250/251 265/249/250 
f 266/250/251 273/257/258 271/255/281 
f 266/250/251 271/255/281 267/251/277 
f 277/261/262 278/262/263 279/263/262 
f 277/261/262 279/263/262 280/264/262 
f 280/264/264 279/263/264 281/265/264 
f 280/264/264 281/265/264 282/266/264 
f 282/266/265 281/265/266 283/267/265 
f 282/266/265 283/267/265 284/268/265 
f 284/268/267 283/267/286 285/269/286 
f 284/268/267 285/269/286 286/270/287 
f 286/270/269 285/269/269 287/271/269 
f 286/270/269 287/271/269 288/272/269 
f 288/272/271 287/271/271 278/273/271 
f 288/272/271 278/273/271 277/274/288 
f 283/275/289 281/276/289 279/277/289 
f 283/275/289 279/277/289 278/278/274 
f 287/279/274 285/280/289 283/275/289 
f 287/279/274 283/275/289 278/278/274 
f 289/249/250 290/250/251 291/251/252 
f 289/249/250 291/251/252 292/252/290 
f 292/252/290 291/251/252 293/253/254 
f 292/252/290 293/253/254 294/254/255 
f 294/254/255 293/253/254 295/255/291 
f 294/254/255 295/255/291 296/256/292 
f 296/256/292 295/255/291 297/257/293 
f 296/256/292 297/257/293 298/258/283 
f 298/258/283 297/257/293 299/259/294 
f 298/258/283 299/259/294 300/260/295 
f 300/260/295 299/259/294 290/250/251 
f 300/260/295 290/250/251 289/249/250 
f 290/250/251 297/257/293 295/255/291 
f 290/250/251 295/255/291 291/251/252 
f 301/261/262 302/262/263 303/263/262 
f 301/261/262 303/263/262 304/264/262 
f 304/264/296 303/263/296 305/265/296 
f 304/264/296 305/265/296 306/266/296 
f 306/266/266 305/265/266 307/267/266 
f 306/266/266 307/267/266 308/268/266 
f 308/268/267 307/267/267 309/269/267 
f 308/268/267 309/269/267 310/270/286 
f 310/270/270 309/269/270 311/271/270 
f 310/270/270 311/271/270 312/272/270 
f 312/272/271 311/271/271 302/273/271 
f 312/272/271 302/273/271 301/274/288 
f 307/275/274 305/276/274 303/277/274 
f 307/275/274 303/277/274 302/278/274 
f 311/279/274 309/280/289 307/275/274 
f 311/279/274 307/275/274 302/278/274 
f 313/249/297 314/250/251 315/251/298 
f 313/249/297 315/251/298 316/252/253 
f 316/252/253 315/251/298 317/253/299 
f 316/252/253 317/253/299 318/254/255 
f 318/254/255 317/253/299 319/255/291 
f 318/254/255 319/255/291 320/256/300 
f 320/256/300 319/255/291 321/257/258 
f 320/256/300 321/257/258 322/258/301 
f 322/258/301 321/257/258 323/259/302 
f 322/258/301 323/259/302 324/260/285 
f 324/260/285 323/259/302 314/250/251 
f 324/260/285 314/250/251 313/249/297 
f 315/251/298 319/255/291 317/253/299 
f 325/261/263 326/262/303 327/263/303 
f 325/261/263 327/263/303 328/264/263 
f 328/264/264 327/263/296 329/265/304 
f 328/264/264 329/265/304 330/266/264 
f 330/266/305 329/265/265 331/267/265 
f 330/266/305 331/267/265 332/268/305 
f 332/268/286 331/267/286 333/269/286 
f 332/268/286 333/269/286 334/270/267 
f 334/270/270 333/269/269 335/271/268 
f 334/270/270 335/271/268 336/272/270 
f 336/272/271 335/271/272 326/273/272 
f 336/272/271 326/273/272 325/274/288 
f 331/275/274 329/276/306 327/277/274 
f 331/275/274 327/277/274 326/278/307 
f 335/279/307 333/280/307 331/275/274 
f 335/279/307 331/275/274 326/278/307 
f 337/249/308 338/250/251 339/251/277 
f 337/249/308 339/251/277 340/252/278 
f 340/252/278 339/251/277 341/253/309 
f 340/252/278 341/253/309 342/254/255 
f 342/254/255 341/253/309 343/255/310 
f 342/254/255 343/255/310 344/256/311 
f 344/256/311 343/255/310 345/257/258 
f 344/256/311 345/257/258 346/258/312 
f 346/258/312 345/257/258 347/259/302 
f 346/258/312 347/259/302 348/260/313 
f 348/260/313 347/259/302 338/250/251 
f 348/260/313 338/250/251 337/249/308 
f 339/251/277 338/250/251 345/257/258 
f 339/251/277 345/257/258 343/255/310 
f 349/261/263 350/262/263 351/263/263 
f 349/261/263 351/263/263 352/264/263 
f 352/264/304 351/263/314 353/265/296 
f 352/264/304 353/265/296 354/266/264 
f 354/266/266 353/265/305 355/267/265 
f 354/266/266 355/267/265 356/268/266 
f 356/268/267 355/267/267 357/269/267 
f 356/268/267 357/269/267 358/270/267 
f 358/270/270 357/269/270 359/271/270 
f 358/270/270 359/271/270 360/272/269 
f 360/272/288 359/271/288 350/273/288 
f 360/272/288 350/273/288 349/274/288 
f 355/275/289 353/276/289 351/277/289 
f 355/275/289 351/277/289 350/278/289 
f 359/279/315 357/280/289 355/275/289 
f 359/279/315 355/275/289 350/278/289 
f 361/249/312 362/250/316 363/251/302 
f 361/249/312 363/251/302 364/252/285 
f 364/252/285 363/251/302 365/253/251 
f 364/252/285 365/253/251 366/254/250 
f 366/254/250 365/253/251 367/255/252 
f 366/254/250 367/255/252 368/256/253 
f 368/256/253 367/255/252 369/257/317 
f 368/256/253 369/257/317 370/258/255 
f 370/258/255 369/257/317 371/259/310 
f 370/258/255 371/259/310 372/260/282 
f 372/260/282 371/259/310 362/250/316 
f 372/260/282 362/250/316 361/249/312 
f 362/250/316 365/253/251 363/251/302 
f 373/261/270 374/262/270 375/263/270 
f 373/261/270 375/263/270 376/264/270 
f 376/264/271 375/263/288 377/265/271 
f 376/264/271 377/265/271 378/266/271 
f 378/266/262 377/265/262 379/267/262 
f 378/266/262 379/267/262 380/268/263 
f 380/268/264 379/267/296 381/269/296 
f 380/268/264 381/269/296 382/270/264 
f 382/270/318 381/269/265 383/271/318 
f 382/270/318 383/271/318 384/272/319 
f 384/272/267 383/271/267 374/273/267 
f 384/272/267 374/273/267 373/274/267 
f 379/275/274 377/276/289 375/277/274 
f 379/275/274 375/277/274 374/278/274 
f 383/279/274 381/280/307 379/275/274 
f 383/279/274 379/275/274 374/278/274 
f 385/281/320 386/282/320 387/283/321 
f 385/281/320 387/283/321 388/284/322 
f 388/284/322 387/283/321 389/285/323 
f 388/284/322 389/285/323 390/286/324 
f 390/286/324 389/285/323 391/287/262 
f 390/286/324 391/287/262 392/288/262 
f 392/288/262 391/287/262 393/289/325 
f 392/288/262 393/289/325 394/290/326 
f 394/290/326 393/289/325 395/291/327 
f 394/290/326 395/291/327 396/292/328 
f 396/292/328 395/291/327 397/293/329 
f 396/292/328 397/293/329 398/294/330 
f 398/294/330 397/293/329 399/295/331 
f 398/294/330 399/295/331 400/296/332 
f 400/296/332 399/295/331 401/297/333 
f 400/296/332 401/297/333 402/298/334 
f 402/298/334 401/297/333 403/299/335 
f 402/298/334 403/299/335 404/300/336 
f 404/300/336 403/299/335 405/301/337 
f 404/300/336 405/301/337 406/302/338 
f 406/302/338 405/301/337 407/303/267 
f 406/302/338 407/303/267 408/304/286 
f 408/304/286 407/303/267 409/305/339 
f 408/304/286 409/305/339 410/306/340 
f 410/306/340 409/305/339 411/307/341 
f 410/306/340 411/307/341 412/308/342 
f 412/308/342 411/307/341 413/309/343 
f 412/308/342 413/309/343 414/310/344 
f 414/310/344 413/309/343 415/311/345 
f 414/310/344 415/311/345 416/312/346 
f 416/312/346 415/311/345 386/313/347 
f 416/312/346 386/313/347 385/314/347 
f 402/315/348 398/316/349 400/317/350 
f 412/318/348 388/319/349 390/320/348 
f 412/318/348 390/320/348 410/321/348 
f 401/322/274 399/323/307 397/324/289 
f 406/325/348 394/326/348 396/327/348 
f 406/325/348 396/327/348 404/328/349 
f 404/328/349 396/327/348 398/316/349 
f 404/328/349 398/316/349 402/315/348 
f 392/329/348 408/330/348 410/321/348 
f 392/329/348 410/321/348 390/320/348 
f 416/331/351 385/332/349 414/333/348 
f 385/332/349 388/319/349 412/318/348 
f 385/332/349 412/318/348 414/333/348 
f 392/329/348 394/326/348 406/325/348 
f 392/329/348 406/325/348 408/330/348 
f 405/334/274 403/335/289 395/336/274 
f 405/334/274 395/336/274 393/337/274 
f 403/335/289 401/322/274 397/324/289 
f 403/335/289 397/324/289 395/336/274 
f 409/338/289 407/339/274 391/340/274 
f 409/338/289 391/340/274 389/341/289 
f 407/339/274 405/334/274 393/337/274 
f 407/339/274 393/337/274 391/340/274 
f 415/342/307 413/343/289 386/344/274 
f 411/345/289 409/338/289 389/341/289 
f 411/345/289 389/341/289 387/346/289 
f 413/343/289 411/345/289 387/346/289 
f 413/343/289 387/346/289 386/344/274 
f 339/251/277 343/255/310 341/253/309 
f 347/259/302 345/257/258 338/250/251 
f 323/259/302 321/257/258 314/250/251 
f 314/250/251 321/257/258 319/255/291 
f 314/250/251 319/255/291 315/251/298 
f 371/259/310 369/257/317 367/255/252 
f 371/259/310 367/255/252 365/253/251 
f 371/259/310 365/253/251 362/250/316 
f 291/251/252 295/255/291 293/253/254 
f 299/259/294 297/257/293 290/250/251 
f 267/251/277 271/255/281 269/253/279 
f 275/259/284 273/257/258 266/250/251 
f 251/259/260 249/257/258 242/250/251 
f 242/250/251 249/257/258 247/255/256 
f 242/250/251 247/255/256 243/251/252 
usemtl 24fe1dbe_dds
f 27/347/352 26/348/353 417/349/354 
f 27/347/352 417/349/354 418/350/355 
f 28/351/356 27/347/352 418/350/355 
f 28/351/356 418/350/355 419/352/357 
f 420/353/358 16/354/359 28/351/356 
f 420/353/358 28/351/356 419/352/357 
f 13/355/360 421/356/360 422/357/361 
f 13/355/360 422/357/361 14/358/362 
f 15/359/363 423/360/364 421/356/360 
f 15/359/363 421/356/360 13/355/360 
f 420/353/358 423/360/364 15/359/363 
f 420/353/358 15/359/363 16/354/359 
f 51/361/365 14/358/362 422/357/361 
f 51/361/365 422/357/361 424/362/366 
f 52/363/367 51/361/365 424/362/366 
f 52/363/367 424/362/366 425/364/368 
f 426/365/369 44/366/370 52/363/367 
f 426/365/369 52/363/367 425/364/368 
f 41/367/371 427/368/372 428/369/373 
f 41/367/371 428/369/373 42/370/374 
f 43/371/375 429/372/376 427/368/372 
f 43/371/375 427/368/372 41/367/371 
f 426/365/369 429/372/376 43/371/375 
f 426/365/369 43/371/375 44/366/370 
f 75/373/377 42/370/374 428/369/373 
f 75/373/377 428/369/373 430/374/378 
f 76/375/379 75/373/377 430/374/378 
f 76/375/379 430/374/378 431/376/380 
f 432/377/381 68/378/382 76/375/379 
f 432/377/381 76/375/379 431/376/380 
f 65/379/383 433/380/384 434/381/385 
f 65/379/383 434/381/385 66/382/386 
f 67/383/387 435/384/388 433/380/384 
f 67/383/387 433/380/384 65/379/383 
f 432/377/381 435/384/388 67/383/387 
f 432/377/381 67/383/387 68/378/382 
f 99/385/389 66/382/386 434/381/385 
f 99/385/389 434/381/385 436/386/389 
f 100/387/390 99/385/389 436/386/389 
f 100/387/390 436/386/389 437/388/391 
f 438/389/392 92/390/393 100/387/390 
f 438/389/392 100/387/390 437/388/391 
f 89/391/394 439/392/395 440/393/396 
f 89/391/394 440/393/396 90/394/397 
f 441/395/398 442/396/399 439/392/395 
f 441/395/398 439/392/395 89/391/394 
f 438/389/392 442/396/399 441/395/398 
f 438/389/392 441/395/398 92/390/393 
f 119/397/400 90/394/397 440/393/396 
f 119/397/400 440/393/396 443/398/401 
f 120/399/402 119/397/400 443/398/401 
f 120/399/402 443/398/401 444/400/403 
f 445/401/404 112/402/405 120/399/402 
f 445/401/404 120/399/402 444/400/403 
f 110/403/406 446/404/407 417/349/354 
f 110/403/406 417/349/354 26/348/353 
f 111/405/408 447/406/409 446/404/407 
f 111/405/408 446/404/407 110/403/406 
f 445/401/404 447/406/409 111/405/408 
f 445/401/404 111/405/408 112/402/405 
f 417/349/410 448/407/411 449/408/412 
f 417/349/410 449/408/412 418/350/413 
f 418/350/413 449/408/412 450/409/414 
f 418/350/413 450/409/414 419/352/415 
f 451/410/416 452/411/417 420/353/418 
f 451/410/416 420/353/418 419/352/415 
f 453/412/419 454/413/420 455/414/421 
f 453/412/419 455/414/421 456/415/422 
f 449/408/412 448/407/411 457/416/423 
f 449/408/412 457/416/423 458/417/424 
f 450/409/414 449/408/412 458/417/424 
f 450/409/414 458/417/424 459/418/425 
f 451/410/416 450/409/414 459/418/425 
f 451/410/416 459/418/425 455/414/421 
f 451/410/416 455/414/421 454/413/420 
f 451/410/416 454/413/420 452/411/417 
f 451/410/416 419/352/415 450/409/414 
f 422/357/426 421/356/427 460/419/428 
f 422/357/426 460/419/428 461/420/429 
f 421/356/427 423/360/430 462/421/431 
f 421/356/427 462/421/431 460/419/428 
f 463/422/432 423/360/430 420/353/418 
f 463/422/432 420/353/418 452/411/417 
f 460/419/428 464/423/433 465/424/434 
f 460/419/428 465/424/434 461/420/429 
f 462/421/431 466/425/435 464/423/433 
f 462/421/431 464/423/433 460/419/428 
f 467/426/436 466/425/435 462/421/431 
f 467/426/436 462/421/431 463/422/432 
f 468/427/437 467/426/436 454/413/420 
f 468/427/437 454/413/420 453/412/419 
f 469/428/438 468/427/437 453/412/419 
f 470/429/439 469/428/438 471/430/440 
f 470/429/439 471/430/440 472/431/439 
f 467/426/436 463/422/432 452/411/417 
f 467/426/436 452/411/417 454/413/420 
f 463/422/432 462/421/431 423/360/430 
f 422/357/426 461/420/429 473/432/441 
f 422/357/426 473/432/441 424/362/442 
f 424/362/442 473/432/441 474/433/443 
f 424/362/442 474/433/443 425/364/444 
f 475/434/445 476/435/446 426/365/447 
f 475/434/445 426/365/447 425/364/444 
f 477/436/448 478/437/449 479/438/450 
f 477/436/448 479/438/450 480/439/451 
f 473/432/441 461/420/429 465/424/434 
f 473/432/441 465/424/434 481/440/452 
f 474/433/443 473/432/441 481/440/452 
f 474/433/443 481/440/452 482/441/453 
f 475/434/445 474/433/443 482/441/453 
f 475/434/445 482/441/453 479/438/450 
f 475/434/445 479/438/450 478/437/449 
f 475/434/445 478/437/449 476/435/446 
f 475/434/445 425/364/444 474/433/443 
f 428/369/454 427/368/455 483/442/456 
f 428/369/454 483/442/456 484/443/457 
f 427/368/455 429/372/458 485/444/459 
f 427/368/455 485/444/459 483/442/456 
f 486/445/460 429/372/458 426/365/447 
f 486/445/460 426/365/447 476/435/446 
f 483/442/456 487/446/461 488/447/462 
f 483/442/456 488/447/462 484/443/457 
f 485/444/459 489/448/463 487/446/461 
f 485/444/459 487/446/461 483/442/456 
f 490/449/464 489/448/463 485/444/459 
f 490/449/464 485/444/459 486/445/460 
f 491/450/465 490/449/464 478/437/449 
f 491/450/465 478/437/449 477/436/448 
f 492/451/466 491/450/465 477/436/448 
f 493/452/467 492/451/466 494/453/468 
f 493/452/467 494/453/468 495/454/469 
f 490/449/464 486/445/460 476/435/446 
f 490/449/464 476/435/446 478/437/449 
f 486/445/460 485/444/459 429/372/458 
f 428/369/454 484/443/457 496/455/470 
f 428/369/454 496/455/470 430/374/471 
f 430/374/471 496/455/470 497/456/472 
f 430/374/471 497/456/472 431/376/473 
f 498/457/474 499/458/475 432/377/476 
f 498/457/474 432/377/476 431/376/473 
f 500/459/477 501/460/478 502/461/479 
f 500/459/477 502/461/479 503/462/480 
f 496/455/470 484/443/457 488/447/462 
f 496/455/470 488/447/462 504/463/481 
f 497/456/472 496/455/470 504/463/481 
f 497/456/472 504/463/481 505/464/482 
f 498/457/474 497/456/472 505/464/482 
f 498/457/474 505/464/482 502/461/479 
f 498/457/474 502/461/479 501/460/478 
f 498/457/474 501/460/478 499/458/475 
f 498/457/474 431/376/473 497/456/472 
f 434/381/483 433/380/484 506/465/485 
f 434/381/483 506/465/485 507/466/486 
f 433/380/484 435/384/487 508/467/488 
f 433/380/484 508/467/488 506/465/485 
f 509/468/489 435/384/487 432/377/476 
f 509/468/489 432/377/476 499/458/475 
f 506/465/485 510/469/490 511/470/491 
f 506/465/485 511/470/491 507/466/486 
f 508/467/488 512/471/492 510/469/490 
f 508/467/488 510/469/490 506/465/485 
f 513/472/493 512/471/492 508/467/488 
f 513/472/493 508/467/488 509/468/489 
f 514/473/494 513/472/493 501/460/478 
f 514/473/494 501/460/478 500/459/477 
f 515/474/495 514/473/494 500/459/477 
f 516/475/496 515/474/495 517/476/497 
f 516/475/496 517/476/497 518/477/496 
f 513/472/493 509/468/489 499/458/475 
f 513/472/493 499/458/475 501/460/478 
f 509/468/489 508/467/488 435/384/487 
f 434/381/483 507/466/486 519/478/498 
f 434/381/483 519/478/498 436/386/499 
f 436/386/499 519/478/498 520/479/500 
f 436/386/499 520/479/500 437/388/501 
f 521/480/502 522/481/503 438/389/504 
f 521/480/502 438/389/504 437/388/501 
f 523/482/505 524/483/506 525/484/507 
f 523/482/505 525/484/507 526/485/508 
f 519/478/498 507/466/486 511/470/491 
f 519/478/498 511/470/491 527/486/509 
f 520/479/500 519/478/498 527/486/509 
f 520/479/500 527/486/509 528/487/510 
f 521/480/502 520/479/500 528/487/510 
f 521/480/502 528/487/510 525/484/507 
f 521/480/502 525/484/507 524/483/506 
f 521/480/502 524/483/506 522/481/503 
f 521/480/502 437/388/501 520/479/500 
f 440/393/511 439/392/512 529/488/513 
f 440/393/511 529/488/513 530/489/514 
f 439/392/512 442/396/515 531/490/516 
f 439/392/512 531/490/516 529/488/513 
f 532/491/517 442/396/515 438/389/504 
f 532/491/517 438/389/504 522/481/503 
f 529/488/513 533/492/518 534/493/519 
f 529/488/513 534/493/519 530/489/514 
f 531/490/516 535/494/520 533/492/518 
f 531/490/516 533/492/518 529/488/513 
f 536/495/521 535/494/520 531/490/516 
f 536/495/521 531/490/516 532/491/517 
f 537/496/522 536/495/521 524/483/506 
f 537/496/522 524/483/506 523/482/505 
f 538/497/523 537/496/522 523/482/505 
f 539/498/524 538/497/523 540/499/525 
f 539/498/524 540/499/525 541/500/524 
f 536/495/521 532/491/517 522/481/503 
f 536/495/521 522/481/503 524/483/506 
f 532/491/517 531/490/516 442/396/515 
f 440/393/511 530/489/514 542/501/526 
f 440/393/511 542/501/526 443/398/527 
f 443/398/527 542/501/526 543/502/528 
f 443/398/527 543/502/528 444/400/529 
f 544/503/530 545/504/531 445/401/532 
f 544/503/530 445/401/532 444/400/529 
f 546/505/533 547/506/534 548/507/535 
f 546/505/533 548/507/535 549/508/536 
f 542/501/526 530/489/514 534/493/519 
f 542/501/526 534/493/519 550/509/537 
f 543/502/528 542/501/526 550/509/537 
f 543/502/528 550/509/537 551/510/538 
f 544/503/530 543/502/528 551/510/538 
f 544/503/530 551/510/538 548/507/535 
f 544/503/530 548/507/535 547/506/534 
f 544/503/530 547/506/534 545/504/531 
f 544/503/530 444/400/529 543/502/528 
f 417/349/410 446/404/539 552/511/540 
f 417/349/410 552/511/540 448/407/411 
f 446/404/539 447/406/541 553/512/542 
f 446/404/539 553/512/542 552/511/540 
f 554/513/543 447/406/541 445/401/532 
f 554/513/543 445/401/532 545/504/531 
f 552/511/540 555/514/544 457/416/423 
f 552/511/540 457/416/423 448/407/411 
f 553/512/542 556/515/545 555/514/544 
f 553/512/542 555/514/544 552/511/540 
f 557/516/546 556/515/545 553/512/542 
f 557/516/546 553/512/542 554/513/543 
f 558/517/547 557/516/546 547/506/534 
f 558/517/547 547/506/534 546/505/533 
f 559/518/548 558/517/547 546/505/533 
f 560/519/549 559/518/548 561/520/550 
f 560/519/549 561/520/550 562/521/551 
f 557/516/546 554/513/543 545/504/531 
f 557/516/546 545/504/531 547/506/534 
f 554/513/543 553/512/542 447/406/541 
f 563/522/289 564/523/552 565/524/553 
f 563/522/289 565/524/553 566/525/554 
f 563/522/289 566/525/554 567/526/555 
f 563/522/289 567/526/555 568/527/556 
f 563/522/289 568/527/556 569/528/557 
f 563/522/289 569/528/557 570/529/558 
f 563/522/289 570/529/558 571/530/559 
f 563/522/289 571/530/559 572/531/560 
f 563/522/289 572/531/560 573/532/561 
f 563/522/289 573/532/561 574/533/562 
f 563/522/289 574/533/562 575/534/563 
f 563/522/289 575/534/563 576/535/564 
f 563/522/289 576/535/564 577/536/565 
f 563/522/289 577/536/565 578/537/566 
f 563/522/289 578/537/566 579/538/567 
f 563/522/289 579/538/567 580/539/568 
f 563/522/289 580/539/568 581/540/569 
f 563/522/289 581/540/569 582/541/570 
f 563/522/289 582/541/570 583/542/571 
f 563/522/289 583/542/571 564/523/552 
f 538/497/523 523/482/505 540/499/525 
f 540/499/525 523/482/505 526/485/508 
f 559/518/548 546/505/533 561/520/550 
f 561/520/550 546/505/533 549/508/536 
f 471/430/440 453/412/419 456/415/422 
f 469/428/438 453/412/419 471/430/440 
f 492/451/466 477/436/448 494/453/468 
f 494/453/468 477/436/448 480/439/451 
f 517/476/497 500/459/477 503/462/480 
f 515/474/495 500/459/477 517/476/497 
usemtl d121065c_dds
f 584/543/289 585/544/289 586/545/289 
f 584/543/289 586/545/289 587/546/289 
f 588/547/274 584/543/289 587/546/289 
f 588/547/274 587/546/289 589/548/274 
f 590/549/274 588/547/274 589/548/274 
f 590/549/274 589/548/274 591/550/289 
f 592/551/289 590/549/274 591/550/289 
f 592/551/289 591/550/289 593/552/289 
f 594/553/315 592/551/289 593/552/289 
f 594/553/315 593/552/289 595/554/289 
f 596/555/315 594/553/315 595/554/289 
f 596/555/315 595/554/289 597/556/289 
f 598/557/289 596/555/315 597/556/289 
f 598/557/289 597/556/289 599/558/289 
f 600/559/289 598/557/289 599/558/289 
f 600/559/289 599/558/289 601/560/289 
f 602/561/274 600/559/289 601/560/289 
f 602/561/274 601/560/289 603/562/274 
f 604/563/274 602/561/274 603/562/274 
f 604/563/274 603/562/274 605/564/289 
f 606/565/289 604/563/274 605/564/289 
f 606/565/289 605/564/289 607/566/289 
f 608/567/274 606/565/289 607/566/289 
f 608/567/274 607/566/289 609/568/274 
f 610/569/274 608/567/274 609/568/274 
f 610/569/274 609/568/274 611/570/274 
f 612/571/289 610/569/274 611/570/274 
f 612/571/289 611/570/274 613/572/289 
f 614/573/289 612/571/289 613/572/289 
f 614/573/289 613/572/289 615/574/274 
f 616/575/274 614/573/289 615/574/274 
f 616/575/274 615/574/274 617/576/274 
f 618/577/289 616/575/274 617/576/274 
f 618/577/289 617/576/274 619/578/315 
f 620/579/307 618/577/289 619/578/315 
f 620/579/307 619/578/315 621/580/289 
f 622/581/289 620/579/307 621/580/289 
f 622/581/289 621/580/289 623/582/289 
f 585/544/289 622/581/289 623/582/289 
f 585/544/289 623/582/289 586/545/289 
f 624/583/274 625/584/289 626/585/274 
f 624/583/274 626/585/274 627/586/274 
f 628/587/274 624/583/274 627/586/274 
f 628/587/274 627/586/274 629/588/289 
f 630/589/274 628/587/274 629/588/289 
f 630/589/274 629/588/289 631/590/274 
f 632/591/274 630/589/274 631/590/274 
f 632/591/274 631/590/274 633/592/274 
f 634/593/274 632/591/274 633/592/274 
f 634/593/274 633/592/274 635/594/274 
f 636/595/274 634/593/274 635/594/274 
f 636/595/274 635/594/274 637/596/274 
f 638/597/274 636/595/274 637/596/274 
f 638/597/274 637/596/274 639/598/274 
f 640/599/274 638/597/274 639/598/274 
f 640/599/274 639/598/274 641/600/274 
f 642/601/274 640/599/274 641/600/274 
f 642/601/274 641/600/274 643/602/289 
f 644/603/289 642/601/274 643/602/289 
f 644/603/289 643/602/289 645/604/289 
f 646/605/307 644/603/289 645/604/289 
f 646/605/307 645/604/289 647/606/307 
f 648/607/289 646/605/307 647/606/307 
f 648/607/289 647/606/307 649/608/289 
f 650/609/274 648/607/289 649/608/289 
f 650/609/274 649/608/289 651/610/274 
f 652/611/274 650/609/274 651/610/274 
f 652/611/274 651/610/274 653/612/274 
f 654/613/274 652/611/274 653/612/274 
f 654/613/274 653/612/274 655/614/274 
f 656/615/274 654/613/274 655/614/274 
f 656/615/274 655/614/274 657/616/274 
f 658/617/289 656/615/274 657/616/274 
f 658/617/289 657/616/274 659/618/289 
f 660/619/307 658/617/289 659/618/289 
f 660/619/307 659/618/289 661/620/274 
f 662/621/289 660/619/307 661/620/274 
f 662/621/289 661/620/274 663/622/289 
f 625/584/289 662/621/289 663/622/289 
f 625/584/289 663/622/289 626/585/274 
f 664/623/572 665/624/573 666/625/574 
f 664/623/572 666/625/574 667/626/575 
f 668/627/576 664/623/572 667/626/575 
f 668/627/576 667/626/575 669/628/577 
f 670/629/578 671/630/579 672/631/580 
f 670/629/578 672/631/580 673/632/581 
f 674/633/582 675/634/583 671/630/579 
f 674/633/582 671/630/579 670/629/578 
f 676/635/584 677/636/585 675/634/583 
f 676/635/584 675/634/583 674/633/582 
f 678/637/586 673/632/581 672/631/580 
f 678/637/586 672/631/580 679/638/587 
f 680/639/588 678/637/586 679/638/587 
f 680/639/588 679/638/587 681/640/589 
f 682/641/590 683/642/591 684/643/592 
f 682/641/590 684/643/592 685/644/592 
f 686/645/593 687/646/594 683/642/591 
f 686/645/593 683/642/591 682/641/590 
f 688/647/595 689/648/596 687/646/594 
f 688/647/595 687/646/594 686/645/593 
f 690/649/597 685/650/598 684/651/598 
f 690/649/597 684/651/598 691/652/599 
f 692/653/600 690/649/597 691/652/599 
f 692/653/600 691/652/599 693/654/601 
f 694/655/602 692/653/600 693/654/601 
f 694/655/602 693/654/601 695/656/603 
f 696/657/604 697/658/605 698/659/606 
f 696/657/604 698/659/606 699/660/607 
f 700/661/608 701/662/609 697/658/605 
f 700/661/608 697/658/605 696/657/604 
f 702/663/610 695/656/603 701/662/609 
f 702/663/610 701/662/609 700/661/608 
f 703/664/611 699/660/607 698/659/606 
f 703/664/611 698/659/606 704/665/612 
f 705/666/613 703/664/611 704/665/612 
f 705/666/613 704/665/612 706/667/614 
f 707/668/615 708/669/616 709/670/617 
f 707/668/615 709/670/617 710/671/618 
f 711/672/619 712/673/620 708/669/616 
f 711/672/619 708/669/616 707/668/615 
f 713/674/621 714/675/622 712/673/620 
f 713/674/621 712/673/620 711/672/619 
f 715/676/623 710/671/618 709/670/617 
f 715/676/623 709/670/617 716/677/624 
f 717/678/625 715/676/623 716/677/624 
f 717/678/625 716/677/624 718/679/626 
f 719/680/627 720/681/628 666/625/574 
f 719/680/627 666/625/574 665/624/573 
f 721/682/629 722/683/630 720/681/628 
f 721/682/629 720/681/628 719/680/627 
f 723/684/631 724/685/632 722/683/630 
f 723/684/631 722/683/630 721/682/629 
f 565/686/633 564/687/634 725/688/635 
f 565/686/633 725/688/635 726/689/636 
f 566/690/637 565/686/633 726/689/636 
f 566/690/637 726/689/636 727/691/638 
f 567/692/639 566/690/637 727/691/638 
f 567/692/639 727/691/638 728/693/640 
f 568/694/641 567/692/639 728/693/640 
f 568/694/641 728/693/640 729/695/641 
f 569/696/642 568/694/641 729/695/641 
f 569/696/642 729/695/641 730/697/643 
f 570/698/644 569/696/642 730/697/643 
f 570/698/644 730/697/643 731/699/645 
f 571/700/646 570/698/644 731/699/645 
f 571/700/646 731/699/645 732/701/647 
f 572/702/648 571/700/646 732/701/647 
f 572/702/648 732/701/647 733/703/649 
f 573/704/650 572/702/648 733/703/649 
f 573/704/650 733/703/649 734/705/650 
f 574/706/651 573/707/652 734/708/652 
f 574/706/651 734/708/652 735/709/653 
f 575/710/654 574/706/651 735/709/653 
f 575/710/654 735/709/653 736/711/655 
f 576/712/656 575/710/654 736/711/655 
f 576/712/656 736/711/655 737/713/657 
f 577/714/658 576/712/656 737/713/657 
f 577/714/658 737/713/657 738/715/659 
f 578/716/660 577/714/658 738/715/659 
f 578/716/660 738/715/659 739/717/660 
f 579/718/661 578/716/660 739/717/660 
f 579/718/661 739/717/660 740/719/662 
f 580/720/663 579/718/661 740/719/662 
f 580/720/663 740/719/662 741/721/664 
f 581/722/665 580/720/663 741/721/664 
f 581/722/665 741/721/664 742/723/666 
f 582/724/667 581/722/665 742/723/666 
f 582/724/667 742/723/666 743/725/668 
f 583/726/669 582/724/667 743/725/668 
f 583/726/669 743/725/668 744/727/670 
f 564/687/634 583/726/669 744/727/670 
f 564/687/634 744/727/670 725/688/635 
f 745/728/671 746/729/672 625/730/673 
f 745/728/671 625/730/673 624/731/674 
f 747/732/675 745/728/671 624/731/674 
f 747/732/675 624/731/674 628/733/676 
f 748/734/677 747/732/675 628/733/676 
f 748/734/677 628/733/676 630/735/678 
f 749/736/286 748/734/677 630/735/678 
f 749/736/286 630/735/678 632/737/286 
f 750/738/679 749/736/286 632/737/286 
f 750/738/679 632/737/286 634/739/680 
f 751/740/681 750/738/679 634/739/680 
f 751/740/681 634/739/680 636/741/682 
f 752/742/683 751/740/681 636/741/682 
f 752/742/683 636/741/682 638/743/684 
f 753/744/685 752/742/683 638/743/684 
f 753/744/685 638/743/684 640/745/686 
f 754/746/687 753/744/685 640/745/686 
f 754/746/687 640/745/686 642/747/687 
f 755/748/688 754/749/689 642/750/689 
f 755/748/688 642/750/689 644/751/690 
f 756/752/691 755/748/688 644/751/690 
f 756/752/691 644/751/690 646/753/692 
f 757/754/693 756/752/691 646/753/692 
f 757/754/693 646/753/692 648/755/694 
f 758/756/695 757/754/693 648/755/694 
f 758/756/695 648/755/694 650/757/696 
f 759/758/262 758/756/695 650/757/696 
f 759/758/262 650/757/696 652/759/262 
f 760/760/697 759/758/262 652/759/262 
f 760/760/697 652/759/262 654/761/698 
f 761/762/699 760/760/697 654/761/698 
f 761/762/699 654/761/698 656/763/700 
f 762/764/701 761/762/699 656/763/700 
f 762/764/701 656/763/700 658/765/702 
f 763/766/703 762/764/701 658/765/702 
f 763/766/703 658/765/702 660/767/704 
f 764/768/705 763/766/703 660/767/704 
f 764/768/705 660/767/704 662/769/706 
f 746/729/672 764/768/705 662/769/706 
f 746/729/672 662/769/706 625/730/673 
f 627/770/691 626/771/688 765/772/690 
f 627/770/691 765/772/690 766/773/692 
f 629/774/693 627/770/691 766/773/692 
f 629/774/693 766/773/692 767/775/694 
f 631/776/695 629/774/693 767/775/694 
f 631/776/695 767/775/694 768/777/581 
f 633/778/262 631/776/695 768/777/581 
f 633/778/262 768/777/581 769/779/262 
f 635/780/697 633/778/262 769/779/262 
f 635/780/697 769/779/262 770/781/698 
f 637/782/699 635/780/697 770/781/698 
f 637/782/699 770/781/698 771/783/700 
f 639/784/701 637/782/699 771/783/700 
f 639/784/701 771/783/700 772/785/702 
f 641/786/703 639/784/701 772/785/702 
f 641/786/703 772/785/702 773/787/704 
f 643/788/707 641/786/703 773/787/704 
f 643/788/707 773/787/704 774/789/707 
f 645/790/672 643/791/708 774/792/708 
f 645/790/672 774/792/708 775/793/673 
f 647/794/671 645/790/672 775/793/673 
f 647/794/671 775/793/673 776/795/674 
f 649/796/675 647/794/671 776/795/674 
f 649/796/675 776/795/674 777/797/676 
f 651/798/709 649/796/675 777/797/676 
f 651/798/709 777/797/676 778/799/678 
f 653/800/286 651/798/709 778/799/678 
f 653/800/286 778/799/678 779/801/286 
f 655/802/679 653/800/286 779/801/286 
f 655/802/679 779/801/286 780/803/680 
f 657/804/681 655/802/679 780/803/680 
f 657/804/681 780/803/680 781/805/682 
f 659/806/683 657/804/681 781/805/682 
f 659/806/683 781/805/682 782/807/684 
f 661/808/685 659/806/683 782/807/684 
f 661/808/685 782/807/684 783/809/686 
f 663/810/710 661/808/685 783/809/686 
f 663/810/710 783/809/686 784/811/711 
f 626/771/688 663/810/710 784/811/711 
f 626/771/688 784/811/711 765/772/690 
f 766/773/289 765/772/289 785/812/289 
f 766/773/289 785/812/289 786/813/289 
f 767/775/274 766/773/289 786/813/289 
f 767/775/274 786/813/289 787/814/274 
f 768/777/274 767/775/274 787/814/274 
f 768/777/274 787/814/274 788/815/274 
f 769/779/289 768/777/274 788/815/274 
f 769/779/289 788/815/274 789/816/289 
f 770/781/274 769/779/289 789/816/289 
f 770/781/274 789/816/289 790/817/274 
f 771/783/274 770/781/274 790/817/274 
f 771/783/274 790/817/274 791/818/274 
f 772/785/315 771/783/274 791/818/274 
f 772/785/315 791/818/274 792/819/315 
f 773/787/289 772/785/315 792/819/315 
f 773/787/289 792/819/315 793/820/289 
f 774/789/274 773/787/289 793/820/289 
f 774/789/274 793/820/289 794/821/274 
f 775/793/289 774/792/274 794/822/274 
f 775/793/289 794/822/274 795/823/315 
f 776/795/307 775/793/289 795/823/315 
f 776/795/307 795/823/315 796/824/307 
f 777/797/307 776/795/307 796/824/307 
f 777/797/307 796/824/307 797/825/307 
f 778/799/307 777/797/307 797/825/307 
f 778/799/307 797/825/307 798/826/307 
f 779/801/289 778/799/307 798/826/307 
f 779/801/289 798/826/307 799/827/289 
f 780/803/274 779/801/289 799/827/289 
f 780/803/274 799/827/289 800/828/274 
f 781/805/315 780/803/274 800/828/274 
f 781/805/315 800/828/274 801/829/315 
f 782/807/274 781/805/315 801/829/315 
f 782/807/274 801/829/315 802/830/274 
f 783/809/274 782/807/274 802/830/274 
f 783/809/274 802/830/274 803/831/307 
f 784/811/307 783/809/274 803/831/307 
f 784/811/307 803/831/307 804/832/307 
f 765/772/289 784/811/307 804/832/307 
f 765/772/289 804/832/307 785/812/289 
f 786/813/691 785/812/688 805/833/690 
f 786/813/691 805/833/690 806/834/692 
f 787/814/693 786/813/691 806/834/692 
f 787/814/693 806/834/692 807/835/694 
f 788/815/695 787/814/693 807/835/694 
f 788/815/695 807/835/694 808/836/696 
f 789/816/263 788/815/695 808/836/696 
f 789/816/263 808/836/696 809/837/263 
f 790/817/697 789/816/263 809/837/263 
f 790/817/697 809/837/263 810/838/698 
f 791/818/699 790/817/697 810/838/698 
f 791/818/699 810/838/698 811/839/700 
f 792/819/701 791/818/699 811/839/700 
f 792/819/701 811/839/700 812/840/702 
f 793/820/703 792/819/701 812/840/702 
f 793/820/703 812/840/702 813/841/704 
f 794/821/707 793/820/703 813/841/704 
f 794/821/707 813/841/704 814/842/707 
f 795/823/672 794/822/708 814/843/708 
f 795/823/672 814/843/708 815/844/673 
f 796/824/671 795/823/672 815/844/673 
f 796/824/671 815/844/673 816/845/674 
f 797/825/675 796/824/671 816/845/674 
f 797/825/675 816/845/674 817/846/676 
f 798/826/709 797/825/675 817/846/676 
f 798/826/709 817/846/676 818/847/678 
f 799/827/267 798/826/709 818/847/678 
f 799/827/267 818/847/678 819/848/267 
f 800/828/679 799/827/267 819/848/267 
f 800/828/679 819/848/267 820/849/680 
f 801/829/681 800/828/679 820/849/680 
f 801/829/681 820/849/680 821/850/682 
f 802/830/683 801/829/681 821/850/682 
f 802/830/683 821/850/682 822/851/684 
f 803/831/685 802/830/683 822/851/684 
f 803/831/685 822/851/684 823/852/686 
f 804/832/710 803/831/685 823/852/686 
f 804/832/710 823/852/686 824/853/711 
f 785/812/688 804/832/710 824/853/711 
f 785/812/688 824/853/711 805/833/690 
f 458/854/572 457/855/573 665/856/574 
f 458/854/572 665/856/574 664/857/712 
f 459/858/713 458/854/572 664/857/712 
f 459/858/713 664/857/712 668/859/714 
f 825/860/715 455/861/716 459/858/713 
f 825/860/715 459/858/713 668/859/714 
f 464/862/578 670/863/717 673/864/580 
f 464/862/578 673/864/580 465/865/581 
f 466/866/718 674/867/719 670/863/717 
f 466/866/718 670/863/717 464/862/578 
f 676/868/720 674/867/719 466/866/718 
f 676/868/720 466/866/718 467/869/721 
f 481/870/586 465/865/581 673/864/580 
f 481/870/586 673/864/580 678/871/722 
f 482/872/723 481/870/586 678/871/722 
f 482/872/723 678/871/722 680/873/724 
f 826/874/725 479/875/726 482/872/723 
f 826/874/725 482/872/723 680/873/724 
f 487/876/590 682/877/727 685/878/728 
f 487/876/590 685/878/728 488/879/729 
f 489/880/730 686/881/731 682/877/727 
f 489/880/730 682/877/727 487/876/590 
f 688/882/732 686/881/731 489/880/730 
f 688/882/732 489/880/730 490/883/733 
f 504/884/597 488/879/729 685/878/728 
f 504/884/597 685/878/728 690/885/734 
f 505/886/735 504/884/597 690/885/734 
f 505/886/735 690/885/734 692/887/736 
f 694/888/737 502/889/738 505/886/735 
f 694/888/737 505/886/735 692/887/736 
f 510/890/604 696/891/739 699/892/606 
f 510/890/604 699/892/606 511/893/607 
f 512/894/740 700/895/741 696/891/739 
f 512/894/740 696/891/739 510/890/604 
f 702/896/742 700/895/741 512/894/740 
f 702/896/742 512/894/740 513/897/743 
f 527/898/611 511/893/607 699/892/606 
f 527/898/611 699/892/606 703/899/744 
f 528/900/745 527/898/611 703/899/744 
f 528/900/745 703/899/744 705/901/746 
f 827/902/747 525/903/748 528/900/745 
f 827/902/747 528/900/745 705/901/746 
f 533/904/615 707/905/749 710/906/617 
f 533/904/615 710/906/617 534/907/618 
f 535/908/750 711/909/619 707/905/749 
f 535/908/750 707/905/749 533/904/615 
f 713/910/751 711/909/619 535/908/750 
f 713/910/751 535/908/750 536/911/752 
f 550/912/623 534/907/618 710/906/617 
f 550/912/623 710/906/617 715/913/753 
f 551/914/754 550/912/623 715/913/753 
f 551/914/754 715/913/753 717/915/755 
f 828/916/756 548/917/757 551/914/754 
f 828/916/756 551/914/754 717/915/755 
f 555/918/627 719/919/758 665/856/574 
f 555/918/627 665/856/574 457/855/573 
f 556/920/759 721/921/760 719/919/758 
f 556/920/759 719/919/758 555/918/627 
f 723/922/761 721/921/760 556/920/759 
f 723/922/761 556/920/759 557/923/762 
f 456/924/763 455/861/716 825/860/715 
f 456/924/763 825/860/715 829/925/764 
f 471/926/765 456/924/763 829/925/764 
f 471/926/765 829/925/764 830/927/766 
f 830/927/766 472/928/767 471/926/765 
f 468/929/768 831/930/769 676/868/720 
f 468/929/768 676/868/720 467/869/721 
f 469/931/770 832/932/771 831/930/769 
f 469/931/770 831/930/769 468/929/768 
f 832/932/771 469/931/770 470/933/772 
f 480/934/773 479/875/726 826/874/725 
f 480/934/773 826/874/725 833/935/774 
f 494/936/775 480/934/773 833/935/774 
f 494/936/775 833/935/774 834/937/776 
f 834/937/776 495/938/777 494/936/775 
f 491/939/778 835/940/779 688/882/732 
f 491/939/778 688/882/732 490/883/733 
f 492/941/780 836/942/781 835/940/779 
f 492/941/780 835/940/779 491/939/778 
f 836/942/781 492/941/780 493/943/782 
f 503/944/783 502/889/738 694/888/737 
f 503/944/783 694/888/737 837/945/784 
f 517/946/785 503/944/783 837/945/784 
f 517/946/785 837/945/784 838/947/786 
f 838/947/786 518/948/787 517/946/785 
f 514/949/788 839/950/789 702/896/742 
f 514/949/788 702/896/742 513/897/743 
f 515/951/790 840/952/791 839/950/789 
f 515/951/790 839/950/789 514/949/788 
f 840/952/791 515/951/790 516/953/792 
f 526/954/793 525/903/748 827/902/747 
f 526/954/793 827/902/747 841/955/794 
f 540/956/795 526/954/793 841/955/794 
f 540/956/795 841/955/794 842/957/796 
f 842/957/796 541/958/797 540/956/795 
f 537/959/798 843/960/799 713/910/751 
f 537/959/798 713/910/751 536/911/752 
f 538/961/800 844/962/801 843/960/799 
f 538/961/800 843/960/799 537/959/798 
f 844/962/801 538/961/800 539/963/802 
f 549/964/803 548/917/757 828/916/756 
f 549/964/803 828/916/756 845/965/804 
f 846/966/805 562/967/806 561/968/807 
f 846/966/805 561/968/807 549/964/803 
f 846/966/805 549/964/803 845/965/804 
f 558/969/808 847/970/809 723/922/761 
f 558/969/808 723/922/761 557/923/762 
f 559/971/810 848/972/811 847/970/809 
f 559/971/810 847/970/809 558/969/808 
f 848/972/811 559/971/810 560/973/812 
f 134/974/813 133/975/814 672/976/815 
f 134/974/813 672/976/815 671/977/816 
f 135/978/817 134/974/813 671/977/816 
f 135/978/817 671/977/816 675/979/817 
f 136/980/818 135/978/817 675/979/817 
f 136/980/818 675/979/817 677/981/818 
f 146/982/819 667/983/820 666/984/821 
f 146/982/819 666/984/821 147/985/822 
f 148/986/823 669/987/823 667/983/820 
f 148/986/823 667/983/820 146/982/819 
f 136/980/818 677/981/818 669/987/823 
f 136/980/818 669/987/823 148/986/823 
f 162/988/824 161/989/825 684/990/826 
f 162/988/824 684/990/826 683/991/827 
f 163/992/828 162/988/824 683/991/827 
f 163/992/828 683/991/827 687/993/828 
f 164/994/829 163/992/828 687/993/828 
f 164/994/829 687/993/828 689/995/830 
f 849/996/831 679/997/832 672/976/815 
f 849/996/831 672/976/815 133/975/814 
f 172/998/833 681/999/834 679/997/832 
f 172/998/833 679/997/832 849/996/831 
f 164/994/829 689/995/830 681/999/834 
f 164/994/829 681/999/834 172/998/833 
f 186/1000/835 185/1001/836 698/1002/837 
f 186/1000/835 698/1002/837 697/1003/838 
f 187/1004/839 186/1000/835 697/1003/838 
f 187/1004/839 697/1003/838 701/1005/839 
f 188/1006/840 187/1004/839 701/1005/839 
f 188/1006/840 701/1005/839 695/1007/840 
f 195/1008/841 691/1009/842 684/990/826 
f 195/1008/841 684/990/826 161/989/825 
f 196/1010/843 693/1011/843 691/1009/842 
f 196/1010/843 691/1009/842 195/1008/841 
f 188/1006/840 695/1007/840 693/1011/843 
f 188/1006/840 693/1011/843 196/1010/843 
f 210/1012/844 209/1013/845 709/1014/846 
f 210/1012/844 709/1014/846 708/1015/847 
f 211/1016/848 210/1012/844 708/1015/847 
f 211/1016/848 708/1015/847 712/1017/848 
f 212/1018/849 211/1016/848 712/1017/848 
f 212/1018/849 712/1017/848 714/1019/849 
f 219/1020/850 704/1021/851 698/1002/837 
f 219/1020/850 698/1002/837 185/1001/836 
f 220/1022/852 706/1023/852 704/1021/851 
f 220/1022/852 704/1021/851 219/1020/850 
f 212/1018/849 714/1019/849 706/1023/852 
f 212/1018/849 706/1023/852 220/1022/852 
f 230/1024/853 147/985/822 666/984/821 
f 230/1024/853 666/984/821 720/1025/854 
f 231/1026/855 230/1024/853 720/1025/854 
f 231/1026/855 720/1025/854 722/1027/855 
f 232/1028/856 231/1026/855 722/1027/855 
f 232/1028/856 722/1027/855 724/1029/856 
f 239/1030/857 716/1031/858 709/1014/846 
f 239/1030/857 709/1014/846 209/1013/845 
f 240/1032/859 718/1033/859 716/1031/858 
f 240/1032/859 716/1031/858 239/1030/857 
f 232/1028/856 724/1029/856 718/1033/859 
f 232/1028/856 718/1033/859 240/1032/859 
f 830/1034/860 829/1035/861 831/1036/862 
f 830/1034/860 831/1036/862 832/1037/860 
f 835/1038/863 836/1039/864 834/1040/865 
f 835/1038/863 834/1040/865 833/1041/866 
f 850/1042/867 838/1043/868 840/1044/868 
f 850/1042/867 840/1044/868 851/1045/867 
f 852/1046/869 842/1047/870 844/1048/870 
f 852/1046/869 844/1048/870 853/1049/869 
f 845/1050/871 828/1051/872 723/1052/873 
f 845/1050/871 723/1052/873 847/1053/874 
f 827/1054/875 705/666/613 706/667/614 
f 827/1054/875 706/667/614 714/675/622 
f 714/675/622 713/674/621 827/1054/875 
f 842/1047/870 841/1055/876 843/1056/877 
f 842/1047/870 843/1056/877 844/1048/870 
f 841/1055/876 827/1057/878 713/1058/879 
f 841/1055/876 713/1058/879 843/1056/877 
f 836/1039/864 854/1059/880 855/1060/880 
f 836/1039/864 855/1060/880 834/1040/865 
f 688/1061/881 835/1038/863 833/1041/866 
f 688/1061/881 833/1041/866 826/1062/882 
f 826/1063/883 680/639/588 681/640/589 
f 826/1063/883 681/640/589 689/648/596 
f 689/648/596 688/647/595 826/1063/883 
f 695/656/603 702/663/610 694/655/602 
f 856/1064/884 830/1034/860 832/1037/860 
f 856/1064/884 832/1037/860 857/1065/884 
f 829/1035/861 825/1066/885 676/1067/885 
f 829/1035/861 676/1067/885 831/1036/862 
f 825/1068/886 668/627/576 669/628/577 
f 825/1068/886 669/628/577 677/636/585 
f 677/636/585 676/635/584 825/1068/886 
f 858/1069/887 846/1070/888 848/1071/889 
f 858/1069/887 848/1071/889 859/1072/887 
f 846/1070/888 845/1050/871 847/1053/874 
f 846/1070/888 847/1053/874 848/1071/889 
f 724/685/632 723/684/631 828/1073/890 
f 828/1073/890 717/678/625 718/679/626 
f 828/1073/890 718/679/626 724/685/632 
f 516/1074/891 518/1075/891 860/1076/891 
f 516/1074/891 860/1076/891 861/1077/891 
f 850/1078/892 860/1076/893 518/1075/894 
f 850/1078/892 518/1075/894 838/1079/895 
f 851/1080/896 840/1081/897 516/1074/898 
f 851/1080/896 516/1074/898 861/1077/899 
f 493/1082/900 495/1083/900 862/1084/900 
f 493/1082/900 862/1084/900 863/1085/900 
f 855/1086/901 862/1084/902 495/1083/903 
f 855/1086/901 495/1083/903 834/1087/904 
f 854/1088/905 836/1089/906 493/1082/907 
f 854/1088/905 493/1082/907 863/1085/908 
f 470/1090/909 472/1091/909 864/1092/909 
f 470/1090/909 864/1092/909 865/1093/909 
f 856/1094/910 864/1092/690 472/1091/911 
f 856/1094/910 472/1091/911 830/1095/912 
f 857/1096/913 832/1097/914 470/1090/915 
f 857/1096/913 470/1090/915 865/1093/673 
f 539/1098/916 541/1099/916 866/1100/916 
f 539/1098/916 866/1100/916 867/1101/916 
f 852/1102/917 866/1100/918 541/1099/919 
f 852/1102/917 541/1099/919 842/1103/920 
f 853/1104/921 844/1105/922 539/1098/923 
f 853/1104/921 539/1098/923 867/1101/924 
f 560/1106/925 562/1107/925 868/1108/925 
f 560/1106/925 868/1108/925 869/1109/925 
f 858/1110/926 868/1108/927 562/1107/928 
f 858/1110/926 562/1107/928 846/1111/929 
f 859/1112/930 848/1113/931 560/1106/932 
f 859/1112/930 560/1106/932 869/1109/933 
f 838/1043/868 837/1114/934 839/1115/935 
f 838/1043/868 839/1115/935 840/1044/868 
f 837/1114/934 694/1116/936 702/1117/937 
f 837/1114/934 702/1117/937 839/1115/935 
# 1522 faces

