# 3ds Max Wavefront OBJ Exporter v0.99 - (c)2007 guruware
# File Created: 26.03.2025 18:23:34

mtllib CocheCofre.mtl

#
# object Cofre
#

v  1.6843 0.1680 -0.7768
v  2.3241 -0.3170 -0.7570
v  2.3273 -0.3503 -1.2803
v  1.6879 0.1340 -1.3063
v  2.3221 -0.3044 -0.0251
v  1.6822 0.1806 -0.0303
v  1.5840 -0.2819 -1.3148
v  1.5802 -0.2477 -0.7829
v  1.5780 0.1779 -0.7805
v  1.5817 0.1438 -1.3112
v  1.5781 -0.2350 -0.0305
v  1.5759 0.1905 -0.0310
v  1.6686 0.1464 -1.3072
v  1.6649 0.1804 -0.7775
v  1.6628 0.1931 -0.0304
v  4.5541 -0.5125 -0.0089
v  4.5559 -0.5251 -0.6791
v  3.9160 -0.0401 -0.6989
v  3.9142 -0.0275 -0.0141
v  4.5573 -0.5552 -1.1769
v  3.9178 -0.0709 -1.2029
v  3.8139 -0.4869 -1.2114
v  3.8120 -0.4557 -0.7050
v  3.8097 -0.0301 -0.7026
v  3.8116 -0.0612 -1.2078
v  3.8101 -0.4431 -0.0143
v  3.8079 -0.0176 -0.0148
v  3.8989 -0.0586 -1.2038
v  3.8971 -0.0277 -0.6996
v  3.8952 -0.0151 -0.0142
v  3.1721 0.0293 -0.7249
v  3.1745 -0.0026 -1.2373
v  3.1544 0.0099 -1.2383
v  3.1520 0.0418 -0.7256
v  3.1500 0.0544 -0.0196
v  3.1702 0.0419 -0.0195
v  2.4282 0.0986 -0.7508
v  3.0680 -0.3864 -0.7310
v  3.0706 -0.4186 -1.2459
v  2.4312 0.0657 -1.2718
v  3.0661 -0.3738 -0.0197
v  2.4262 0.1113 -0.0249
v  2.3219 0.1086 -0.7546
v  2.3250 0.0755 -1.2767
v  2.3199 0.1212 -0.0256
v  2.4115 0.0781 -1.2727
v  2.4084 0.1111 -0.7515
v  2.4064 0.1237 -0.0250
v  3.0639 0.0518 -0.0202
v  3.0658 0.0392 -0.7286
v  3.0683 0.0071 -1.2423
v  3.8310 -0.0523 -1.2069
v  3.8291 -0.0213 -0.7020
v  3.8273 -0.0087 -0.0147
v  3.0870 0.0160 -1.2414
v  3.0845 0.0481 -0.7279
v  3.0826 0.0607 -0.0201
v  2.3436 0.0844 -1.2759
v  2.3404 0.1174 -0.7539
v  2.3384 0.1301 -0.0255
v  1.5989 0.1529 -1.3104
v  1.5952 0.1869 -0.7799
v  1.5930 0.1996 -0.0309
v  1.6800 0.1698 0.7163
v  1.6607 0.1823 0.7167
v  1.6613 0.1496 1.2465
v  1.6806 0.1372 1.2459
v  3.9111 -0.0680 1.1749
v  3.9121 -0.0384 0.6708
v  3.8932 -0.0260 0.6712
v  3.8921 -0.0557 1.1754
v  3.1681 0.0310 0.6860
v  3.1479 0.0435 0.6864
v  3.1475 0.0128 1.1992
v  3.1676 0.0004 1.1985
v  2.4240 0.1004 0.7011
v  2.4043 0.1129 0.7015
v  2.4044 0.0812 1.2228
v  2.4241 0.0688 1.2222
v  3.8058 -0.0285 0.6730
v  3.8080 -0.4540 0.6765
v  3.8049 -0.0583 1.1782
v  3.8071 -0.4840 1.1829
v  4.5521 -0.5234 0.6613
v  4.5506 -0.5524 1.1593
v  2.3178 0.1104 0.7033
v  2.3200 -0.3152 0.7068
v  2.3179 0.0786 1.2256
v  2.3202 -0.3472 1.2303
v  3.0640 -0.3846 0.6916
v  3.0637 -0.4156 1.2066
v  1.5737 0.1797 0.7185
v  1.5759 -0.2458 0.7219
v  1.5744 0.1470 1.2492
v  1.5767 -0.2788 1.2539
v  3.0618 0.0409 0.6882
v  3.0614 0.0101 1.2019
v  3.8242 -0.0494 1.1776
v  3.8252 -0.0196 0.6726
v  3.0805 0.0498 0.6878
v  3.0801 0.0191 1.2013
v  2.3363 0.1192 0.7029
v  2.3364 0.0875 1.2250
v  1.5909 0.1888 0.7181
v  1.5916 0.1560 1.2487
v  3.0180 -0.2182 -2.2237
v  2.9083 -0.2250 -2.7901
v  2.9094 -0.4916 -2.7940
v  3.0189 -0.4842 -2.2277
v  2.7972 -0.2380 -3.3607
v  2.7987 -0.5053 -3.3640
v  3.0168 -0.2328 -2.7851
v  3.1268 -0.2266 -2.2185
v  3.7805 -0.5431 -2.1916
v  3.6690 -0.5463 -2.7588
v  2.9054 -0.2451 -3.3563
v  3.5561 -0.5551 -3.3332
v  1.3892 -0.1157 -2.8607
v  1.2824 -0.1385 -3.4222
v  1.2839 -0.4058 -3.4254
v  1.3903 -0.3823 -2.8646
v  1.4947 -0.1004 -2.2960
v  1.4955 -0.3664 -2.3000
v  1.4977 -0.1235 -2.8557
v  1.6035 -0.1088 -2.2908
v  2.2572 -0.4253 -2.2639
v  2.1499 -0.4370 -2.8293
v  1.3906 -0.1456 -3.4178
v  2.0413 -0.4555 -3.3947
v  1.4780 -0.1099 -2.8565
v  1.5838 -0.0951 -2.2917
v  1.3710 -0.1321 -3.4185
v  2.1487 -0.1704 -2.8254
v  2.0398 -0.1882 -3.3914
v  2.2563 -0.1593 -2.2598
v  2.2572 -0.1782 -2.8204
v  2.3652 -0.1677 -2.2547
v  2.1480 -0.1953 -3.3871
v  2.2391 -0.1647 -2.8211
v  2.3470 -0.1542 -2.2554
v  2.1300 -0.1820 -3.3877
v  2.8819 -0.2314 -3.3572
v  2.9932 -0.2190 -2.7861
v  3.1032 -0.2127 -2.2196
v  2.8166 -0.2271 -3.3598
v  2.9277 -0.2142 -2.7891
v  3.0375 -0.2076 -2.2227
v  2.0556 -0.1771 -3.3907
v  2.1645 -0.1593 -2.8246
v  2.2722 -0.1484 -2.2590
v  1.2959 -0.1272 -3.4216
v  1.4027 -0.1045 -2.8600
v  1.5082 -0.0893 -2.2952
v  1.4620 -0.1030 2.7936
v  1.4816 -0.1165 2.7931
v  1.5906 -0.1032 2.2298
v  1.5709 -0.0896 2.2303
v  1.3518 -0.1238 3.3541
v  1.3714 -0.1373 3.3537
v  2.2232 -0.1578 2.7693
v  2.2413 -0.1713 2.7688
v  2.3525 -0.1622 2.2046
v  2.3343 -0.1487 2.2051
v  2.1109 -0.1737 3.3343
v  2.1289 -0.1871 3.3340
v  2.8630 -0.2232 3.3147
v  2.8865 -0.2369 3.3142
v  3.0010 -0.2260 2.7445
v  2.9775 -0.2122 2.7452
v  3.1143 -0.2212 2.1795
v  3.0907 -0.2072 2.1802
v  2.8925 -0.2182 2.7480
v  2.8936 -0.4848 2.7526
v  2.7797 -0.4971 3.3210
v  2.7783 -0.2298 3.3170
v  3.0063 -0.4788 2.1878
v  3.0055 -0.2128 2.1831
v  3.6533 -0.5396 2.7283
v  3.7681 -0.5378 2.1627
v  3.5372 -0.5469 3.3012
v  2.1339 -0.4301 2.7769
v  2.0221 -0.4473 3.3407
v  2.0207 -0.1800 3.3368
v  2.1328 -0.1635 2.7723
v  2.2445 -0.4198 2.2129
v  2.2436 -0.1538 2.2082
v  1.3742 -0.3753 2.8012
v  1.2646 -0.3975 3.3605
v  1.2632 -0.1302 3.3566
v  1.3731 -0.1087 2.7966
v  1.4826 -0.3608 2.2381
v  1.4818 -0.0948 2.2333
v  2.7976 -0.2189 3.3164
v  2.9120 -0.2074 2.7473
v  3.0250 -0.2022 2.1824
v  2.0364 -0.1688 3.3363
v  2.1486 -0.1524 2.7717
v  2.2595 -0.1429 2.2076
v  1.2766 -0.1189 3.3561
v  1.3866 -0.0975 2.7961
v  1.4953 -0.0837 2.2328
v  4.3121 -0.2121 -1.4693
v  4.2687 -0.3857 -1.8067
v  3.6945 -0.3187 -1.8358
v  3.6926 -0.1436 -1.4999
v  5.7064 -0.3589 -0.6605
v  4.9833 -0.2490 -0.6824
v  4.9813 -0.2362 -0.0062
v  5.7052 -0.3438 -0.0009
v  6.3186 -0.4554 0.0037
v  6.3100 -0.4701 -0.6478
v  0.9891 -0.1286 -1.9700
v  0.4861 -0.1053 -1.9946
v  0.1201 0.0932 -1.6749
v  0.8876 0.0581 -1.6378
v  0.0973 0.1043 -1.6396
v  0.1280 0.1457 -0.8145
v  0.8781 0.1126 -0.7984
v  0.8822 0.0688 -1.6010
v  1.4473 0.0818 -0.7862
v  1.4504 0.0486 -1.3628
v  3.0179 -0.0671 -1.3824
v  2.2946 -0.0135 -1.4134
v  2.2942 -0.0116 -1.3800
v  3.0176 -0.0652 -1.3492
v  4.3138 -0.1940 -1.2871
v  4.3139 -0.1960 -1.3224
v  3.6923 -0.1287 -1.3535
v  3.6922 -0.1272 -1.3191
v  4.5712 -0.2264 -1.2711
v  4.6013 -0.2326 -1.3079
v  5.7064 -0.4024 -1.3634
v  4.9855 -0.2894 -1.3991
v  6.2801 -0.5129 -1.3326
v  5.5303 -0.5997 -1.7337
v  4.8766 -0.4779 -1.7713
v  4.9803 -0.2997 -1.4360
v  5.6980 -0.4131 -1.3999
v  6.2714 -0.5245 -1.3685
v  6.1148 -0.7266 -1.6995
v  0.0269 0.0565 -0.8165
v  0.0878 0.1416 -0.8153
v  0.0558 0.1003 -1.6414
v  -0.0046 0.0220 -1.6414
v  0.0083 0.0126 -1.6768
v  0.0760 0.0894 -1.6764
v  0.4542 -0.1108 -1.9963
v  0.4000 -0.1844 -1.9973
v  0.3760 -0.2089 -2.6107
v  0.4127 -0.1929 -2.0316
v  0.4678 -0.1203 -2.0310
v  0.4271 -0.1329 -2.6119
v  0.4969 -0.1149 -2.0297
v  0.9946 -0.1387 -2.0068
v  1.0049 -0.1556 -2.5871
v  0.4582 -0.1277 -2.6108
v  4.2638 -0.4224 -3.0244
v  3.7223 -0.3627 -3.0499
v  3.8346 -0.3582 -2.4575
v  4.2656 -0.4069 -2.4378
v  5.5216 -0.6095 -1.7703
v  6.1070 -0.7371 -1.7355
v  6.0820 -0.7447 -2.3308
v  5.5137 -0.6214 -2.3631
v  5.9579 -0.7781 -3.5565
v  5.4839 -0.6617 -3.5731
v  5.4844 -0.6610 -3.5586
v  5.9599 -0.7775 -3.5417
v  4.8712 -0.4874 -1.8083
v  4.8672 -0.4982 -2.4045
v  5.5040 -0.6355 -2.9673
v  4.8613 -0.5124 -2.9969
v  4.8507 -0.5342 -3.5804
v  4.8505 -0.5348 -3.5947
v  4.2665 -0.3951 -1.8439
v  4.2605 -0.4439 -3.6148
v  4.2606 -0.4434 -3.6007
v  3.0684 -0.2596 -1.8660
v  3.0216 -0.0841 -1.5330
v  2.3872 -0.2110 -1.8992
v  1.7102 -0.1679 -1.9338
v  1.6015 0.0170 -1.6027
v  2.3007 -0.0309 -1.5684
v  2.3955 -0.2272 -2.1916
v  1.7203 -0.1847 -2.2221
v  1.7198 -0.1838 -2.1891
v  2.3951 -0.2264 -2.1581
v  1.3395 -0.1733 -2.5718
v  1.2260 -0.1942 -3.1676
v  1.0215 -0.1839 -3.1773
v  1.7621 -0.2528 -3.6996
v  1.0405 -0.2172 -3.7241
v  1.0399 -0.2161 -3.7064
v  1.7616 -0.2518 -3.6838
v  3.6947 -0.3283 -1.8729
v  3.0710 -0.2693 -1.9031
v  1.7160 -0.1780 -1.9706
v  1.5958 0.0277 -1.5659
v  2.2961 -0.0204 -1.5315
v  3.6925 -0.1334 -1.4628
v  3.0190 -0.0737 -1.4959
v  4.3143 -0.2020 -1.4322
v  2.3919 -0.2208 -1.9361
v  0.3557 -0.1499 -3.2086
v  0.3215 -0.1542 -3.2062
v  0.2687 -0.2326 -3.2025
v  0.1817 -0.1862 -3.7328
v  4.6875 -0.2105 -0.6897
v  4.6855 -0.1976 -0.0083
v  3.0736 -0.2763 -2.1617
v  3.0732 -0.2754 -2.1278
v  1.5284 0.0423 -0.7844
v  1.5836 -0.2980 -1.2415
v  1.5301 0.0121 -1.2977
v  4.3139 -0.2277 -1.2453
v  4.4848 -0.5660 -1.1802
v  4.5406 -0.2574 -1.2355
v  4.6119 -0.2369 -0.6918
v  4.5572 -0.5716 -1.1036
v  4.5542 -0.5333 -0.0089
v  4.6099 -0.2240 -0.0088
v  4.6513 -0.1932 -0.0086
v  4.6533 -0.2060 -0.6906
v  4.6134 -0.2628 -1.1577
v  4.6498 -0.2318 -1.1818
v  3.6923 -0.1613 -1.2772
v  3.0173 -0.0987 -1.3073
v  2.2938 -0.0450 -1.3381
v  1.6068 0.0024 -1.3686
v  1.5885 0.0373 -1.3977
v  1.4871 0.0797 -0.7853
v  1.4962 0.0481 -1.3234
v  0.0352 0.0680 -0.0419
v  0.0969 0.1542 -0.0416
v  0.1367 0.1583 -0.0413
v  0.8756 0.1252 -0.0360
v  1.4435 0.0946 -0.0319
v  1.4848 0.0924 -0.0316
v  1.5261 0.0550 -0.0312
v  4.6870 -0.2386 -1.2126
v  4.6658 -0.2397 -1.2834
v  4.6252 -0.2320 -1.2456
v  1.5516 0.0374 -1.4334
v  1.4721 0.0441 -1.4140
v  1.5330 0.0420 -1.3848
v  3.0895 -0.3236 -3.4532
v  3.0890 -0.3221 -3.4202
v  3.5206 -0.3559 -3.4023
v  3.5420 -0.3596 -3.4351
v  2.4211 -0.2748 -3.4791
v  2.4202 -0.2731 -3.4466
v  1.7551 -0.2412 -3.5037
v  1.7540 -0.2393 -3.4715
v  4.5362 -0.5718 -1.1565
v  4.5925 -0.2630 -1.2113
v  1.5533 0.0074 -1.3495
v  1.6055 -0.3030 -1.2921
v  1.6572 -0.3084 -1.3112
v  3.0850 -0.3522 -3.3853
v  3.4788 -0.5710 -3.3363
v  3.4990 -0.3859 -3.3689
v  3.6691 -0.5684 -2.7587
v  3.7615 -0.3821 -2.4608
v  3.6487 -0.3868 -3.0534
v  1.5456 -0.2079 -2.2655
v  1.5730 -0.3941 -2.2952
v  1.5134 -0.3905 -2.3201
v  1.4850 -0.2051 -2.2894
v  1.2986 -0.4242 -3.3490
v  1.2582 -0.2397 -3.3744
v  1.2976 -0.2294 -3.1642
v  1.3904 -0.4044 -2.8646
v  1.4816 -0.3900 -2.3765
v  1.4092 -0.2085 -2.5686
v  1.4511 -0.2048 -2.3461
v  3.7646 -0.5654 -2.2734
v  3.8003 -0.3817 -2.2569
v  3.8827 -0.3608 -2.2078
v  6.0397 -0.7542 -2.9419
v  3.0701 -0.3088 -2.1966
v  2.3930 -0.2597 -2.2265
v  3.7355 -0.3410 -2.1317
v  3.7160 -0.3715 -2.1643
v  1.7183 -0.2174 -2.2569
v  1.5207 -0.1741 -2.2377
v  1.4608 -0.1715 -2.2622
v  1.3729 -0.1750 -2.5703
v  1.4264 -0.1712 -2.3207
v  2.4165 -0.3031 -3.4117
v  1.7505 -0.2692 -3.4367
v  1.3179 -0.2181 -3.4826
v  1.3400 -0.2486 -3.4514
v  3.8370 -0.3533 -2.2403
v  3.7972 -0.3540 -2.4592
v  1.2253 -0.2081 -3.3953
v  1.2614 -0.1959 -3.1660
v  3.6848 -0.3586 -3.0517
v  3.0925 -0.3330 -3.6545
v  3.0923 -0.3322 -3.6382
v  3.7012 -0.3797 -3.6198
v  3.7006 -0.3801 -3.6338
v  2.4260 -0.2842 -3.6611
v  1.4885 -0.1714 -2.2013
v  1.1746 -0.2072 -3.4277
v  1.2889 -0.2168 -3.5209
v  1.4285 -0.1688 -2.2257
v  1.3949 -0.1686 -2.2879
v  3.7676 -0.3477 -2.0963
v  3.8518 -0.3554 -2.1329
v  3.8123 -0.3492 -2.1613
v  1.3615 -0.4325 -3.4218
v  1.2725 -0.2439 -3.4323
v  1.3124 -0.4282 -3.4008
v  1.2517 -0.2131 -3.4552
v  1.2103 -0.2122 -3.5014
v  3.6979 -0.5573 -2.1956
v  3.7839 -0.3712 -2.1901
v  3.7521 -0.5630 -2.2163
v  3.5387 -0.5750 -3.3127
v  3.5677 -0.3907 -3.3459
v  3.5917 -0.3630 -3.3725
v  3.6200 -0.3647 -3.4036
v  3.6045 -0.3916 -3.2861
v  3.5712 -0.5755 -3.2568
v  3.6329 -0.3621 -3.3102
v  3.6675 -0.3669 -3.3394
v  6.5909 -0.5324 -0.6421
v  6.5991 -0.5180 0.0057
v  6.6120 -0.5209 0.0058
v  6.6039 -0.5353 -0.6419
v  6.5644 -0.5734 -1.3165
v  6.5775 -0.5762 -1.3158
v  6.5762 -0.5895 -1.3512
v  6.5627 -0.5866 -1.3519
v  6.5676 -0.8344 -1.6705
v  6.5677 -0.8470 -1.7058
v  6.5192 -0.8482 -2.3063
v  6.4093 -0.8468 -2.9250
v  6.2460 -0.8501 -3.5323
v  6.2420 -0.8502 -3.5472
v  6.2569 -0.8540 -3.5467
v  6.2610 -0.8539 -3.5318
v  6.2712 -0.8827 -3.5611
v  6.6295 -0.5488 0.0060
v  6.6221 -0.5632 -0.6417
v  6.4250 -0.8507 -2.9243
v  6.5317 -0.8512 -2.3056
v  6.5514 -0.8794 -2.3045
v  6.4449 -0.8791 -2.9220
v  6.5969 -0.6112 -1.3334
v  6.6005 -0.8747 -1.6848
v  6.5805 -0.8375 -1.6696
v  6.5808 -0.8502 -1.7050
v  5.9558 -0.8044 -3.5714
v  5.4832 -0.6881 -3.5884
v  4.8502 -0.5609 -3.6103
v  4.2605 -0.4699 -3.6305
v  3.7005 -0.4059 -3.6495
v  3.0930 -0.3590 -3.6699
v  2.4272 -0.3112 -3.6923
v  2.4265 -0.2851 -3.6771
v  1.7631 -0.2789 -3.7147
v  1.0415 -0.2434 -3.7404
v  0.1683 -0.2080 -3.7663
v  0.1760 -0.1874 -3.7503
v  0.1476 -0.2033 -3.7414
v  0.1163 -0.2641 -3.7033
v  0.1186 -0.2494 -3.6711
v  0.1565 -0.1866 -3.7273
v  0.1618 -0.1856 -3.7105
v  3.1309 -0.4218 -1.2446
v  1.5782 -0.2559 -0.0305
v  4.3038 -0.2085 1.4473
v  3.6842 -0.1399 1.4689
v  3.6842 -0.3143 1.8051
v  4.2585 -0.3813 1.7844
v  5.7027 -0.3572 0.6588
v  4.9794 -0.2473 0.6701
v  6.3063 -0.4685 0.6550
v  0.9781 -0.1238 1.9003
v  0.8784 0.0621 1.5661
v  0.1108 0.0972 1.5922
v  0.4749 -0.1005 1.9176
v  0.0882 0.1082 1.5565
v  0.8733 0.0727 1.5293
v  0.8737 0.1144 0.7265
v  0.1236 0.1476 0.7318
v  1.4428 0.0519 1.2992
v  1.4430 0.0837 0.7225
v  3.0101 -0.0638 1.3415
v  3.0100 -0.0619 1.3083
v  2.2865 -0.0083 1.3286
v  2.2867 -0.0101 1.3620
v  4.3066 -0.1909 1.2651
v  3.6848 -0.1240 1.2880
v  3.6847 -0.1254 1.3224
v  4.3065 -0.1927 1.3003
v  4.5640 -0.2233 1.2528
v  4.5939 -0.2294 1.2901
v  5.6987 -0.3991 1.3618
v  4.9776 -0.2860 1.3868
v  6.2725 -0.5097 1.3395
v  5.5204 -0.5955 1.7301
v  5.6900 -0.4096 1.3982
v  4.9721 -0.2962 1.4237
v  4.8666 -0.4736 1.7580
v  6.2636 -0.5212 1.3753
v  6.1051 -0.7224 1.7045
v  0.0225 0.0584 0.7326
v  -0.0137 0.0259 1.5571
v  0.0467 0.1042 1.5577
v  0.0834 0.1435 0.7321
v  -0.0010 0.0166 1.5927
v  0.3888 -0.1796 1.9192
v  0.4431 -0.1060 1.9188
v  0.0667 0.0934 1.5931
v  0.3614 -0.2026 2.5324
v  0.4125 -0.1266 2.5341
v  0.4564 -0.1154 1.9537
v  0.4013 -0.1880 1.9538
v  0.4855 -0.1100 1.9529
v  0.4436 -0.1214 2.5334
v  0.9904 -0.1493 2.5176
v  0.9834 -0.1339 1.9372
v  4.2466 -0.4150 3.0021
v  4.2518 -0.4010 2.4155
v  3.8207 -0.3522 2.4290
v  3.7051 -0.3552 3.0198
v  5.5115 -0.6052 1.7665
v  5.5002 -0.6156 2.3592
v  6.0687 -0.7390 2.3354
v  6.0971 -0.7328 1.7404
v  5.9377 -0.7694 3.5592
v  5.9397 -0.7688 3.5446
v  5.4641 -0.6523 3.5544
v  5.4636 -0.6529 3.5689
v  4.8609 -0.4830 1.7949
v  4.8536 -0.4924 2.3910
v  5.4871 -0.6282 2.9633
v  4.8443 -0.5050 2.9834
v  4.8304 -0.5254 3.5668
v  4.8301 -0.5259 3.5811
v  4.2560 -0.3906 1.8216
v  4.2402 -0.4346 3.5784
v  4.2400 -0.4351 3.5925
v  3.0579 -0.2551 1.8263
v  3.0130 -0.0803 1.4922
v  2.3765 -0.2064 1.8496
v  2.2920 -0.0271 1.5172
v  1.5925 0.0208 1.5413
v  1.6993 -0.1633 1.8744
v  2.3832 -0.2219 2.1422
v  2.3829 -0.2211 2.1087
v  1.7075 -0.1785 2.1299
v  1.7079 -0.1793 2.1629
v  1.3251 -0.1670 2.5071
v  1.0036 -0.1762 3.1080
v  1.2082 -0.1865 3.1014
v  1.7412 -0.2438 3.6411
v  1.7408 -0.2429 3.6253
v  1.0190 -0.2071 3.6375
v  1.0196 -0.2081 3.6552
v  3.0603 -0.2647 1.8634
v  3.6841 -0.3237 1.8423
v  1.7049 -0.1732 1.9114
v  1.5871 0.0315 1.5044
v  2.2875 -0.0167 1.4802
v  3.6842 -0.1298 1.4317
v  3.0106 -0.0701 1.4551
v  4.3062 -0.1985 1.4101
v  2.3811 -0.2161 1.8866
v  0.3035 -0.1465 3.1269
v  0.3377 -0.1421 3.1298
v  0.2507 -0.2248 3.1227
v  0.1607 -0.1771 3.6516
v  4.6836 -0.2088 0.6731
v  3.0614 -0.2711 2.1221
v  3.0612 -0.2702 2.0881
v  1.5241 0.0441 0.7220
v  1.5229 0.0152 1.2354
v  1.5767 -0.2950 1.1807
v  4.3069 -0.2247 1.2233
v  4.5336 -0.2544 1.2168
v  4.4781 -0.5632 1.1615
v  4.6080 -0.2352 0.6741
v  4.5509 -0.5689 1.0860
v  4.6494 -0.2043 0.6734
v  4.6068 -0.2600 1.1401
v  4.6432 -0.2289 1.1646
v  3.6851 -0.1582 1.2462
v  3.0100 -0.0955 1.2665
v  2.2863 -0.0418 1.2868
v  1.5991 0.0057 1.3073
v  1.5807 0.0407 1.3361
v  1.4828 0.0815 0.7222
v  1.4889 0.0513 1.2605
v  4.6182 -0.2290 1.2281
v  4.6585 -0.2366 1.2665
v  4.6801 -0.2357 1.1960
v  1.5253 0.0453 1.3224
v  1.4643 0.0475 1.3507
v  1.5436 0.0409 1.3713
v  3.0700 -0.3152 3.4138
v  3.5225 -0.3512 3.4023
v  3.5013 -0.3476 3.3692
v  3.0697 -0.3137 3.3808
v  2.4007 -0.2646 3.3976
v  2.4014 -0.2663 3.4301
v  1.7344 -0.2309 3.4129
v  1.7354 -0.2327 3.4451
v  4.5856 -0.2600 1.1934
v  4.5296 -0.5690 1.1386
v  1.5458 0.0106 1.2875
v  1.5984 -0.2999 1.2316
v  1.6499 -0.3052 1.2515
v  3.0658 -0.3440 3.3460
v  3.4799 -0.3777 3.3356
v  3.4599 -0.5628 3.3032
v  3.6535 -0.5617 2.7283
v  3.6315 -0.3793 3.0222
v  3.7476 -0.3761 2.4313
v  1.5329 -0.2024 2.2039
v  1.4722 -0.1996 2.2268
v  1.5004 -0.3849 2.2584
v  1.5602 -0.3886 2.2344
v  1.2797 -0.4160 3.2844
v  1.3743 -0.3974 2.8012
v  1.2797 -0.2217 3.0991
v  1.2392 -0.2315 3.3087
v  1.4683 -0.3843 2.3144
v  1.4379 -0.1991 2.2831
v  1.3947 -0.2023 2.5050
v  3.7876 -0.3762 2.2280
v  3.7517 -0.5599 2.2444
v  3.8702 -0.3554 2.1799
v  6.0229 -0.7470 2.9458
v  2.3804 -0.2543 2.1771
v  3.0577 -0.3035 2.1570
v  3.7038 -0.3662 2.1341
v  3.7234 -0.3358 2.1017
v  1.7056 -0.2119 2.1977
v  1.5081 -0.1687 2.1756
v  1.4481 -0.1660 2.1992
v  1.4134 -0.1656 2.2573
v  1.3585 -0.1688 2.5061
v  2.3972 -0.2948 3.3627
v  1.7311 -0.2609 3.3781
v  1.3205 -0.2402 3.3869
v  1.2983 -0.2096 3.4177
v  3.7833 -0.3480 2.4301
v  3.8243 -0.3479 2.2118
v  1.2062 -0.1998 3.3290
v  1.2436 -0.1882 3.1002
v  3.6675 -0.3511 3.0210
v  3.0718 -0.3241 3.6152
v  3.6801 -0.3712 3.6034
v  3.6807 -0.3708 3.5894
v  3.0717 -0.3233 3.5990
v  2.4053 -0.2753 3.6122
v  1.4761 -0.1661 2.1388
v  1.1552 -0.1989 3.3607
v  1.2690 -0.2083 3.4555
v  1.4160 -0.1634 2.1623
v  1.3820 -0.1631 2.2241
v  3.8001 -0.3440 2.1324
v  3.8398 -0.3502 2.1046
v  3.7557 -0.3426 2.0668
v  1.3423 -0.4242 3.3581
v  1.2932 -0.4199 3.3363
v  1.2531 -0.2355 3.3668
v  1.2322 -0.2047 3.3894
v  1.1906 -0.2037 3.4349
v  3.6855 -0.5520 2.1656
v  3.7396 -0.5576 2.1871
v  3.7716 -0.3658 2.1608
v  3.5487 -0.3826 3.3135
v  3.5199 -0.5669 3.2804
v  3.5726 -0.3548 3.3404
v  3.6007 -0.3564 3.3719
v  3.5527 -0.5675 3.2250
v  3.5859 -0.3836 3.2543
v  3.6141 -0.3540 3.2788
v  3.6485 -0.3587 3.3085
v  6.5872 -0.5308 0.6535
v  6.6002 -0.5337 0.6535
v  6.5569 -0.5702 1.3276
v  6.5700 -0.5730 1.3270
v  6.5684 -0.5861 1.3624
v  6.5550 -0.5833 1.3630
v  6.5580 -0.8303 1.6822
v  6.5579 -0.8428 1.7176
v  6.5061 -0.8425 2.3173
v  6.3926 -0.8396 2.9345
v  6.2218 -0.8415 3.5542
v  6.2259 -0.8414 3.5394
v  6.2367 -0.8452 3.5539
v  6.2509 -0.8739 3.5686
v  6.2408 -0.8452 3.5391
v  6.6184 -0.5616 0.6536
v  6.4084 -0.8435 2.9340
v  6.4283 -0.8719 2.9320
v  6.5383 -0.8737 2.3160
v  6.5186 -0.8455 2.3168
v  6.5892 -0.6079 1.3450
v  6.5710 -0.8334 1.6816
v  6.5909 -0.8705 1.6970
v  6.5711 -0.8460 1.7170
v  5.9354 -0.7957 3.5742
v  5.4628 -0.6793 3.5842
v  4.8297 -0.5520 3.5967
v  4.2399 -0.4610 3.6083
v  3.6798 -0.3970 3.6191
v  3.0722 -0.3500 3.6307
v  2.4064 -0.3021 3.6434
v  2.4057 -0.2761 3.6282
v  1.7421 -0.2699 3.6563
v  1.0205 -0.2342 3.6716
v  0.1471 -0.1989 3.6849
v  0.1548 -0.1782 3.6689
v  0.1265 -0.1942 3.6597
v  0.1355 -0.1776 3.6457
v  0.0979 -0.2405 3.5891
v  0.0954 -0.2551 3.6213
v  0.1410 -0.1766 3.6289
v  3.1240 -0.4188 1.2062
v  3.1784 0.0147 -1.2586
v  3.0722 0.0245 -1.2636
v  3.0909 0.0334 -1.2627
v  3.1583 0.0272 -1.2596
v  2.4351 0.0831 -1.2931
v  2.3289 0.0928 -1.2980
v  2.3474 0.1017 -1.2972
v  2.4154 0.0955 -1.2940
v  1.6918 0.1514 -1.3276
v  1.5856 0.1611 -1.3325
v  1.6028 0.1702 -1.3317
v  1.6725 0.1638 -1.3285
v  3.0653 0.0275 1.1806
v  3.1715 0.0177 1.1772
v  3.1513 0.0302 1.1778
v  3.0839 0.0364 1.1800
v  3.9149 -0.0507 1.1536
v  3.8087 -0.0409 1.1569
v  3.8110 -0.4666 1.1616
v  4.5545 -0.5350 1.1380
v  2.3218 0.0959 1.2043
v  2.4280 0.0861 1.2009
v  2.4083 0.0986 1.2015
v  2.3403 0.1048 1.2037
v  1.5783 0.1643 1.2279
v  1.6845 0.1545 1.2246
v  1.6652 0.1669 1.2252
v  1.5955 0.1733 1.2274
v  2.9093 -0.2278 -3.3776
v  2.8011 -0.2206 -3.3820
v  2.8205 -0.2097 -3.3812
v  2.8858 -0.2140 -3.3785
v  3.0219 -0.2009 -2.2450
v  3.1307 -0.2093 -2.2398
v  3.1071 -0.1953 -2.2409
v  3.0414 -0.1902 -2.2440
v  1.4986 -0.0830 -2.3173
v  1.6074 -0.0914 -2.3121
v  1.5877 -0.0778 -2.3130
v  1.5121 -0.0719 -2.3166
v  2.3690 -0.1504 -2.2760
v  2.3509 -0.1368 -2.2768
v  2.2761 -0.1310 -2.2803
v  2.2602 -0.1420 -2.2811
v  1.3945 -0.1283 -3.4391
v  1.2863 -0.1211 -3.4435
v  1.2998 -0.1098 -3.4429
v  1.3749 -0.1148 -3.4398
v  2.1519 -0.1780 -3.4084
v  2.0437 -0.1709 -3.4128
v  2.0595 -0.1597 -3.4120
v  2.1339 -0.1646 -3.4090
v  3.1182 -0.2039 2.1582
v  3.0094 -0.1955 2.1618
v  3.0289 -0.1848 2.1611
v  3.0946 -0.1899 2.1589
v  2.7821 -0.2124 3.2957
v  2.8903 -0.2196 3.2929
v  2.8668 -0.2058 3.2934
v  2.8015 -0.2015 3.2951
v  2.3563 -0.1449 2.1833
v  2.2475 -0.1365 2.1869
v  2.2634 -0.1255 2.1863
v  2.3382 -0.1313 2.1838
v  1.5945 -0.0859 2.2085
v  1.4857 -0.0775 2.2120
v  1.4992 -0.0663 2.2115
v  1.5748 -0.0722 2.2090
v  1.2670 -0.1128 3.3353
v  1.2685 -0.3801 3.3392
v  2.0260 -0.4299 3.3194
v  1.3753 -0.1199 3.3324
v  2.0246 -0.1626 3.3155
v  2.1328 -0.1697 3.3126
v  2.1147 -0.1564 3.3130
v  2.0403 -0.1515 3.3150
v  1.5821 -0.2385 -0.0518
v  3.1244 -0.3588 -0.0406
v  3.1348 -0.4045 -1.2659
v  1.6611 -0.2910 -1.3325
v  1.5875 -0.2807 -1.2628
v  1.6094 -0.2857 -1.3134
v  1.3654 -0.4152 -3.4431
v  1.3163 -0.4108 -3.4221
v  3.5426 -0.5576 -3.3340
v  3.4827 -0.5536 -3.3576
v  4.5610 -0.5543 -1.1249
v  4.5401 -0.5545 -1.1779
v  4.4886 -0.5487 -1.2015
v  1.3943 -0.3871 -2.8859
v  1.4855 -0.3727 -2.3979
v  3.7685 -0.5481 -2.2947
v  3.6730 -0.5511 -2.7800
v  4.5581 -0.5160 -0.0302
v  1.5173 -0.3732 -2.3414
v  3.7560 -0.5457 -2.2376
v  3.5750 -0.5581 -3.2781
v  1.3025 -0.4068 -3.3703
v  1.5769 -0.3768 -2.3165
v  3.7018 -0.5400 -2.2169
v  1.6538 -0.2879 1.2302
v  3.1279 -0.4015 1.1849
v  1.5806 -0.2777 1.1594
v  1.6022 -0.2826 1.2103
v  1.3461 -0.4068 3.3367
v  3.4638 -0.5455 3.2819
v  3.5238 -0.5495 3.2591
v  1.2971 -0.4026 3.3150
v  4.5548 -0.5516 1.0647
v  4.4820 -0.5458 1.1402
v  4.5335 -0.5517 1.1173
v  1.3782 -0.3801 2.7799
v  3.6573 -0.5443 2.7070
v  3.7556 -0.5425 2.2230
v  1.4721 -0.3669 2.2931
v  3.7435 -0.5403 2.1658
v  1.5042 -0.3675 2.2371
v  3.5566 -0.5502 3.2037
v  1.2836 -0.3987 3.2630
v  3.6894 -0.5346 2.1443
v  1.5640 -0.3712 2.2131
v  4.5611 -0.5379 -1.1983
v  3.8178 -0.4696 -1.2327
v  3.8155 -0.0438 -1.2291
v  3.9217 -0.0536 -1.2242
v  3.0675 -0.3982 1.1853
v  2.3241 -0.3298 1.2090
v  1.5806 -0.2614 1.2326
v  2.3312 -0.3329 -1.3016
v  1.5879 -0.2646 -1.3361
v  3.0745 -0.4012 -1.2672
v  2.8026 -0.4880 -3.3853
v  3.5600 -0.5377 -3.3546
v  2.0452 -0.4382 -3.4160
v  1.2878 -0.3885 -3.4467
v  2.2611 -0.4080 -2.2852
v  1.4994 -0.3490 -2.3213
v  3.0227 -0.4669 -2.2490
v  3.7844 -0.5258 -2.2129
v  1.3557 -0.1065 3.3328
v  1.2805 -0.1015 3.3348
v  2.7836 -0.4797 3.2996
v  3.5411 -0.5295 3.2799
v  3.7720 -0.5205 2.1414
v  3.0102 -0.4615 2.1665
v  2.2483 -0.4025 2.1916
v  1.4865 -0.3435 2.2168
# 872 vertices

vn 0.5729 0.8191 -0.0304
vn 0.6044 0.7961 -0.0295
vn 0.6043 0.7954 -0.0468
vn 0.5733 0.8179 -0.0485
vn 0.6042 0.7969 0.0008
vn 0.5726 0.8198 0.0006
vn -1.0000 -0.0053 -0.0067
vn -1.0000 -0.0052 -0.0048
vn -0.8535 0.5204 -0.0257
vn -0.8700 0.4917 -0.0377
vn -1.0000 -0.0052 -0.0028
vn -0.8550 0.5187 -0.0031
vn 0.3247 0.9440 -0.0583
vn 0.3256 0.9448 -0.0365
vn 0.3253 0.9456 -0.0002
vn 0.6044 0.7961 -0.0299
vn 0.5760 0.8168 -0.0307
vn 0.5757 0.8176 0.0006
vn 0.6043 0.7954 -0.0465
vn 0.5764 0.8158 -0.0479
vn -1.0000 -0.0053 -0.0035
vn -1.0000 -0.0052 -0.0031
vn -0.8383 0.5446 -0.0248
vn -0.8562 0.5155 -0.0349
vn -0.8394 0.5435 -0.0031
vn 0.3277 0.9431 -0.0567
vn 0.3294 0.9435 -0.0364
vn 0.3288 0.9444 -0.0002
vn 0.5663 0.8236 -0.0309
vn 0.5668 0.8225 -0.0485
vn 0.3168 0.9468 -0.0575
vn 0.3183 0.9473 -0.0366
vn 0.3179 0.9481 -0.0003
vn 0.5661 0.8243 0.0006
vn 0.5696 0.8214 -0.0306
vn 0.6044 0.7961 -0.0296
vn 0.6043 0.7954 -0.0467
vn 0.5700 0.8202 -0.0485
vn 0.5693 0.8221 0.0006
vn -1.0000 -0.0053 -0.0057
vn -1.0000 -0.0052 -0.0043
vn -0.8438 0.5360 -0.0257
vn -0.8612 0.5069 -0.0373
vn -0.8452 0.5345 -0.0031
vn 0.3207 0.9454 -0.0579
vn 0.3219 0.9461 -0.0366
vn 0.3215 0.9469 -0.0002
vn -0.8442 0.5361 -0.0031
vn -0.8430 0.5374 -0.0251
vn -1.0000 -0.0052 -0.0037
vn -0.8604 0.5084 -0.0360
vn -1.0000 -0.0054 -0.0047
vn 0.6044 0.7961 -0.0298
vn 0.6043 0.7954 -0.0466
vn 0.6041 0.7969 0.0008
vn -0.1727 0.9831 -0.0610
vn -0.1640 0.9857 -0.0397
vn -0.1654 0.9862 -0.0017
vn -0.1812 0.9815 -0.0621
vn -0.1726 0.9842 -0.0400
vn -0.1739 0.9848 -0.0017
vn -0.1829 0.9811 -0.0632
vn -0.1743 0.9839 -0.0403
vn -0.1756 0.9845 -0.0017
vn -0.2013 0.9774 -0.0642
vn -0.1924 0.9805 -0.0406
vn -0.1936 0.9811 -0.0018
vn 0.5725 0.8193 0.0317
vn 0.3250 0.9450 0.0361
vn 0.3249 0.9440 0.0578
vn 0.5728 0.8182 0.0498
vn 0.5759 0.8160 0.0492
vn 0.5757 0.8170 0.0320
vn 0.3290 0.9436 0.0359
vn 0.3281 0.9430 0.0562
vn 0.5660 0.8238 0.0320
vn 0.3178 0.9475 0.0361
vn 0.3171 0.9467 0.0569
vn 0.5663 0.8227 0.0497
vn 0.5692 0.8216 0.0319
vn 0.3214 0.9462 0.0361
vn 0.3210 0.9453 0.0574
vn 0.5695 0.8205 0.0498
vn -0.8385 0.5445 0.0186
vn -1.0000 -0.0053 -0.0026
vn -0.8556 0.5169 0.0289
vn -1.0000 -0.0054 -0.0021
vn 0.6040 0.7963 0.0315
vn 0.6038 0.7957 0.0480
vn -0.8440 0.5360 0.0195
vn -1.0000 -0.0052 -0.0014
vn -0.8606 0.5083 0.0312
vn -1.0000 -0.0054 0.0001
vn 0.6040 0.7963 0.0312
vn 0.6038 0.7957 0.0482
vn -0.8536 0.5205 0.0194
vn -1.0000 -0.0052 -0.0009
vn -0.8694 0.4930 0.0317
vn -1.0000 -0.0054 0.0011
vn 0.6041 0.7963 0.0310
vn 0.6038 0.7957 0.0483
vn 0.6040 0.7964 0.0313
vn 0.6038 0.7957 0.0481
vn -0.8432 0.5372 0.0189
vn -1.0000 -0.0052 -0.0020
vn -1.0000 -0.0053 -0.0010
vn -0.8599 0.5096 0.0299
vn -0.1722 0.9834 0.0577
vn -0.1646 0.9857 0.0363
vn -0.1732 0.9842 0.0366
vn -0.1808 0.9818 0.0587
vn -0.1748 0.9839 0.0369
vn -0.1822 0.9814 0.0598
vn -0.1927 0.9806 0.0371
vn -0.2006 0.9778 0.0606
vn -0.8274 0.5402 0.1536
vn -0.8506 0.5021 0.1561
vn -0.9816 -0.0070 0.1906
vn -0.9818 -0.0060 0.1898
vn -0.8762 0.4546 0.1601
vn -0.9816 -0.0077 0.1908
vn 0.4716 0.8754 -0.1057
vn 0.4692 0.8773 -0.1008
vn 0.4355 0.8954 -0.0923
vn 0.4335 0.8961 -0.0949
vn 0.4732 0.8741 -0.1100
vn 0.4308 0.8971 -0.0983
vn -0.8946 0.4194 0.1541
vn -0.9120 0.3786 0.1581
vn -0.9823 -0.0075 0.1869
vn -0.9827 -0.0068 0.1853
vn -0.8794 0.4511 0.1519
vn -0.9830 -0.0059 0.1834
vn 0.5029 0.8556 -0.1227
vn 0.4971 0.8599 -0.1155
vn 0.4354 0.8944 -0.1027
vn 0.4333 0.8949 -0.1069
vn 0.5074 0.8520 -0.1292
vn 0.4306 0.8956 -0.1121
vn 0.3325 0.9384 -0.0936
vn 0.3691 0.9246 -0.0936
vn 0.2967 0.9503 -0.0940
vn -0.8761 0.4563 0.1556
vn -0.8967 0.4129 0.1595
vn -0.9819 -0.0075 0.1890
vn -0.9822 -0.0069 0.1879
vn -0.8574 0.4912 0.1534
vn -0.9824 -0.0060 0.1866
vn 0.5177 0.8471 -0.1197
vn 0.5100 0.8527 -0.1131
vn 0.4355 0.8949 -0.0975
vn 0.4334 0.8955 -0.1009
vn 0.5243 0.8422 -0.1256
vn 0.4307 0.8963 -0.1052
vn 0.3486 0.9330 -0.0897
vn 0.3876 0.9173 -0.0913
vn 0.3107 0.9464 -0.0887
vn 0.2640 0.9618 -0.0722
vn 0.2982 0.9517 -0.0736
vn 0.3330 0.9399 -0.0754
vn -0.2635 0.9642 0.0299
vn -0.2155 0.9762 0.0251
vn -0.1682 0.9855 0.0209
vn -0.3197 0.9470 0.0321
vn -0.2656 0.9637 0.0263
vn -0.2124 0.9770 0.0214
vn -0.3636 0.9310 0.0319
vn -0.3047 0.9521 0.0252
vn -0.2479 0.9686 0.0202
vn 0.3313 0.9389 0.0932
vn 0.5004 0.8570 0.1231
vn 0.4952 0.8611 0.1153
vn 0.3667 0.9256 0.0933
vn 0.2968 0.9503 0.0936
vn 0.5047 0.8533 0.1308
vn 0.3475 0.9334 0.0894
vn 0.5154 0.8485 0.1202
vn 0.5082 0.8538 0.1130
vn 0.3852 0.9183 0.0910
vn 0.3109 0.9463 0.0884
vn 0.5215 0.8437 0.1273
vn 0.2642 0.9618 0.0716
vn 0.4709 0.8751 0.1114
vn 0.4694 0.8766 0.1058
vn 0.2972 0.9520 0.0730
vn 0.4673 0.8784 0.1003
vn 0.3309 0.9407 0.0748
vn -0.8495 0.5020 -0.1623
vn -0.9805 -0.0075 -0.1962
vn -0.9804 -0.0080 -0.1969
vn -0.8744 0.4558 -0.1664
vn -0.9806 -0.0068 -0.1960
vn -0.8267 0.5394 -0.1602
vn 0.4340 0.8958 0.0955
vn 0.4359 0.8954 0.0913
vn 0.4315 0.8964 0.1010
vn -0.9810 -0.0076 -0.1937
vn -0.9808 -0.0081 -0.1947
vn -0.8951 0.4140 -0.1656
vn -0.8749 0.4564 -0.1619
vn -0.9812 -0.0067 -0.1928
vn -0.8567 0.4904 -0.1599
vn 0.4339 0.8952 0.1015
vn 0.4358 0.8949 0.0965
vn 0.4313 0.8957 0.1079
vn -0.9815 -0.0075 -0.1911
vn -0.9812 -0.0081 -0.1926
vn -0.9105 0.3795 -0.1642
vn -0.8936 0.4192 -0.1604
vn -0.9818 -0.0067 -0.1895
vn -0.8786 0.4504 -0.1585
vn 0.4337 0.8946 0.1075
vn 0.4356 0.8944 0.1017
vn 0.4311 0.8949 0.1149
vn -0.2616 0.9646 -0.0335
vn -0.2152 0.9761 -0.0288
vn -0.1692 0.9853 -0.0245
vn -0.3175 0.9476 -0.0359
vn -0.2652 0.9637 -0.0302
vn -0.2137 0.9766 -0.0254
vn -0.3614 0.9317 -0.0359
vn -0.3046 0.9520 -0.0294
vn -0.2494 0.9681 -0.0243
vn 0.1302 0.9206 -0.3681
vn 0.1398 0.9209 -0.3639
vn 0.1146 0.9273 -0.3562
vn 0.1107 0.9255 -0.3622
vn 0.1670 0.9850 -0.0425
vn 0.1413 0.9893 -0.0376
vn 0.1391 0.9903 -0.0008
vn 0.1631 0.9866 -0.0008
vn 0.1992 0.9800 -0.0006
vn 0.1998 0.9787 -0.0472
vn 0.0654 0.9281 -0.3665
vn -0.0207 0.9147 -0.4035
vn -0.0040 0.9065 -0.4222
vn 0.0657 0.9252 -0.3737
vn -0.0292 0.9824 -0.1846
vn -0.0268 0.9991 -0.0325
vn 0.0501 0.9981 -0.0350
vn 0.0578 0.9848 -0.1637
vn 0.0550 0.9978 -0.0364
vn 0.0608 0.9964 -0.0593
vn 0.0848 0.9948 -0.0569
vn 0.0735 0.9957 -0.0569
vn 0.0548 0.9513 0.3035
vn 0.0658 0.9507 0.3030
vn 0.0964 0.9468 0.3069
vn 0.1204 0.9912 -0.0546
vn 0.1005 0.9940 -0.0431
vn 0.0790 0.9465 0.3130
vn 0.0347 0.9660 0.2563
vn 0.1303 0.9894 -0.0647
vn 0.1786 0.9658 -0.1880
vn 0.1495 0.9738 -0.1715
vn 0.2053 0.9563 -0.2080
vn 0.1944 0.8840 -0.4252
vn 0.1757 0.9039 -0.3900
vn 0.1590 0.9036 -0.3977
vn 0.1782 0.8836 -0.4330
vn 0.2042 0.8623 -0.4634
vn 0.2218 0.8620 -0.4558
vn -0.8124 0.5831 0.0014
vn -0.4964 0.8679 -0.0165
vn -0.4883 0.8383 -0.2424
vn -0.7741 0.5969 -0.2110
vn -0.6048 0.4988 -0.6208
vn -0.3371 0.7322 -0.5919
vn -0.3692 0.7188 -0.5890
vn -0.6188 0.4646 -0.6334
vn -0.8246 0.5589 0.0880
vn -0.7836 0.5912 -0.1909
vn -0.4851 0.8507 -0.2025
vn -0.5297 0.8472 0.0403
vn -0.0463 0.9877 -0.1494
vn 0.0573 0.9881 -0.1426
vn 0.0533 0.9979 -0.0367
vn -0.0528 0.9983 -0.0232
vn 0.1315 0.9908 -0.0322
vn 0.1111 0.9933 -0.0323
vn 0.1149 0.9931 -0.0233
vn 0.1314 0.9911 -0.0225
vn 0.2040 0.9655 -0.1616
vn 0.2284 0.9584 -0.1713
vn 0.2232 0.9744 -0.0259
vn 0.2005 0.9794 -0.0238
vn 0.2224 0.8194 -0.5283
vn 0.2028 0.8344 -0.5126
vn 0.2176 0.9748 -0.0483
vn 0.2408 0.9683 -0.0668
vn 0.1742 0.9738 -0.1459
vn 0.1700 0.9852 -0.0225
vn 0.2058 0.9777 -0.0406
vn 0.1711 0.9847 -0.0336
vn 0.1751 0.9837 -0.0398
vn 0.1665 0.8477 -0.5037
vn 0.1372 0.9810 -0.1372
vn 0.1310 0.8554 -0.5012
vn 0.1333 0.9904 -0.0364
vn 0.0937 0.9310 -0.3527
vn 0.0925 0.9283 -0.3601
vn 0.0816 0.9310 -0.3559
vn 0.0734 0.9293 -0.3620
vn 0.0755 0.9260 -0.3698
vn 0.0837 0.9278 -0.3635
vn 0.0793 0.9224 -0.3780
vn 0.0765 0.9234 -0.3763
vn 0.0595 0.9979 -0.0258
vn 0.0687 0.9973 -0.0240
vn 0.0543 0.9979 -0.0363
vn 0.0526 0.9972 -0.0529
vn 0.0534 0.9972 -0.0526
vn 0.0598 0.8504 -0.5227
vn 0.0531 0.8592 -0.5088
vn 0.0460 0.9971 -0.0614
vn 0.0514 0.9970 -0.0573
vn 0.1123 0.9826 -0.1479
vn 0.0888 0.9866 -0.1366
vn 0.0653 0.9880 -0.1399
vn 0.0708 0.9843 -0.1618
vn 0.0778 0.9838 -0.1614
vn 0.1048 0.9825 -0.1539
vn 0.0880 0.9832 -0.1599
vn 0.1259 0.9788 -0.1613
vn 0.0738 0.9879 -0.1368
vn -0.0359 0.9985 -0.0423
vn -0.5012 0.8616 0.0803
vn -0.8111 0.5544 0.1861
vn 0.0005 0.9977 -0.0681
vn 0.1303 0.9908 -0.0361
vn 0.1293 0.9916 -0.0009
vn 0.0969 0.9208 -0.3778
vn 0.0871 0.9958 -0.0274
vn 0.8761 0.4819 -0.0150
vn 0.9643 0.1960 0.1779
vn 0.8574 0.4918 0.1520
vn 0.0206 0.5114 0.8591
vn -0.2063 0.2061 0.9565
vn -0.1286 0.5386 0.8327
vn -0.8490 0.5279 -0.0223
vn -0.9654 0.2031 0.1634
vn -0.9845 0.1756 -0.0030
vn -0.8483 0.5296 -0.0031
vn -0.2513 0.9679 -0.0019
vn -0.2510 0.9673 -0.0360
vn -0.8302 0.5417 0.1313
vn -0.2099 0.9775 0.0232
vn 0.0094 0.5137 0.8579
vn 0.0057 0.5148 0.8573
vn -0.0009 0.5117 0.8592
vn 0.1654 0.4728 0.8655
vn 0.1276 0.9416 0.3116
vn 0.3840 0.9228 -0.0330
vn 0.3365 0.9411 0.0333
vn -0.8132 0.5820 -0.0030
vn -0.4973 0.8676 -0.0025
vn -0.0280 0.9996 -0.0013
vn 0.0493 0.9988 -0.0011
vn 0.0537 0.9986 -0.0011
vn 0.3837 0.9235 -0.0000
vn 0.8761 0.4821 0.0019
vn 0.1355 0.9893 -0.0544
vn 0.1329 0.9894 -0.0584
vn -0.0631 0.9895 0.1303
vn 0.0697 0.9959 -0.0577
vn 0.0632 0.9962 -0.0595
vn 0.2225 0.9639 0.1462
vn 0.0776 0.9959 -0.0455
vn 0.0590 0.9424 0.3291
vn 0.0078 0.9607 0.2776
vn 0.0822 0.9955 -0.0473
vn 0.0632 0.9967 -0.0501
vn 0.0461 0.9448 0.3244
vn 0.0529 0.9970 -0.0566
vn 0.0366 0.9464 0.3210
vn -0.7049 0.2460 0.6653
vn -0.5547 0.6184 0.5566
vn 0.6122 0.5415 0.5763
vn 0.6664 0.2413 0.7055
vn 0.1406 0.2014 0.9693
vn 0.0023 0.4908 0.8712
vn -0.1892 0.1891 0.9636
vn -0.1149 0.5155 0.8491
vn -0.9650 0.1871 0.1839
vn -0.8435 0.5135 0.1579
vn -0.8401 0.5202 0.1539
vn 0.1993 0.4745 -0.8574
vn 0.2077 0.1834 -0.9609
vn 0.6435 0.2203 -0.7331
vn 0.5595 0.5318 -0.6357
vn 0.9763 0.2158 0.0133
vn 0.8681 0.4959 -0.0226
vn 0.8613 0.4759 -0.1781
vn 0.9638 0.1895 -0.1875
vn 0.9229 0.2053 -0.3258
vn 0.8606 0.4772 -0.1779
vn 0.8249 0.4767 -0.3037
vn -0.9816 0.1911 -0.0002
vn -0.8382 0.5439 -0.0387
vn 0.1347 0.9908 -0.0152
vn 0.2309 0.9716 -0.0513
vn 0.0793 0.4605 -0.8841
vn 0.0712 0.4710 -0.8793
vn 0.0391 0.9633 -0.2655
vn -0.0819 0.5025 -0.8607
vn 0.0733 0.4687 -0.8803
vn 0.1346 0.9297 -0.3427
vn 0.2317 0.9450 -0.2310
vn 0.3852 0.9175 -0.0996
vn 0.3514 0.9241 -0.1500
vn -0.0032 0.4858 0.8741
vn -0.0076 0.4883 0.8726
vn 0.1111 0.9475 0.2998
vn 0.1249 0.5000 0.8570
vn -0.1687 0.9844 -0.0500
vn -0.2743 0.9605 0.0471
vn 0.3506 0.9363 -0.0214
vn 0.3841 0.9172 -0.1058
vn -0.2742 0.9608 0.0405
vn 0.0811 0.8551 -0.5120
vn 0.0768 0.9960 -0.0452
vn 0.0979 0.9946 -0.0342
vn 0.0986 0.8598 -0.5010
vn 0.0623 0.9968 -0.0506
vn 0.0551 0.9981 -0.0265
vn 0.0536 0.9970 -0.0552
vn 0.0521 0.9979 -0.0382
vn 0.0550 0.9981 -0.0271
vn 0.0546 0.9981 -0.0272
vn 0.1106 0.9938 0.0139
vn 0.1177 0.9930 0.0027
vn -0.0323 0.9898 -0.1391
vn 0.1564 0.1921 0.9688
vn 0.6255 0.5686 0.5342
vn 0.7267 0.2636 0.6344
vn 0.2648 0.9495 0.1685
vn 0.0483 0.9978 -0.0453
vn -0.1423 0.1736 -0.9745
vn -0.5095 0.6811 -0.5259
vn -0.7409 0.2178 -0.6353
vn -0.6269 0.2287 0.7448
vn -0.4864 0.5725 0.6601
vn -0.1113 0.9694 0.2187
vn 0.0799 0.9965 -0.0224
vn -0.7919 0.5332 0.2977
vn -0.9174 0.2172 0.3335
vn -0.2261 0.9698 0.0912
vn 0.0987 0.9944 -0.0378
vn 0.2167 0.9751 -0.0466
vn 0.2175 0.9761 -0.0006
vn 0.5773 0.8165 0.0007
vn 0.5688 0.8210 -0.0482
vn 0.2148 0.9537 -0.2107
vn 0.5552 0.8123 -0.1785
vn 0.5214 0.7390 -0.4266
vn 0.2123 0.8533 -0.4762
vn 0.2332 0.8530 -0.4669
vn 0.2393 0.9550 -0.1755
vn 0.2330 0.9720 -0.0292
vn 0.2451 0.9679 -0.0563
vn 0.2473 0.9663 -0.0716
vn 0.2250 0.8247 -0.5189
vn 0.4559 0.7553 -0.4709
vn 0.5756 0.8019 -0.1602
vn 0.6005 0.5767 -0.5539
vn 0.8472 0.5313 0.0018
vn 0.8370 0.5455 -0.0441
vn 0.5725 0.8096 -0.1298
vn 0.5687 0.8193 -0.0733
vn 0.8173 0.5672 -0.1017
vn 0.8136 0.5541 -0.1762
vn 0.8238 0.5135 -0.2401
vn 0.8023 0.5618 -0.2018
vn 0.5379 0.7297 -0.4221
vn 0.5897 0.7932 -0.1519
vn 0.1495 0.4798 -0.8646
vn 0.1410 0.4921 -0.8590
vn 0.1201 0.5077 -0.8531
vn 0.0986 0.5152 -0.8514
vn 0.0787 0.5160 -0.8530
vn 0.0669 0.5101 -0.8575
vn 0.0597 0.5044 -0.8614
vn 0.0688 0.8535 -0.5165
vn 0.0545 0.5006 -0.8640
vn 0.0508 0.5289 -0.8471
vn -0.2417 0.6478 -0.7224
vn -0.1686 0.8558 -0.4891
vn -0.7471 0.5974 -0.2913
vn -0.9109 0.3961 -0.1155
vn -0.8299 0.5515 0.0838
vn -0.5267 0.8431 -0.1088
vn -0.4309 0.8988 0.0801
vn -0.0282 0.1804 0.9832
vn 0.9864 0.1643 0.0026
vn 0.1252 0.9219 0.3666
vn 0.1056 0.9267 0.3606
vn 0.1096 0.9285 0.3547
vn 0.1349 0.9221 0.3628
vn 0.1664 0.9852 0.0411
vn 0.1408 0.9894 0.0360
vn 0.1991 0.9789 0.0459
vn 0.0604 0.9292 0.3645
vn 0.0605 0.9263 0.3719
vn -0.0101 0.9074 0.4201
vn -0.0268 0.9157 0.4010
vn -0.0318 0.9828 0.1820
vn 0.0556 0.9853 0.1616
vn 0.0496 0.9982 0.0328
vn -0.0273 0.9992 0.0298
vn 0.0600 0.9966 0.0572
vn 0.0545 0.9979 0.0343
vn 0.0841 0.9949 0.0549
vn 0.0701 0.9498 -0.3049
vn 0.0592 0.9503 -0.3055
vn 0.0727 0.9958 0.0549
vn 0.1008 0.9458 -0.3086
vn 0.0835 0.9455 -0.3147
vn 0.0999 0.9941 0.0412
vn 0.1196 0.9914 0.0529
vn 0.0382 0.9653 -0.2583
vn 0.1294 0.9896 0.0630
vn 0.1762 0.9665 0.1866
vn 0.1465 0.9745 0.1699
vn 0.2023 0.9572 0.2068
vn 0.1885 0.8858 0.4241
vn 0.1725 0.8850 0.4324
vn 0.1528 0.9052 0.3966
vn 0.1695 0.9055 0.3889
vn 0.1977 0.8641 0.4628
vn 0.2157 0.8639 0.4552
vn -0.8124 0.5831 -0.0074
vn -0.7583 0.6130 0.2220
vn -0.4984 0.8303 0.2493
vn -0.4966 0.8679 0.0115
vn -0.6048 0.5267 0.5973
vn -0.6213 0.4666 0.6295
vn -0.3778 0.7170 0.5858
vn -0.3561 0.7305 0.5828
vn -0.8238 0.5590 -0.0940
vn -0.5293 0.8472 -0.0455
vn -0.4897 0.8496 0.1958
vn -0.7831 0.5947 0.1818
vn -0.0487 0.9880 0.1468
vn -0.0531 0.9984 0.0204
vn 0.0527 0.9980 0.0346
vn 0.0554 0.9885 0.1406
vn 0.1311 0.9909 0.0305
vn 0.1311 0.9912 0.0208
vn 0.1145 0.9932 0.0215
vn 0.1107 0.9934 0.0305
vn 0.2020 0.9661 0.1609
vn 0.2002 0.9795 0.0225
vn 0.2228 0.9745 0.0248
vn 0.2263 0.9590 0.1705
vn 0.2150 0.8214 0.5283
vn 0.2399 0.9686 0.0658
vn 0.2169 0.9750 0.0471
vn 0.1957 0.8363 0.5122
vn 0.1715 0.9745 0.1445
vn 0.1697 0.9853 0.0210
vn 0.2052 0.9779 0.0394
vn 0.1706 0.9848 0.0322
vn 0.1745 0.9839 0.0382
vn 0.1594 0.8496 0.5028
vn 0.1355 0.9815 0.1354
vn 0.1328 0.9905 0.0346
vn 0.1240 0.8570 0.5001
vn 0.0887 0.9321 0.3511
vn 0.0874 0.9294 0.3585
vn 0.0765 0.9320 0.3542
vn 0.0786 0.9290 0.3617
vn 0.0703 0.9271 0.3682
vn 0.0683 0.9304 0.3602
vn 0.0739 0.9236 0.3763
vn 0.0684 0.9974 0.0219
vn 0.0591 0.9980 0.0237
vn 0.0712 0.9245 0.3746
vn 0.0538 0.9980 0.0341
vn 0.0527 0.9973 0.0505
vn 0.0519 0.9974 0.0507
vn 0.0524 0.8519 0.5211
vn 0.0506 0.9972 0.0552
vn 0.0451 0.9972 0.0593
vn 0.0459 0.8606 0.5071
vn 0.0869 0.9871 0.1348
vn 0.1103 0.9831 0.1461
vn 0.0634 0.9884 0.1378
vn 0.0685 0.9848 0.1598
vn 0.0756 0.9843 0.1594
vn 0.1027 0.9830 0.1522
vn 0.0858 0.9837 0.1581
vn 0.1238 0.9793 0.1599
vn 0.0718 0.9883 0.1348
vn -0.5004 0.8616 -0.0855
vn -0.0365 0.9985 0.0396
vn -0.8096 0.5547 -0.1922
vn -0.0005 0.9978 0.0656
vn 0.1298 0.9909 0.0344
vn 0.0915 0.9219 0.3764
vn 0.0867 0.9959 0.0255
vn 0.8760 0.4820 0.0188
vn 0.8585 0.4910 -0.1481
vn 0.9655 0.1952 -0.1724
vn 0.0328 0.5090 -0.8601
vn -0.1169 0.5369 -0.8355
vn -0.1931 0.2041 -0.9597
vn -0.8492 0.5279 0.0162
vn -0.9644 0.2029 -0.1697
vn -0.2515 0.9673 0.0322
vn -0.8292 0.5418 -0.1376
vn -0.2093 0.9775 -0.0270
vn 0.0217 0.5115 -0.8590
vn 0.0179 0.5126 -0.8584
vn 0.0113 0.5095 -0.8604
vn 0.1775 0.4701 -0.8646
vn 0.1319 0.9405 -0.3131
vn 0.3836 0.9229 0.0329
vn 0.3371 0.9409 -0.0335
vn -0.0608 0.9893 -0.1327
vn 0.1321 0.9896 0.0567
vn 0.1347 0.9895 0.0528
vn 0.2247 0.9632 -0.1478
vn 0.0623 0.9964 0.0574
vn 0.0689 0.9961 0.0557
vn 0.0769 0.9961 0.0434
vn 0.0816 0.9956 0.0452
vn 0.0116 0.9600 -0.2798
vn 0.0637 0.9414 -0.3311
vn 0.0507 0.9439 -0.3263
vn 0.0625 0.9969 0.0480
vn 0.0412 0.9455 -0.3231
vn 0.0521 0.9972 0.0544
vn -0.5482 0.6187 -0.5628
vn -0.6981 0.2453 -0.6727
vn 0.6185 0.5383 -0.5724
vn 0.6738 0.2386 -0.6993
vn 0.1542 0.1988 -0.9678
vn 0.0147 0.4885 -0.8724
vn -0.1028 0.5137 -0.8518
vn -0.1758 0.1869 -0.9665
vn -0.9638 0.1869 -0.1901
vn -0.8389 0.5202 -0.1602
vn -0.8422 0.5135 -0.1642
vn 0.1874 0.4772 0.8586
vn 0.5522 0.5351 0.6394
vn 0.6356 0.2230 0.7391
vn 0.1944 0.1860 0.9631
vn 0.9764 0.2158 -0.0081
vn 0.9626 0.1903 0.1928
vn 0.8599 0.4769 0.1821
vn 0.8679 0.4961 0.0264
vn 0.9205 0.2067 0.3315
vn 0.8223 0.4785 0.3080
vn 0.8592 0.4782 0.1818
vn -0.8385 0.5440 0.0324
vn -0.9816 0.1911 -0.0060
vn 0.1345 0.9908 0.0136
vn 0.2301 0.9719 0.0503
vn 0.0587 0.4734 0.8789
vn 0.0667 0.4629 0.8839
vn -0.0939 0.5043 0.8584
vn 0.0356 0.9640 0.2636
vn 0.0607 0.4711 0.8800
vn 0.1300 0.9309 0.3413
vn 0.2283 0.9461 0.2298
vn 0.3493 0.9249 0.1499
vn 0.3841 0.9179 0.0997
vn 0.0093 0.4836 -0.8752
vn 0.0049 0.4861 -0.8739
vn 0.1369 0.4976 -0.8565
vn 0.1151 0.9465 -0.3015
vn -0.2738 0.9604 -0.0511
vn -0.1695 0.9845 0.0463
vn 0.3504 0.9363 0.0215
vn 0.3829 0.9177 0.1059
vn -0.2737 0.9608 -0.0445
vn 0.0739 0.8567 0.5105
vn 0.0916 0.8613 0.4997
vn 0.0975 0.9947 0.0322
vn 0.0761 0.9962 0.0431
vn 0.0615 0.9969 0.0485
vn 0.0548 0.9982 0.0243
vn 0.0528 0.9972 0.0531
vn 0.0515 0.9980 0.0359
vn 0.0546 0.9982 0.0250
vn 0.0542 0.9982 0.0250
vn -0.0347 0.9900 0.1368
vn 0.1178 0.9930 -0.0045
vn 0.1108 0.9937 -0.0159
vn 0.1699 0.1894 -0.9671
vn 0.7330 0.2610 -0.6282
vn 0.6316 0.5653 -0.5306
vn 0.2674 0.9486 -0.1695
vn 0.0476 0.9979 0.0431
vn -0.1558 0.1758 0.9720
vn -0.7470 0.2185 0.6279
vn -0.5160 0.6807 0.5200
vn -0.4782 0.5724 -0.6661
vn -0.6188 0.2277 -0.7518
vn -0.1081 0.9692 -0.2215
vn 0.0796 0.9966 0.0205
vn -0.9150 0.2170 -0.3403
vn -0.7893 0.5334 -0.3042
vn -0.2247 0.9698 -0.0950
vn 0.0982 0.9945 0.0359
vn 0.2161 0.9753 0.0454
vn 0.5684 0.8213 0.0494
vn 0.2120 0.9545 0.2096
vn 0.5532 0.8133 0.1802
vn 0.5165 0.7413 0.4286
vn 0.2058 0.8552 0.4757
vn 0.2266 0.8549 0.4666
vn 0.2367 0.9558 0.1745
vn 0.2327 0.9721 0.0281
vn 0.2442 0.9681 0.0553
vn 0.2177 0.8267 0.5189
vn 0.2463 0.9666 0.0706
vn 0.4503 0.7571 0.4733
vn 0.5945 0.5798 0.5572
vn 0.5740 0.8027 0.1617
vn 0.8366 0.5457 0.0476
vn 0.5712 0.8102 0.1312
vn 0.8121 0.5551 0.1798
vn 0.8164 0.5678 0.1052
vn 0.5681 0.8196 0.0745
vn 0.8218 0.5148 0.2442
vn 0.5328 0.7323 0.4240
vn 0.8006 0.5631 0.2049
vn 0.5878 0.7944 0.1531
vn 0.1373 0.4823 0.8652
vn 0.1289 0.4948 0.8594
vn 0.1080 0.5104 0.8531
vn 0.0865 0.5176 0.8512
vn 0.0666 0.5183 0.8526
vn 0.0547 0.5127 0.8568
vn 0.0475 0.5064 0.8610
vn 0.0615 0.8549 0.5151
vn 0.0422 0.5032 0.8631
vn 0.0388 0.5312 0.8463
vn -0.2505 0.6486 0.7187
vn -0.1751 0.8568 0.4850
vn -0.7500 0.5971 0.2847
vn -0.5276 0.8432 0.1034
vn -0.8290 0.5519 -0.0904
vn -0.9117 0.3961 0.1092
vn -0.4302 0.8987 -0.0848
vn -0.0142 0.1780 -0.9839
vn 0.0470 0.0072 -0.9989
vn 0.0469 0.0063 -0.9989
vn 0.0463 -0.0005 -0.9989
vn 0.0461 -0.0013 -0.9989
vn 0.0469 0.0072 -0.9989
vn 0.0467 0.0060 -0.9989
vn 0.0460 -0.0015 -0.9989
vn 0.0461 -0.0012 -0.9989
vn 0.0469 0.0059 -0.9989
vn 0.0462 -0.0012 -0.9989
vn 0.0463 -0.0007 -0.9989
vn 0.0326 0.0087 0.9994
vn 0.0327 0.0098 0.9994
vn 0.0320 0.0019 0.9995
vn 0.0320 0.0020 0.9995
vn 0.0328 0.0112 0.9994
vn 0.0329 0.0112 0.9994
vn 0.0326 0.0086 0.9994
vn 0.0320 0.0021 0.9995
vn 0.0320 0.0012 0.9995
vn 0.0326 0.0085 0.9994
vn 0.0327 0.0096 0.9994
vn 0.0319 0.0010 0.9995
vn 0.0319 0.0017 0.9995
vn 0.0413 0.0115 -0.9991
vn 0.0412 0.0106 -0.9991
vn 0.0409 0.0058 -0.9991
vn -0.0484 -0.0130 0.9987
vn -0.0485 -0.0140 0.9987
vn -0.0479 -0.0066 0.9988
vn -0.0479 -0.0070 0.9988
vn -0.0484 -0.0125 0.9988
vn -0.0485 -0.0141 0.9987
vn -0.0480 -0.0073 0.9988
vn -0.0480 -0.0067 0.9988
vn -0.0484 -0.0139 0.9987
vn -0.0479 -0.0068 0.9988
vn -0.0479 -0.0069 0.9988
vn -0.0483 -0.0127 0.9988
vn 0.0413 0.0114 -0.9991
vn 0.0412 0.0102 -0.9991
vn 0.0409 0.0057 -0.9991
vn 0.0410 0.0063 -0.9991
vn 0.0413 0.0113 -0.9991
vn 0.0412 0.0104 -0.9991
vn -0.0342 -0.0166 -0.9993
vn -0.0342 -0.0156 -0.9993
vn -0.0337 -0.0101 -0.9994
vn -0.0336 -0.0095 -0.9994
vn 0.0270 0.0131 0.9995
vn 0.0271 0.0142 0.9995
vn 0.0267 0.0079 0.9996
vn 0.0267 0.0084 0.9996
vn -0.0342 -0.0164 -0.9993
vn -0.0342 -0.0152 -0.9993
vn -0.0338 -0.0097 -0.9994
vn -0.0337 -0.0095 -0.9994
vn -0.0342 -0.0165 -0.9993
vn -0.0341 -0.0150 -0.9993
vn -0.0337 -0.0096 -0.9994
vn -0.0337 -0.0097 -0.9994
vn 0.0269 0.0125 0.9996
vn 0.0271 0.0149 0.9995
vn 0.0270 0.0137 0.9995
vn 0.0269 0.0128 0.9996
vn 0.0270 0.0138 0.9995
vn 0.0266 0.0081 0.9996
vn 0.0790 0.9969 -0.0011
vn 0.0933 0.9956 -0.0010
vn 0.0930 0.9950 -0.0358
vn 0.0865 0.9955 -0.0395
vn 0.1033 0.9939 -0.0384
vn 0.0797 0.9948 -0.0635
vn 0.0676 0.9966 -0.0468
vn 0.0679 0.9961 -0.0567
vn 0.0673 0.9974 -0.0262
vn 0.0652 0.9979 0.0028
vn 0.1166 0.9925 -0.0379
vn 0.1392 0.9885 -0.0595
vn 0.1133 0.9928 -0.0377
vn 0.0727 0.9963 -0.0462
vn 0.0784 0.9961 -0.0410
vn 0.0758 0.9968 -0.0247
vn 0.0729 0.9971 -0.0238
vn 0.1083 0.9941 -0.0008
vn 0.0782 0.9963 -0.0367
vn 0.0783 0.9964 -0.0327
vn 0.0708 0.9970 -0.0311
vn 0.0683 0.9961 -0.0561
vn 0.0788 0.9959 -0.0439
vn 0.0795 0.9947 -0.0652
vn 0.0859 0.9956 0.0375
vn 0.0925 0.9951 0.0339
vn 0.1028 0.9940 0.0366
vn 0.0788 0.9950 0.0615
vn 0.0669 0.9968 0.0448
vn 0.0652 0.9979 -0.0047
vn 0.0669 0.9975 0.0241
vn 0.0671 0.9962 0.0547
vn 0.1161 0.9926 0.0362
vn 0.1128 0.9930 0.0360
vn 0.1383 0.9887 0.0579
vn 0.0721 0.9964 0.0442
vn 0.0725 0.9971 0.0218
vn 0.0755 0.9969 0.0226
vn 0.0778 0.9962 0.0390
vn 0.0778 0.9965 0.0307
vn 0.0777 0.9964 0.0347
vn 0.0703 0.9971 0.0290
vn 0.0675 0.9963 0.0540
vn 0.0786 0.9949 0.0634
vn 0.0782 0.9961 0.0420
vn 0.0471 0.0087 -0.9989
vn 0.0414 0.0125 -0.9991
vn 0.0414 0.0124 -0.9991
vn 0.0413 0.0124 -0.9991
vn -0.0486 -0.0153 0.9987
vn 0.0266 0.0083 0.9996
vn 0.0266 0.0078 0.9996
vn -0.0343 -0.0178 -0.9993
# 867 vertex normals

vt 0.5506 0.6316 0.0000
vt 0.5482 0.6081 0.0000
vt 0.5815 0.6077 0.0000
vt 0.5839 0.6310 0.0000
vt 0.5038 0.6088 0.0000
vt 0.5063 0.6323 0.0000
vt 0.5868 0.6588 0.0000
vt 0.5536 0.6595 0.0000
vt 0.5518 0.6431 0.0000
vt 0.5851 0.6429 0.0000
vt 0.5092 0.6605 0.0000
vt 0.5075 0.6439 0.0000
vt 0.5840 0.6317 0.0000
vt 0.5507 0.6321 0.0000
vt 0.5063 0.6329 0.0000
vt 0.4908 0.4849 0.0000
vt 0.5351 0.4839 0.0000
vt 0.5378 0.5092 0.0000
vt 0.4935 0.5101 0.0000
vt 0.5684 0.4832 0.0000
vt 0.5711 0.5086 0.0000
vt 0.5729 0.5258 0.0000
vt 0.5396 0.5263 0.0000
vt 0.5381 0.5124 0.0000
vt 0.5714 0.5119 0.0000
vt 0.4952 0.5272 0.0000
vt 0.4938 0.5133 0.0000
vt 0.5711 0.5092 0.0000
vt 0.5379 0.5098 0.0000
vt 0.4935 0.5107 0.0000
vt 0.5422 0.5509 0.0000
vt 0.5754 0.5503 0.0000
vt 0.5755 0.5509 0.0000
vt 0.5422 0.5515 0.0000
vt 0.4979 0.5524 0.0000
vt 0.4978 0.5518 0.0000
vt 0.5464 0.5917 0.0000
vt 0.5439 0.5677 0.0000
vt 0.5772 0.5672 0.0000
vt 0.5797 0.5910 0.0000
vt 0.4996 0.5685 0.0000
vt 0.5021 0.5925 0.0000
vt 0.5468 0.5947 0.0000
vt 0.5800 0.5942 0.0000
vt 0.5024 0.5956 0.0000
vt 0.5798 0.5916 0.0000
vt 0.5465 0.5922 0.0000
vt 0.5021 0.5931 0.0000
vt 0.4981 0.5549 0.0000
vt 0.5425 0.5540 0.0000
vt 0.5758 0.5535 0.0000
vt 0.5714 0.5113 0.0000
vt 0.5381 0.5118 0.0000
vt 0.4937 0.5127 0.0000
vt 0.5757 0.5530 0.0000
vt 0.5424 0.5535 0.0000
vt 0.4981 0.5544 0.0000
vt 0.5800 0.5936 0.0000
vt 0.5467 0.5942 0.0000
vt 0.5024 0.5950 0.0000
vt 0.5842 0.6337 0.0000
vt 0.5509 0.6340 0.0000
vt 0.5065 0.6348 0.0000
vt 0.4619 0.6335 0.0000
vt 0.4620 0.6341 0.0000
vt 0.4292 0.6351 0.0000
vt 0.4291 0.6345 0.0000
vt 0.4163 0.5120 0.0000
vt 0.4491 0.5112 0.0000
vt 0.4492 0.5117 0.0000
vt 0.4164 0.5126 0.0000
vt 0.4535 0.5529 0.0000
vt 0.4536 0.5535 0.0000
vt 0.4207 0.5543 0.0000
vt 0.4207 0.5537 0.0000
vt 0.4578 0.5936 0.0000
vt 0.4578 0.5942 0.0000
vt 0.4250 0.5950 0.0000
vt 0.4250 0.5945 0.0000
vt 0.4495 0.5144 0.0000
vt 0.4509 0.5283 0.0000
vt 0.4167 0.5153 0.0000
vt 0.4181 0.5292 0.0000
vt 0.4465 0.4859 0.0000
vt 0.4137 0.4866 0.0000
vt 0.4581 0.5967 0.0000
vt 0.4595 0.6100 0.0000
vt 0.4253 0.5976 0.0000
vt 0.4267 0.6111 0.0000
vt 0.4552 0.5696 0.0000
vt 0.4225 0.5706 0.0000
vt 0.4631 0.6451 0.0000
vt 0.4649 0.6615 0.0000
vt 0.4295 0.6377 0.0000
vt 0.4312 0.6536 0.0000
vt 0.4538 0.5560 0.0000
vt 0.4210 0.5569 0.0000
vt 0.4166 0.5147 0.0000
vt 0.4494 0.5138 0.0000
vt 0.4538 0.5554 0.0000
vt 0.4210 0.5564 0.0000
vt 0.4580 0.5961 0.0000
vt 0.4252 0.5971 0.0000
vt 0.4622 0.6360 0.0000
vt 0.4294 0.6372 0.0000
vt 0.6878 0.5628 0.0000
vt 0.7093 0.5654 0.0000
vt 0.7098 0.5755 0.0000
vt 0.6883 0.5731 0.0000
vt 0.7314 0.5677 0.0000
vt 0.7319 0.5778 0.0000
vt 0.7091 0.5613 0.0000
vt 0.6875 0.5586 0.0000
vt 0.6860 0.5308 0.0000
vt 0.7076 0.5342 0.0000
vt 0.7312 0.5638 0.0000
vt 0.7297 0.5371 0.0000
vt 0.7138 0.6484 0.0000
vt 0.7358 0.6502 0.0000
vt 0.7364 0.6605 0.0000
vt 0.7143 0.6584 0.0000
vt 0.6923 0.6463 0.0000
vt 0.6928 0.6566 0.0000
vt 0.7135 0.6442 0.0000
vt 0.6920 0.6419 0.0000
vt 0.6905 0.6146 0.0000
vt 0.7121 0.6169 0.0000
vt 0.7356 0.6463 0.0000
vt 0.7342 0.6193 0.0000
vt 0.7136 0.6448 0.0000
vt 0.6921 0.6427 0.0000
vt 0.7357 0.6468 0.0000
vt 0.7115 0.6069 0.0000
vt 0.7336 0.6090 0.0000
vt 0.6900 0.6043 0.0000
vt 0.7113 0.6027 0.0000
vt 0.6898 0.6001 0.0000
vt 0.7334 0.6051 0.0000
vt 0.7113 0.6033 0.0000
vt 0.6898 0.6007 0.0000
vt 0.7334 0.6056 0.0000
vt 0.7312 0.5647 0.0000
vt 0.7091 0.5621 0.0000
vt 0.6876 0.5595 0.0000
vt 0.7313 0.5669 0.0000
vt 0.7093 0.5646 0.0000
vt 0.6877 0.5620 0.0000
vt 0.7336 0.6084 0.0000
vt 0.7115 0.6061 0.0000
vt 0.6900 0.6037 0.0000
vt 0.7358 0.6496 0.0000
vt 0.7137 0.6476 0.0000
vt 0.6922 0.6455 0.0000
vt 0.2856 0.6414 0.0000
vt 0.2856 0.6409 0.0000
vt 0.3042 0.6383 0.0000
vt 0.3042 0.6388 0.0000
vt 0.2665 0.6437 0.0000
vt 0.2665 0.6432 0.0000
vt 0.2854 0.6037 0.0000
vt 0.2854 0.6032 0.0000
vt 0.3040 0.6004 0.0000
vt 0.3040 0.6009 0.0000
vt 0.2663 0.6063 0.0000
vt 0.2663 0.6058 0.0000
vt 0.2658 0.5690 0.0000
vt 0.2658 0.5683 0.0000
vt 0.2849 0.5657 0.0000
vt 0.2849 0.5663 0.0000
vt 0.3035 0.5626 0.0000
vt 0.3035 0.5634 0.0000
vt 0.2848 0.5693 0.0000
vt 0.2846 0.5784 0.0000
vt 0.2655 0.5811 0.0000
vt 0.2657 0.5718 0.0000
vt 0.3032 0.5759 0.0000
vt 0.3034 0.5665 0.0000
vt 0.2856 0.5409 0.0000
vt 0.3042 0.5376 0.0000
vt 0.2665 0.5442 0.0000
vt 0.2851 0.6159 0.0000
vt 0.2660 0.6187 0.0000
vt 0.2662 0.6093 0.0000
vt 0.2853 0.6068 0.0000
vt 0.3037 0.6135 0.0000
vt 0.3039 0.6042 0.0000
vt 0.2861 0.5785 0.0000
vt 0.3047 0.5759 0.0000
vt 0.2670 0.5811 0.0000
vt 0.2853 0.6535 0.0000
vt 0.2662 0.6561 0.0000
vt 0.2664 0.6467 0.0000
vt 0.2855 0.6444 0.0000
vt 0.3039 0.6517 0.0000
vt 0.3041 0.6421 0.0000
vt 0.2863 0.6159 0.0000
vt 0.3049 0.6136 0.0000
vt 0.2672 0.6187 0.0000
vt 0.2657 0.5711 0.0000
vt 0.2848 0.5686 0.0000
vt 0.3035 0.5658 0.0000
vt 0.2662 0.6086 0.0000
vt 0.2853 0.6063 0.0000
vt 0.3039 0.6034 0.0000
vt 0.2664 0.6462 0.0000
vt 0.2855 0.6439 0.0000
vt 0.3041 0.6416 0.0000
vt 0.6095 0.4960 0.0000
vt 0.6353 0.4988 0.0000
vt 0.6367 0.5329 0.0000
vt 0.6115 0.5327 0.0000
vt 0.5499 0.4146 0.0000
vt 0.5506 0.4562 0.0000
vt 0.4991 0.4559 0.0000
vt 0.4996 0.4143 0.0000
vt 0.5000 0.3800 0.0000
vt 0.5497 0.3809 0.0000
vt 0.6437 0.6907 0.0000
vt 0.6452 0.7185 0.0000
vt 0.6204 0.7364 0.0000
vt 0.6185 0.6959 0.0000
vt 0.6174 0.7377 0.0000
vt 0.5544 0.7372 0.0000
vt 0.5543 0.6959 0.0000
vt 0.6155 0.6963 0.0000
vt 0.5541 0.6624 0.0000
vt 0.5979 0.6627 0.0000
vt 0.6014 0.5716 0.0000
vt 0.6027 0.6143 0.0000
vt 0.6003 0.6143 0.0000
vt 0.5990 0.5716 0.0000
vt 0.5957 0.4959 0.0000
vt 0.5987 0.4959 0.0000
vt 0.6001 0.5327 0.0000
vt 0.5977 0.5327 0.0000
vt 0.5947 0.4814 0.0000
vt 0.5977 0.4798 0.0000
vt 0.6033 0.4152 0.0000
vt 0.6052 0.4566 0.0000
vt 0.6019 0.3830 0.0000
vt 0.6314 0.4253 0.0000
vt 0.6333 0.4629 0.0000
vt 0.6082 0.4568 0.0000
vt 0.6063 0.4156 0.0000
vt 0.6043 0.3837 0.0000
vt 0.6294 0.3927 0.0000
vt 0.5543 0.7452 0.0000
vt 0.5544 0.7394 0.0000
vt 0.6174 0.7394 0.0000
vt 0.6173 0.7456 0.0000
vt 0.6203 0.7438 0.0000
vt 0.6204 0.7386 0.0000
vt 0.6452 0.7202 0.0000
vt 0.6451 0.7242 0.0000
vt 0.6919 0.7276 0.0000
vt 0.6475 0.7246 0.0000
vt 0.6476 0.7198 0.0000
vt 0.6919 0.7223 0.0000
vt 0.6476 0.7180 0.0000
vt 0.6468 0.6903 0.0000
vt 0.6905 0.6902 0.0000
vt 0.6920 0.7205 0.0000
vt 0.7282 0.4998 0.0000
vt 0.7296 0.5322 0.0000
vt 0.6841 0.5255 0.0000
vt 0.6833 0.4993 0.0000
vt 0.6344 0.4259 0.0000
vt 0.6324 0.3931 0.0000
vt 0.6773 0.3950 0.0000
vt 0.6793 0.4267 0.0000
vt 0.7708 0.4026 0.0000
vt 0.7717 0.4293 0.0000
vt 0.7705 0.4290 0.0000
vt 0.7696 0.4026 0.0000
vt 0.6363 0.4631 0.0000
vt 0.6819 0.4639 0.0000
vt 0.7255 0.4276 0.0000
vt 0.7269 0.4646 0.0000
vt 0.7712 0.4656 0.0000
vt 0.7724 0.4656 0.0000
vt 0.6383 0.4988 0.0000
vt 0.7732 0.5003 0.0000
vt 0.7720 0.5003 0.0000
vt 0.6386 0.5692 0.0000
vt 0.6128 0.5715 0.0000
vt 0.6399 0.6097 0.0000
vt 0.6419 0.6489 0.0000
vt 0.6166 0.6545 0.0000
vt 0.6147 0.6140 0.0000
vt 0.6621 0.6094 0.0000
vt 0.6641 0.6482 0.0000
vt 0.6611 0.6482 0.0000
vt 0.6597 0.6094 0.0000
vt 0.6902 0.6712 0.0000
vt 0.7351 0.6781 0.0000
vt 0.7355 0.6896 0.0000
vt 0.7762 0.6471 0.0000
vt 0.7775 0.6890 0.0000
vt 0.7757 0.6890 0.0000
vt 0.7750 0.6471 0.0000
vt 0.6397 0.5329 0.0000
vt 0.6410 0.5690 0.0000
vt 0.6449 0.6485 0.0000
vt 0.6136 0.6549 0.0000
vt 0.6117 0.6144 0.0000
vt 0.6085 0.5327 0.0000
vt 0.6098 0.5717 0.0000
vt 0.6071 0.4960 0.0000
vt 0.6429 0.6093 0.0000
vt 0.7375 0.7266 0.0000
vt 0.7369 0.7283 0.0000
vt 0.7368 0.7336 0.0000
vt 0.7769 0.7356 0.0000
vt 0.5510 0.4745 0.0000
vt 0.4988 0.4741 0.0000
vt 0.6608 0.5692 0.0000
vt 0.6584 0.5691 0.0000
vt 0.5542 0.6580 0.0000
vt 0.5890 0.6556 0.0000
vt 0.5932 0.6583 0.0000
vt 0.5927 0.4959 0.0000
vt 0.5881 0.4864 0.0000
vt 0.5923 0.4831 0.0000
vt 0.5510 0.4787 0.0000
vt 0.5821 0.4822 0.0000
vt 0.4987 0.4816 0.0000
vt 0.4988 0.4783 0.0000
vt 0.4988 0.4761 0.0000
vt 0.5510 0.4765 0.0000
vt 0.5863 0.4789 0.0000
vt 0.5882 0.4769 0.0000
vt 0.5941 0.5326 0.0000
vt 0.5960 0.5716 0.0000
vt 0.5973 0.6143 0.0000
vt 0.5986 0.6539 0.0000
vt 0.6010 0.6552 0.0000
vt 0.5542 0.6602 0.0000
vt 0.5949 0.6600 0.0000
vt 0.4956 0.7448 0.0000
vt 0.4956 0.7386 0.0000
vt 0.4957 0.7364 0.0000
vt 0.4962 0.6955 0.0000
vt 0.4966 0.6625 0.0000
vt 0.4966 0.6598 0.0000
vt 0.4966 0.6576 0.0000
vt 0.5906 0.4750 0.0000
vt 0.5960 0.4761 0.0000
vt 0.5929 0.4783 0.0000
vt 0.6034 0.6570 0.0000
vt 0.6021 0.6619 0.0000
vt 0.5998 0.6583 0.0000
vt 0.7592 0.5691 0.0000
vt 0.7568 0.5691 0.0000
vt 0.7559 0.5438 0.0000
vt 0.7583 0.5425 0.0000
vt 0.7605 0.6088 0.0000
vt 0.7581 0.6087 0.0000
vt 0.7612 0.6470 0.0000
vt 0.7588 0.6475 0.0000
vt 0.5863 0.4833 0.0000
vt 0.5905 0.4802 0.0000
vt 0.5974 0.6570 0.0000
vt 0.5926 0.6543 0.0000
vt 0.5944 0.6512 0.0000
vt 0.7544 0.5693 0.0000
vt 0.7511 0.5462 0.0000
vt 0.7535 0.5449 0.0000
vt 0.7074 0.5351 0.0000
vt 0.6847 0.5297 0.0000
vt 0.7296 0.5364 0.0000
vt 0.6669 0.6596 0.0000
vt 0.6693 0.6583 0.0000
vt 0.6711 0.6614 0.0000
vt 0.6687 0.6632 0.0000
vt 0.7489 0.6743 0.0000
vt 0.7513 0.6765 0.0000
vt 0.7351 0.6742 0.0000
vt 0.7124 0.6687 0.0000
vt 0.6753 0.6632 0.0000
vt 0.6896 0.6673 0.0000
vt 0.6728 0.6650 0.0000
vt 0.6703 0.5294 0.0000
vt 0.6691 0.5274 0.0000
vt 0.6656 0.5228 0.0000
vt 0.7241 0.3977 0.0000
vt 0.6638 0.5694 0.0000
vt 0.6651 0.6095 0.0000
vt 0.6595 0.5309 0.0000
vt 0.6619 0.5320 0.0000
vt 0.6664 0.6486 0.0000
vt 0.6645 0.6609 0.0000
vt 0.6663 0.6645 0.0000
vt 0.6896 0.6695 0.0000
vt 0.6710 0.6663 0.0000
vt 0.7551 0.6092 0.0000
vt 0.7564 0.6475 0.0000
vt 0.7591 0.6730 0.0000
vt 0.7567 0.6721 0.0000
vt 0.6679 0.5252 0.0000
vt 0.6847 0.5277 0.0000
vt 0.7525 0.6782 0.0000
vt 0.7351 0.6759 0.0000
vt 0.7296 0.5344 0.0000
vt 0.7748 0.5690 0.0000
vt 0.7736 0.5690 0.0000
vt 0.7728 0.5338 0.0000
vt 0.7740 0.5338 0.0000
vt 0.7743 0.6084 0.0000
vt 0.6621 0.6627 0.0000
vt 0.7548 0.6813 0.0000
vt 0.7621 0.6748 0.0000
vt 0.6638 0.6662 0.0000
vt 0.6686 0.6680 0.0000
vt 0.6565 0.5291 0.0000
vt 0.6596 0.5245 0.0000
vt 0.6619 0.5267 0.0000
vt 0.7549 0.6708 0.0000
vt 0.7555 0.6756 0.0000
vt 0.7531 0.6734 0.0000
vt 0.7573 0.6770 0.0000
vt 0.7608 0.6792 0.0000
vt 0.6643 0.5331 0.0000
vt 0.6637 0.5282 0.0000
vt 0.6661 0.5300 0.0000
vt 0.7493 0.5427 0.0000
vt 0.7517 0.5411 0.0000
vt 0.7535 0.5398 0.0000
vt 0.7559 0.5383 0.0000
vt 0.7469 0.5389 0.0000
vt 0.7451 0.5409 0.0000
vt 0.7494 0.5374 0.0000
vt 0.7512 0.5354 0.0000
vt 0.5494 0.3622 0.0000
vt 0.5002 0.3613 0.0000
vt 0.5002 0.3606 0.0000
vt 0.5494 0.3616 0.0000
vt 0.6009 0.3641 0.0000
vt 0.6009 0.3634 0.0000
vt 0.6033 0.3635 0.0000
vt 0.6033 0.3643 0.0000
vt 0.6279 0.3643 0.0000
vt 0.6303 0.3643 0.0000
vt 0.6765 0.3675 0.0000
vt 0.7232 0.3739 0.0000
vt 0.7692 0.3835 0.0000
vt 0.7704 0.3837 0.0000
vt 0.7704 0.3828 0.0000
vt 0.7692 0.3826 0.0000
vt 0.7716 0.3822 0.0000
vt 0.5002 0.3597 0.0000
vt 0.5494 0.3605 0.0000
vt 0.7232 0.3730 0.0000
vt 0.6765 0.3668 0.0000
vt 0.6765 0.3657 0.0000
vt 0.7232 0.3719 0.0000
vt 0.6022 0.3624 0.0000
vt 0.6291 0.3625 0.0000
vt 0.6279 0.3636 0.0000
vt 0.6303 0.3636 0.0000
vt 0.7720 0.4029 0.0000
vt 0.7729 0.4293 0.0000
vt 0.7736 0.4656 0.0000
vt 0.7744 0.5004 0.0000
vt 0.7752 0.5338 0.0000
vt 0.7760 0.5690 0.0000
vt 0.7767 0.6084 0.0000
vt 0.7755 0.6084 0.0000
vt 0.7774 0.6472 0.0000
vt 0.7787 0.6890 0.0000
vt 0.7793 0.7361 0.0000
vt 0.7781 0.7361 0.0000
vt 0.7775 0.7378 0.0000
vt 0.7745 0.7413 0.0000
vt 0.7721 0.7409 0.0000
vt 0.7763 0.7369 0.0000
vt 0.7751 0.7365 0.0000
vt 0.5913 0.5654 0.0000
vt 0.4966 0.6550 0.0000
vt 0.3876 0.4945 0.0000
vt 0.3848 0.5313 0.0000
vt 0.3596 0.5311 0.0000
vt 0.3618 0.4970 0.0000
vt 0.4492 0.4140 0.0000
vt 0.4475 0.4555 0.0000
vt 0.4502 0.3803 0.0000
vt 0.3487 0.6888 0.0000
vt 0.3744 0.6943 0.0000
vt 0.3715 0.7347 0.0000
vt 0.3472 0.7165 0.0000
vt 0.3739 0.7361 0.0000
vt 0.3768 0.6947 0.0000
vt 0.4380 0.6951 0.0000
vt 0.4369 0.7365 0.0000
vt 0.3952 0.6614 0.0000
vt 0.4390 0.6617 0.0000
vt 0.3939 0.5703 0.0000
vt 0.3963 0.5703 0.0000
vt 0.3940 0.6130 0.0000
vt 0.3916 0.6129 0.0000
vt 0.4014 0.4946 0.0000
vt 0.3986 0.5314 0.0000
vt 0.3962 0.5313 0.0000
vt 0.3984 0.4946 0.0000
vt 0.4028 0.4801 0.0000
vt 0.3998 0.4785 0.0000
vt 0.3958 0.4138 0.0000
vt 0.3929 0.4552 0.0000
vt 0.3980 0.3817 0.0000
vt 0.3675 0.4235 0.0000
vt 0.3928 0.4142 0.0000
vt 0.3899 0.4554 0.0000
vt 0.3647 0.4612 0.0000
vt 0.3956 0.3824 0.0000
vt 0.3703 0.3910 0.0000
vt 0.4368 0.7444 0.0000
vt 0.3738 0.7440 0.0000
vt 0.3739 0.7378 0.0000
vt 0.4369 0.7387 0.0000
vt 0.3708 0.7422 0.0000
vt 0.3465 0.7222 0.0000
vt 0.3465 0.7183 0.0000
vt 0.3709 0.7369 0.0000
vt 0.3000 0.7250 0.0000
vt 0.3000 0.7197 0.0000
vt 0.3442 0.7178 0.0000
vt 0.3441 0.7227 0.0000
vt 0.3442 0.7161 0.0000
vt 0.3001 0.7180 0.0000
vt 0.3019 0.6876 0.0000
vt 0.3463 0.6884 0.0000
vt 0.2692 0.4968 0.0000
vt 0.3138 0.4969 0.0000
vt 0.3123 0.5231 0.0000
vt 0.2673 0.5292 0.0000
vt 0.3645 0.4242 0.0000
vt 0.3198 0.4243 0.0000
vt 0.3223 0.3927 0.0000
vt 0.3673 0.3914 0.0000
vt 0.2290 0.3991 0.0000
vt 0.2299 0.3991 0.0000
vt 0.2286 0.4255 0.0000
vt 0.2274 0.4257 0.0000
vt 0.3617 0.4614 0.0000
vt 0.3164 0.4615 0.0000
vt 0.2736 0.4247 0.0000
vt 0.2714 0.4616 0.0000
vt 0.2270 0.4620 0.0000
vt 0.2258 0.4620 0.0000
vt 0.3588 0.4970 0.0000
vt 0.2254 0.4968 0.0000
vt 0.2242 0.4968 0.0000
vt 0.3574 0.5674 0.0000
vt 0.3825 0.5700 0.0000
vt 0.3545 0.6079 0.0000
vt 0.3796 0.6124 0.0000
vt 0.3767 0.6529 0.0000
vt 0.3516 0.6470 0.0000
vt 0.3323 0.6073 0.0000
vt 0.3347 0.6073 0.0000
vt 0.3324 0.6460 0.0000
vt 0.3300 0.6460 0.0000
vt 0.3031 0.6687 0.0000
vt 0.2570 0.6864 0.0000
vt 0.2577 0.6750 0.0000
vt 0.2173 0.6435 0.0000
vt 0.2185 0.6435 0.0000
vt 0.2168 0.6853 0.0000
vt 0.2153 0.6853 0.0000
vt 0.3544 0.5672 0.0000
vt 0.3566 0.5311 0.0000
vt 0.3486 0.6466 0.0000
vt 0.3797 0.6534 0.0000
vt 0.3826 0.6129 0.0000
vt 0.3878 0.5313 0.0000
vt 0.3855 0.5702 0.0000
vt 0.3906 0.4945 0.0000
vt 0.3515 0.6074 0.0000
vt 0.2547 0.7252 0.0000
vt 0.2544 0.7234 0.0000
vt 0.2549 0.7304 0.0000
vt 0.2147 0.7319 0.0000
vt 0.4467 0.4738 0.0000
vt 0.3346 0.5670 0.0000
vt 0.3370 0.5670 0.0000
vt 0.4390 0.6573 0.0000
vt 0.4001 0.6570 0.0000
vt 0.4043 0.6544 0.0000
vt 0.4044 0.4946 0.0000
vt 0.4052 0.4819 0.0000
vt 0.4093 0.4852 0.0000
vt 0.4466 0.4780 0.0000
vt 0.4154 0.4811 0.0000
vt 0.4466 0.4758 0.0000
vt 0.4112 0.4777 0.0000
vt 0.4095 0.4757 0.0000
vt 0.4022 0.5314 0.0000
vt 0.3999 0.5703 0.0000
vt 0.3970 0.6130 0.0000
vt 0.3947 0.6526 0.0000
vt 0.3923 0.6539 0.0000
vt 0.4390 0.6595 0.0000
vt 0.3982 0.6588 0.0000
vt 0.4046 0.4770 0.0000
vt 0.4017 0.4748 0.0000
vt 0.4071 0.4738 0.0000
vt 0.3935 0.6570 0.0000
vt 0.3910 0.6605 0.0000
vt 0.3899 0.6556 0.0000
vt 0.2362 0.5657 0.0000
vt 0.2378 0.5391 0.0000
vt 0.2401 0.5404 0.0000
vt 0.2389 0.5657 0.0000
vt 0.2367 0.6053 0.0000
vt 0.2343 0.6053 0.0000
vt 0.2347 0.6440 0.0000
vt 0.2323 0.6436 0.0000
vt 0.4070 0.4790 0.0000
vt 0.4112 0.4821 0.0000
vt 0.3965 0.6557 0.0000
vt 0.4007 0.6531 0.0000
vt 0.3989 0.6500 0.0000
vt 0.2416 0.5660 0.0000
vt 0.2428 0.5416 0.0000
vt 0.2452 0.5429 0.0000
vt 0.2894 0.5324 0.0000
vt 0.2669 0.5334 0.0000
vt 0.3120 0.5273 0.0000
vt 0.3266 0.6574 0.0000
vt 0.3247 0.6609 0.0000
vt 0.3224 0.6591 0.0000
vt 0.3242 0.6561 0.0000
vt 0.2440 0.6710 0.0000
vt 0.2809 0.6659 0.0000
vt 0.2581 0.6711 0.0000
vt 0.2421 0.6731 0.0000
vt 0.3182 0.6609 0.0000
vt 0.3205 0.6627 0.0000
vt 0.3034 0.6647 0.0000
vt 0.3276 0.5252 0.0000
vt 0.3264 0.5271 0.0000
vt 0.3309 0.5206 0.0000
vt 0.2758 0.3948 0.0000
vt 0.3296 0.6073 0.0000
vt 0.3322 0.5672 0.0000
vt 0.3344 0.5298 0.0000
vt 0.3368 0.5287 0.0000
vt 0.3273 0.6464 0.0000
vt 0.3287 0.6587 0.0000
vt 0.3268 0.6623 0.0000
vt 0.3223 0.6640 0.0000
vt 0.3034 0.6669 0.0000
vt 0.2394 0.6058 0.0000
vt 0.2374 0.6441 0.0000
vt 0.2362 0.6687 0.0000
vt 0.2338 0.6696 0.0000
vt 0.3123 0.5253 0.0000
vt 0.3288 0.5230 0.0000
vt 0.2403 0.6749 0.0000
vt 0.2580 0.6728 0.0000
vt 0.2669 0.5314 0.0000
vt 0.2210 0.5654 0.0000
vt 0.2226 0.5302 0.0000
vt 0.2238 0.5302 0.0000
vt 0.2222 0.5654 0.0000
vt 0.2205 0.6048 0.0000
vt 0.3310 0.6605 0.0000
vt 0.2379 0.6780 0.0000
vt 0.2308 0.6713 0.0000
vt 0.3292 0.6640 0.0000
vt 0.3247 0.6658 0.0000
vt 0.3345 0.5246 0.0000
vt 0.3369 0.5224 0.0000
vt 0.3399 0.5270 0.0000
vt 0.2383 0.6674 0.0000
vt 0.2401 0.6701 0.0000
vt 0.2377 0.6722 0.0000
vt 0.2358 0.6735 0.0000
vt 0.2322 0.6757 0.0000
vt 0.3320 0.5309 0.0000
vt 0.3306 0.5278 0.0000
vt 0.3327 0.5261 0.0000
vt 0.2447 0.5378 0.0000
vt 0.2471 0.5394 0.0000
vt 0.2426 0.5365 0.0000
vt 0.2402 0.5349 0.0000
vt 0.2513 0.5377 0.0000
vt 0.2492 0.5357 0.0000
vt 0.2474 0.5341 0.0000
vt 0.2450 0.5321 0.0000
vt 0.4510 0.3616 0.0000
vt 0.4510 0.3609 0.0000
vt 0.3994 0.3628 0.0000
vt 0.3994 0.3621 0.0000
vt 0.3970 0.3621 0.0000
vt 0.3970 0.3630 0.0000
vt 0.3724 0.3626 0.0000
vt 0.3700 0.3626 0.0000
vt 0.3241 0.3652 0.0000
vt 0.2770 0.3710 0.0000
vt 0.2298 0.3802 0.0000
vt 0.2307 0.3800 0.0000
vt 0.2298 0.3793 0.0000
vt 0.2286 0.3786 0.0000
vt 0.2307 0.3791 0.0000
vt 0.4510 0.3598 0.0000
vt 0.2770 0.3701 0.0000
vt 0.2773 0.3690 0.0000
vt 0.3245 0.3634 0.0000
vt 0.3241 0.3645 0.0000
vt 0.3983 0.3610 0.0000
vt 0.3725 0.3620 0.0000
vt 0.3713 0.3608 0.0000
vt 0.3701 0.3619 0.0000
vt 0.2278 0.3993 0.0000
vt 0.2262 0.4257 0.0000
vt 0.2246 0.4620 0.0000
vt 0.2230 0.4968 0.0000
vt 0.2214 0.5302 0.0000
vt 0.2198 0.5654 0.0000
vt 0.2181 0.6048 0.0000
vt 0.2193 0.6048 0.0000
vt 0.2161 0.6435 0.0000
vt 0.2141 0.6853 0.0000
vt 0.2120 0.7324 0.0000
vt 0.2132 0.7324 0.0000
vt 0.2138 0.7341 0.0000
vt 0.2150 0.7333 0.0000
vt 0.2192 0.7373 0.0000
vt 0.2168 0.7377 0.0000
vt 0.2162 0.7328 0.0000
vt 0.4042 0.5642 0.0000
vt 0.5833 0.5536 0.0000
vt 0.5771 0.5535 0.0000
vt 0.5820 0.5536 0.0000
vt 0.5876 0.5941 0.0000
vt 0.5818 0.5942 0.0000
vt 0.5863 0.5942 0.0000
vt 0.5927 0.6428 0.0000
vt 0.5856 0.6343 0.0000
vt 0.5905 0.6343 0.0000
vt 0.4135 0.5574 0.0000
vt 0.4148 0.5573 0.0000
vt 0.4193 0.5570 0.0000
vt 0.4092 0.5158 0.0000
vt 0.3691 0.5325 0.0000
vt 0.4178 0.5979 0.0000
vt 0.4191 0.5979 0.0000
vt 0.4235 0.5977 0.0000
vt 0.4220 0.6380 0.0000
vt 0.4233 0.6380 0.0000
vt 0.4277 0.6378 0.0000
vt 0.7359 0.5673 0.0000
vt 0.7322 0.5674 0.0000
vt 0.7347 0.5673 0.0000
vt 0.6833 0.5630 0.0000
vt 0.6841 0.5630 0.0000
vt 0.6869 0.5628 0.0000
vt 0.6878 0.6465 0.0000
vt 0.6883 0.6465 0.0000
vt 0.6917 0.6464 0.0000
vt 0.6855 0.6045 0.0000
vt 0.6861 0.6045 0.0000
vt 0.6892 0.6043 0.0000
vt 0.7403 0.6499 0.0000
vt 0.7364 0.6501 0.0000
vt 0.7395 0.6500 0.0000
vt 0.7381 0.6087 0.0000
vt 0.7342 0.6089 0.0000
vt 0.7373 0.6088 0.0000
vt 0.3100 0.5667 0.0000
vt 0.3061 0.5666 0.0000
vt 0.3069 0.5666 0.0000
vt 0.3093 0.5667 0.0000
vt 0.2684 0.5718 0.0000
vt 0.2645 0.5717 0.0000
vt 0.2653 0.5717 0.0000
vt 0.2677 0.5718 0.0000
vt 0.3090 0.6043 0.0000
vt 0.3051 0.6042 0.0000
vt 0.3059 0.6042 0.0000
vt 0.3085 0.6043 0.0000
vt 0.3080 0.6425 0.0000
vt 0.3046 0.6421 0.0000
vt 0.3073 0.6425 0.0000
vt 0.2403 0.6577 0.0000
vt 0.2625 0.6466 0.0000
vt 0.2674 0.6093 0.0000
vt 0.2635 0.6090 0.0000
vt 0.2643 0.6090 0.0000
vt 0.2669 0.6091 0.0000
vt 0.4977 0.5650 0.0000
vt 0.6223 0.5269 0.0000
vt 0.5785 0.5120 0.0000
vt 0.3739 0.5740 0.0000
vt 0.3782 0.6145 0.0000
vt 0.3824 0.6547 0.0000
vt 0.6356 0.6577 0.0000
vt 0.6305 0.6089 0.0000
vt 0.6262 0.5684 0.0000
vt 0.7619 0.5792 0.0000
vt 0.7641 0.6204 0.0000
vt 0.7663 0.6616 0.0000
vt 0.6629 0.6608 0.0000
vt 0.6606 0.6188 0.0000
vt 0.6584 0.5773 0.0000
vt 0.2633 0.6466 0.0000
vt 0.2659 0.6467 0.0000
vt 0.2413 0.6203 0.0000
vt 0.2682 0.5812 0.0000
vt 0.2423 0.5828 0.0000
vt 0.3319 0.5791 0.0000
vt 0.3059 0.5759 0.0000
vt 0.3309 0.6168 0.0000
vt 0.3299 0.6549 0.0000
# 814 texture coords

o Cofre
g Cofre
usemtl 5b395f45_dds
s 1
f 1/1/1 2/2/2 3/3/3 
f 1/1/1 3/3/3 4/4/4 
f 5/5/5 2/2/2 1/1/1 
f 5/5/5 1/1/1 6/6/6 
f 7/7/7 8/8/8 9/9/9 
f 7/7/7 9/9/9 10/10/10 
f 8/8/8 11/11/11 12/12/12 
f 8/8/8 12/12/12 9/9/9 
f 1/1/1 4/4/4 13/13/13 
f 1/1/1 13/13/13 14/14/14 
f 14/14/14 15/15/15 6/6/6 
f 14/14/14 6/6/6 1/1/1 
f 16/16/5 17/17/16 18/18/17 
f 16/16/5 18/18/17 19/19/18 
f 18/18/17 17/17/16 20/20/19 
f 18/18/17 20/20/19 21/21/20 
f 22/22/21 23/23/22 24/24/23 
f 22/22/21 24/24/23 25/25/24 
f 23/23/22 26/26/11 27/27/25 
f 23/23/22 27/27/25 24/24/23 
f 21/21/20 28/28/26 29/29/27 
f 21/21/20 29/29/27 18/18/17 
f 29/29/27 30/30/28 19/19/18 
f 29/29/27 19/19/18 18/18/17 
f 31/31/29 32/32/30 33/33/31 
f 31/31/29 33/33/31 34/34/32 
f 34/34/32 35/35/33 36/36/34 
f 34/34/32 36/36/34 31/31/29 
f 37/37/35 38/38/36 39/39/37 
f 37/37/35 39/39/37 40/40/38 
f 41/41/5 38/38/36 37/37/35 
f 41/41/5 37/37/35 42/42/39 
f 3/3/40 2/2/41 43/43/42 
f 3/3/40 43/43/42 44/44/43 
f 2/2/41 5/5/11 45/45/44 
f 2/2/41 45/45/44 43/43/42 
f 37/37/35 40/40/38 46/46/45 
f 37/37/35 46/46/45 47/47/46 
f 47/47/46 48/48/47 42/42/39 
f 47/47/46 42/42/39 37/37/35 
f 49/49/48 50/50/49 38/38/50 
f 49/49/48 38/38/50 41/41/11 
f 38/38/50 50/50/49 51/51/51 
f 38/38/50 51/51/51 39/39/52 
f 32/32/30 31/31/29 23/23/53 
f 32/32/30 23/23/53 22/22/54 
f 31/31/29 36/36/34 26/26/55 
f 31/31/29 26/26/55 23/23/53 
f 52/52/56 25/25/24 24/24/23 
f 52/52/56 24/24/23 53/53/57 
f 24/24/23 27/27/25 54/54/58 
f 24/24/23 54/54/58 53/53/57 
f 28/28/26 52/52/56 53/53/57 
f 28/28/26 53/53/57 29/29/27 
f 53/53/57 54/54/58 30/30/28 
f 53/53/57 30/30/28 29/29/27 
f 34/34/32 33/33/31 55/55/59 
f 34/34/32 55/55/59 56/56/60 
f 56/56/60 57/57/61 35/35/33 
f 56/56/60 35/35/33 34/34/32 
f 55/55/59 51/51/51 50/50/49 
f 55/55/59 50/50/49 56/56/60 
f 50/50/49 49/49/48 57/57/61 
f 50/50/49 57/57/61 56/56/60 
f 47/47/46 46/46/45 58/58/62 
f 47/47/46 58/58/62 59/59/63 
f 59/59/63 60/60/64 48/48/47 
f 59/59/63 48/48/47 47/47/46 
f 58/58/62 44/44/43 43/43/42 
f 58/58/62 43/43/42 59/59/63 
f 43/43/42 45/45/44 60/60/64 
f 43/43/42 60/60/64 59/59/63 
f 14/14/14 13/13/13 61/61/65 
f 14/14/14 61/61/65 62/62/66 
f 62/62/66 63/63/67 15/15/15 
f 62/62/66 15/15/15 14/14/14 
f 61/61/65 10/10/10 9/9/9 
f 61/61/65 9/9/9 62/62/66 
f 9/9/9 12/12/12 63/63/67 
f 9/9/9 63/63/67 62/62/66 
f 64/64/68 65/65/69 66/66/70 
f 64/64/68 66/66/70 67/67/71 
f 65/65/69 64/64/68 6/6/6 
f 65/65/69 6/6/6 15/15/15 
f 68/68/72 69/69/73 70/70/74 
f 68/68/72 70/70/74 71/71/75 
f 70/70/74 69/69/73 19/19/18 
f 70/70/74 19/19/18 30/30/28 
f 72/72/76 73/73/77 74/74/78 
f 72/72/76 74/74/78 75/75/79 
f 73/73/77 72/72/76 36/36/34 
f 73/73/77 36/36/34 35/35/33 
f 76/76/80 77/77/81 78/78/82 
f 76/76/80 78/78/82 79/79/83 
f 77/77/81 76/76/80 42/42/39 
f 77/77/81 42/42/39 48/48/47 
f 80/80/84 27/27/25 26/26/11 
f 80/80/84 26/26/11 81/81/85 
f 82/82/86 80/80/84 81/81/85 
f 82/82/86 81/81/85 83/83/87 
f 84/84/88 69/69/73 68/68/72 
f 84/84/88 68/68/72 85/85/89 
f 16/16/5 19/19/18 69/69/73 
f 16/16/5 69/69/73 84/84/88 
f 86/86/90 45/45/44 5/5/11 
f 86/86/90 5/5/11 87/87/91 
f 88/88/92 86/86/90 87/87/91 
f 88/88/92 87/87/91 89/89/93 
f 90/90/94 76/76/80 79/79/83 
f 90/90/94 79/79/83 91/91/95 
f 41/41/5 42/42/39 76/76/80 
f 41/41/5 76/76/80 90/90/94 
f 92/92/96 12/12/12 11/11/11 
f 92/92/96 11/11/11 93/93/97 
f 94/94/98 92/92/96 93/93/97 
f 94/94/98 93/93/97 95/95/99 
f 87/87/100 64/64/68 67/67/71 
f 87/87/100 67/67/71 89/89/101 
f 5/5/5 6/6/6 64/64/68 
f 5/5/5 64/64/68 87/87/100 
f 81/81/102 26/26/55 36/36/34 
f 81/81/102 36/36/34 72/72/76 
f 83/83/103 81/81/102 72/72/76 
f 83/83/103 72/72/76 75/75/79 
f 96/96/104 90/90/105 91/91/106 
f 96/96/104 91/91/106 97/97/107 
f 49/49/48 41/41/11 90/90/105 
f 49/49/48 90/90/105 96/96/104 
f 98/98/108 99/99/109 80/80/84 
f 98/98/108 80/80/84 82/82/86 
f 80/80/84 99/99/109 54/54/58 
f 80/80/84 54/54/58 27/27/25 
f 71/71/75 70/70/74 99/99/109 
f 71/71/75 99/99/109 98/98/108 
f 99/99/109 70/70/74 30/30/28 
f 99/99/109 30/30/28 54/54/58 
f 73/73/77 100/100/110 101/101/111 
f 73/73/77 101/101/111 74/74/78 
f 100/100/110 73/73/77 35/35/33 
f 100/100/110 35/35/33 57/57/61 
f 101/101/111 100/100/110 96/96/104 
f 101/101/111 96/96/104 97/97/107 
f 96/96/104 100/100/110 57/57/61 
f 96/96/104 57/57/61 49/49/48 
f 77/77/81 102/102/112 103/103/113 
f 77/77/81 103/103/113 78/78/82 
f 102/102/112 77/77/81 48/48/47 
f 102/102/112 48/48/47 60/60/64 
f 103/103/113 102/102/112 86/86/90 
f 103/103/113 86/86/90 88/88/92 
f 86/86/90 102/102/112 60/60/64 
f 86/86/90 60/60/64 45/45/44 
f 65/65/69 104/104/114 105/105/115 
f 65/65/69 105/105/115 66/66/70 
f 104/104/114 65/65/69 15/15/15 
f 104/104/114 15/15/15 63/63/67 
f 105/105/115 104/104/114 92/92/96 
f 105/105/115 92/92/96 94/94/98 
f 92/92/96 104/104/114 63/63/67 
f 92/92/96 63/63/67 12/12/12 
f 106/106/116 107/107/117 108/108/118 
f 106/106/116 108/108/118 109/109/119 
f 108/108/118 107/107/117 110/110/120 
f 108/108/118 110/110/120 111/111/121 
f 112/112/122 113/113/123 114/114/124 
f 112/112/122 114/114/124 115/115/125 
f 116/116/126 112/112/122 115/115/125 
f 116/116/126 115/115/125 117/117/127 
f 118/118/128 119/119/129 120/120/130 
f 118/118/128 120/120/130 121/121/131 
f 122/122/132 118/118/128 121/121/131 
f 122/122/132 121/121/131 123/123/133 
f 124/124/134 125/125/135 126/126/136 
f 124/124/134 126/126/136 127/127/137 
f 128/128/138 124/124/134 127/127/137 
f 128/128/138 127/127/137 129/129/139 
f 130/130/140 131/131/141 125/125/135 
f 130/130/140 125/125/135 124/124/134 
f 132/132/142 130/130/140 124/124/134 
f 132/132/142 124/124/134 128/128/138 
f 133/133/143 134/134/144 129/129/145 
f 133/133/143 129/129/145 127/127/146 
f 135/135/147 133/133/143 127/127/146 
f 135/135/147 127/127/146 126/126/148 
f 136/136/149 137/137/150 109/109/151 
f 136/136/149 109/109/151 108/108/152 
f 138/138/153 136/136/149 108/108/152 
f 138/138/153 108/108/152 111/111/154 
f 139/139/155 140/140/156 137/137/150 
f 139/139/155 137/137/150 136/136/149 
f 141/141/157 139/139/155 136/136/149 
f 141/141/157 136/136/149 138/138/153 
f 142/142/158 143/143/159 112/112/122 
f 142/142/158 112/112/122 116/116/126 
f 143/143/159 144/144/160 113/113/123 
f 143/143/159 113/113/123 112/112/122 
f 145/145/161 146/146/162 143/143/159 
f 145/145/161 143/143/159 142/142/158 
f 146/146/162 147/147/163 144/144/160 
f 146/146/162 144/144/160 143/143/159 
f 110/110/120 107/107/117 146/146/162 
f 110/110/120 146/146/162 145/145/161 
f 107/107/117 106/106/116 147/147/163 
f 107/107/117 147/147/163 146/146/162 
f 148/148/164 149/149/165 139/139/155 
f 148/148/164 139/139/155 141/141/157 
f 149/149/165 150/150/166 140/140/156 
f 149/149/165 140/140/156 139/139/155 
f 134/134/144 133/133/143 149/149/165 
f 134/134/144 149/149/165 148/148/164 
f 133/133/143 135/135/147 150/150/166 
f 133/133/143 150/150/166 149/149/165 
f 151/151/167 152/152/168 130/130/140 
f 151/151/167 130/130/140 132/132/142 
f 152/152/168 153/153/169 131/131/141 
f 152/152/168 131/131/141 130/130/140 
f 119/119/129 118/118/128 152/152/168 
f 119/119/129 152/152/168 151/151/167 
f 118/118/128 122/122/132 153/153/169 
f 118/118/128 153/153/169 152/152/168 
f 154/154/170 155/155/171 156/156/172 
f 154/154/170 156/156/172 157/157/173 
f 158/158/174 159/159/175 155/155/171 
f 158/158/174 155/155/171 154/154/170 
f 160/160/176 161/161/177 162/162/178 
f 160/160/176 162/162/178 163/163/179 
f 164/164/180 165/165/181 161/161/177 
f 164/164/180 161/161/177 160/160/176 
f 166/166/182 167/167/183 168/168/184 
f 166/166/182 168/168/184 169/169/185 
f 169/169/185 168/168/184 170/170/186 
f 169/169/185 170/170/186 171/171/187 
f 172/172/188 173/173/189 174/174/190 
f 172/172/188 174/174/190 175/175/191 
f 176/176/192 173/173/189 172/172/188 
f 176/176/192 172/172/188 177/177/193 
f 178/178/194 179/179/195 170/170/186 
f 178/178/194 170/170/186 168/168/184 
f 180/180/196 178/178/194 168/168/184 
f 180/180/196 168/168/184 167/167/183 
f 181/181/197 182/182/198 183/183/199 
f 181/181/197 183/183/199 184/184/200 
f 185/185/201 181/181/197 184/184/200 
f 185/185/201 184/184/200 186/186/202 
f 173/187/203 176/188/204 162/162/178 
f 173/187/203 162/162/178 161/161/177 
f 174/189/205 173/187/203 161/161/177 
f 174/189/205 161/161/177 165/165/181 
f 187/190/206 188/191/207 189/192/208 
f 187/190/206 189/192/208 190/193/209 
f 191/194/210 187/190/206 190/193/209 
f 191/194/210 190/193/209 192/195/211 
f 181/196/212 185/197/213 156/156/172 
f 181/196/212 156/156/172 155/155/171 
f 182/198/214 181/196/212 155/155/171 
f 182/198/214 155/155/171 159/159/175 
f 193/199/215 166/166/182 169/169/185 
f 193/199/215 169/169/185 194/200/216 
f 194/200/216 169/169/185 171/171/187 
f 194/200/216 171/171/187 195/201/217 
f 175/175/191 193/199/215 194/200/216 
f 175/175/191 194/200/216 172/172/188 
f 172/172/188 194/200/216 195/201/217 
f 172/172/188 195/201/217 177/177/193 
f 196/202/218 164/164/180 160/160/176 
f 196/202/218 160/160/176 197/203/219 
f 197/203/219 160/160/176 163/163/179 
f 197/203/219 163/163/179 198/204/220 
f 183/183/199 196/202/218 197/203/219 
f 183/183/199 197/203/219 184/184/200 
f 184/184/200 197/203/219 198/204/220 
f 184/184/200 198/204/220 186/186/202 
f 199/205/221 158/158/174 154/154/170 
f 199/205/221 154/154/170 200/206/222 
f 200/206/222 154/154/170 157/157/173 
f 200/206/222 157/157/173 201/207/223 
f 189/192/208 199/205/221 200/206/222 
f 189/192/208 200/206/222 190/193/209 
f 190/193/209 200/206/222 201/207/223 
f 190/193/209 201/207/223 192/195/211 
f 202/208/224 203/209/225 204/210/226 
f 202/208/224 204/210/226 205/211/227 
f 206/212/228 207/213/229 208/214/230 
f 206/212/228 208/214/230 209/215/231 
f 210/216/232 211/217/233 206/212/228 
f 210/216/232 206/212/228 209/215/231 
f 212/218/234 213/219/235 214/220/236 
f 212/218/234 214/220/236 215/221/237 
f 216/222/238 217/223/239 218/224/240 
f 216/222/238 218/224/240 219/225/241 
f 219/225/241 218/224/240 220/226/242 
f 219/225/241 220/226/242 221/227/243 
f 222/228/244 223/229/245 224/230/246 
f 222/228/244 224/230/246 225/231/247 
f 226/232/248 227/233/249 228/234/250 
f 226/232/248 228/234/250 229/235/251 
f 230/236/252 231/237/253 227/233/249 
f 230/236/252 227/233/249 226/232/248 
f 232/238/254 233/239/255 207/213/229 
f 232/238/254 207/213/229 206/212/228 
f 206/212/228 211/217/233 234/240/256 
f 206/212/228 234/240/256 232/238/254 
f 235/241/257 236/242/258 237/243/259 
f 235/241/257 237/243/259 238/244/260 
f 239/245/261 240/246/262 235/241/257 
f 239/245/261 235/241/257 238/244/260 
f 203/209/225 202/208/224 237/243/259 
f 203/209/225 237/243/259 236/242/258 
f 241/247/263 242/248/264 243/249/265 
f 241/247/263 243/249/265 244/250/266 
f 245/251/267 246/252/268 247/253/269 
f 245/251/267 247/253/269 248/254/270 
f 249/255/271 250/256/272 251/257/273 
f 249/255/271 251/257/273 252/258/274 
f 253/259/275 254/260/276 255/261/277 
f 253/259/275 255/261/277 256/262/278 
f 257/263/279 258/264/280 259/265/281 
f 257/263/279 259/265/281 260/266/282 
f 261/267/283 262/268/284 263/269/285 
f 261/267/283 263/269/285 264/270/286 
f 265/271/287 266/272/288 267/273/289 
f 265/271/287 267/273/289 268/274/290 
f 269/275/291 261/267/283 264/270/286 
f 269/275/291 264/270/286 270/276/292 
f 271/277/293 272/278/294 270/276/292 
f 271/277/293 270/276/292 264/270/286 
f 273/279/295 267/273/289 266/272/288 
f 273/279/295 266/272/288 274/280/296 
f 275/281/297 269/275/291 270/276/292 
f 275/281/297 270/276/292 260/266/282 
f 257/263/279 260/266/282 270/276/292 
f 257/263/279 270/276/292 272/278/294 
f 274/280/296 276/282/298 277/283/299 
f 274/280/296 277/283/299 273/279/295 
f 278/284/300 279/285/301 205/211/227 
f 278/284/300 205/211/227 204/210/226 
f 280/286/302 281/287/303 282/288/304 
f 280/286/302 282/288/304 283/289/305 
f 284/290/306 285/291/307 286/292/308 
f 284/290/306 286/292/308 287/293/309 
f 212/218/234 215/221/237 282/288/304 
f 212/218/234 282/288/304 281/287/303 
f 288/294/310 289/295/311 290/296/312 
f 288/294/310 290/296/312 255/261/277 
f 291/297/313 292/298/314 293/299/315 
f 291/297/313 293/299/315 294/300/316 
f 278/284/300 204/210/226 295/301/317 
f 278/284/300 295/301/317 296/302/318 
f 203/209/225 275/281/297 295/301/317 
f 203/209/225 295/301/317 204/210/226 
f 236/242/258 269/275/291 275/281/297 
f 236/242/258 275/281/297 203/209/225 
f 250/256/272 248/254/270 247/253/269 
f 250/256/272 247/253/269 251/257/273 
f 254/260/276 253/259/275 213/219/235 
f 254/260/276 213/219/235 212/218/234 
f 281/287/303 297/303/319 254/260/276 
f 281/287/303 254/260/276 212/218/234 
f 245/251/267 244/250/266 243/249/265 
f 245/251/267 243/249/265 246/252/268 
f 215/221/237 214/220/236 216/222/238 
f 215/221/237 216/222/238 219/225/241 
f 298/304/320 282/288/304 215/221/237 
f 298/304/320 215/221/237 219/225/241 
f 299/305/321 283/289/305 282/288/304 
f 299/305/321 282/288/304 298/304/320 
f 300/306/322 205/211/227 279/285/301 
f 300/306/322 279/285/301 301/307/323 
f 302/308/324 202/208/224 205/211/227 
f 302/308/324 205/211/227 300/306/322 
f 233/239/255 237/243/259 202/208/224 
f 233/239/255 202/208/224 302/308/324 
f 238/244/260 237/243/259 233/239/255 
f 238/244/260 233/239/255 232/238/254 
f 234/240/256 239/245/261 238/244/260 
f 234/240/256 238/244/260 232/238/254 
f 261/267/283 269/275/291 236/242/258 
f 261/267/283 236/242/258 235/241/257 
f 262/268/284 261/267/283 235/241/257 
f 262/268/284 235/241/257 240/246/262 
f 281/287/303 280/286/302 303/309/325 
f 281/287/303 303/309/325 297/303/319 
f 256/262/278 304/310/326 305/311/327 
f 256/262/278 305/311/327 252/258/274 
f 251/257/273 253/259/275 256/262/278 
f 251/257/273 256/262/278 252/258/274 
f 253/259/275 251/257/273 247/253/269 
f 253/259/275 247/253/269 213/219/235 
f 214/220/236 213/219/235 247/253/269 
f 214/220/236 247/253/269 246/252/268 
f 214/220/236 246/252/268 243/249/265 
f 214/220/236 243/249/265 216/222/238 
f 243/249/265 242/248/264 217/223/239 
f 243/249/265 217/223/239 216/222/238 
f 304/310/326 256/262/278 255/261/277 
f 304/310/326 255/261/277 290/296/312 
f 306/312/328 249/255/271 252/258/274 
f 306/312/328 252/258/274 305/311/327 
f 304/310/326 290/296/312 293/299/315 
f 304/310/326 293/299/315 307/313/329 
f 207/213/229 308/314/330 309/315/331 
f 207/213/229 309/315/331 208/214/230 
f 279/285/301 283/289/305 299/305/321 
f 279/285/301 299/305/321 301/307/323 
f 280/286/302 283/289/305 279/285/301 
f 280/286/302 279/285/301 278/284/300 
f 280/286/302 278/284/300 296/302/318 
f 280/286/302 296/302/318 303/309/325 
f 310/316/332 284/290/306 287/293/309 
f 310/316/332 287/293/309 311/317/333 
f 222/228/244 225/231/247 229/235/251 
f 222/228/244 229/235/251 228/234/250 
f 312/318/334 313/319/335 314/320/336 
f 315/321/337 316/322/338 317/323/339 
f 318/324/340 319/325/341 320/326/342 
f 318/324/340 320/326/342 321/327/343 
f 318/324/340 321/327/343 322/328/344 
f 318/324/340 322/328/344 323/329/345 
f 324/330/346 318/324/340 323/329/345 
f 324/330/346 323/329/345 325/331/347 
f 226/232/248 315/321/337 317/323/339 
f 226/232/248 317/323/339 230/236/252 
f 315/321/337 226/232/248 229/235/251 
f 315/321/337 229/235/251 326/332/348 
f 225/231/247 327/333/349 326/332/348 
f 225/231/247 326/332/348 229/235/251 
f 327/333/349 225/231/247 224/230/246 
f 327/333/349 224/230/246 328/334/350 
f 329/335/351 328/334/350 224/230/246 
f 329/335/351 224/230/246 330/336/352 
f 331/337/353 312/318/334 314/320/336 
f 331/337/353 314/320/336 332/338/354 
f 242/248/264 241/247/263 333/339/355 
f 242/248/264 333/339/355 334/340/356 
f 217/223/239 242/248/264 334/340/356 
f 217/223/239 334/340/356 335/341/357 
f 218/224/240 217/223/239 335/341/357 
f 218/224/240 335/341/357 336/342/358 
f 220/226/242 218/224/240 336/342/358 
f 220/226/242 336/342/358 337/343/359 
f 312/318/334 331/337/353 338/344/360 
f 312/318/334 338/344/360 339/345/361 
f 309/315/331 308/314/330 323/329/345 
f 309/315/331 323/329/345 322/328/344 
f 325/331/347 340/346/362 341/347/363 
f 325/331/347 341/347/363 342/348/364 
f 341/347/363 340/346/362 233/239/255 
f 233/239/255 302/308/324 227/233/249 
f 233/239/255 227/233/249 231/237/253 
f 227/233/249 302/308/324 300/306/322 
f 227/233/249 300/306/322 228/234/250 
f 301/307/323 222/228/244 228/234/250 
f 301/307/323 228/234/250 300/306/322 
f 301/307/323 299/305/321 223/229/245 
f 301/307/323 223/229/245 222/228/244 
f 331/337/353 220/226/242 337/343/359 
f 331/337/353 337/343/359 338/344/360 
f 221/227/243 220/226/242 331/337/353 
f 221/227/243 331/337/353 332/338/354 
f 330/336/352 343/349/365 344/350/366 
f 330/336/352 344/350/366 345/351/367 
f 344/350/366 343/349/365 298/304/320 
f 344/350/366 298/304/320 219/225/241 
f 346/352/368 347/353/369 348/354/370 
f 346/352/368 348/354/370 349/355/371 
f 346/352/368 350/356/372 351/357/373 
f 346/352/368 351/357/373 347/353/369 
f 350/356/372 352/358/374 353/359/375 
f 350/356/372 353/359/375 351/357/373 
f 316/322/338 354/360/376 355/361/377 
f 316/322/338 355/361/377 317/323/339 
f 354/360/376 319/325/341 324/330/346 
f 354/360/376 324/330/346 355/361/377 
f 355/361/377 324/330/346 325/331/347 
f 355/361/377 325/331/347 342/348/364 
f 330/336/352 345/351/367 356/362/378 
f 330/336/352 356/362/378 329/335/351 
f 313/319/335 357/363/379 356/362/378 
f 313/319/335 356/362/378 314/320/336 
f 357/363/379 358/364/380 329/335/351 
f 357/363/379 329/335/351 356/362/378 
f 325/331/347 323/329/345 308/314/330 
f 325/331/347 308/314/330 340/346/362 
f 317/323/339 355/361/377 342/348/364 
f 317/323/339 342/348/364 230/236/252 
f 341/347/363 231/237/253 230/236/252 
f 341/347/363 230/236/252 342/348/364 
f 233/239/255 340/346/362 308/314/330 
f 233/239/255 308/314/330 207/213/229 
f 233/239/255 231/237/253 341/347/363 
f 345/351/367 332/338/354 314/320/336 
f 345/351/367 314/320/336 356/362/378 
f 221/227/243 332/338/354 345/351/367 
f 221/227/243 345/351/367 344/350/366 
f 330/336/352 224/230/246 223/229/245 
f 330/336/352 223/229/245 343/349/365 
f 298/304/320 343/349/365 223/229/245 
f 298/304/320 223/229/245 299/305/321 
f 219/225/241 221/227/243 344/350/366 
f 359/365/381 360/366/382 361/367/383 
f 362/368/384 363/369/385 364/370/386 
f 365/371/387 366/372/388 367/373/389 
f 365/371/387 367/373/389 368/374/390 
f 369/375/391 370/376/392 371/377/393 
f 369/375/391 371/377/393 372/378/394 
f 373/379/395 372/378/394 374/380/396 
f 373/379/395 374/380/396 375/381/397 
f 362/368/384 376/382/398 377/383/399 
f 362/368/384 377/383/399 363/369/385 
f 378/384/400 275/281/297 260/266/282 
f 378/384/400 260/266/282 259/265/281 
f 372/378/394 371/377/393 374/380/396 
f 271/277/293 264/270/286 263/269/285 
f 271/277/293 263/269/285 379/385/401 
f 310/316/332 380/386/402 381/387/403 
f 310/316/332 381/387/403 284/290/306 
f 380/386/402 310/316/332 382/388/404 
f 380/386/402 382/388/404 383/389/405 
f 284/290/306 381/387/403 384/390/406 
f 284/290/306 384/390/406 285/291/307 
f 385/391/407 365/371/387 368/374/390 
f 385/391/407 368/374/390 386/392/408 
f 374/380/396 387/393/409 388/394/410 
f 374/380/396 388/394/410 375/381/397 
f 347/353/369 359/365/381 361/367/383 
f 347/353/369 361/367/383 348/354/370 
f 359/365/381 347/353/369 351/357/373 
f 359/365/381 351/357/373 389/395/411 
f 389/395/411 351/357/373 353/359/375 
f 389/395/411 353/359/375 390/396/412 
f 353/359/375 391/397/413 392/398/414 
f 353/359/375 392/398/414 390/396/412 
f 377/383/399 393/399/415 394/400/416 
f 377/383/399 394/400/416 363/369/385 
f 395/401/417 396/402/418 371/377/393 
f 395/401/417 371/377/393 370/376/392 
f 363/369/385 394/400/416 397/403/419 
f 363/369/385 397/403/419 364/370/386 
f 387/393/409 374/380/396 371/377/393 
f 387/393/409 371/377/393 396/402/418 
f 398/404/420 399/405/421 400/406/422 
f 398/404/420 400/406/422 401/407/423 
f 399/405/421 402/408/424 350/356/372 
f 399/405/421 350/356/372 346/352/368 
f 402/408/424 294/300/316 352/358/374 
f 402/408/424 352/358/374 350/356/372 
f 403/409/425 254/260/276 297/303/319 
f 403/409/425 297/303/319 286/292/308 
f 287/293/309 286/292/308 297/303/319 
f 287/293/309 297/303/319 303/309/325 
f 311/317/333 287/293/309 303/309/325 
f 311/317/333 303/309/325 296/302/318 
f 387/393/409 396/402/418 289/295/311 
f 387/393/409 289/295/311 288/294/310 
f 395/401/417 404/410/426 289/295/311 
f 395/401/417 289/295/311 396/402/418 
f 353/359/375 352/358/374 405/411/427 
f 353/359/375 405/411/427 391/397/413 
f 406/412/428 407/413/429 254/260/276 
f 403/409/425 286/292/308 285/291/307 
f 403/409/425 285/291/307 385/391/407 
f 397/403/419 394/400/416 259/265/281 
f 397/403/419 259/265/281 258/264/280 
f 393/399/415 378/384/400 259/265/281 
f 393/399/415 259/265/281 394/400/416 
f 382/388/404 408/414/430 409/415/431 
f 382/388/404 409/415/431 410/416/432 
f 375/381/397 368/374/390 367/373/389 
f 375/381/397 367/373/389 373/379/395 
f 388/394/410 386/392/408 368/374/390 
f 388/394/410 368/374/390 375/381/397 
f 406/412/428 386/392/408 388/394/410 
f 406/412/428 388/394/410 407/413/429 
f 388/394/410 387/393/409 288/294/310 
f 388/394/410 288/294/310 407/413/429 
f 255/261/277 254/260/276 407/413/429 
f 255/261/277 407/413/429 288/294/310 
f 385/391/407 386/392/408 406/412/428 
f 385/391/407 406/412/428 403/409/425 
f 385/391/407 285/291/307 384/390/406 
f 385/391/407 384/390/406 365/371/387 
f 366/372/388 365/371/387 384/390/406 
f 254/260/276 403/409/425 406/412/428 
f 411/417/433 392/398/414 412/418/434 
f 411/417/433 412/418/434 413/419/435 
f 370/376/392 369/375/391 413/419/435 
f 370/376/392 413/419/435 412/418/434 
f 391/397/413 414/420/436 412/418/434 
f 391/397/413 412/418/434 392/398/414 
f 415/421/437 414/420/436 391/397/413 
f 415/421/437 391/397/413 405/411/427 
f 414/420/436 415/421/437 404/410/426 
f 414/420/436 404/410/426 395/401/417 
f 412/418/434 414/420/436 395/401/417 
f 412/418/434 395/401/417 370/376/392 
f 416/422/438 383/389/405 417/423/439 
f 416/422/438 417/423/439 418/424/440 
f 377/383/399 376/382/398 418/424/440 
f 377/383/399 418/424/440 417/423/439 
f 410/416/432 393/399/415 377/383/399 
f 410/416/432 377/383/399 417/423/439 
f 410/416/432 417/423/439 383/389/405 
f 410/416/432 383/389/405 382/388/404 
f 409/415/431 378/384/400 393/399/415 
f 409/415/431 393/399/415 410/416/432 
f 275/281/297 378/384/400 409/415/431 
f 310/316/332 311/317/333 408/414/430 
f 310/316/332 408/414/430 382/388/404 
f 311/317/333 296/302/318 295/301/317 
f 311/317/333 295/301/317 408/414/430 
f 275/281/297 409/415/431 408/414/430 
f 275/281/297 408/414/430 295/301/317 
f 361/367/383 360/366/382 419/425/441 
f 361/367/383 419/425/441 420/426/442 
f 361/367/383 420/426/442 421/427/443 
f 361/367/383 421/427/443 348/354/370 
f 422/428/444 349/355/371 348/354/370 
f 422/428/444 348/354/370 421/427/443 
f 364/370/386 423/429/445 424/430/446 
f 364/370/386 424/430/446 362/368/384 
f 423/429/445 364/370/386 397/403/419 
f 423/429/445 397/403/419 425/431/447 
f 425/431/447 397/403/419 258/264/280 
f 425/431/447 258/264/280 426/432/448 
f 423/429/445 420/426/442 419/425/441 
f 423/429/445 419/425/441 424/430/446 
f 425/431/447 421/427/443 420/426/442 
f 425/431/447 420/426/442 423/429/445 
f 426/432/448 422/428/444 421/427/443 
f 426/432/448 421/427/443 425/431/447 
f 276/282/298 401/407/423 400/406/422 
f 276/282/298 400/406/422 277/283/299 
f 427/433/449 428/434/450 429/435/451 
f 427/433/449 429/435/451 430/436/452 
f 431/437/453 427/433/449 430/436/452 
f 431/437/453 430/436/452 432/438/454 
f 432/438/454 433/439/455 434/440/456 
f 432/438/454 434/440/456 431/437/453 
f 240/246/262 239/245/261 434/440/456 
f 240/246/262 434/440/456 435/441/457 
f 435/441/457 436/442/458 262/268/284 
f 435/441/457 262/268/284 240/246/262 
f 262/268/284 436/442/458 437/443/459 
f 262/268/284 437/443/459 263/269/285 
f 379/385/401 263/269/285 437/443/459 
f 379/385/401 437/443/459 438/444/460 
f 265/271/287 268/274/290 439/445/461 
f 265/271/287 439/445/461 440/446/462 
f 441/447/463 442/448/464 443/449/465 
f 430/436/452 429/435/451 444/450/466 
f 430/436/452 444/450/466 445/451/467 
f 446/452/468 447/453/469 448/454/470 
f 446/452/468 448/454/470 449/455/471 
f 445/451/467 450/456/472 432/438/454 
f 445/451/467 432/438/454 430/436/452 
f 450/456/472 433/439/455 432/438/454 
f 450/456/472 451/457/473 452/458/474 
f 450/456/472 452/458/474 433/439/455 
f 451/457/473 453/459/475 452/458/474 
f 454/460/476 265/271/287 440/446/462 
f 454/460/476 440/446/462 443/449/465 
f 455/461/477 266/272/288 265/271/287 
f 455/461/477 265/271/287 454/460/476 
f 456/462/478 274/280/296 266/272/288 
f 456/462/478 266/272/288 455/461/477 
f 457/463/479 276/282/298 274/280/296 
f 457/463/479 274/280/296 456/462/478 
f 458/464/480 401/407/423 276/282/298 
f 458/464/480 276/282/298 457/463/479 
f 458/464/480 459/465/481 398/404/420 
f 458/464/480 398/404/420 401/407/423 
f 460/466/482 461/467/483 398/404/420 
f 460/466/482 398/404/420 459/465/481 
f 462/468/484 291/297/313 461/467/483 
f 462/468/484 461/467/483 460/466/482 
f 463/469/485 292/298/314 291/297/313 
f 463/469/485 291/297/313 462/468/484 
f 464/470/486 465/471/487 292/298/314 
f 464/470/486 292/298/314 463/469/485 
f 466/472/488 467/473/489 468/474/490 
f 466/472/488 468/474/490 469/475/491 
f 465/471/487 464/470/486 466/472/488 
f 465/471/487 466/472/488 469/475/491 
f 468/474/490 306/312/328 305/311/327 
f 468/474/490 305/311/327 470/476/492 
f 305/311/327 304/310/326 307/313/329 
f 305/311/327 307/313/329 470/476/492 
f 453/459/475 451/457/473 448/454/470 
f 453/459/475 448/454/470 447/453/469 
f 434/440/456 239/245/261 234/240/256 
f 434/440/456 234/240/256 431/437/453 
f 234/240/256 211/217/233 427/433/449 
f 234/240/256 427/433/449 431/437/453 
f 211/217/233 210/216/232 428/434/450 
f 211/217/233 428/434/450 427/433/449 
f 452/458/474 453/459/475 436/442/458 
f 452/458/474 436/442/458 435/441/457 
f 436/442/458 453/459/475 447/453/469 
f 436/442/458 447/453/469 437/443/459 
f 435/441/457 434/440/456 433/439/455 
f 435/441/457 433/439/455 452/458/474 
f 438/444/460 437/443/459 447/453/469 
f 438/444/460 447/453/469 446/452/468 
f 441/447/463 440/446/462 439/445/461 
f 441/447/463 439/445/461 442/448/464 
f 443/449/465 440/446/462 441/447/463 
f 273/279/295 277/283/299 257/263/279 
f 273/279/295 257/263/279 272/278/294 
f 272/278/294 271/277/293 267/273/289 
f 272/278/294 267/273/289 273/279/295 
f 268/274/290 267/273/289 271/277/293 
f 268/274/290 271/277/293 379/385/401 
f 439/445/461 268/274/290 379/385/401 
f 439/445/461 379/385/401 438/444/460 
f 442/448/464 439/445/461 438/444/460 
f 442/448/464 438/444/460 446/452/468 
f 398/404/420 461/467/483 402/408/424 
f 398/404/420 402/408/424 399/405/421 
f 461/467/483 291/297/313 294/300/316 
f 461/467/483 294/300/316 402/408/424 
f 399/405/421 346/352/368 349/355/371 
f 399/405/421 349/355/371 400/406/422 
f 307/313/329 293/299/315 292/298/314 
f 307/313/329 292/298/314 465/471/487 
f 470/476/492 307/313/329 465/471/487 
f 470/476/492 465/471/487 469/475/491 
f 468/474/490 470/476/492 469/475/491 
f 404/410/426 293/299/315 290/296/312 
f 404/410/426 290/296/312 289/295/311 
f 294/300/316 293/299/315 405/411/427 
f 294/300/316 405/411/427 352/358/374 
f 405/411/427 293/299/315 415/421/437 
f 415/421/437 293/299/315 404/410/426 
f 400/406/422 349/355/371 422/428/444 
f 400/406/422 422/428/444 426/432/448 
f 400/406/422 426/432/448 277/283/299 
f 258/264/280 257/263/279 277/283/299 
f 258/264/280 277/283/299 426/432/448 
f 449/455/471 443/449/465 442/448/464 
f 449/455/471 442/448/464 446/452/468 
f 358/364/380 328/334/350 329/335/351 
f 471/477/493 327/333/349 328/334/350 
f 471/477/493 328/334/350 358/364/380 
f 471/477/493 326/332/348 327/333/349 
f 471/477/493 316/322/338 315/321/337 
f 471/477/493 315/321/337 326/332/348 
f 318/324/340 324/330/346 319/325/341 
f 472/478/494 313/319/335 312/318/334 
f 472/478/494 312/318/334 339/345/361 
f 416/422/438 380/386/402 383/389/405 
f 366/372/388 384/390/406 381/387/403 
f 366/372/388 381/387/403 380/386/402 
f 366/372/388 380/386/402 416/422/438 
f 411/417/433 360/366/382 359/365/381 
f 411/417/433 359/365/381 389/395/411 
f 411/417/433 390/396/412 392/398/414 
f 411/417/433 389/395/411 390/396/412 
f 473/479/495 474/480/496 475/481/497 
f 473/479/495 475/481/497 476/482/498 
f 477/483/499 209/215/231 208/214/230 
f 477/483/499 208/214/230 478/484/500 
f 210/216/232 209/215/231 477/483/499 
f 210/216/232 477/483/499 479/485/501 
f 480/486/502 481/487/503 482/488/504 
f 480/486/502 482/488/504 483/489/505 
f 484/490/506 485/491/507 486/492/508 
f 484/490/506 486/492/508 487/493/509 
f 485/491/507 488/494/510 489/495/511 
f 485/491/507 489/495/511 486/492/508 
f 490/496/512 491/497/513 492/498/514 
f 490/496/512 492/498/514 493/499/515 
f 494/500/516 495/501/517 496/502/518 
f 494/500/516 496/502/518 497/503/519 
f 498/504/520 494/500/516 497/503/519 
f 498/504/520 497/503/519 499/505/521 
f 500/506/522 477/483/499 478/484/500 
f 500/506/522 478/484/500 501/507/523 
f 477/483/499 500/506/522 502/508/524 
f 477/483/499 502/508/524 479/485/501 
f 503/509/525 504/510/526 505/511/527 
f 503/509/525 505/511/527 506/512/528 
f 507/513/529 504/510/526 503/509/525 
f 507/513/529 503/509/525 508/514/530 
f 476/482/498 506/512/528 505/511/527 
f 476/482/498 505/511/527 473/479/495 
f 509/515/531 510/516/532 511/517/533 
f 509/515/531 511/517/533 512/518/534 
f 513/519/535 514/520/536 515/521/537 
f 513/519/535 515/521/537 516/522/538 
f 517/523/539 518/524/540 519/525/541 
f 517/523/539 519/525/541 520/526/542 
f 521/527/543 522/528/544 523/529/545 
f 521/527/543 523/529/545 524/530/546 
f 525/531/547 526/532/548 527/533/549 
f 525/531/547 527/533/549 528/534/550 
f 529/535/551 530/536/552 531/537/553 
f 529/535/551 531/537/553 532/538/554 
f 533/539/555 534/540/556 535/541/557 
f 533/539/555 535/541/557 536/542/558 
f 537/543/559 538/544/560 530/536/552 
f 537/543/559 530/536/552 529/535/551 
f 539/545/561 530/536/552 538/544/560 
f 539/545/561 538/544/560 540/546/562 
f 541/547/563 542/548/564 536/542/558 
f 541/547/563 536/542/558 535/541/557 
f 543/549/565 526/532/548 538/544/560 
f 543/549/565 538/544/560 537/543/559 
f 525/531/547 540/546/562 538/544/560 
f 525/531/547 538/544/560 526/532/548 
f 542/548/564 541/547/563 544/550/566 
f 542/548/564 544/550/566 545/551/567 
f 546/552/568 475/481/497 474/480/496 
f 546/552/568 474/480/496 547/553/569 
f 548/554/570 549/555/571 550/556/572 
f 548/554/570 550/556/572 551/557/573 
f 552/558/574 553/559/575 554/560/576 
f 552/558/574 554/560/576 555/561/577 
f 480/486/502 551/557/573 550/556/572 
f 480/486/502 550/556/572 481/487/503 
f 556/562/578 523/529/545 557/563/579 
f 556/562/578 557/563/579 558/564/580 
f 559/565/581 560/566/582 561/567/583 
f 559/565/581 561/567/583 562/568/584 
f 546/552/568 563/569/585 564/570/586 
f 546/552/568 564/570/586 475/481/497 
f 543/549/565 476/482/498 475/481/497 
f 543/549/565 475/481/497 564/570/586 
f 537/543/559 506/512/528 476/482/498 
f 537/543/559 476/482/498 543/549/565 
f 514/520/536 520/526/542 519/525/541 
f 514/520/536 519/525/541 515/521/537 
f 480/486/502 483/489/505 521/527/543 
f 480/486/502 521/527/543 524/530/546 
f 565/571/587 551/557/573 480/486/502 
f 565/571/587 480/486/502 524/530/546 
f 510/516/532 513/519/535 516/522/538 
f 510/516/532 516/522/538 511/517/533 
f 485/491/507 484/490/506 482/488/504 
f 485/491/507 482/488/504 481/487/503 
f 550/556/572 566/572/588 485/491/507 
f 550/556/572 485/491/507 481/487/503 
f 567/573/589 566/572/588 550/556/572 
f 567/573/589 550/556/572 549/555/571 
f 474/480/496 568/574/590 569/575/591 
f 474/480/496 569/575/591 547/553/569 
f 473/479/495 570/576/592 568/574/590 
f 473/479/495 568/574/590 474/480/496 
f 505/511/527 501/507/523 570/576/592 
f 505/511/527 570/576/592 473/479/495 
f 500/506/522 501/507/523 505/511/527 
f 500/506/522 505/511/527 504/510/526 
f 502/508/524 500/506/522 504/510/526 
f 502/508/524 504/510/526 507/513/529 
f 503/509/525 506/512/528 537/543/559 
f 503/509/525 537/543/559 529/535/551 
f 508/514/530 503/509/525 529/535/551 
f 508/514/530 529/535/551 532/538/554 
f 565/571/587 571/577/593 548/554/570 
f 565/571/587 548/554/570 551/557/573 
f 522/528/544 518/524/540 572/578/594 
f 522/528/544 572/578/594 573/579/595 
f 519/525/541 518/524/540 522/528/544 
f 519/525/541 522/528/544 521/527/543 
f 521/527/543 483/489/505 515/521/537 
f 521/527/543 515/521/537 519/525/541 
f 482/488/504 516/522/538 515/521/537 
f 482/488/504 515/521/537 483/489/505 
f 482/488/504 484/490/506 511/517/533 
f 482/488/504 511/517/533 516/522/538 
f 511/517/533 484/490/506 487/493/509 
f 511/517/533 487/493/509 512/518/534 
f 573/579/595 557/563/579 523/529/545 
f 573/579/595 523/529/545 522/528/544 
f 574/580/596 572/578/594 518/524/540 
f 574/580/596 518/524/540 517/523/539 
f 573/579/595 575/581/597 561/567/583 
f 573/579/595 561/567/583 557/563/579 
f 478/484/500 208/214/230 309/315/331 
f 478/484/500 309/315/331 576/582/598 
f 569/575/591 567/573/589 549/555/571 
f 569/575/591 549/555/571 547/553/569 
f 548/554/570 546/552/568 547/553/569 
f 548/554/570 547/553/569 549/555/571 
f 548/554/570 571/577/593 563/569/585 
f 548/554/570 563/569/585 546/552/568 
f 577/583/599 578/584/600 553/559/575 
f 577/583/599 553/559/575 552/558/574 
f 490/496/512 496/502/518 495/501/517 
f 490/496/512 495/501/517 491/497/513 
f 579/585/601 580/586/602 581/587/603 
f 582/588/604 583/589/605 584/590/606 
f 585/591/607 321/327/343 320/326/342 
f 585/591/607 320/326/342 586/592/608 
f 585/591/607 587/593/609 322/328/344 
f 585/591/607 322/328/344 321/327/343 
f 588/594/610 589/595/611 587/593/609 
f 588/594/610 587/593/609 585/591/607 
f 494/500/516 498/504/520 583/589/605 
f 494/500/516 583/589/605 582/588/604 
f 582/588/604 590/596/612 495/501/517 
f 582/588/604 495/501/517 494/500/516 
f 491/497/513 495/501/517 590/596/612 
f 491/497/513 590/596/612 591/597/613 
f 591/597/613 592/598/614 492/498/514 
f 591/597/613 492/498/514 491/497/513 
f 593/599/615 594/600/616 492/498/514 
f 593/599/615 492/498/514 592/598/614 
f 595/601/617 596/602/618 580/586/602 
f 595/601/617 580/586/602 579/585/601 
f 512/518/534 334/340/356 333/339/355 
f 512/518/534 333/339/355 509/515/531 
f 487/493/509 335/341/357 334/340/356 
f 487/493/509 334/340/356 512/518/534 
f 486/492/508 336/342/358 335/341/357 
f 486/492/508 335/341/357 487/493/509 
f 489/495/511 337/343/359 336/342/358 
f 489/495/511 336/342/358 486/492/508 
f 579/585/601 339/345/361 338/344/360 
f 579/585/601 338/344/360 595/601/617 
f 309/315/331 322/328/344 587/593/609 
f 309/315/331 587/593/609 576/582/598 
f 589/595/611 597/603/619 598/604/620 
f 589/595/611 598/604/620 599/605/621 
f 598/604/620 501/507/523 599/605/621 
f 501/507/523 499/505/521 497/503/519 
f 501/507/523 497/503/519 570/576/592 
f 497/503/519 496/502/518 568/574/590 
f 497/503/519 568/574/590 570/576/592 
f 569/575/591 568/574/590 496/502/518 
f 569/575/591 496/502/518 490/496/512 
f 569/575/591 490/496/512 493/499/515 
f 569/575/591 493/499/515 567/573/589 
f 595/601/617 338/344/360 337/343/359 
f 595/601/617 337/343/359 489/495/511 
f 488/494/510 596/602/618 595/601/617 
f 488/494/510 595/601/617 489/495/511 
f 594/600/616 600/606/622 601/607/623 
f 594/600/616 601/607/623 602/608/624 
f 601/607/623 485/491/507 566/572/588 
f 601/607/623 566/572/588 602/608/624 
f 603/609/625 604/610/626 605/611/627 
f 603/609/625 605/611/627 606/612/628 
f 603/609/625 606/612/628 607/613/629 
f 603/609/625 607/613/629 608/614/630 
f 608/614/630 607/613/629 609/615/631 
f 608/614/630 609/615/631 610/616/632 
f 584/590/606 583/589/605 611/617/633 
f 584/590/606 611/617/633 612/618/634 
f 612/618/634 611/617/633 588/594/610 
f 612/618/634 588/594/610 586/592/608 
f 611/617/633 597/603/619 589/595/611 
f 611/617/633 589/595/611 588/594/610 
f 594/600/616 593/599/615 613/619/635 
f 594/600/616 613/619/635 600/606/622 
f 581/587/603 580/586/602 613/619/635 
f 581/587/603 613/619/635 614/620/636 
f 614/620/636 613/619/635 593/599/615 
f 614/620/636 593/599/615 615/621/637 
f 589/595/611 599/605/621 576/582/598 
f 589/595/611 576/582/598 587/593/609 
f 583/589/605 498/504/520 597/603/619 
f 583/589/605 597/603/619 611/617/633 
f 598/604/620 597/603/619 498/504/520 
f 598/604/620 498/504/520 499/505/521 
f 501/507/523 478/484/500 576/582/598 
f 501/507/523 576/582/598 599/605/621 
f 501/507/523 598/604/620 499/505/521 
f 600/606/622 613/619/635 580/586/602 
f 600/606/622 580/586/602 596/602/618 
f 488/494/510 601/607/623 600/606/622 
f 488/494/510 600/606/622 596/602/618 
f 594/600/616 602/608/624 493/499/515 
f 594/600/616 493/499/515 492/498/514 
f 566/572/588 567/573/589 493/499/515 
f 566/572/588 493/499/515 602/608/624 
f 485/491/507 601/607/623 488/494/510 
f 616/622/638 617/623/639 618/624/640 
f 619/625/641 620/626/642 621/627/643 
f 622/628/644 623/629/645 624/630/646 
f 622/628/644 624/630/646 625/631/647 
f 626/632/648 627/633/649 628/634/650 
f 626/632/648 628/634/650 629/635/651 
f 630/636/652 631/637/653 632/638/654 
f 630/636/652 632/638/654 627/633/649 
f 619/625/641 621/627/643 633/639/655 
f 619/625/641 633/639/655 634/640/656 
f 635/641/657 527/533/549 526/532/548 
f 635/641/657 526/532/548 543/549/565 
f 627/633/649 632/638/654 628/634/650 
f 539/545/561 636/642/658 531/537/553 
f 539/545/561 531/537/553 530/536/552 
f 577/583/599 552/558/574 637/643/659 
f 577/583/599 637/643/659 638/644/660 
f 638/644/660 639/645/661 640/646/662 
f 638/644/660 640/646/662 577/583/599 
f 552/558/574 555/561/577 641/647/663 
f 552/558/574 641/647/663 637/643/659 
f 642/648/664 643/649/665 623/629/645 
f 642/648/664 623/629/645 622/628/644 
f 632/638/654 631/637/653 644/650/666 
f 632/638/654 644/650/666 645/651/667 
f 606/612/628 605/611/627 617/623/639 
f 606/612/628 617/623/639 616/622/638 
f 616/622/638 646/652/668 607/613/629 
f 616/622/638 607/613/629 606/612/628 
f 646/652/668 647/653/669 609/615/631 
f 646/652/668 609/615/631 607/613/629 
f 609/615/631 647/653/669 648/654/670 
f 609/615/631 648/654/670 649/655/671 
f 633/639/655 621/627/643 650/656/672 
f 633/639/655 650/656/672 651/657/673 
f 652/658/674 629/635/651 628/634/650 
f 652/658/674 628/634/650 653/659/675 
f 621/627/643 620/626/642 654/660/676 
f 621/627/643 654/660/676 650/656/672 
f 645/651/667 653/659/675 628/634/650 
f 645/651/667 628/634/650 632/638/654 
f 655/661/677 656/662/678 657/663/679 
f 655/661/677 657/663/679 658/664/680 
f 658/664/680 603/609/625 608/614/630 
f 658/664/680 608/614/630 659/665/681 
f 659/665/681 608/614/630 610/616/632 
f 659/665/681 610/616/632 560/566/582 
f 660/666/682 554/560/576 565/571/587 
f 660/666/682 565/571/587 524/530/546 
f 553/559/575 571/577/593 565/571/587 
f 553/559/575 565/571/587 554/560/576 
f 578/584/600 563/569/585 571/577/593 
f 578/584/600 571/577/593 553/559/575 
f 645/651/667 556/562/578 558/564/580 
f 645/651/667 558/564/580 653/659/675 
f 652/658/674 653/659/675 558/564/580 
f 652/658/674 558/564/580 661/667/683 
f 609/615/631 649/655/671 662/668/684 
f 609/615/631 662/668/684 610/616/632 
f 663/669/685 524/530/546 664/670/686 
f 660/666/682 642/648/664 555/561/577 
f 660/666/682 555/561/577 554/560/576 
f 654/660/676 528/534/550 527/533/549 
f 654/660/676 527/533/549 650/656/672 
f 651/657/673 650/656/672 527/533/549 
f 651/657/673 527/533/549 635/641/657 
f 640/646/662 665/671/687 666/672/688 
f 640/646/662 666/672/688 667/673/689 
f 631/637/653 630/636/652 624/630/646 
f 631/637/653 624/630/646 623/629/645 
f 644/650/666 631/637/653 623/629/645 
f 644/650/666 623/629/645 643/649/665 
f 663/669/685 664/670/686 644/650/666 
f 663/669/685 644/650/666 643/649/665 
f 644/650/666 664/670/686 556/562/578 
f 644/650/666 556/562/578 645/651/667 
f 523/529/545 556/562/578 664/670/686 
f 523/529/545 664/670/686 524/530/546 
f 642/648/664 660/666/682 663/669/685 
f 642/648/664 663/669/685 643/649/665 
f 642/648/664 622/628/644 641/647/663 
f 642/648/664 641/647/663 555/561/577 
f 625/631/647 641/647/663 622/628/644 
f 524/530/546 663/669/685 660/666/682 
f 668/674/690 669/675/691 670/676/692 
f 668/674/690 670/676/692 648/654/670 
f 629/635/651 670/676/692 669/675/691 
f 629/635/651 669/675/691 626/632/648 
f 649/655/671 648/654/670 670/676/692 
f 649/655/671 670/676/692 671/677/693 
f 672/678/694 662/668/684 649/655/671 
f 672/678/694 649/655/671 671/677/693 
f 671/677/693 652/658/674 661/667/683 
f 671/677/693 661/667/683 672/678/694 
f 670/676/692 629/635/651 652/658/674 
f 670/676/692 652/658/674 671/677/693 
f 673/679/695 674/680/696 675/681/697 
f 673/679/695 675/681/697 639/645/661 
f 633/639/655 675/681/697 674/680/696 
f 633/639/655 674/680/696 634/640/656 
f 665/671/687 675/681/697 633/639/655 
f 665/671/687 633/639/655 651/657/673 
f 665/671/687 640/646/662 639/645/661 
f 665/671/687 639/645/661 675/681/697 
f 666/672/688 665/671/687 651/657/673 
f 666/672/688 651/657/673 635/641/657 
f 543/549/565 666/672/688 635/641/657 
f 577/583/599 640/646/662 667/673/689 
f 577/583/599 667/673/689 578/584/600 
f 578/584/600 667/673/689 564/570/586 
f 578/584/600 564/570/586 563/569/585 
f 543/549/565 564/570/586 667/673/689 
f 543/549/565 667/673/689 666/672/688 
f 617/623/639 676/682/698 677/683/699 
f 617/623/639 677/683/699 618/624/640 
f 617/623/639 605/611/627 678/684/700 
f 617/623/639 678/684/700 676/682/698 
f 679/685/701 678/684/700 605/611/627 
f 679/685/701 605/611/627 604/610/626 
f 620/626/642 619/625/641 680/686/702 
f 620/626/642 680/686/702 681/687/703 
f 681/687/703 682/688/704 654/660/676 
f 681/687/703 654/660/676 620/626/642 
f 682/688/704 683/689/705 528/534/550 
f 682/688/704 528/534/550 654/660/676 
f 681/687/703 680/686/702 677/683/699 
f 681/687/703 677/683/699 676/682/698 
f 682/688/704 681/687/703 676/682/698 
f 682/688/704 676/682/698 678/684/700 
f 683/689/705 682/688/704 678/684/700 
f 683/689/705 678/684/700 679/685/701 
f 545/551/567 544/550/566 657/663/679 
f 545/551/567 657/663/679 656/662/678 
f 684/690/706 685/691/707 429/435/451 
f 684/690/706 429/435/451 428/434/450 
f 686/692/708 687/693/709 685/691/707 
f 686/692/708 685/691/707 684/690/706 
f 688/694/710 687/693/709 686/692/708 
f 688/694/710 686/692/708 689/695/711 
f 508/514/530 690/696/712 689/695/711 
f 508/514/530 689/695/711 507/513/529 
f 690/696/712 508/514/530 532/538/554 
f 690/696/712 532/538/554 691/697/713 
f 532/538/554 531/537/553 692/698/714 
f 532/538/554 692/698/714 691/697/713 
f 636/642/658 693/699/715 692/698/714 
f 636/642/658 692/698/714 531/537/553 
f 533/539/555 694/700/716 695/701/717 
f 533/539/555 695/701/717 534/540/556 
f 696/702/718 697/703/719 698/704/720 
f 685/691/707 699/705/721 444/450/466 
f 685/691/707 444/450/466 429/435/451 
f 700/706/722 701/707/723 702/708/724 
f 700/706/722 702/708/724 703/709/725 
f 699/705/721 685/691/707 687/693/709 
f 699/705/721 687/693/709 704/710/726 
f 704/710/726 687/693/709 688/694/710 
f 704/710/726 688/694/710 705/711/727 
f 704/710/726 705/711/727 706/712/728 
f 706/712/728 705/711/727 707/713/729 
f 708/714/730 697/703/719 694/700/716 
f 708/714/730 694/700/716 533/539/555 
f 709/715/731 708/714/730 533/539/555 
f 709/715/731 533/539/555 536/542/558 
f 710/716/732 709/715/731 536/542/558 
f 710/716/732 536/542/558 542/548/564 
f 711/717/733 710/716/732 542/548/564 
f 711/717/733 542/548/564 545/551/567 
f 712/718/734 711/717/733 545/551/567 
f 712/718/734 545/551/567 656/662/678 
f 712/718/734 656/662/678 655/661/677 
f 712/718/734 655/661/677 713/719/735 
f 714/720/736 713/719/735 655/661/677 
f 714/720/736 655/661/677 715/721/737 
f 716/722/738 714/720/736 715/721/737 
f 716/722/738 715/721/737 559/565/581 
f 717/723/739 716/722/738 559/565/581 
f 717/723/739 559/565/581 562/568/584 
f 718/724/740 717/723/739 562/568/584 
f 718/724/740 562/568/584 719/725/741 
f 720/726/742 721/727/743 722/728/744 
f 720/726/742 722/728/744 723/729/745 
f 719/725/741 721/727/743 720/726/742 
f 719/725/741 720/726/742 718/724/740 
f 722/728/744 724/730/746 572/578/594 
f 722/728/744 572/578/594 574/580/596 
f 572/578/594 724/730/746 575/581/597 
f 572/578/594 575/581/597 573/579/595 
f 707/713/729 703/709/725 702/708/724 
f 707/713/729 702/708/724 706/712/728 
f 686/692/708 502/508/524 507/513/529 
f 686/692/708 507/513/529 689/695/711 
f 502/508/524 686/692/708 684/690/706 
f 502/508/524 684/690/706 479/485/501 
f 479/485/501 684/690/706 428/434/450 
f 479/485/501 428/434/450 210/216/232 
f 707/713/729 705/711/727 690/696/712 
f 707/713/729 690/696/712 691/697/713 
f 691/697/713 692/698/714 703/709/725 
f 691/697/713 703/709/725 707/713/729 
f 690/696/712 705/711/727 688/694/710 
f 690/696/712 688/694/710 689/695/711 
f 693/699/715 700/706/722 703/709/725 
f 693/699/715 703/709/725 692/698/714 
f 697/703/719 696/702/718 694/700/716 
f 541/547/563 540/546/562 525/531/547 
f 541/547/563 525/531/547 544/550/566 
f 540/546/562 541/547/563 535/541/557 
f 540/546/562 535/541/557 539/545/561 
f 534/540/556 636/642/658 539/545/561 
f 534/540/556 539/545/561 535/541/557 
f 695/701/717 693/699/715 636/642/658 
f 695/701/717 636/642/658 534/540/556 
f 698/704/720 700/706/722 693/699/715 
f 698/704/720 693/699/715 695/701/717 
f 655/661/677 658/664/680 659/665/681 
f 655/661/677 659/665/681 715/721/737 
f 715/721/737 659/665/681 560/566/582 
f 715/721/737 560/566/582 559/565/581 
f 658/664/680 657/663/679 604/610/626 
f 658/664/680 604/610/626 603/609/625 
f 575/581/597 719/725/741 562/568/584 
f 575/581/597 562/568/584 561/567/583 
f 724/730/746 721/727/743 719/725/741 
f 724/730/746 719/725/741 575/581/597 
f 722/728/744 721/727/743 724/730/746 
f 661/667/683 558/564/580 557/563/579 
f 661/667/683 557/563/579 561/567/583 
f 560/566/582 610/616/632 662/668/684 
f 560/566/582 662/668/684 561/567/583 
f 662/668/684 672/678/694 561/567/583 
f 672/678/694 661/667/683 561/567/583 
f 657/663/679 679/685/701 604/610/626 
f 657/663/679 544/550/566 683/689/705 
f 657/663/679 683/689/705 679/685/701 
f 528/534/550 683/689/705 544/550/566 
f 528/534/550 544/550/566 525/531/547 
f 701/707/723 700/706/722 698/704/720 
f 701/707/723 698/704/720 697/703/719 
f 696/702/718 698/704/720 695/701/717 
f 696/702/718 695/701/717 694/700/716 
f 615/621/637 593/599/615 592/598/614 
f 725/731/747 615/621/637 592/598/614 
f 725/731/747 592/598/614 591/597/613 
f 725/731/747 591/597/613 590/596/612 
f 725/731/747 590/596/612 582/588/604 
f 725/731/747 582/588/604 584/590/606 
f 585/591/607 586/592/608 588/594/610 
f 472/478/494 339/345/361 579/585/601 
f 472/478/494 579/585/601 581/587/603 
f 673/679/695 639/645/661 638/644/660 
f 625/631/647 637/643/659 641/647/663 
f 625/631/647 673/679/695 638/644/660 
f 625/631/647 638/644/660 637/643/659 
f 668/674/690 646/652/668 616/622/638 
f 668/674/690 616/622/638 618/624/640 
f 668/674/690 648/654/670 647/653/669 
f 668/674/690 647/653/669 646/652/668 
f 726/732/748 727/51/749 728/733/750 
f 726/732/748 728/733/750 729/734/751 
f 730/735/752 731/44/753 732/736/754 
f 730/735/752 732/736/754 733/737/755 
f 734/738/748 735/10/756 736/739/757 
f 734/738/748 736/739/757 737/740/758 
f 738/97/759 739/741/760 740/742/761 
f 738/97/759 740/742/761 741/743/762 
f 742/744/763 743/82/763 744/83/764 
f 742/744/763 744/83/764 745/745/764 
f 746/88/765 747/746/760 748/747/766 
f 746/88/765 748/747/766 749/748/767 
f 750/94/768 751/749/769 752/750/770 
f 750/94/768 752/750/770 753/751/771 
f 754/752/772 755/110/773 756/753/774 
f 754/752/772 756/753/774 757/754/774 
f 758/106/775 759/755/776 760/756/777 
f 758/106/775 760/756/777 761/757/778 
f 762/122/779 763/758/780 764/759/781 
f 762/122/779 764/759/781 765/760/782 
f 766/761/783 767/762/784 768/763/785 
f 766/761/783 768/763/785 769/135/786 
f 770/764/787 771/119/788 772/765/789 
f 770/764/787 772/765/789 773/766/790 
f 774/767/791 775/134/792 776/768/774 
f 774/767/791 776/768/774 777/769/789 
f 778/770/793 779/771/794 780/772/795 
f 778/770/793 780/772/795 781/773/796 
f 782/774/797 783/775/798 784/776/799 
f 782/774/797 784/776/799 785/777/800 
f 786/778/801 787/779/802 788/780/803 
f 786/778/801 788/780/803 789/781/804 
f 790/782/805 791/195/806 792/783/807 
f 790/782/805 792/783/807 793/784/808 
f 794/192/809 795/191/810 796/785/810 
f 794/192/809 796/785/810 797/786/811 
f 798/787/812 799/788/813 800/789/814 
f 798/787/812 800/789/814 801/790/814 
f 802/478/815 803/791/816 804/477/817 
f 802/478/815 804/477/817 805/364/818 
f 806/319/819 805/364/818 807/363/820 
f 808/417/821 809/419/822 810/425/823 
f 808/417/821 810/425/823 811/366/824 
f 812/325/825 813/360/826 814/322/827 
f 815/378/828 816/379/829 817/382/830 
f 815/378/828 817/382/830 818/368/831 
f 819/326/832 812/325/825 814/322/827 
f 802/478/815 805/364/818 806/319/819 
f 819/326/832 814/322/827 804/477/817 
f 819/326/832 804/477/817 803/791/816 
f 817/382/830 816/379/829 820/373/833 
f 817/382/830 820/373/833 821/424/834 
f 822/430/835 823/375/836 815/378/828 
f 822/430/835 815/378/828 818/368/831 
f 810/425/823 809/419/822 823/375/836 
f 810/425/823 823/375/836 822/430/835 
f 821/424/834 820/373/833 824/372/837 
f 821/424/834 824/372/837 825/422/838 
f 802/478/815 826/621/839 827/731/840 
f 802/478/815 827/731/840 803/791/816 
f 828/587/841 829/620/842 826/621/839 
f 830/674/843 831/624/844 832/683/845 
f 830/674/843 832/683/845 833/675/846 
f 834/592/847 835/590/848 836/618/849 
f 837/633/850 838/625/851 839/640/852 
f 837/633/850 839/640/852 840/636/853 
f 819/326/832 835/590/848 834/592/847 
f 802/478/815 828/587/841 826/621/839 
f 819/326/832 803/791/816 827/731/840 
f 819/326/832 827/731/840 835/590/848 
f 839/640/852 841/680/854 842/630/855 
f 839/640/852 842/630/855 840/636/853 
f 843/686/856 838/625/851 837/633/850 
f 843/686/856 837/633/850 844/632/857 
f 832/683/845 843/686/856 844/632/857 
f 832/683/845 844/632/857 833/675/846 
f 841/680/854 845/679/858 846/631/859 
f 841/680/854 846/631/859 842/630/855 
f 847/792/860 848/22/860 849/25/860 
f 847/792/860 849/25/860 850/793/860 
f 738/97/759 851/91/763 744/794/763 
f 738/97/759 744/794/763 739/741/760 
f 851/795/763 747/746/760 746/88/765 
f 851/795/763 746/88/765 852/89/763 
f 852/796/763 751/749/769 750/94/768 
f 852/796/763 750/94/768 853/95/763 
f 734/738/748 854/797/860 855/7/860 
f 734/738/748 855/7/860 735/10/756 
f 730/735/752 856/798/860 854/3/860 
f 730/735/752 854/3/860 731/44/753 
f 856/39/860 727/51/749 726/732/748 
f 856/39/860 726/732/748 848/799/860 
f 857/111/861 755/110/773 754/752/772 
f 857/111/861 754/752/772 858/800/862 
f 859/129/863 775/134/792 774/767/791 
f 859/129/863 774/767/791 857/801/862 
f 860/120/863 771/119/788 770/764/787 
f 860/120/863 770/764/787 859/802/862 
f 861/803/864 763/758/780 762/122/779 
f 861/803/864 762/122/779 862/123/864 
f 766/761/783 769/135/786 861/126/864 
f 766/761/783 861/126/864 863/804/864 
f 864/805/864 759/755/776 758/106/775 
f 864/805/864 758/106/775 863/109/864 
f 794/192/809 797/786/811 865/806/865 
f 794/192/809 865/806/865 866/807/866 
f 798/787/812 796/198/810 867/808/810 
f 798/787/812 867/808/810 799/788/813 
f 782/774/797 867/809/810 868/810/810 
f 782/774/797 868/810/810 783/775/798 
f 778/770/793 869/811/867 870/812/867 
f 778/770/793 870/812/867 779/771/794 
f 786/778/801 870/813/867 871/197/867 
f 786/778/801 871/197/867 787/779/802 
f 790/782/805 871/814/867 872/194/867 
f 790/782/805 872/194/867 791/195/806 
# 1350 faces

