# 3ds Max Wavefront OBJ Exporter v0.99 - (c)2007 guruware
# File Created: 18.03.2025 20:22:55

mtllib CocheLlantaDelanteraIzquierda.mtl

#
# object LlantaDelanteraIzquierda
#

v  2.0396 -0.6146 -1.5449
v  1.9716 -0.5929 -1.6103
v  2.0580 -0.1748 -1.6102
v  2.1291 -0.1819 -1.5448
v  2.0557 0.2521 -1.6108
v  2.1267 0.2601 -1.5453
v  1.9648 0.6692 -1.6119
v  2.0326 0.6918 -1.5465
v  1.8838 -0.5649 -1.6382
v  1.9663 -0.1657 -1.6381
v  1.9641 0.2419 -1.6386
v  1.8773 0.6402 -1.6397
v  1.7789 -0.5314 -1.6382
v  1.8568 -0.1548 -1.6381
v  1.8547 0.2298 -1.6386
v  1.7728 0.6056 -1.6396
v  1.2596 1.7446 -1.5533
v  1.5893 1.4507 -1.5506
v  1.5365 1.4024 -1.6159
v  1.2180 1.6863 -1.6185
v  1.8508 1.0946 -1.5483
v  1.7891 1.0583 -1.6137
v  1.4684 1.3402 -1.6435
v  1.1642 1.6113 -1.6460
v  1.7096 1.0117 -1.6414
v  1.3870 1.2660 -1.6432
v  1.1000 1.5219 -1.6456
v  1.6146 0.9561 -1.6412
v  0.0387 -2.0861 -1.5574
v  0.0385 -2.0145 -1.6224
v  0.4625 -1.9676 -1.6194
v  0.4776 -2.0375 -1.5543
v  0.8675 -1.8335 -1.6167
v  0.8968 -1.8987 -1.5515
v  1.2358 -1.6180 -1.6143
v  1.2780 -1.6757 -1.5490
v  0.0381 -1.9222 -1.6497
v  0.4429 -1.8774 -1.6469
v  0.8296 -1.7494 -1.6443
v  1.1813 -1.5437 -1.6420
v  0.0375 -1.8121 -1.6491
v  0.4195 -1.7698 -1.6464
v  0.7843 -1.6490 -1.6439
v  1.1161 -1.4549 -1.6418
v  1.8622 -1.0193 -1.5456
v  1.8002 -0.9839 -1.6111
v  1.6046 -1.3782 -1.5470
v  1.5513 -1.3306 -1.6124
v  1.7201 -0.9382 -1.6389
v  1.4825 -1.2693 -1.6402
v  1.6245 -0.8836 -1.6389
v  1.4003 -1.1960 -1.6401
v  -1.9780 -0.6363 -1.5735
v  -1.9098 -0.6138 -1.6380
v  -1.7342 -1.0029 -1.6363
v  -1.7962 -1.0390 -1.5718
v  -1.4816 -1.3470 -1.6341
v  -1.5347 -1.3951 -1.5695
v  -1.1630 -1.6309 -1.6314
v  -1.2050 -1.6891 -1.5667
v  -1.8222 -0.5849 -1.6646
v  -1.6545 -0.9564 -1.6630
v  -1.4133 -1.2849 -1.6609
v  -1.1092 -1.5560 -1.6583
v  -1.7177 -0.5503 -1.6632
v  -1.5595 -0.9008 -1.6616
v  -1.3319 -1.2107 -1.6596
v  -1.0449 -1.4665 -1.6572
v  -0.4007 -2.0423 -1.5605
v  -0.3860 -1.9722 -1.6255
v  -0.8214 -1.9080 -1.5637
v  -0.7924 -1.8424 -1.6285
v  -0.3672 -1.8818 -1.6526
v  -0.7553 -1.7579 -1.6556
v  -0.3449 -1.7739 -1.6519
v  -0.7111 -1.6570 -1.6546
v  -1.2235 1.7312 -1.5711
v  -1.1809 1.6734 -1.6356
v  -1.4964 1.3860 -1.6375
v  -1.5500 1.4338 -1.5730
v  -1.7452 1.0393 -1.6389
v  -1.8076 1.0748 -1.5744
v  -1.9167 0.6483 -1.6396
v  -1.9851 0.6702 -1.5752
v  -1.1262 1.5990 -1.6623
v  -1.4274 1.3246 -1.6642
v  -1.6651 0.9935 -1.6655
v  -1.8287 0.6202 -1.6662
v  -1.0610 1.5102 -1.6610
v  -1.3452 1.2513 -1.6627
v  -1.5694 0.9389 -1.6639
v  -1.7238 0.5867 -1.6646
v  -2.0721 -0.2045 -1.5748
v  -2.0008 -0.1967 -1.6392
v  -2.0745 0.2374 -1.5753
v  -2.0031 0.2302 -1.6397
v  -1.9090 -0.1866 -1.6658
v  -1.9112 0.2210 -1.6663
v  -1.7996 -0.1745 -1.6642
v  -1.8017 0.2101 -1.6647
v  0.8474 1.8978 -1.6214
v  0.8760 1.9635 -1.5563
v  0.4409 2.0275 -1.6245
v  0.4553 2.0978 -1.5595
v  0.0164 2.0699 -1.6276
v  0.0159 2.1416 -1.5627
v  0.8104 1.8132 -1.6488
v  0.4223 1.9371 -1.6517
v  0.0170 1.9775 -1.6547
v  0.7662 1.7124 -1.6482
v  0.4000 1.8292 -1.6510
v  0.0176 1.8674 -1.6537
v  -0.8423 1.9542 -1.5686
v  -0.8126 1.8888 -1.6333
v  -0.4230 2.0931 -1.5658
v  -0.4076 2.0230 -1.6305
v  -0.7745 1.8047 -1.6601
v  -0.3878 1.9328 -1.6575
v  -0.7292 1.7043 -1.6589
v  -0.3644 1.8251 -1.6564
v  2.0350 -0.6126 0.0854
v  2.1245 -0.1799 0.0855
v  2.0530 -0.1727 0.1499
v  1.9666 -0.5908 0.1498
v  2.1221 0.2621 0.0849
v  2.0507 0.2543 0.1494
v  1.9598 0.6714 0.1482
v  2.0279 0.6938 0.0837
v  1.9612 -0.1635 0.1764
v  1.8786 -0.5627 0.1763
v  1.9590 0.2442 0.1759
v  1.8721 0.6424 0.1748
v  1.8516 -0.1526 0.1749
v  1.7737 -0.5292 0.1805
v  1.8496 0.2320 0.1744
v  1.7676 0.6078 0.1733
v  1.2549 1.7466 0.0769
v  1.2130 1.6885 0.1416
v  1.5315 1.4045 0.1442
v  1.5847 1.4527 0.0796
v  1.7841 1.0605 0.1465
v  1.8461 1.0966 0.0819
v  1.1591 1.6136 0.1685
v  1.4632 1.3424 0.1710
v  1.7044 1.0139 0.1732
v  1.0948 1.5241 0.1732
v  1.3818 1.2683 0.1698
v  1.6094 0.9583 0.1718
v  0.0341 -2.0841 0.0729
v  0.4730 -2.0355 0.0760
v  0.4575 -1.9654 0.1407
v  0.0335 -2.0123 0.1377
v  0.8922 -1.8967 0.0788
v  0.8625 -1.8313 0.1434
v  1.2308 -1.6158 0.1458
v  1.2734 -1.6737 0.0812
v  0.4378 -1.8752 0.1677
v  0.0329 -1.9200 0.1648
v  0.8245 -1.7472 0.1703
v  1.1761 -1.5414 0.1725
v  0.4143 -1.7676 0.1666
v  0.0323 -1.8098 0.1697
v  0.7792 -1.6468 0.1690
v  1.1109 -1.4527 0.1712
v  1.7952 -0.9817 0.1491
v  1.8576 -1.0173 0.0846
v  1.5463 -1.3285 0.1477
v  1.5999 -1.3762 0.0832
v  1.7150 -0.9360 0.1756
v  1.4773 -1.2670 0.1743
v  1.6194 -0.8814 0.1741
v  1.3951 -1.1938 0.1729
v  -1.9826 -0.6343 0.0567
v  -1.8009 -1.0370 0.0585
v  -1.7392 -1.0008 0.1238
v  -1.9148 -0.6117 0.1221
v  -1.5394 -1.3931 0.0608
v  -1.4866 -1.3448 0.1261
v  -1.1680 -1.6288 0.1287
v  -1.2096 -1.6871 0.0635
v  -1.6597 -0.9542 0.1515
v  -1.8274 -0.5826 0.1499
v  -1.4185 -1.2826 0.1537
v  -1.1143 -1.5538 0.1562
v  -1.5646 -0.8986 0.1514
v  -1.7229 -0.5480 0.1556
v  -1.3371 -1.2085 0.1534
v  -1.0501 -1.4643 0.1557
v  -0.3910 -1.9700 0.1347
v  -0.4053 -2.0403 0.0697
v  -0.7974 -1.8402 0.1316
v  -0.8260 -1.9060 0.0665
v  -0.3724 -1.8796 0.1619
v  -0.7605 -1.7557 0.1589
v  -0.3501 -1.7717 0.1611
v  -0.7162 -1.6548 0.1584
v  -1.2281 1.7332 0.0592
v  -1.5547 1.4358 0.0572
v  -1.5014 1.3882 0.1226
v  -1.1859 1.6756 0.1245
v  -1.8123 1.0768 0.0558
v  -1.7503 1.0414 0.1212
v  -1.9217 0.6505 0.1205
v  -1.9897 0.6722 0.0550
v  -1.4326 1.3268 0.1504
v  -1.1314 1.6012 0.1522
v  -1.6702 0.9957 0.1491
v  -1.8339 0.6224 0.1483
v  -1.3504 1.2535 0.1503
v  -1.0662 1.5124 0.1577
v  -1.5746 0.9412 0.1490
v  -1.7290 0.5890 0.1484
v  -2.0058 -0.1946 0.1209
v  -2.0768 -0.2025 0.0555
v  -2.0081 0.2324 0.1204
v  -2.0792 0.2394 0.0549
v  -1.9142 -0.1844 0.1488
v  -1.9164 0.2233 0.1483
v  -1.8048 -0.1723 0.1488
v  -1.8069 0.2123 0.1483
v  0.8713 1.9655 0.0739
v  0.8424 1.9000 0.1387
v  0.4506 2.0998 0.0707
v  0.4359 2.0297 0.1356
v  0.0114 2.0720 0.1326
v  0.0112 2.1436 0.0675
v  0.8052 1.8155 0.1657
v  0.4172 1.9394 0.1628
v  0.0118 1.9798 0.1599
v  0.7610 1.7146 0.1648
v  0.3949 1.8315 0.1620
v  0.0124 1.8696 0.1592
v  -0.8176 1.8910 0.1269
v  -0.8469 1.9562 0.0616
v  -0.4126 2.0251 0.1296
v  -0.4277 2.0951 0.0644
v  -0.7797 1.8069 0.1544
v  -0.3930 1.9350 0.1570
v  -0.7344 1.7065 0.1541
v  -0.3695 1.8274 0.1566
v  0.3427 0.2147 -0.7171
v  0.3423 0.2874 -0.7172
v  0.3609 0.2768 -0.7684
v  0.3612 0.2254 -0.7683
v  0.4050 0.3240 -0.7168
v  0.4052 0.3027 -0.7681
v  0.4680 0.2880 -0.7163
v  0.4498 0.2772 -0.7677
v  0.4684 0.2154 -0.7162
v  0.4501 0.2259 -0.7677
v  0.4058 0.1787 -0.7166
v  0.4058 0.2000 -0.7680
v  0.3288 0.2070 -0.5825
v  0.3284 0.2953 -0.5826
v  0.3288 0.2951 -0.7242
v  0.3292 0.2068 -0.7240
v  0.4045 0.3398 -0.5821
v  0.4049 0.3396 -0.7237
v  0.4811 0.2961 -0.5815
v  0.4815 0.2959 -0.7231
v  0.4816 0.2078 -0.5814
v  0.4820 0.2077 -0.7230
v  0.4055 0.1633 -0.5819
v  0.4059 0.1631 -0.7234
v  0.3451 -0.2263 -0.7165
v  0.3447 -0.1537 -0.7166
v  0.3633 -0.1643 -0.7678
v  0.3636 -0.2156 -0.7678
v  0.4073 -0.1170 -0.7162
v  0.4076 -0.1384 -0.7675
v  0.4704 -0.1530 -0.7157
v  0.4522 -0.1638 -0.7672
v  0.4708 -0.2256 -0.7156
v  0.4525 -0.2152 -0.7671
v  0.4081 -0.2623 -0.7160
v  0.4082 -0.2411 -0.7674
v  0.3312 -0.2340 -0.5819
v  0.3308 -0.1458 -0.5820
v  0.3312 -0.1460 -0.7236
v  0.3316 -0.2342 -0.7235
v  0.4069 -0.1012 -0.5815
v  0.4073 -0.1014 -0.7231
v  0.4835 -0.1450 -0.5809
v  0.4839 -0.1451 -0.7225
v  0.4840 -0.2332 -0.5808
v  0.4844 -0.2334 -0.7224
v  0.4078 -0.2777 -0.5813
v  0.4082 -0.2779 -0.7229
v  -0.0354 -0.4489 -0.7190
v  -0.0358 -0.3763 -0.7191
v  -0.0172 -0.3869 -0.7703
v  -0.0169 -0.4382 -0.7702
v  0.0269 -0.3396 -0.7186
v  0.0271 -0.3609 -0.7700
v  0.0899 -0.3756 -0.7181
v  0.0717 -0.3864 -0.7696
v  0.0903 -0.4482 -0.7181
v  0.0720 -0.4377 -0.7696
v  0.0277 -0.4849 -0.7185
v  0.0277 -0.4637 -0.7698
v  -0.0492 -0.4566 -0.5844
v  -0.0497 -0.3684 -0.5845
v  -0.0493 -0.3685 -0.7260
v  -0.0488 -0.4568 -0.7259
v  0.0264 -0.3238 -0.5840
v  0.0268 -0.3240 -0.7256
v  0.1030 -0.3675 -0.5834
v  0.1034 -0.3677 -0.7250
v  0.1035 -0.4558 -0.5833
v  0.1039 -0.4560 -0.7248
v  0.0274 -0.5003 -0.5837
v  0.0278 -0.5005 -0.7253
v  -0.4206 0.2106 -0.7225
v  -0.4210 0.2833 -0.7226
v  -0.4024 0.2727 -0.7738
v  -0.4021 0.2213 -0.7738
v  -0.3583 0.3199 -0.7222
v  -0.3581 0.2986 -0.7735
v  -0.2953 0.2839 -0.7217
v  -0.3135 0.2731 -0.7732
v  -0.2949 0.2113 -0.7216
v  -0.3132 0.2218 -0.7731
v  -0.3576 0.1746 -0.7220
v  -0.3575 0.1958 -0.7734
v  -0.4345 0.2029 -0.5879
v  -0.4350 0.2911 -0.5880
v  -0.4345 0.2910 -0.7296
v  -0.4341 0.2027 -0.7295
v  -0.3588 0.3357 -0.5875
v  -0.3584 0.3355 -0.7291
v  -0.2822 0.2920 -0.5869
v  -0.2818 0.2918 -0.7285
v  -0.2817 0.2037 -0.5868
v  -0.2813 0.2035 -0.7284
v  -0.3579 0.1592 -0.5873
v  -0.3575 0.1590 -0.7289
v  -0.0402 0.4332 -0.7201
v  -0.0406 0.5058 -0.7202
v  -0.0219 0.4952 -0.7714
v  -0.0217 0.4439 -0.7713
v  0.0221 0.5425 -0.7198
v  0.0224 0.5212 -0.7711
v  0.0852 0.5065 -0.7193
v  0.0670 0.4957 -0.7708
v  0.0856 0.4339 -0.7192
v  0.0672 0.4444 -0.7707
v  0.0229 0.3972 -0.7196
v  0.0229 0.4184 -0.7710
v  -0.0540 0.4255 -0.5855
v  -0.0545 0.5137 -0.5856
v  -0.0541 0.5136 -0.7272
v  -0.0536 0.4253 -0.7271
v  0.0217 0.5583 -0.5851
v  0.0221 0.5581 -0.7267
v  0.0983 0.5146 -0.5845
v  0.0987 0.5144 -0.7261
v  0.0987 0.4263 -0.5844
v  0.0991 0.4261 -0.7260
v  0.0226 0.3818 -0.5849
v  0.0230 0.3816 -0.7264
v  -0.2925 -0.2298 -0.7211
v  -0.3552 -0.2664 -0.7215
v  -0.3552 -0.2452 -0.7729
v  -0.3109 -0.2193 -0.7726
v  -0.4182 -0.2304 -0.7220
v  -0.3997 -0.2198 -0.7732
v  -0.4186 -0.1578 -0.7220
v  -0.4000 -0.1684 -0.7733
v  -0.3560 -0.1211 -0.7216
v  -0.3557 -0.1425 -0.7730
v  -0.2929 -0.1571 -0.7212
v  -0.3111 -0.1679 -0.7726
v  -0.2794 -0.2373 -0.5863
v  -0.3555 -0.2819 -0.5868
v  -0.3551 -0.2820 -0.7283
v  -0.2790 -0.2375 -0.7278
v  -0.4321 -0.2381 -0.5874
v  -0.4317 -0.2383 -0.7289
v  -0.4326 -0.1499 -0.5875
v  -0.4322 -0.1501 -0.7291
v  -0.3564 -0.1054 -0.5870
v  -0.3560 -0.1055 -0.7286
v  -0.2798 -0.1491 -0.5864
v  -0.2794 -0.1492 -0.7280
v  -0.3897 -0.9834 -0.1194
v  -0.7456 -0.7482 -0.1223
v  -0.7454 -0.7483 -0.2086
v  -0.3894 -0.9835 -0.2058
v  -0.9845 -0.3945 -0.1244
v  -0.9842 -0.3947 -0.2108
v  -1.0699 0.0237 -0.1255
v  -1.0697 0.0235 -0.2119
v  -0.9890 0.4427 -0.1255
v  -0.9888 0.4426 -0.2118
v  -0.7540 0.7989 -0.1242
v  -0.7537 0.7988 -0.2106
v  -0.4006 1.0380 -0.1220
v  -0.4004 1.0379 -0.2084
v  0.0173 1.1235 -0.1191
v  0.0175 1.1234 -0.2055
v  0.4360 1.0425 -0.1160
v  0.4363 1.0424 -0.2024
v  0.7920 0.8073 -0.1132
v  0.7922 0.8072 -0.1995
v  1.0308 0.4536 -0.1110
v  1.0311 0.4535 -0.1974
v  1.1163 0.0354 -0.1099
v  1.1165 0.0353 -0.1963
v  1.0354 -0.3837 -0.1100
v  1.0356 -0.3838 -0.1963
v  0.8003 -0.7399 -0.1112
v  0.8006 -0.7400 -0.1976
v  0.4470 -0.9789 -0.1134
v  0.4472 -0.9790 -0.1998
v  0.0291 -1.0644 -0.1163
v  0.0293 -1.0645 -0.2027
v  1.3749 1.2549 -1.6831
v  1.0905 1.5084 -1.6855
v  1.6004 0.9477 -1.6812
v  1.7572 0.6004 -1.6796
v  1.7633 -0.5264 -1.6782
v  1.8405 -0.1532 -1.6781
v  1.8384 0.2280 -1.6786
v  1.6103 -0.8755 -1.6788
v  1.3881 -1.1851 -1.6800
v  1.1064 -1.4416 -1.6817
v  0.0375 -1.7956 -1.6889
v  0.4161 -1.7537 -1.6863
v  0.7776 -1.6340 -1.6839
v  -0.3415 -1.7578 -1.6917
v  -0.7043 -1.6420 -1.6944
v  -1.0352 -1.4532 -1.6970
v  -1.7019 -0.5451 -1.7029
v  -1.5451 -0.8925 -1.7014
v  -1.3196 -1.1997 -1.6994
v  -1.7831 -0.1727 -1.7040
v  -1.7852 0.2084 -1.7044
v  -1.7080 0.5817 -1.7043
v  -1.0511 1.4968 -1.7008
v  -1.3328 1.2403 -1.7025
v  -1.5550 0.9307 -1.7037
v  -0.7223 1.6892 -1.6987
v  -0.3608 1.8089 -1.6962
v  0.0178 1.8508 -1.6936
v  0.7596 1.6972 -1.6881
v  0.4000 1.8293 -1.6510
v  0.3968 1.8130 -1.6908
v  1.2616 1.1518 -1.6282
v  1.0010 1.3841 -1.6304
v  1.4681 0.8705 -1.6264
v  1.5083 0.7817 -1.6260
v  1.6118 0.5523 -1.6250
v  1.2544 1.1454 -1.6146
v  0.9954 1.3763 -1.6167
v  1.4598 0.8657 -1.6128
v  1.4999 0.7763 -1.6095
v  1.5804 0.5420 -1.5944
v  1.4942 0.7461 -1.5837
v  1.5972 0.5475 -1.6109
v  1.4742 0.7193 -1.5527
v  1.3958 0.6893 -1.4925
v  1.6008 0.3365 -1.5513
v  1.5199 0.3140 -1.4912
v  1.6173 -0.4798 -1.6237
v  1.6880 -0.1379 -1.6236
v  1.6861 0.2112 -1.6241
v  1.6654 0.3064 -1.6243
v  1.6555 0.3059 -1.6079
v  1.6329 0.3267 -1.5822
v  1.6082 -0.4769 -1.6101
v  1.6784 -0.1370 -1.6100
v  1.6766 0.2102 -1.6104
v  1.4772 -0.7995 -1.6243
v  1.2736 -1.0831 -1.6254
v  1.2016 -1.1487 -1.6259
v  1.0156 -1.3181 -1.6270
v  1.4688 -0.7948 -1.6107
v  1.2664 -1.0767 -1.6118
v  1.1939 -1.1425 -1.6094
v  0.9961 -1.2916 -1.5963
v  1.1634 -1.1464 -1.5838
v  1.0065 -1.3058 -1.6128
v  1.1316 -1.1357 -1.5529
v  1.0787 -1.0705 -1.4926
v  0.8069 -1.3745 -1.5549
v  0.7604 -1.3046 -1.4946
v  0.0365 -1.6424 -1.6336
v  0.3833 -1.6040 -1.6311
v  0.7145 -1.4943 -1.6289
v  0.7986 -1.4452 -1.6284
v  0.7949 -1.4359 -1.6119
v  0.8077 -1.4080 -1.5860
v  0.0364 -1.6328 -1.6199
v  0.3812 -1.5946 -1.6175
v  0.7105 -1.4856 -1.6153
v  -0.3106 -1.6077 -1.6361
v  -0.6430 -1.5016 -1.6386
v  -0.7276 -1.4534 -1.6393
v  -0.9461 -1.3287 -1.6410
v  -0.3087 -1.5983 -1.6224
v  -0.6392 -1.4928 -1.6249
v  -0.7242 -1.4441 -1.6227
v  -0.9270 -1.3019 -1.6101
v  -0.7374 -1.4163 -1.5970
v  -0.9372 -1.3163 -1.6267
v  -0.7371 -1.3828 -1.5659
v  -0.6917 -1.3124 -1.5050
v  -1.0644 -1.1476 -1.5686
v  -1.0125 -1.0818 -1.5076
v  -1.5568 -0.4969 -1.6464
v  -1.4132 -0.8151 -1.6449
v  -1.2066 -1.0965 -1.6431
v  -1.1339 -1.1613 -1.6425
v  -1.1263 -1.1550 -1.6259
v  -1.0959 -1.1586 -1.5999
v  -1.5477 -0.4939 -1.6326
v  -1.4049 -0.8103 -1.6312
v  -1.1995 -1.0900 -1.6294
v  -1.6312 -0.1558 -1.6473
v  -1.6330 0.1933 -1.6478
v  -1.6133 0.2887 -1.6477
v  -1.5624 0.5352 -1.6477
v  -1.6217 -0.1548 -1.6336
v  -1.6235 0.1924 -1.6340
v  -1.6035 0.2883 -1.6311
v  -1.5311 0.5252 -1.6166
v  -1.5813 0.3094 -1.6052
v  -1.5478 0.5306 -1.6333
v  -1.5494 0.3195 -1.5738
v  -1.4687 0.2979 -1.5125
v  -1.4270 0.7036 -1.5734
v  -1.3487 0.6745 -1.5121
v  -0.9607 1.3735 -1.6444
v  -1.2186 1.1385 -1.6460
v  -1.4222 0.8549 -1.6471
v  -1.4613 0.7657 -1.6472
v  -1.4531 0.7604 -1.6306
v  -1.4471 0.7303 -1.6047
v  -0.9550 1.3658 -1.6307
v  -1.2115 1.1321 -1.6322
v  -1.4139 0.8502 -1.6333
v  -0.6595 1.5497 -1.6425
v  -0.3283 1.6594 -1.6402
v  -0.2315 1.6701 -1.6396
v  0.0185 1.6977 -1.6378
v  -0.6556 1.5410 -1.6287
v  -0.3263 1.6500 -1.6265
v  -0.2289 1.6606 -1.6230
v  0.0186 1.6648 -1.6070
v  -0.2021 1.6459 -1.5970
v  0.0185 1.6824 -1.6235
v  -0.1828 1.6186 -1.5657
v  -0.1785 1.5350 -1.5048
v  0.2201 1.6208 -1.5628
v  0.2165 1.5371 -1.5020
v  0.6980 1.5570 -1.6328
v  0.3656 1.6631 -1.6353
v  0.2687 1.6728 -1.6360
v  0.2662 1.6633 -1.6194
v  0.2393 1.6483 -1.5938
v  0.6941 1.5482 -1.6191
v  0.3636 1.6537 -1.6216
v  0.0254 0.0286 -0.8926
v  -0.1696 0.2941 -0.8836
v  -0.0781 0.3414 -0.8830
v  0.0236 0.3581 -0.8823
v  -0.2421 0.2208 -0.8840
v  -0.2883 0.1287 -0.8842
v  -0.3039 0.0268 -0.8842
v  -0.2872 -0.0749 -0.8840
v  -0.2400 -0.1665 -0.8835
v  -0.1667 -0.2390 -0.8829
v  -0.0747 -0.2853 -0.8822
v  0.0271 -0.3009 -0.8814
v  0.1288 -0.2842 -0.8807
v  0.2203 -0.2369 -0.8801
v  0.2928 -0.1636 -0.8797
v  0.3390 -0.0715 -0.8795
v  0.3546 0.0304 -0.8795
v  0.3379 0.1321 -0.8798
v  0.2907 0.2237 -0.8802
v  0.2174 0.2962 -0.8808
v  0.1254 0.3425 -0.8815
v  -0.1719 0.2964 -0.6000
v  -0.3095 0.4839 -0.6012
v  -0.1527 0.5649 -0.6002
v  -0.0797 0.3441 -0.5994
v  -0.2448 0.2226 -0.6005
v  -0.4336 0.3583 -0.6020
v  -0.2915 0.1298 -0.6007
v  -0.5129 0.2005 -0.6023
v  -0.3071 0.0272 -0.6007
v  -0.5396 0.0259 -0.6023
v  -0.2903 -0.0753 -0.6004
v  -0.5110 -0.1484 -0.6019
v  -0.2427 -0.1676 -0.6000
v  -0.4300 -0.3053 -0.6011
v  -0.1690 -0.2406 -0.5993
v  -0.3046 -0.4296 -0.6001
v  -0.0762 -0.2873 -0.5986
v  -0.1469 -0.5089 -0.5989
v  0.0263 -0.3030 -0.5979
v  0.0276 -0.5356 -0.5976
v  0.1287 -0.2862 -0.5972
v  0.2018 -0.5070 -0.5964
v  0.2209 -0.2385 -0.5966
v  0.3586 -0.4260 -0.5953
v  0.2939 -0.1647 -0.5961
v  0.4827 -0.3004 -0.5946
v  0.3405 -0.0719 -0.5959
v  0.5620 -0.1426 -0.5942
v  0.3562 0.0307 -0.5959
v  0.5886 0.0320 -0.5943
v  0.3394 0.1332 -0.5962
v  0.5601 0.2063 -0.5947
v  0.2918 0.2255 -0.5966
v  0.4791 0.3632 -0.5955
v  0.2180 0.2985 -0.5972
v  0.3536 0.4875 -0.5965
v  0.1253 0.3452 -0.5980
v  0.1960 0.5668 -0.5977
v  0.0227 0.3609 -0.5987
v  0.0215 0.5935 -0.5990
v  -0.3081 0.4833 -1.1034
v  -0.3781 0.5787 -1.1040
v  -0.1884 0.6767 -1.1028
v  -0.1512 0.5643 -1.1024
v  -0.4322 0.3577 -1.1041
v  -0.5283 0.4268 -1.1049
v  -0.5115 0.1999 -1.1045
v  -0.6242 0.2359 -1.1053
v  -0.5381 0.0253 -1.1045
v  -0.6564 0.0247 -1.1053
v  -0.5096 -0.1490 -1.1041
v  -0.6219 -0.1862 -1.1048
v  -0.4286 -0.3059 -1.1033
v  -0.5239 -0.3761 -1.1039
v  -0.3031 -0.4302 -1.1022
v  -0.3722 -0.5263 -1.1026
v  -0.1454 -0.5095 -1.1010
v  -0.1814 -0.6223 -1.1011
v  0.0290 -0.5362 -1.0997
v  0.0297 -0.6546 -1.0996
v  0.2032 -0.5076 -1.0985
v  0.2404 -0.6201 -1.0981
v  0.3600 -0.4266 -1.0975
v  0.4301 -0.5220 -1.0969
v  0.4841 -0.3010 -1.0968
v  0.5802 -0.3701 -1.0960
v  0.5634 -0.1432 -1.0964
v  0.6761 -0.1792 -1.0955
v  0.5901 0.0314 -1.0964
v  0.7084 0.0320 -1.0956
v  0.5615 0.2057 -1.0968
v  0.6738 0.2429 -1.0961
v  0.4805 0.3626 -1.0976
v  0.5759 0.4327 -1.0970
v  0.3551 0.4868 -1.0986
v  0.4241 0.5830 -1.0983
v  0.1974 0.5662 -1.0999
v  0.2333 0.6790 -1.0998
v  0.0229 0.5929 -1.1012
v  0.0223 0.7113 -1.1013
v  1.2527 1.1461 -1.0107
v  1.2494 1.1476 0.1498
v  0.9904 1.3785 0.1592
v  0.9937 1.3770 -1.0127
v  1.4581 0.8664 -1.0089
v  1.4548 0.8678 0.1516
v  1.6767 -0.1362 -1.0061
v  1.6064 -0.4762 -1.0061
v  1.6031 -0.4747 0.1658
v  1.6734 -0.1348 0.1544
v  1.6748 0.2109 -1.0065
v  1.6715 0.2123 0.1539
v  1.6557 0.3055 -1.0072
v  1.5976 0.5515 0.1530
v  1.4671 -0.7940 -1.0068
v  1.4638 -0.7926 0.1537
v  1.2647 -1.0760 -1.0079
v  1.2614 -1.0745 0.1526
v  0.3795 -1.5939 -1.0136
v  0.0347 -1.6320 -1.0159
v  0.0314 -1.6306 0.1560
v  0.3762 -1.5924 0.1469
v  0.7088 -1.4848 -1.0113
v  0.7055 -1.4834 0.1491
v  0.7927 -1.4374 -1.0113
v  1.0049 -1.3082 0.1510
v  -0.3104 -1.5976 -1.0185
v  -0.3137 -1.5962 0.1420
v  -0.6409 -1.4921 -1.0210
v  -0.6442 -1.4907 0.1395
v  -0.7254 -1.4456 -1.0221
v  -0.9455 -1.3187 0.1371
v  -1.4066 -0.8095 -1.0273
v  -1.5494 -0.4932 -1.0286
v  -1.5528 -0.4917 0.1433
v  -1.4099 -0.8081 0.1332
v  -1.2012 -1.0893 -1.0255
v  -1.2046 -1.0878 0.1350
v  -1.1302 -1.1545 -1.0253
v  -1.6234 -0.1540 -1.0296
v  -1.6267 -0.1526 0.1308
v  -1.6253 0.1931 -1.0301
v  -1.6286 0.1945 0.1304
v  -1.2133 1.1329 -1.0283
v  -0.9567 1.3665 -1.0267
v  -0.9601 1.3680 0.1452
v  -1.2166 1.1343 0.1322
v  -1.4156 0.8509 -1.0294
v  -1.4189 0.8523 0.1311
v  -1.4557 0.7631 -1.0300
v  -1.5583 0.5345 0.1305
v  -0.6573 1.5417 -1.0248
v  -0.6606 1.5431 0.1356
v  -0.3280 1.6507 -1.0226
v  -0.3313 1.6522 0.1378
v  0.6924 1.5490 -1.0152
v  0.6891 1.5504 0.1453
v  0.3619 1.6545 -1.0177
v  0.3586 1.6559 0.1428
v  0.2661 1.6655 -1.0188
v  0.0135 1.6903 0.1403
v  -0.1720 0.2965 -0.5448
v  -0.0798 0.3442 -0.5441
v  -0.2450 0.2227 -0.5452
v  -0.2916 0.1299 -0.5454
v  -0.3073 0.0272 -0.5454
v  -0.2905 -0.0753 -0.5451
v  -0.2429 -0.1675 -0.5447
v  -0.1691 -0.2406 -0.5441
v  -0.0764 -0.2872 -0.5434
v  0.0262 -0.3029 -0.5426
v  0.1286 -0.2861 -0.5419
v  0.2208 -0.2385 -0.5413
v  0.2938 -0.1646 -0.5409
v  0.3404 -0.0718 -0.5406
v  0.3561 0.0308 -0.5407
v  0.3393 0.1333 -0.5409
v  0.2917 0.2256 -0.5414
v  0.2179 0.2986 -0.5420
v  0.1252 0.3453 -0.5427
v  0.0226 0.3610 -0.5434
v  -0.3096 0.4840 -0.5460
v  -0.1528 0.5650 -0.5449
v  -0.4338 0.3584 -0.5467
v  -0.5130 0.2006 -0.5471
v  -0.5397 0.0260 -0.5471
v  -0.5112 -0.1483 -0.5466
v  -0.4302 -0.3053 -0.5459
v  -0.3047 -0.4295 -0.5448
v  -0.1470 -0.5088 -0.5436
v  0.0274 -0.5355 -0.5423
v  0.2016 -0.5069 -0.5411
v  0.3584 -0.4259 -0.5401
v  0.4825 -0.3003 -0.5393
v  0.5618 -0.1425 -0.5390
v  0.5885 0.0321 -0.5390
v  0.5599 0.2064 -0.5394
v  0.4790 0.3633 -0.5402
v  0.3535 0.4875 -0.5412
v  0.1958 0.5669 -0.5425
v  0.0213 0.5936 -0.5437
v  -0.3800 0.5795 -0.4349
v  -0.1903 0.6776 -0.4337
v  -0.5302 0.4276 -0.4358
v  -0.6261 0.2367 -0.4363
v  -0.6583 0.0255 -0.4363
v  -0.6238 -0.1854 -0.4357
v  -0.5259 -0.3752 -0.4348
v  -0.3741 -0.5255 -0.4335
v  -0.1833 -0.6215 -0.4321
v  0.0278 -0.6538 -0.4305
v  0.2385 -0.6192 -0.4290
v  0.4282 -0.5212 -0.4278
v  0.5783 -0.3693 -0.4269
v  0.6742 -0.1784 -0.4265
v  0.7065 0.0328 -0.4265
v  0.6719 0.2437 -0.4270
v  0.5740 0.4336 -0.4280
v  0.4222 0.5838 -0.4292
v  0.2314 0.6798 -0.4307
v  0.0204 0.7121 -0.4323
v  -0.4337 0.6526 -0.4354
v  -0.2188 0.7637 -0.4340
v  -0.6038 0.4806 -0.4364
v  -0.7125 0.2643 -0.4369
v  -0.7490 0.0250 -0.4369
v  -0.7099 -0.2139 -0.4363
v  -0.5989 -0.4290 -0.4353
v  -0.4270 -0.5992 -0.4338
v  -0.2109 -0.7080 -0.4322
v  0.0282 -0.7445 -0.4304
v  0.2669 -0.7054 -0.4287
v  0.4819 -0.5943 -0.4273
v  0.6520 -0.4222 -0.4263
v  0.7606 -0.2060 -0.4258
v  0.7971 0.0333 -0.4259
v  0.7580 0.2722 -0.4264
v  0.6470 0.4873 -0.4275
v  0.4751 0.6575 -0.4289
v  0.2590 0.7663 -0.4306
v  0.0199 0.8029 -0.4324
v  -0.4344 0.6529 -0.2081
v  -0.2194 0.7640 -0.2067
v  -0.6045 0.4808 -0.2091
v  -0.7131 0.2646 -0.2096
v  -0.7497 0.0253 -0.2096
v  -0.7105 -0.2136 -0.2090
v  -0.5996 -0.4287 -0.2080
v  -0.4276 -0.5989 -0.2065
v  -0.2115 -0.7077 -0.2049
v  0.0276 -0.7443 -0.2031
v  0.2663 -0.7051 -0.2014
v  0.4812 -0.5940 -0.2000
v  0.6513 -0.4220 -0.1990
v  0.7600 -0.2057 -0.1985
v  0.7965 0.0336 -0.1986
v  0.7574 0.2725 -0.1991
v  0.6464 0.4876 -0.2002
v  0.4744 0.6578 -0.2016
v  0.2583 0.7666 -0.2033
v  0.0192 0.8031 -0.2051
v  1.4991 0.7791 -1.0089
v  1.6555 0.3059 -1.6078
v  1.1944 -1.1420 -1.0087
v  -1.6071 0.2879 -1.0305
v  -0.2323 1.6628 -1.0224
v  1.4933 0.7471 -0.9968
v  1.4680 0.7185 -0.9772
v  1.6319 0.3277 -0.9953
v  1.5946 0.3357 -0.9758
v  1.1622 -1.1463 -0.9969
v  1.1271 -1.1312 -0.9773
v  0.8064 -1.4079 -0.9959
v  0.8024 -1.3699 -0.9778
v  -0.7395 -1.4162 -1.0101
v  -0.7360 -1.3782 -0.9904
v  -1.0980 -1.1585 -1.0130
v  -1.0632 -1.1430 -0.9930
v  -1.5837 0.3104 -1.0183
v  -1.5465 0.3187 -0.9982
v  -1.4495 0.7312 -1.0178
v  -1.4241 0.7029 -0.9978
v  -0.2038 1.6474 -1.0100
v  -0.1844 1.6146 -0.9901
v  0.2377 1.6497 -1.0069
v  0.2185 1.6167 -0.9872
v  1.8496 0.2321 0.1744
v  -1.5647 -0.8986 0.1514
v  -0.1869 -0.6031 -0.4307
v  -0.5072 -0.3728 -0.4332
v  -0.6420 0.0346 -0.4347
v  -0.5221 0.4107 -0.4343
v  0.5597 -0.3670 -0.4256
v  0.2419 -0.6007 -0.4260
v  0.5661 0.4165 -0.4265
v  0.6900 0.0418 -0.4252
v  -0.1766 0.6648 -0.4321
v  0.2178 0.6669 -0.4293
v  -0.5084 -0.3774 -1.0102
v  -0.1881 -0.6077 -1.0076
v  0.2463 -0.6053 -1.0045
v  0.5642 -0.3716 -1.0026
v  0.6962 0.0426 -1.0021
v  0.5723 0.4173 -1.0035
v  -0.5250 0.4114 -1.0113
v  -0.6449 0.0354 -1.0117
v  0.2194 0.6710 -1.0063
v  -0.1750 0.6688 -1.0091
# 871 vertices

vn 0.8768 -0.2791 -0.3916
vn 0.4823 -0.1528 -0.8626
vn 0.5034 -0.0506 -0.8625
vn 0.9156 -0.0914 -0.3917
vn 0.5029 0.0538 -0.8627
vn 0.9145 0.1003 -0.3919
vn 0.4806 0.1558 -0.8630
vn 0.8738 0.2875 -0.3923
vn 0.1488 -0.0464 -0.9878
vn 0.1551 -0.0160 -0.9878
vn 0.1550 0.0151 -0.9878
vn 0.1483 0.0455 -0.9879
vn 0.0005 0.0009 -1.0000
vn 0.0002 -0.0005 -1.0000
vn 0.0002 -0.0020 -1.0000
vn 0.0005 -0.0034 -1.0000
vn 0.5384 0.7447 -0.3943
vn 0.6816 0.6170 -0.3935
vn 0.3760 0.3353 -0.8638
vn 0.2980 0.4049 -0.8644
vn 0.7950 0.4623 -0.3928
vn 0.4377 0.2511 -0.8633
vn 0.1171 0.0989 -0.9882
vn 0.0939 0.1196 -0.9884
vn 0.1355 0.0738 -0.9880
vn 0.0020 -0.0060 -1.0000
vn 0.0031 -0.0069 -1.0000
vn 0.0011 -0.0047 -1.0000
vn 0.0077 -0.9189 -0.3945
vn 0.0088 -0.5015 -0.8651
vn 0.1129 -0.4899 -0.8645
vn 0.1986 -0.8975 -0.3937
vn 0.2121 -0.4568 -0.8639
vn 0.3808 -0.8370 -0.3930
vn 0.3024 -0.4039 -0.8634
vn 0.5464 -0.7399 -0.3924
vn 0.0079 -0.1500 -0.9887
vn 0.0388 -0.1466 -0.9884
vn 0.0683 -0.1368 -0.9882
vn 0.0952 -0.1211 -0.9881
vn 0.0071 0.0058 -1.0000
vn 0.0057 0.0056 -1.0000
vn 0.0043 0.0051 -1.0000
vn 0.0030 0.0044 -1.0000
vn 0.7999 -0.4547 -0.3917
vn 0.4404 -0.2485 -0.8627
vn 0.6882 -0.6106 -0.3920
vn 0.3796 -0.3334 -0.8630
vn 0.1363 -0.0749 -0.9878
vn 0.1182 -0.1001 -0.9879
vn 0.0011 0.0022 -1.0000
vn 0.0019 0.0034 -1.0000
vn -0.8703 -0.2892 -0.3987
vn -0.4701 -0.1585 -0.8682
vn -0.4269 -0.2540 -0.8679
vn -0.7912 -0.4642 -0.3982
vn -0.3648 -0.3384 -0.8674
vn -0.6773 -0.6190 -0.3975
vn -0.2864 -0.4080 -0.8669
vn -0.5337 -0.7468 -0.3968
vn -0.1345 -0.0480 -0.9897
vn -0.1217 -0.0764 -0.9896
vn -0.1032 -0.1015 -0.9895
vn -0.0799 -0.1222 -0.9893
vn 0.0137 0.0009 -0.9999
vn 0.0132 0.0023 -0.9999
vn 0.0123 0.0034 -0.9999
vn 0.0112 0.0044 -0.9999
vn -0.1836 -0.9000 -0.3953
vn -0.0954 -0.4914 -0.8657
vn -0.3667 -0.8418 -0.3961
vn -0.1953 -0.4597 -0.8663
vn -0.0232 -0.1470 -0.9889
vn -0.0528 -0.1376 -0.9891
vn 0.0086 0.0056 -0.9999
vn 0.0100 0.0052 -0.9999
vn -0.5417 0.7400 -0.3987
vn -0.2908 0.4027 -0.8679
vn -0.3684 0.3322 -0.8683
vn -0.6839 0.6107 -0.3991
vn -0.4296 0.2472 -0.8685
vn -0.7961 0.4547 -0.3993
vn -0.4718 0.1512 -0.8686
vn -0.8734 0.2787 -0.3994
vn -0.0812 0.1188 -0.9896
vn -0.1043 0.0979 -0.9897
vn -0.1225 0.0726 -0.9898
vn -0.1350 0.0440 -0.9899
vn 0.0113 -0.0068 -0.9999
vn 0.0124 -0.0059 -0.9999
vn 0.0132 -0.0047 -0.9999
vn 0.0138 -0.0033 -0.9999
vn -0.8964 -0.1966 -0.3972
vn -0.4860 -0.1084 -0.8672
vn -0.9177 -0.0055 -0.3972
vn -0.9123 0.0906 -0.3993
vn -0.4931 0.0486 -0.8686
vn -0.4977 -0.0038 -0.8673
vn -0.1394 -0.0332 -0.9897
vn -0.1414 0.0136 -0.9899
vn -0.1429 -0.0020 -0.9897
vn 0.0140 0.0003 -0.9999
vn 0.0141 -0.0019 -0.9999
vn 0.0142 -0.0012 -0.9999
vn 0.2072 0.4569 -0.8650
vn 0.3718 0.8400 -0.3951
vn 0.1076 0.4888 -0.8657
vn 0.1889 0.8986 -0.3960
vn 0.0034 0.4995 -0.8663
vn -0.0022 0.9179 -0.3968
vn 0.0669 0.1351 -0.9886
vn 0.0372 0.1446 -0.9888
vn 0.0063 0.1476 -0.9890
vn 0.0044 -0.0076 -1.0000
vn 0.0057 -0.0080 -1.0000
vn 0.0072 -0.0082 -0.9999
vn -0.3757 0.8368 -0.3982
vn -0.2002 0.4554 -0.8675
vn -0.1932 0.8970 -0.3975
vn -0.1007 0.4881 -0.8669
vn -0.0543 0.1345 -0.9894
vn -0.0247 0.1443 -0.9892
vn 0.0100 -0.0076 -0.9999
vn 0.0086 -0.0081 -0.9999
vn 0.8734 -0.2787 0.3994
vn 0.9123 -0.0906 0.3993
vn 0.4930 -0.0486 0.8686
vn 0.4718 -0.1512 0.8686
vn 0.9113 0.1015 0.3990
vn 0.4925 0.0562 0.8685
vn 0.4701 0.1585 0.8682
vn 0.8703 0.2892 0.3987
vn 0.1438 -0.0111 0.9895
vn 0.1580 -0.0514 0.9861
vn 0.1411 0.0176 0.9898
vn 0.1346 0.0480 0.9897
vn -0.0133 0.0094 0.9999
vn 0.0276 -0.0098 0.9996
vn -0.0141 0.0005 0.9999
vn -0.0137 -0.0009 0.9999
vn 0.5337 0.7468 0.3969
vn 0.2864 0.4080 0.8669
vn 0.3648 0.3384 0.8674
vn 0.6773 0.6190 0.3975
vn 0.4269 0.2540 0.8679
vn 0.7912 0.4642 0.3982
vn 0.0940 0.1418 0.9854
vn 0.1067 0.1010 0.9892
vn 0.1217 0.0764 0.9896
vn 0.0141 0.0307 0.9994
vn -0.0073 -0.0090 0.9999
vn -0.0132 -0.0023 0.9999
vn 0.0022 -0.9179 0.3968
vn 0.1932 -0.8970 0.3975
vn 0.1007 -0.4881 0.8669
vn -0.0034 -0.4994 0.8663
vn 0.3758 -0.8368 0.3982
vn 0.2002 -0.4554 0.8675
vn 0.2908 -0.4027 0.8679
vn 0.5418 -0.7400 0.3987
vn 0.0278 -0.1459 0.9889
vn -0.0061 -0.1717 0.9851
vn 0.0543 -0.1345 0.9894
vn 0.0812 -0.1188 0.9896
vn -0.0013 0.0097 1.0000
vn -0.0070 -0.0351 0.9994
vn -0.0100 0.0076 0.9999
vn -0.0113 0.0069 0.9999
vn 0.4296 -0.2472 0.8685
vn 0.7961 -0.4547 0.3993
vn 0.3684 -0.3323 0.8683
vn 0.6840 -0.6107 0.3991
vn 0.1231 -0.0760 0.9895
vn 0.1043 -0.0979 0.9897
vn -0.0169 -0.0019 0.9999
vn -0.0123 0.0058 0.9999
vn -0.8738 -0.2875 0.3923
vn -0.7950 -0.4623 0.3928
vn -0.4377 -0.2511 0.8633
vn -0.4807 -0.1559 0.8629
vn -0.6816 -0.6170 0.3935
vn -0.3760 -0.3353 0.8638
vn -0.2980 -0.4049 0.8644
vn -0.5384 -0.7447 0.3943
vn -0.1361 -0.0773 0.9877
vn -0.1711 -0.0530 0.9838
vn -0.1171 -0.0989 0.9882
vn -0.0939 -0.1196 0.9884
vn 0.0026 -0.0018 1.0000
vn -0.0417 -0.0102 0.9991
vn -0.0020 0.0059 1.0000
vn -0.0031 0.0069 1.0000
vn -0.1076 -0.4888 0.8657
vn -0.1889 -0.8986 0.3959
vn -0.2072 -0.4569 0.8650
vn -0.3718 -0.8400 0.3951
vn -0.0403 -0.1462 0.9884
vn -0.0669 -0.1351 0.9886
vn -0.0131 0.0095 0.9999
vn -0.0043 0.0077 1.0000
vn -0.5464 0.7399 0.3924
vn -0.6882 0.6106 0.3920
vn -0.3796 0.3334 0.8630
vn -0.3024 0.4039 0.8634
vn -0.7999 0.4547 0.3917
vn -0.4404 0.2485 0.8627
vn -0.4823 0.1528 0.8626
vn -0.8768 0.2791 0.3916
vn -0.1217 0.0996 0.9876
vn -0.1095 0.1405 0.9840
vn -0.1363 0.0749 0.9878
vn -0.1488 0.0464 0.9878
vn -0.0069 -0.0090 0.9999
vn -0.0287 0.0305 0.9991
vn -0.0011 -0.0022 1.0000
vn -0.0005 -0.0009 1.0000
vn -0.4965 -0.1058 0.8616
vn -0.8999 -0.1951 0.3901
vn -0.9208 -0.0045 0.3900
vn -0.5079 -0.0017 0.8614
vn -0.5034 0.0506 0.8626
vn -0.9156 0.0914 0.3917
vn -0.1582 -0.0258 0.9871
vn -0.1566 0.0004 0.9877
vn -0.1551 0.0160 0.9878
vn -0.0020 0.0177 0.9998
vn -0.0001 0.0012 1.0000
vn -0.0002 0.0005 1.0000
vn 0.3667 0.8418 0.3961
vn 0.1953 0.4597 0.8663
vn 0.1836 0.9000 0.3953
vn 0.0954 0.4914 0.8657
vn -0.0088 0.5016 0.8651
vn -0.0077 0.9189 0.3944
vn 0.0513 0.1407 0.9887
vn 0.0232 0.1471 0.9889
vn -0.0079 0.1501 0.9886
vn -0.0169 -0.0021 0.9999
vn -0.0086 -0.0055 0.9999
vn -0.0071 -0.0058 1.0000
vn -0.2121 0.4568 0.8639
vn -0.3808 0.8370 0.3930
vn -0.1129 0.4899 0.8645
vn -0.1986 0.8975 0.3937
vn -0.0668 0.1399 0.9879
vn -0.0388 0.1466 0.9884
vn 0.0026 -0.0021 1.0000
vn -0.0056 -0.0056 1.0000
vn -0.7958 -0.4677 -0.3847
vn -0.8008 0.4581 -0.3859
vn -0.5682 0.3254 -0.7559
vn -0.5645 -0.3334 -0.7551
vn -0.0012 0.9234 -0.3839
vn 0.0008 0.6577 -0.7533
vn 0.7997 0.4647 -0.3803
vn 0.5727 0.3311 -0.7499
vn 0.8046 -0.4570 -0.3792
vn 0.5762 -0.3268 -0.7491
vn 0.0087 -0.9243 -0.3816
vn 0.0079 -0.6596 -0.7516
vn -1.0000 -0.0054 -0.0029
vn -0.5049 0.8632 -0.0025
vn 0.4956 0.8685 0.0004
vn 0.4956 0.8685 0.0003
vn 1.0000 0.0054 0.0028
vn 0.5050 -0.8631 0.0025
vn -0.4956 -0.8686 -0.0003
vn -0.4956 -0.8686 -0.0004
vn -0.4956 -0.8685 -0.0003
vn 0.0072 -0.0013 -1.0000
vn 0.0072 -0.0012 -1.0000
vn 0.0072 -0.0014 -1.0000
vn 0.0071 -0.0012 -1.0000
vn -0.5681 0.3253 -0.7559
vn -0.5646 -0.3334 -0.7550
vn 0.8046 -0.4570 -0.3791
vn 0.5763 -0.3268 -0.7491
vn 0.0087 -0.9243 -0.3815
vn 0.0080 -0.6595 -0.7516
vn -0.5050 0.8631 -0.0025
vn 1.0000 0.0054 0.0029
vn 1.0000 0.0055 0.0029
vn 1.0000 0.0055 0.0028
vn -0.4956 -0.8685 -0.0004
vn 0.0071 -0.0013 -1.0000
vn -0.7957 -0.4678 -0.3847
vn -0.8007 0.4581 -0.3860
vn -0.5682 0.3253 -0.7559
vn -0.5646 -0.3333 -0.7551
vn -0.0012 0.9234 -0.3838
vn 0.0008 0.6576 -0.7533
vn 0.7996 0.4647 -0.3803
vn 0.5726 0.3311 -0.7499
vn 0.0080 -0.6596 -0.7516
vn 0.4956 0.8686 0.0003
vn 0.5049 -0.8632 0.0025
vn 0.5726 0.3312 -0.7500
vn 0.0088 -0.9243 -0.3815
vn 0.0079 -0.6595 -0.7517
vn -0.5049 0.8631 -0.0025
vn 0.5049 -0.8631 0.0025
vn -0.8008 0.4581 -0.3858
vn -0.5646 -0.3335 -0.7550
vn 0.5726 0.3311 -0.7500
vn 0.4957 0.8685 0.0003
vn 0.0070 -0.0012 -1.0000
vn -0.5646 -0.3333 -0.7550
vn -0.0013 0.9234 -0.3838
vn 0.0008 0.6576 -0.7534
vn 0.7997 0.4647 -0.3802
vn -1.0000 -0.0054 -0.0028
vn 0.0070 -0.0013 -1.0000
vn -0.5514 -0.8343 -0.0006
vn -0.7033 -0.7109 -0.0011
vn -0.7038 -0.7104 -0.0011
vn -0.9218 -0.3876 -0.0022
vn -0.9220 -0.3872 -0.0022
vn -0.9259 0.3776 -0.0031
vn -0.9261 0.3773 -0.0031
vn -0.7109 0.7033 -0.0029
vn -0.7114 0.7028 -0.0029
vn -0.3874 0.9219 -0.0022
vn -0.3883 0.9215 -0.0022
vn -0.0048 1.0000 -0.0012
vn -0.0059 1.0000 -0.0012
vn 0.3784 0.9256 -0.0000
vn 0.3775 0.9260 -0.0000
vn 0.7038 0.7104 0.0011
vn 0.7033 0.7109 0.0011
vn 0.9220 0.3872 0.0022
vn 0.9218 0.3876 0.0022
vn 0.9261 -0.3773 0.0031
vn 0.9259 -0.3776 0.0031
vn 0.7114 -0.7028 0.0029
vn 0.7109 -0.7033 0.0029
vn 0.3883 -0.9215 0.0022
vn 0.3874 -0.9219 0.0022
vn 0.0059 -1.0000 0.0013
vn 0.0048 -1.0000 0.0013
vn -0.1899 -0.9818 0.0007
vn -0.0072 0.0012 1.0000
vn -0.0071 0.0012 1.0000
vn 0.0072 -0.0011 -1.0000
vn 0.6855 0.6204 -0.3811
vn 0.6853 0.6206 -0.3811
vn 0.5413 0.7491 -0.3819
vn 0.5416 0.7488 -0.3820
vn 0.7994 0.4648 -0.3807
vn 0.7993 0.4650 -0.3807
vn 0.8785 0.2892 -0.3802
vn 0.8786 0.2891 -0.3802
vn 0.9207 -0.0918 -0.3794
vn 0.8817 -0.2805 -0.3794
vn 0.8816 -0.2807 -0.3794
vn 0.9207 -0.0919 -0.3794
vn 0.9196 0.1008 -0.3796
vn 0.9196 0.1009 -0.3796
vn 0.8044 -0.4571 -0.3795
vn 0.8043 -0.4573 -0.3795
vn 0.6921 -0.6139 -0.3797
vn 0.6919 -0.6141 -0.3797
vn 0.5494 -0.7441 -0.3802
vn 0.5496 -0.7439 -0.3802
vn 0.1999 -0.9026 -0.3812
vn 0.0079 -0.9242 -0.3818
vn 0.0075 -0.9242 -0.3818
vn 0.1995 -0.9027 -0.3812
vn 0.3832 -0.8416 -0.3806
vn 0.3828 -0.8418 -0.3806
vn -0.1844 -0.9053 -0.3826
vn -0.1849 -0.9052 -0.3826
vn -0.3687 -0.8469 -0.3833
vn -0.3691 -0.8467 -0.3833
vn -0.5371 -0.7511 -0.3839
vn -0.5368 -0.7513 -0.3839
vn -0.7960 -0.4672 -0.3848
vn -0.8756 -0.2910 -0.3855
vn -0.8757 -0.2908 -0.3855
vn -0.7962 -0.4669 -0.3848
vn -0.6813 -0.6229 -0.3845
vn -0.6815 -0.6226 -0.3845
vn -0.9169 -0.1021 -0.3859
vn -0.9179 0.0912 -0.3862
vn -0.8788 0.2804 -0.3861
vn -0.8787 0.2806 -0.3861
vn -0.6880 0.6145 -0.3862
vn -0.5448 0.7445 -0.3859
vn -0.5452 0.7442 -0.3859
vn -0.6882 0.6142 -0.3861
vn -0.8010 0.4576 -0.3861
vn -0.8011 0.4574 -0.3861
vn -0.3778 0.8419 -0.3853
vn -0.3782 0.8417 -0.3853
vn -0.1941 0.9023 -0.3848
vn -0.1946 0.9022 -0.3848
vn -0.0025 0.9233 -0.3842
vn -0.0020 0.9233 -0.3842
vn 0.3741 0.8447 -0.3827
vn 0.3737 0.8449 -0.3827
vn 0.1902 0.9037 -0.3835
vn 0.1898 0.9038 -0.3835
vn -0.1925 -0.2784 -0.9410
vn -0.2459 -0.2310 -0.9414
vn -0.4353 -0.4021 -0.8055
vn -0.3421 -0.4849 -0.8049
vn -0.2883 -0.1735 -0.9417
vn -0.5094 -0.3056 -0.8044
vn -0.5786 -0.2585 -0.7736
vn -0.3177 -0.1084 -0.9420
vn -0.4813 -0.1622 -0.8614
vn -0.6026 -0.5523 -0.5761
vn -0.4745 -0.6662 -0.5753
vn -0.7009 -0.4204 -0.5763
vn -0.7838 -0.3350 -0.5228
vn -0.6582 -0.2202 -0.7199
vn -0.7582 -0.2898 -0.5841
vn -0.6499 -0.2175 -0.7283
vn -0.6326 -0.2245 -0.7413
vn -0.5528 -0.1857 -0.8123
vn -0.6401 -0.2016 -0.7414
vn -0.5529 -0.1857 -0.8123
vn -0.3188 0.1026 -0.9422
vn -0.5626 0.1802 -0.8069
vn -0.5882 0.0582 -0.8066
vn -0.3333 0.0327 -0.9422
vn -0.5875 -0.0665 -0.8065
vn -0.3329 -0.0387 -0.9422
vn -0.6161 -0.1389 -0.7753
vn -0.8305 -0.1980 -0.5207
vn -0.7802 -0.2231 -0.5845
vn -0.7775 0.2484 -0.5777
vn -0.8127 0.0806 -0.5770
vn -0.8143 -0.0912 -0.5732
vn -0.2901 0.1680 -0.9421
vn -0.5127 0.2944 -0.8065
vn -0.2484 0.2259 -0.9420
vn -0.4431 0.3943 -0.8051
vn -0.4200 0.4745 -0.7736
vn -0.1955 0.2739 -0.9417
vn -0.3031 0.4115 -0.8596
vn -0.7091 0.4054 -0.5769
vn -0.6131 0.5391 -0.5774
vn -0.5578 0.6444 -0.5231
vn -0.4084 0.5614 -0.7197
vn -0.5062 0.6341 -0.5845
vn -0.4060 0.5487 -0.7308
vn -0.4043 0.5357 -0.7413
vn -0.3424 0.4725 -0.8121
vn -0.3850 0.5501 -0.7410
vn 0.0049 0.3399 -0.9405
vn 0.0026 0.5942 -0.8043
vn -0.1212 0.5807 -0.8050
vn -0.0660 0.3321 -0.9409
vn -0.2396 0.5420 -0.8055
vn -0.1338 0.3098 -0.9413
vn -0.3140 0.5517 -0.7726
vn -0.4318 0.7325 -0.5263
vn -0.4497 0.6756 -0.5842
vn -0.0005 0.8181 -0.5751
vn -0.1708 0.7995 -0.5758
vn -0.3348 0.7484 -0.5726
vn 0.0759 0.3327 -0.9400
vn 0.1265 0.5816 -0.8036
vn 0.1438 0.3110 -0.9395
vn 0.2428 0.5465 -0.8015
vn 0.3257 0.5489 -0.7698
vn 0.2057 0.2756 -0.9390
vn 0.3047 0.4142 -0.8577
vn 0.1699 0.8009 -0.5741
vn 0.3266 0.7512 -0.5736
vn 0.4431 0.7307 -0.5194
vn 0.4115 0.5645 -0.7156
vn 0.4497 0.6789 -0.5805
vn 0.4063 0.5571 -0.7242
vn 0.3885 0.5528 -0.7372
vn 0.3480 0.4751 -0.8082
vn 0.4082 0.5389 -0.7369
vn 0.3303 0.1058 -0.9379
vn 0.5698 0.1855 -0.8005
vn 0.5190 0.2988 -0.8008
vn 0.3010 0.1708 -0.9382
vn 0.4454 0.3988 -0.8016
vn 0.2588 0.2281 -0.9386
vn 0.4258 0.4741 -0.7707
vn 0.5609 0.6471 -0.5165
vn 0.5064 0.6380 -0.5800
vn 0.7802 0.2560 -0.5708
vn 0.7102 0.4119 -0.5709
vn 0.6108 0.5514 -0.5683
vn 0.3455 0.0363 -0.9377
vn 0.5962 0.0643 -0.8002
vn 0.3458 -0.0349 -0.9376
vn 0.5991 -0.0569 -0.7987
vn 0.6269 -0.1351 -0.7673
vn 0.3314 -0.1046 -0.9377
vn 0.4931 -0.1562 -0.8559
vn 0.8165 0.0891 -0.5704
vn 0.8181 -0.0748 -0.5702
vn 0.8345 -0.1920 -0.5165
vn 0.6682 -0.2122 -0.7131
vn 0.7878 -0.2138 -0.5777
vn 0.6596 -0.2095 -0.7219
vn 0.6501 -0.1938 -0.7347
vn 0.5642 -0.1790 -0.8060
vn 0.6428 -0.2167 -0.7347
vn 0.2086 -0.2757 -0.9383
vn 0.3580 -0.4799 -0.8010
vn 0.4497 -0.3961 -0.8006
vn 0.2613 -0.2277 -0.9380
vn 0.5220 -0.2951 -0.8003
vn 0.3028 -0.1699 -0.9378
vn 0.5871 -0.2534 -0.7688
vn 0.7918 -0.3297 -0.5141
vn 0.7665 -0.2803 -0.5778
vn 0.4885 -0.6597 -0.5710
vn 0.6148 -0.5444 -0.5706
vn 0.7166 -0.4066 -0.5667
vn 0.1471 -0.3118 -0.9387
vn 0.2507 -0.5429 -0.8015
vn 0.0795 -0.3342 -0.9391
vn 0.1362 -0.5833 -0.8007
vn 0.0700 -0.6345 -0.7697
vn 0.0086 -0.3422 -0.9396
vn 0.0090 -0.5131 -0.8583
vn 0.3410 -0.7463 -0.5716
vn 0.1853 -0.7988 -0.5723
vn 0.0785 -0.8513 -0.5188
vn 0.0088 -0.6979 -0.7162
vn 0.0436 -0.8132 -0.5804
vn 0.0089 -0.6890 -0.7247
vn 0.0210 -0.6750 -0.7375
vn 0.0089 -0.5879 -0.8089
vn -0.0031 -0.6750 -0.7378
vn -0.2337 -0.5465 -0.8042
vn -0.1305 -0.3137 -0.9405
vn -0.1149 -0.5840 -0.8036
vn -0.0624 -0.3352 -0.9401
vn -0.0552 -0.6334 -0.7719
vn -0.0662 -0.8534 -0.5171
vn -0.0265 -0.8136 -0.5809
vn -0.3256 -0.7510 -0.5745
vn -0.1627 -0.8052 -0.5702
vn -0.0122 0.0250 -0.9996
vn -0.0031 0.0297 -0.9996
vn 0.0070 0.0313 -0.9995
vn -0.0193 0.0178 -0.9997
vn -0.0239 0.0087 -0.9997
vn -0.0254 -0.0014 -0.9997
vn -0.0238 -0.0115 -0.9997
vn -0.0191 -0.0205 -0.9996
vn -0.0119 -0.0277 -0.9995
vn -0.0028 -0.0322 -0.9995
vn 0.0073 -0.0338 -0.9994
vn 0.0174 -0.0321 -0.9993
vn 0.0264 -0.0275 -0.9993
vn 0.0336 -0.0202 -0.9992
vn 0.0382 -0.0111 -0.9992
vn 0.0397 -0.0011 -0.9992
vn 0.0381 0.0090 -0.9992
vn 0.0334 0.0180 -0.9993
vn 0.0261 0.0252 -0.9993
vn 0.0171 0.0298 -0.9994
vn -0.7397 -0.6730 -0.0013
vn -0.7392 -0.6735 -0.0013
vn -0.5839 -0.8118 -0.0007
vn -0.5835 -0.8121 -0.0007
vn -0.8597 -0.5108 -0.0018
vn -0.8633 -0.5046 -0.0024
vn -0.9951 0.0991 -0.0030
vn -0.9527 0.3037 -0.0031
vn -0.9528 0.3036 -0.0031
vn -0.9950 0.1001 -0.0030
vn -0.9947 -0.1025 -0.0027
vn -0.9940 -0.1094 -0.0033
vn -0.9682 -0.2502 0.0067
vn -0.9495 -0.3139 -0.0005
vn -0.8688 0.4952 -0.0031
vn -0.8695 0.4939 -0.0031
vn -0.7517 0.6595 -0.0029
vn -0.7474 0.6644 -0.0035
vn -0.2131 0.9770 -0.0018
vn -0.1100 0.9939 -0.0015
vn -0.2125 0.9772 -0.0018
vn -0.4050 0.9143 -0.0023
vn -0.4118 0.9113 -0.0029
vn -0.5375 0.8432 0.0065
vn -0.5926 0.8055 -0.0009
vn 0.2031 0.9792 -0.0006
vn 0.2014 0.9795 -0.0006
vn 0.0992 0.9951 -0.0009
vn 0.0993 0.9951 -0.0009
vn 0.3956 0.9184 -0.0000
vn 0.4015 0.9159 -0.0006
vn 0.5285 0.8489 0.0096
vn 0.5835 0.8121 0.0025
vn 0.8635 0.5043 0.0018
vn 0.9495 0.3139 0.0023
vn 0.9494 0.3140 0.0023
vn 0.8640 0.5036 0.0018
vn 0.7448 0.6673 0.0013
vn 0.7399 0.6727 0.0007
vn 0.6364 0.7713 0.0100
vn 0.9940 0.1098 0.0027
vn 0.9938 0.1109 0.0027
vn 0.9958 -0.0917 0.0029
vn 0.9951 -0.0987 0.0024
vn 0.7471 -0.6647 0.0029
vn 0.5926 -0.8055 0.0027
vn 0.5922 -0.8058 0.0027
vn 0.7461 -0.6658 0.0029
vn 0.8653 -0.5013 0.0031
vn 0.8686 -0.4955 0.0025
vn 0.9305 -0.3662 0.0122
vn 0.9527 -0.3037 0.0049
vn 0.4121 -0.9111 0.0023
vn 0.4127 -0.9109 0.0023
vn 0.2208 -0.9753 0.0018
vn 0.2134 -0.9770 0.0012
vn -0.4018 -0.9157 -0.0000
vn -0.4033 -0.9151 -0.0000
vn -0.2097 -0.9778 0.0006
vn -0.2034 -0.9791 0.0000
vn -0.0610 -0.9981 0.0102
vn 0.0051 -1.0000 0.0030
vn -0.5927 0.8054 -0.0098
vn -0.5921 0.8058 -0.0098
vn -0.3139 0.9494 -0.0092
vn -0.3147 0.9492 -0.0092
vn -0.8125 0.5829 -0.0102
vn -0.8122 0.5833 -0.0102
vn -0.9528 0.3035 -0.0103
vn -0.9527 0.3038 -0.0102
vn -0.9999 -0.0054 -0.0100
vn -0.9494 -0.3138 -0.0095
vn -0.9493 -0.3141 -0.0095
vn -0.8061 -0.5917 -0.0087
vn -0.8058 -0.5921 -0.0087
vn -0.5839 -0.8118 -0.0078
vn -0.5834 -0.8122 -0.0078
vn -0.3044 -0.9525 -0.0069
vn -0.3037 -0.9528 -0.0069
vn -0.1512 -0.9885 -0.0063
vn 0.3140 -0.9494 -0.0051
vn 0.3148 -0.9492 -0.0051
vn 0.1619 -0.9868 -0.0054
vn 0.5922 -0.8058 -0.0045
vn 0.5927 -0.8054 -0.0045
vn 0.8122 -0.5833 -0.0041
vn 0.8125 -0.5829 -0.0041
vn 0.9527 -0.3038 -0.0041
vn 0.9528 -0.3035 -0.0041
vn 1.0000 0.0054 -0.0043
vn 0.9494 0.3140 -0.0049
vn 0.9495 0.3138 -0.0048
vn 0.8059 0.5920 -0.0056
vn 0.8062 0.5916 -0.0056
vn 0.5834 0.8121 -0.0065
vn 0.5840 0.8117 -0.0065
vn 0.3038 0.9527 -0.0075
vn 0.3045 0.9525 -0.0075
vn -0.0058 0.9999 -0.0084
vn -0.0049 1.0000 -0.0084
vn 0.5921 -0.8058 0.0027
vn 0.5927 -0.8054 0.0027
vn 0.3147 -0.9492 0.0021
vn 0.3140 -0.9494 0.0021
vn 0.8122 -0.5833 0.0030
vn 0.8125 -0.5829 0.0030
vn 0.9527 -0.3038 0.0031
vn 0.9528 -0.3035 0.0031
vn 0.9494 0.3141 0.0023
vn 0.9495 0.3138 0.0023
vn 0.8059 0.5921 0.0016
vn 0.8062 0.5917 0.0016
vn 0.5834 0.8122 0.0007
vn 0.5840 0.8118 0.0007
vn 0.3037 0.9528 -0.0003
vn 0.3045 0.9525 -0.0003
vn 0.1512 0.9885 -0.0008
vn -0.3147 0.9492 -0.0021
vn -0.3140 0.9494 -0.0021
vn -0.1619 0.9868 -0.0017
vn -0.5927 0.8054 -0.0027
vn -0.5921 0.8058 -0.0027
vn -0.8125 0.5829 -0.0030
vn -0.8122 0.5833 -0.0030
vn -0.9527 0.3038 -0.0031
vn -0.9495 -0.3138 -0.0023
vn -0.9494 -0.3141 -0.0023
vn -0.8062 -0.5917 -0.0016
vn -0.8059 -0.5921 -0.0016
vn -0.5840 -0.8118 -0.0007
vn -0.5834 -0.8122 -0.0007
vn -0.3045 -0.9525 0.0003
vn -0.3037 -0.9528 0.0003
vn 0.0050 -1.0000 0.0012
vn 0.0058 -1.0000 0.0013
vn -0.3139 0.9494 -0.0021
vn -0.9528 0.3035 -0.0031
vn -0.1512 -0.9885 0.0008
vn 0.1619 -0.9868 0.0017
vn -0.0058 1.0000 -0.0012
vn -0.0050 1.0000 -0.0012
vn 0.0073 -0.0013 -1.0000
vn -0.8059 -0.5921 -0.0015
vn -0.7396 -0.6730 -0.0013
vn -0.7399 -0.6727 -0.0013
vn -0.8630 -0.5052 -0.0006
vn -0.8597 -0.5109 -0.0018
vn -0.9954 -0.0962 -0.0019
vn -0.9782 -0.2077 -0.0004
vn -0.9940 -0.1090 -0.0015
vn -0.9948 -0.1022 -0.0027
vn -0.8567 -0.5158 -0.0010
vn -0.9090 -0.4168 0.0001
vn -0.8689 0.4949 -0.0031
vn -0.7474 0.6643 -0.0017
vn -0.7522 0.6590 -0.0029
vn -0.4000 0.9165 -0.0015
vn -0.4996 0.8663 -0.0003
vn -0.2130 0.9770 -0.0018
vn -0.0051 1.0000 -0.0012
vn -0.0057 1.0000 -0.0012
vn -0.2136 0.9769 -0.0018
vn -0.4109 0.9117 -0.0011
vn -0.4051 0.9143 -0.0023
vn -0.7606 0.6493 -0.0022
vn -0.6771 0.7359 -0.0007
vn 0.2025 0.9793 -0.0006
vn 0.4015 0.9158 0.0012
vn 0.3948 0.9188 -0.0000
vn 0.7485 0.6632 0.0021
vn 0.6699 0.7425 0.0031
vn 0.8634 0.5045 0.0018
vn 0.7405 0.6721 0.0025
vn 0.3890 0.9212 0.0008
vn 0.4913 0.8710 0.0025
vn 0.9939 0.1099 0.0027
vn 0.9952 -0.0982 0.0042
vn 0.9958 -0.0915 0.0029
vn 0.8619 -0.5070 0.0039
vn 0.9137 -0.4063 0.0052
vn 0.7469 -0.6650 0.0029
vn 0.8685 -0.4956 0.0043
vn 0.8650 -0.5018 0.0031
vn 0.9963 -0.0856 0.0037
vn 0.9804 -0.1970 0.0052
vn 0.4117 -0.9113 0.0023
vn 0.2144 -0.9767 0.0030
vn 0.2206 -0.9754 0.0018
vn -0.2168 -0.9762 0.0014
vn -0.1040 -0.9946 0.0031
vn -0.4023 -0.9155 -0.0000
vn -0.2034 -0.9791 0.0018
vn -0.2105 -0.9776 0.0006
vn 0.2258 -0.9742 0.0026
vn 0.1161 -0.9932 0.0037
vn -0.9538 0.3005 -0.0023
vn -0.8685 0.4957 -0.0053
vn -0.6969 0.7171 -0.0025
vn -0.7110 0.7032 -0.0067
vn -0.3591 0.9333 -0.0026
vn -0.5862 -0.8101 0.0002
vn -0.4016 -0.9158 -0.0022
vn -0.1313 -0.9913 0.0012
vn -0.1510 -0.9885 -0.0030
vn 0.2689 -0.9632 0.0016
vn -0.0086 1.0000 -0.0004
vn 0.2031 0.9792 -0.0028
vn 0.4673 0.8841 0.0006
vn 0.4495 0.8933 -0.0036
vn 0.7770 0.6295 0.0011
vn -0.9517 0.3070 -0.0023
vn -0.9958 0.0911 -0.0052
vn -0.9834 -0.1814 -0.0023
vn -0.9870 -0.1604 -0.0064
vn -0.8332 -0.5530 -0.0021
vn 0.9484 0.3171 0.0031
vn 0.9940 0.1090 0.0005
vn 0.9854 -0.1702 0.0033
vn 0.9885 -0.1514 -0.0008
vn 0.8392 -0.5439 0.0027
vn -0.0016 1.0000 -0.0004
vn -0.2149 0.9766 -0.0040
vn -0.4762 0.8794 -0.0021
vn -0.4595 0.8881 -0.0062
vn -0.7838 0.6210 -0.0034
vn 0.5954 -0.8034 0.0035
vn 0.4106 -0.9118 0.0001
vn 0.1428 -0.9897 0.0019
vn 0.1614 -0.9869 -0.0021
vn -0.2585 -0.9660 0.0001
vn 0.9506 0.3105 0.0031
vn 0.8629 0.5054 -0.0004
vn 0.6897 0.7241 0.0014
vn 0.7033 0.7109 -0.0026
vn 0.3490 0.9371 -0.0006
vn -0.5807 -0.8141 0.0002
vn -0.7407 -0.6718 -0.0035
vn -0.8975 -0.4410 -0.0017
vn -0.8889 -0.4581 -0.0057
vn -0.9986 -0.0528 -0.0032
vn 0.5898 -0.8076 0.0035
vn 0.7473 -0.6645 0.0007
vn 0.9023 -0.4312 0.0034
vn 0.8937 -0.4486 -0.0007
vn 0.9991 -0.0420 0.0025
vn -0.1065 0.0244 0.9940
vn -0.1115 0.0282 0.9934
vn -0.0884 0.0271 0.9957
vn -0.0784 0.0239 0.9966
vn -0.1130 -0.0105 0.9935
vn -0.1083 -0.0322 0.9936
vn -0.0730 -0.0766 0.9944
vn -0.0508 -0.0595 0.9969
vn -0.0569 -0.0680 0.9961
vn -0.0748 -0.0827 0.9938
vn -0.0991 -0.0525 0.9937
vn -0.0158 0.1028 0.9946
vn -0.0136 0.1088 0.9940
vn -0.0076 0.0865 0.9962
vn -0.0075 0.0760 0.9971
vn -0.0510 0.0983 0.9939
vn -0.0702 0.0870 0.9937
vn -0.1015 0.0398 0.9940
vn -0.1079 0.0396 0.9934
vn -0.0867 0.0721 0.9936
vn 0.0870 0.0409 0.9954
vn 0.0933 0.0407 0.9948
vn 0.0739 0.0280 0.9969
vn 0.0639 0.0247 0.9976
vn 0.0717 0.0730 0.9948
vn 0.0717 0.0729 0.9948
vn 0.0551 0.0877 0.9946
vn 0.0004 0.1029 0.9947
vn -0.0017 0.1089 0.9941
vn 0.0357 0.0988 0.9945
vn 0.0597 -0.0759 0.9953
vn 0.0615 -0.0820 0.9947
vn 0.0434 -0.0675 0.9968
vn 0.0372 -0.0590 0.9976
vn 0.0855 -0.0516 0.9950
vn 0.0855 -0.0515 0.9950
vn 0.0945 -0.0312 0.9950
vn 0.0921 0.0255 0.9954
vn 0.0971 0.0294 0.9948
vn 0.0991 -0.0094 0.9950
vn 0.0990 -0.0093 0.9950
vn -0.0599 -0.0860 0.9945
vn -0.0651 -0.0896 0.9938
vn -0.0287 -0.1031 0.9943
vn -0.0065 -0.1053 0.9944
vn 0.0466 -0.0855 0.9952
vn 0.0519 -0.0890 0.9947
vn 0.0156 -0.1028 0.9946
vn 0.4800 0.1618 0.8622
vn 0.4799 0.1618 0.8622
vn 0.5502 0.1849 0.8143
vn 0.5501 0.1848 0.8144
vn 0.3796 -0.5149 0.7686
vn 0.3428 -0.4698 0.8135
vn 0.2994 -0.4063 0.8633
vn 0.2895 -0.3954 0.8717
vn -0.3009 -0.4089 0.8615
vn -0.3040 -0.4133 0.8584
vn -0.3040 -0.4133 0.8583
vn -0.4871 0.1543 0.8596
vn -0.4921 0.1559 0.8564
vn -0.0089 0.5854 0.8107
vn -0.0089 0.5852 0.8108
vn -0.0089 0.6142 0.7891
vn -0.0089 0.6144 0.7889
vn 0.9708 -0.2397 0.0122
vn -0.5617 0.1782 0.8079
vn -0.5618 0.1782 0.8078
vn -0.5892 0.1869 0.7861
vn -0.5893 0.1870 0.7860
vn 0.2964 -0.4046 0.8651
vn 0.4132 -0.5600 0.7181
vn 0.3583 -0.4940 0.7922
vn -0.6446 0.7645 0.0064
vn 0.4748 0.1601 0.8654
vn 0.5779 0.1939 0.7927
vn 0.5777 0.1939 0.7929
vn -0.9265 -0.3763 0.0069
vn -0.0089 0.5064 0.8622
vn -0.0089 0.5119 0.8590
vn -0.0089 0.5118 0.8591
vn 0.0719 -0.9974 0.0105
vn 0.2952 0.4010 -0.8672
vn 0.8142 -0.5806 0.0008
vn 0.8172 -0.5764 -0.0034
vn 0.8158 -0.5784 -0.0014
vn 0.8126 -0.5828 0.0030
vn -0.8106 0.5856 -0.0052
vn -0.8122 0.5834 -0.0030
vn -0.8090 0.5878 -0.0075
vn -0.8075 0.5898 -0.0094
vn -0.2878 0.3987 -0.8707
vn 0.8042 0.5943 -0.0007
vn 0.8012 0.5984 -0.0049
vn 0.8026 0.5965 -0.0029
vn 0.8058 0.5921 0.0016
vn -0.8079 -0.5894 -0.0038
vn -0.8063 -0.5916 -0.0016
vn -0.8094 -0.5872 -0.0060
vn -0.8108 -0.5852 -0.0080
vn -0.4654 -0.1570 -0.8711
vn -0.4654 -0.1570 -0.8710
vn -0.3173 0.9483 -0.0043
vn -0.3221 0.9467 -0.0085
vn -0.3198 0.9474 -0.0065
vn 0.3114 -0.9503 -0.0002
vn 0.3088 -0.9511 -0.0024
vn 0.3065 -0.9518 -0.0044
vn 0.4778 -0.1514 -0.8653
vn -0.3011 -0.9536 -0.0019
vn -0.2962 -0.9551 -0.0061
vn -0.2985 -0.9544 -0.0041
vn -0.3038 -0.9527 0.0003
vn 0.3071 0.9517 -0.0025
vn 0.3044 0.9525 -0.0003
vn 0.3097 0.9508 -0.0047
vn 0.3120 0.9501 -0.0067
vn 0.0089 -0.4967 -0.8679
vn -1.0000 -0.0085 -0.0051
vn -0.9999 -0.0136 -0.0092
vn -0.9999 -0.0112 -0.0073
vn -1.0000 -0.0058 -0.0028
vn 1.0000 0.0023 0.0006
vn 1.0000 0.0051 0.0028
vn 1.0000 -0.0004 -0.0016
vn 1.0000 -0.0028 -0.0036
vn -0.3466 -0.4731 0.8099
vn -0.3634 -0.4968 0.7881
vn -0.3634 -0.4967 0.7882
# 936 vertex normals

vt 0.1333 0.9503 0.0000
vt 0.1333 0.9651 0.0000
vt 0.0667 0.9651 0.0000
vt 0.0667 0.9503 0.0000
vt -0.0000 0.9651 0.0000
vt -0.0000 0.9503 0.0000
vt -0.0667 0.9651 0.0000
vt -0.0667 0.9503 0.0000
vt 0.1333 0.9804 0.0000
vt 0.0667 0.9804 0.0000
vt -0.0000 0.9804 0.0000
vt -0.0667 0.9804 0.0000
vt 0.1333 0.9988 0.0000
vt 0.0667 0.9988 0.0000
vt -0.0000 0.9988 0.0000
vt -0.0667 0.9988 0.0000
vt -0.2666 0.9503 0.0000
vt -0.2000 0.9503 0.0000
vt -0.2000 0.9651 0.0000
vt -0.2666 0.9651 0.0000
vt -0.1333 0.9503 0.0000
vt -0.1333 0.9651 0.0000
vt -0.2000 0.9804 0.0000
vt -0.2666 0.9804 0.0000
vt -0.1333 0.9804 0.0000
vt -0.2000 0.9988 0.0000
vt -0.2666 0.9988 0.0000
vt -0.1333 0.9988 0.0000
vt 0.5332 0.9503 0.0000
vt 0.5332 0.9651 0.0000
vt 0.4666 0.9651 0.0000
vt 0.4666 0.9503 0.0000
vt 0.3999 0.9651 0.0000
vt 0.3999 0.9503 0.0000
vt 0.3333 0.9651 0.0000
vt 0.3333 0.9503 0.0000
vt 0.5332 0.9804 0.0000
vt 0.4666 0.9804 0.0000
vt 0.3999 0.9804 0.0000
vt 0.3333 0.9804 0.0000
vt 0.5332 0.9988 0.0000
vt 0.4666 0.9988 0.0000
vt 0.3999 0.9988 0.0000
vt 0.3333 0.9988 0.0000
vt 0.2000 0.9503 0.0000
vt 0.2000 0.9651 0.0000
vt 0.2666 0.9503 0.0000
vt 0.2666 0.9651 0.0000
vt 0.2000 0.9804 0.0000
vt 0.2666 0.9804 0.0000
vt 0.2000 0.9988 0.0000
vt 0.2666 0.9988 0.0000
vt 0.9331 0.9503 0.0000
vt 0.9331 0.9651 0.0000
vt 0.8662 0.9651 0.0000
vt 0.8662 0.9503 0.0000
vt 0.7998 0.9651 0.0000
vt 0.7998 0.9503 0.0000
vt 0.7329 0.9651 0.0000
vt 0.7329 0.9503 0.0000
vt 0.9331 0.9804 0.0000
vt 0.8662 0.9804 0.0000
vt 0.7998 0.9804 0.0000
vt 0.7329 0.9804 0.0000
vt 0.9331 0.9988 0.0000
vt 0.8662 0.9988 0.0000
vt 0.7998 0.9988 0.0000
vt 0.7329 0.9988 0.0000
vt 0.5996 0.9503 0.0000
vt 0.5996 0.9651 0.0000
vt 0.6665 0.9503 0.0000
vt 0.6665 0.9651 0.0000
vt 0.5996 0.9804 0.0000
vt 0.6665 0.9804 0.0000
vt 0.5996 0.9988 0.0000
vt 0.6665 0.9988 0.0000
vt -0.6665 0.9503 0.0000
vt -0.6665 0.9651 0.0000
vt -0.7329 0.9651 0.0000
vt -0.7329 0.9503 0.0000
vt -0.7998 0.9651 0.0000
vt -0.7998 0.9503 0.0000
vt -0.8662 0.9651 0.0000
vt -0.8662 0.9503 0.0000
vt -0.6665 0.9804 0.0000
vt -0.7329 0.9804 0.0000
vt -0.7998 0.9804 0.0000
vt -0.8662 0.9804 0.0000
vt -0.6665 0.9988 0.0000
vt -0.7329 0.9988 0.0000
vt -0.7998 0.9988 0.0000
vt -0.8662 0.9988 0.0000
vt 0.9995 0.9503 0.0000
vt 0.9995 0.9651 0.0000
vt -1.0000 0.9503 0.0000
vt -0.9331 0.9503 0.0000
vt -0.9331 0.9651 0.0000
vt -1.0000 0.9651 0.0000
vt 0.9995 0.9804 0.0000
vt -0.9331 0.9804 0.0000
vt -1.0000 0.9804 0.0000
vt 0.9995 0.9988 0.0000
vt -0.9331 0.9988 0.0000
vt -1.0000 0.9988 0.0000
vt -0.3333 0.9651 0.0000
vt -0.3333 0.9503 0.0000
vt -0.3999 0.9651 0.0000
vt -0.3999 0.9503 0.0000
vt -0.4666 0.9651 0.0000
vt -0.4666 0.9503 0.0000
vt -0.3333 0.9804 0.0000
vt -0.3999 0.9804 0.0000
vt -0.4666 0.9804 0.0000
vt -0.3333 0.9988 0.0000
vt -0.3999 0.9988 0.0000
vt -0.4666 0.9988 0.0000
vt -0.5996 0.9503 0.0000
vt -0.5996 0.9651 0.0000
vt -0.5332 0.9503 0.0000
vt -0.5332 0.9651 0.0000
vt -0.5996 0.9804 0.0000
vt -0.5332 0.9804 0.0000
vt -0.5996 0.9989 0.0000
vt -0.5332 0.9988 0.0000
vt 0.1333 0.7046 0.0000
vt 0.0667 0.7046 0.0000
vt 0.0667 0.6897 0.0000
vt 0.1333 0.6897 0.0000
vt -0.0000 0.7046 0.0000
vt -0.0000 0.6897 0.0000
vt -0.0667 0.6897 0.0000
vt -0.0667 0.7046 0.0000
vt 0.0667 0.6743 0.0000
vt 0.1333 0.6743 0.0000
vt -0.0000 0.6743 0.0000
vt -0.0667 0.6743 0.0000
vt 0.0667 0.6560 0.0000
vt 0.1333 0.6560 0.0000
vt -0.0000 0.6560 0.0000
vt -0.0667 0.6560 0.0000
vt -0.2666 0.7046 0.0000
vt -0.2666 0.6897 0.0000
vt -0.2000 0.6897 0.0000
vt -0.2000 0.7046 0.0000
vt -0.1333 0.6897 0.0000
vt -0.1333 0.7046 0.0000
vt -0.2666 0.6743 0.0000
vt -0.2000 0.6743 0.0000
vt -0.1333 0.6743 0.0000
vt -0.2666 0.6560 0.0000
vt -0.2000 0.6560 0.0000
vt -0.1333 0.6560 0.0000
vt 0.5332 0.7043 0.0000
vt 0.4666 0.7043 0.0000
vt 0.4666 0.6897 0.0000
vt 0.5332 0.6897 0.0000
vt 0.3999 0.7046 0.0000
vt 0.3999 0.6897 0.0000
vt 0.3333 0.6897 0.0000
vt 0.3333 0.7046 0.0000
vt 0.4666 0.6743 0.0000
vt 0.5332 0.6743 0.0000
vt 0.3999 0.6743 0.0000
vt 0.3333 0.6743 0.0000
vt 0.4666 0.6560 0.0000
vt 0.5332 0.6560 0.0000
vt 0.3999 0.6560 0.0000
vt 0.3333 0.6560 0.0000
vt 0.2000 0.6897 0.0000
vt 0.2000 0.7046 0.0000
vt 0.2666 0.6897 0.0000
vt 0.2666 0.7046 0.0000
vt 0.2000 0.6743 0.0000
vt 0.2666 0.6743 0.0000
vt 0.2000 0.6560 0.0000
vt 0.2666 0.6560 0.0000
vt 0.9331 0.7043 0.0000
vt 0.8662 0.7043 0.0000
vt 0.8662 0.6897 0.0000
vt 0.9331 0.6897 0.0000
vt 0.7998 0.7043 0.0000
vt 0.7998 0.6897 0.0000
vt 0.7329 0.6897 0.0000
vt 0.7329 0.7043 0.0000
vt 0.8662 0.6743 0.0000
vt 0.9331 0.6743 0.0000
vt 0.7998 0.6743 0.0000
vt 0.7329 0.6743 0.0000
vt 0.8662 0.6560 0.0000
vt 0.9331 0.6560 0.0000
vt 0.7998 0.6560 0.0000
vt 0.7329 0.6560 0.0000
vt 0.5996 0.6897 0.0000
vt 0.5996 0.7043 0.0000
vt 0.6665 0.6897 0.0000
vt 0.6665 0.7043 0.0000
vt 0.5996 0.6743 0.0000
vt 0.6665 0.6743 0.0000
vt 0.5996 0.6560 0.0000
vt 0.6665 0.6560 0.0000
vt -0.6665 0.7043 0.0000
vt -0.7329 0.7043 0.0000
vt -0.7329 0.6897 0.0000
vt -0.6665 0.6897 0.0000
vt -0.7998 0.7043 0.0000
vt -0.7998 0.6897 0.0000
vt -0.8662 0.6897 0.0000
vt -0.8662 0.7046 0.0000
vt -0.7329 0.6743 0.0000
vt -0.6665 0.6743 0.0000
vt -0.7998 0.6743 0.0000
vt -0.8662 0.6743 0.0000
vt -0.7329 0.6560 0.0000
vt -0.6665 0.6560 0.0000
vt -0.7998 0.6560 0.0000
vt -0.8662 0.6560 0.0000
vt 0.9995 0.6897 0.0000
vt 0.9995 0.7043 0.0000
vt -1.0000 0.7046 0.0000
vt -1.0000 0.6897 0.0000
vt -0.9331 0.6897 0.0000
vt -0.9331 0.7043 0.0000
vt 0.9995 0.6743 0.0000
vt -1.0000 0.6743 0.0000
vt -0.9331 0.6743 0.0000
vt 0.9995 0.6560 0.0000
vt -1.0000 0.6560 0.0000
vt -0.9331 0.6560 0.0000
vt -0.3333 0.7046 0.0000
vt -0.3333 0.6897 0.0000
vt -0.3999 0.7046 0.0000
vt -0.3999 0.6897 0.0000
vt -0.4666 0.6897 0.0000
vt -0.4666 0.7043 0.0000
vt -0.3333 0.6743 0.0000
vt -0.3999 0.6743 0.0000
vt -0.4666 0.6743 0.0000
vt -0.3333 0.6560 0.0000
vt -0.3999 0.6560 0.0000
vt -0.4666 0.6560 0.0000
vt -0.5996 0.6897 0.0000
vt -0.5996 0.7043 0.0000
vt -0.5332 0.6897 0.0000
vt -0.5332 0.7043 0.0000
vt -0.5996 0.6743 0.0000
vt -0.5332 0.6743 0.0000
vt -0.5996 0.6560 0.0000
vt -0.5332 0.6560 0.0000
vt 0.5127 0.2637 0.0000
vt 0.4438 0.2637 0.0000
vt 0.4612 0.2339 0.0000
vt 0.4956 0.2339 0.0000
vt 0.4094 0.2041 0.0000
vt 0.4438 0.2041 0.0000
vt 0.4438 0.1445 0.0000
vt 0.4612 0.1743 0.0000
vt 0.5127 0.1445 0.0000
vt 0.4956 0.1743 0.0000
vt 0.5474 0.2041 0.0000
vt 0.5127 0.2041 0.0000
vt 0.7827 0.2676 0.0000
vt 0.7827 0.2476 0.0000
vt 0.9624 0.2476 0.0000
vt 0.9624 0.2676 0.0000
vt 0.7827 0.2275 0.0000
vt 0.9624 0.2275 0.0000
vt 0.7827 0.2080 0.0000
vt 0.9624 0.2080 0.0000
vt 0.7827 0.1880 0.0000
vt 0.9624 0.1880 0.0000
vt 0.7827 0.1680 0.0000
vt 0.9624 0.1680 0.0000
vt 0.7827 0.1479 0.0000
vt 0.9624 0.1479 0.0000
vt 0.6079 0.1753 0.0000
vt 0.6968 0.3296 0.0000
vt 0.6079 0.3296 0.0000
vt 0.5635 0.2524 0.0000
vt 0.7412 0.2524 0.0000
vt 0.6968 0.1753 0.0000
vt 0.0387 0.1396 0.0000
vt 0.0387 0.1704 0.0000
vt 0.0257 0.1704 0.0000
vt 0.0257 0.1396 0.0000
vt 0.0387 0.2012 0.0000
vt 0.0257 0.2012 0.0000
vt 0.0387 0.2319 0.0000
vt 0.0257 0.2319 0.0000
vt 0.0387 0.2632 0.0000
vt 0.0257 0.2632 0.0000
vt 0.0387 0.2939 0.0000
vt 0.0257 0.2939 0.0000
vt 0.0387 0.3247 0.0000
vt 0.0257 0.3247 0.0000
vt 0.0387 0.3555 0.0000
vt 0.0257 0.3555 0.0000
vt 0.0387 0.3867 0.0000
vt 0.0257 0.3867 0.0000
vt 0.0387 0.4175 0.0000
vt 0.0257 0.4175 0.0000
vt 0.0387 0.4482 0.0000
vt 0.0257 0.4482 0.0000
vt 0.0387 0.4790 0.0000
vt 0.0257 0.4790 0.0000
vt 0.0387 0.5100 0.0000
vt 0.0257 0.5100 0.0000
vt 0.0387 0.5408 0.0000
vt 0.0257 0.5408 0.0000
vt 0.0387 0.5718 0.0000
vt 0.0257 0.5718 0.0000
vt 0.0387 0.6025 0.0000
vt 0.0257 0.6025 0.0000
vt 0.0387 0.6335 0.0000
vt 0.0257 0.6335 0.0000
vt 0.4104 0.3027 0.0000
vt 0.4702 0.2905 0.0000
vt 0.5298 0.3027 0.0000
vt 0.3596 0.5571 0.0000
vt 0.3257 0.5066 0.0000
vt 0.6143 0.5066 0.0000
vt 0.5806 0.5571 0.0000
vt 0.6797 0.4028 0.0000
vt 0.6797 0.5225 0.0000
vt 0.6675 0.4629 0.0000
vt 0.3257 0.3872 0.0000
vt 0.3596 0.3364 0.0000
vt 0.5806 0.3364 0.0000
vt 0.6143 0.3872 0.0000
vt 0.6265 0.4468 0.0000
vt 0.3140 0.4468 0.0000
vt 0.4702 0.6030 0.0000
vt 0.4104 0.5911 0.0000
vt 0.5298 0.5911 0.0000
vt 0.7642 0.3184 0.0000
vt 0.7642 0.6072 0.0000
vt 0.7134 0.5732 0.0000
vt 0.7134 0.3525 0.0000
vt 0.8838 0.3184 0.0000
vt 0.8838 0.6072 0.0000
vt 0.8237 0.6189 0.0000
vt 0.8237 0.3066 0.0000
vt 0.9800 0.4629 0.0000
vt 0.9683 0.5225 0.0000
vt 0.9683 0.4028 0.0000
vt 0.9346 0.3525 0.0000
vt 0.9346 0.5732 0.0000
vt 0.0816 0.3022 0.0000
vt 0.0845 0.2993 0.0000
vt 0.1088 0.3213 0.0000
vt 0.1064 0.3242 0.0000
vt 0.0620 0.2749 0.0000
vt 0.0653 0.2729 0.0000
vt 0.0520 0.2432 0.0000
vt 0.0484 0.2446 0.0000
vt 0.0414 0.1782 0.0000
vt 0.0484 0.1455 0.0000
vt 0.0521 0.1470 0.0000
vt 0.0453 0.1787 0.0000
vt 0.0414 0.2119 0.0000
vt 0.0453 0.2114 0.0000
vt 0.0620 0.1152 0.0000
vt 0.0653 0.1172 0.0000
vt 0.0816 0.0879 0.0000
vt 0.0845 0.0908 0.0000
vt 0.1088 0.0688 0.0000
vt 0.1064 0.0654 0.0000
vt 0.1672 0.0386 0.0000
vt 0.2004 0.0352 0.0000
vt 0.2004 0.0391 0.0000
vt 0.1680 0.0425 0.0000
vt 0.1354 0.0488 0.0000
vt 0.1370 0.0522 0.0000
vt 0.2336 0.0386 0.0000
vt 0.2329 0.0425 0.0000
vt 0.2654 0.0488 0.0000
vt 0.2639 0.0522 0.0000
vt 0.2922 0.0688 0.0000
vt 0.2944 0.0654 0.0000
vt 0.3389 0.1152 0.0000
vt 0.3525 0.1455 0.0000
vt 0.3489 0.1470 0.0000
vt 0.3357 0.1172 0.0000
vt 0.3193 0.0879 0.0000
vt 0.3164 0.0908 0.0000
vt 0.3594 0.1782 0.0000
vt 0.3557 0.1787 0.0000
vt 0.3594 0.2119 0.0000
vt 0.3557 0.2114 0.0000
vt 0.3489 0.2432 0.0000
vt 0.3525 0.2446 0.0000
vt 0.3193 0.3022 0.0000
vt 0.2944 0.3242 0.0000
vt 0.2922 0.3213 0.0000
vt 0.3164 0.2993 0.0000
vt 0.3389 0.2749 0.0000
vt 0.3357 0.2729 0.0000
vt 0.2654 0.3413 0.0000
vt 0.2639 0.3379 0.0000
vt 0.2336 0.3516 0.0000
vt 0.2329 0.3477 0.0000
vt 0.2004 0.3511 0.0000
vt 0.2004 0.3550 0.0000
vt 0.1354 0.3413 0.0000
vt 0.1370 0.3379 0.0000
vt 0.1672 0.3516 0.0000
vt 0.1680 0.3477 0.0000
vt 0.0929 0.2920 0.0000
vt 0.1154 0.3120 0.0000
vt 0.0751 0.2676 0.0000
vt 0.0714 0.2598 0.0000
vt 0.0626 0.2397 0.0000
vt 0.0938 0.2910 0.0000
vt 0.1161 0.3110 0.0000
vt 0.0761 0.2671 0.0000
vt 0.0727 0.2593 0.0000
vt 0.0655 0.2388 0.0000
vt 0.0730 0.2568 0.0000
vt 0.0639 0.2393 0.0000
vt 0.0745 0.2544 0.0000
vt 0.0809 0.2510 0.0000
vt 0.0637 0.2212 0.0000
vt 0.0708 0.2202 0.0000
vt 0.0628 0.1504 0.0000
vt 0.0565 0.1802 0.0000
vt 0.0565 0.2100 0.0000
vt 0.0580 0.2188 0.0000
vt 0.0595 0.2183 0.0000
vt 0.0612 0.2202 0.0000
vt 0.0639 0.1509 0.0000
vt 0.0577 0.1802 0.0000
vt 0.0577 0.2100 0.0000
vt 0.0751 0.1226 0.0000
vt 0.0929 0.0981 0.0000
vt 0.0990 0.0923 0.0000
vt 0.1153 0.0776 0.0000
vt 0.0761 0.1230 0.0000
vt 0.0938 0.0991 0.0000
vt 0.1001 0.0933 0.0000
vt 0.1171 0.0801 0.0000
vt 0.1025 0.0928 0.0000
vt 0.1161 0.0791 0.0000
vt 0.1051 0.0938 0.0000
vt 0.1102 0.0986 0.0000
vt 0.1334 0.0728 0.0000
vt 0.1367 0.0796 0.0000
vt 0.2004 0.0503 0.0000
vt 0.1704 0.0532 0.0000
vt 0.1416 0.0630 0.0000
vt 0.1340 0.0669 0.0000
vt 0.1348 0.0684 0.0000
vt 0.1335 0.0703 0.0000
vt 0.2004 0.0513 0.0000
vt 0.1707 0.0547 0.0000
vt 0.1421 0.0640 0.0000
vt 0.2306 0.0532 0.0000
vt 0.2593 0.0630 0.0000
vt 0.2668 0.0669 0.0000
vt 0.2856 0.0776 0.0000
vt 0.2303 0.0547 0.0000
vt 0.2588 0.0640 0.0000
vt 0.2661 0.0684 0.0000
vt 0.2839 0.0801 0.0000
vt 0.2673 0.0703 0.0000
vt 0.2849 0.0791 0.0000
vt 0.2673 0.0728 0.0000
vt 0.2642 0.0796 0.0000
vt 0.2959 0.0938 0.0000
vt 0.2908 0.0986 0.0000
vt 0.3381 0.1504 0.0000
vt 0.3259 0.1226 0.0000
vt 0.3081 0.0981 0.0000
vt 0.3020 0.0923 0.0000
vt 0.3008 0.0933 0.0000
vt 0.2983 0.0928 0.0000
vt 0.3369 0.1509 0.0000
vt 0.3247 0.1230 0.0000
vt 0.3071 0.0991 0.0000
vt 0.3445 0.1802 0.0000
vt 0.3445 0.2100 0.0000
vt 0.3430 0.2188 0.0000
vt 0.3384 0.2397 0.0000
vt 0.3433 0.1802 0.0000
vt 0.3433 0.2100 0.0000
vt 0.3416 0.2183 0.0000
vt 0.3354 0.2388 0.0000
vt 0.3398 0.2202 0.0000
vt 0.3369 0.2393 0.0000
vt 0.3372 0.2212 0.0000
vt 0.3301 0.2202 0.0000
vt 0.3264 0.2544 0.0000
vt 0.3201 0.2510 0.0000
vt 0.2854 0.3120 0.0000
vt 0.3081 0.2920 0.0000
vt 0.3259 0.2676 0.0000
vt 0.3296 0.2598 0.0000
vt 0.3281 0.2593 0.0000
vt 0.3279 0.2568 0.0000
vt 0.2849 0.3110 0.0000
vt 0.3071 0.2910 0.0000
vt 0.3247 0.2671 0.0000
vt 0.2593 0.3271 0.0000
vt 0.2306 0.3369 0.0000
vt 0.2222 0.3379 0.0000
vt 0.2004 0.3403 0.0000
vt 0.2588 0.3262 0.0000
vt 0.2303 0.3354 0.0000
vt 0.2219 0.3364 0.0000
vt 0.2004 0.3369 0.0000
vt 0.2196 0.3354 0.0000
vt 0.2004 0.3389 0.0000
vt 0.2180 0.3330 0.0000
vt 0.2168 0.3262 0.0000
vt 0.1829 0.3330 0.0000
vt 0.1841 0.3262 0.0000
vt 0.1416 0.3271 0.0000
vt 0.1703 0.3369 0.0000
vt 0.1788 0.3379 0.0000
vt 0.1791 0.3364 0.0000
vt 0.1813 0.3354 0.0000
vt 0.1421 0.3262 0.0000
vt 0.1707 0.3354 0.0000
vt 0.2004 0.1948 0.0000
vt 0.2269 0.2314 0.0000
vt 0.2144 0.2378 0.0000
vt 0.2004 0.2402 0.0000
vt 0.2368 0.2217 0.0000
vt 0.2432 0.2090 0.0000
vt 0.2454 0.1948 0.0000
vt 0.2432 0.1812 0.0000
vt 0.2368 0.1685 0.0000
vt 0.2269 0.1587 0.0000
vt 0.2144 0.1523 0.0000
vt 0.2004 0.1499 0.0000
vt 0.1865 0.1523 0.0000
vt 0.1741 0.1587 0.0000
vt 0.1641 0.1685 0.0000
vt 0.1577 0.1812 0.0000
vt 0.1555 0.1948 0.0000
vt 0.1577 0.2090 0.0000
vt 0.1641 0.2217 0.0000
vt 0.1741 0.2314 0.0000
vt 0.1865 0.2378 0.0000
vt 0.3726 0.7117 0.0000
vt 0.3970 0.7454 0.0000
vt 0.3672 0.7604 0.0000
vt 0.3542 0.7209 0.0000
vt 0.3870 0.6973 0.0000
vt 0.4207 0.7217 0.0000
vt 0.3962 0.6790 0.0000
vt 0.4358 0.6919 0.0000
vt 0.3994 0.6587 0.0000
vt 0.4409 0.6587 0.0000
vt 0.3962 0.6387 0.0000
vt 0.4358 0.6257 0.0000
vt 0.3870 0.6204 0.0000
vt 0.4207 0.5959 0.0000
vt 0.3726 0.6060 0.0000
vt 0.3970 0.5723 0.0000
vt 0.3542 0.5967 0.0000
vt 0.3672 0.5571 0.0000
vt 0.3342 0.5935 0.0000
vt 0.3342 0.5520 0.0000
vt 0.3140 0.5967 0.0000
vt 0.3010 0.5571 0.0000
vt 0.2957 0.6060 0.0000
vt 0.2712 0.5723 0.0000
vt 0.2812 0.6204 0.0000
vt 0.2477 0.5959 0.0000
vt 0.2720 0.6387 0.0000
vt 0.2325 0.6257 0.0000
vt 0.2688 0.6587 0.0000
vt 0.2273 0.6587 0.0000
vt 0.2720 0.6790 0.0000
vt 0.2325 0.6919 0.0000
vt 0.2812 0.6973 0.0000
vt 0.2477 0.7217 0.0000
vt 0.2957 0.7117 0.0000
vt 0.2712 0.7454 0.0000
vt 0.3140 0.7209 0.0000
vt 0.3010 0.7604 0.0000
vt 0.3342 0.7241 0.0000
vt 0.3342 0.7656 0.0000
vt 0.4004 0.7500 0.0000
vt 0.4143 0.7689 0.0000
vt 0.3762 0.7883 0.0000
vt 0.3689 0.7659 0.0000
vt 0.4253 0.7251 0.0000
vt 0.4443 0.7388 0.0000
vt 0.4412 0.6936 0.0000
vt 0.4636 0.7009 0.0000
vt 0.4468 0.6587 0.0000
vt 0.4705 0.6587 0.0000
vt 0.4412 0.6240 0.0000
vt 0.4636 0.6167 0.0000
vt 0.4253 0.5925 0.0000
vt 0.4443 0.5786 0.0000
vt 0.4004 0.5676 0.0000
vt 0.4143 0.5486 0.0000
vt 0.3689 0.5518 0.0000
vt 0.3762 0.5293 0.0000
vt 0.3342 0.5461 0.0000
vt 0.3342 0.5225 0.0000
vt 0.2993 0.5518 0.0000
vt 0.2920 0.5293 0.0000
vt 0.2678 0.5676 0.0000
vt 0.2542 0.5486 0.0000
vt 0.2430 0.5925 0.0000
vt 0.2240 0.5786 0.0000
vt 0.2271 0.6240 0.0000
vt 0.2046 0.6167 0.0000
vt 0.2216 0.6587 0.0000
vt 0.1980 0.6587 0.0000
vt 0.2271 0.6936 0.0000
vt 0.2046 0.7009 0.0000
vt 0.2430 0.7251 0.0000
vt 0.2240 0.7388 0.0000
vt 0.2678 0.7500 0.0000
vt 0.2542 0.7689 0.0000
vt 0.2993 0.7659 0.0000
vt 0.2920 0.7883 0.0000
vt 0.3342 0.7714 0.0000
vt 0.3342 0.7949 0.0000
vt 0.7939 0.8932 0.0000
vt 0.7939 0.9707 0.0000
vt 0.7769 0.9707 0.0000
vt 0.7769 0.8932 0.0000
vt 0.8105 0.8932 0.0000
vt 0.8105 0.9707 0.0000
vt 0.8613 0.8932 0.0000
vt 0.8779 0.8932 0.0000
vt 0.8779 0.9707 0.0000
vt 0.8613 0.9707 0.0000
vt 0.8442 0.8932 0.0000
vt 0.8442 0.9707 0.0000
vt 0.8394 0.8932 0.0000
vt 0.8276 0.9707 0.0000
vt 0.8950 0.8932 0.0000
vt 0.8950 0.9707 0.0000
vt 0.9116 0.8932 0.0000
vt 0.9116 0.9707 0.0000
vt 0.9624 0.8932 0.0000
vt 0.9790 0.8932 0.0000
vt 0.9790 0.9707 0.0000
vt 0.9624 0.9707 0.0000
vt 0.9453 0.8932 0.0000
vt 0.9453 0.9707 0.0000
vt 0.9404 0.8932 0.0000
vt 0.9287 0.9707 0.0000
vt 0.4907 0.8932 0.0000
vt 0.4907 0.9707 0.0000
vt 0.4739 0.9707 0.0000
vt 0.4739 0.8932 0.0000
vt 0.5073 0.8932 0.0000
vt 0.5073 0.9707 0.0000
vt 0.5122 0.8932 0.0000
vt 0.5244 0.9707 0.0000
vt 0.5581 0.8932 0.0000
vt 0.5747 0.8932 0.0000
vt 0.5747 0.9707 0.0000
vt 0.5581 0.9707 0.0000
vt 0.5410 0.8932 0.0000
vt 0.5410 0.9707 0.0000
vt 0.5361 0.8932 0.0000
vt 0.5918 0.8932 0.0000
vt 0.5918 0.9707 0.0000
vt 0.6084 0.8932 0.0000
vt 0.6084 0.9707 0.0000
vt 0.6592 0.8932 0.0000
vt 0.6758 0.8932 0.0000
vt 0.6758 0.9707 0.0000
vt 0.6592 0.9707 0.0000
vt 0.6421 0.8932 0.0000
vt 0.6421 0.9707 0.0000
vt 0.6372 0.8932 0.0000
vt 0.6255 0.9707 0.0000
vt 0.6929 0.8932 0.0000
vt 0.6929 0.9707 0.0000
vt 0.7095 0.8932 0.0000
vt 0.7095 0.9707 0.0000
vt 0.7603 0.8932 0.0000
vt 0.7603 0.9707 0.0000
vt 0.7432 0.8932 0.0000
vt 0.7432 0.9707 0.0000
vt 0.7383 0.8932 0.0000
vt 0.7266 0.9707 0.0000
vt 0.2515 0.2041 0.0000
vt 0.2515 0.1416 0.0000
vt 0.2805 0.1416 0.0000
vt 0.2805 0.2041 0.0000
vt 0.2227 0.2041 0.0000
vt 0.2227 0.1416 0.0000
vt 0.1937 0.2041 0.0000
vt 0.1937 0.1416 0.0000
vt 0.1648 0.2041 0.0000
vt 0.1648 0.1416 0.0000
vt 0.1360 0.2041 0.0000
vt 0.1360 0.1416 0.0000
vt 0.1071 0.2041 0.0000
vt 0.1071 0.1416 0.0000
vt 0.0781 0.2041 0.0000
vt 0.0781 0.1416 0.0000
vt 0.0492 0.2041 0.0000
vt 0.0492 0.1416 0.0000
vt 0.0203 0.2041 0.0000
vt 0.0203 0.1416 0.0000
vt 0.5698 0.2041 0.0000
vt 0.5698 0.1416 0.0000
vt 0.5986 0.1416 0.0000
vt 0.5986 0.2041 0.0000
vt 0.5405 0.2041 0.0000
vt 0.5405 0.1416 0.0000
vt 0.5117 0.2041 0.0000
vt 0.5117 0.1416 0.0000
vt 0.4829 0.2041 0.0000
vt 0.4829 0.1416 0.0000
vt 0.4541 0.2041 0.0000
vt 0.4541 0.1416 0.0000
vt 0.4250 0.2041 0.0000
vt 0.4250 0.1416 0.0000
vt 0.3962 0.2041 0.0000
vt 0.3962 0.1416 0.0000
vt 0.3672 0.2041 0.0000
vt 0.3672 0.1416 0.0000
vt 0.3384 0.2041 0.0000
vt 0.3384 0.1416 0.0000
vt 0.3093 0.2041 0.0000
vt 0.3093 0.1416 0.0000
vt 0.3672 0.0186 0.0000
vt 0.3672 0.1230 0.0000
vt 0.3384 0.1230 0.0000
vt 0.3384 0.0186 0.0000
vt 0.3962 0.0186 0.0000
vt 0.3962 0.1230 0.0000
vt 0.4250 0.0186 0.0000
vt 0.4250 0.1230 0.0000
vt 0.4541 0.0186 0.0000
vt 0.4541 0.1230 0.0000
vt 0.4829 0.0186 0.0000
vt 0.4829 0.1230 0.0000
vt 0.5117 0.0186 0.0000
vt 0.5117 0.1230 0.0000
vt 0.5405 0.0186 0.0000
vt 0.5405 0.1230 0.0000
vt 0.5698 0.0186 0.0000
vt 0.5698 0.1230 0.0000
vt 0.5986 0.0186 0.0000
vt 0.5986 0.1230 0.0000
vt 0.0492 0.0186 0.0000
vt 0.0492 0.1230 0.0000
vt 0.0203 0.1230 0.0000
vt 0.0203 0.0186 0.0000
vt 0.0781 0.0186 0.0000
vt 0.0781 0.1230 0.0000
vt 0.1071 0.0186 0.0000
vt 0.1071 0.1230 0.0000
vt 0.1360 0.0186 0.0000
vt 0.1360 0.1230 0.0000
vt 0.1648 0.0186 0.0000
vt 0.1648 0.1230 0.0000
vt 0.1937 0.0186 0.0000
vt 0.1937 0.1230 0.0000
vt 0.2227 0.0186 0.0000
vt 0.2227 0.1230 0.0000
vt 0.2515 0.0186 0.0000
vt 0.2515 0.1230 0.0000
vt 0.2805 0.0186 0.0000
vt 0.2805 0.1230 0.0000
vt 0.3093 0.0186 0.0000
vt 0.3093 0.1230 0.0000
vt 0.2537 0.3262 0.0000
vt 0.2537 0.2920 0.0000
vt 0.2825 0.2920 0.0000
vt 0.2825 0.3262 0.0000
vt 0.2250 0.3262 0.0000
vt 0.2250 0.2920 0.0000
vt 0.1962 0.3262 0.0000
vt 0.1962 0.2920 0.0000
vt 0.1674 0.3262 0.0000
vt 0.1674 0.2920 0.0000
vt 0.1385 0.3262 0.0000
vt 0.1385 0.2920 0.0000
vt 0.1097 0.3262 0.0000
vt 0.1097 0.2920 0.0000
vt 0.0809 0.3262 0.0000
vt 0.0809 0.2920 0.0000
vt 0.0521 0.3262 0.0000
vt 0.0521 0.2920 0.0000
vt 0.0233 0.3262 0.0000
vt 0.0233 0.2920 0.0000
vt 0.5708 0.3262 0.0000
vt 0.5708 0.2920 0.0000
vt 0.5996 0.2920 0.0000
vt 0.5996 0.3262 0.0000
vt 0.5420 0.3262 0.0000
vt 0.5420 0.2920 0.0000
vt 0.5132 0.3262 0.0000
vt 0.5132 0.2920 0.0000
vt 0.4844 0.3262 0.0000
vt 0.4844 0.2920 0.0000
vt 0.4556 0.3262 0.0000
vt 0.4556 0.2920 0.0000
vt 0.4268 0.3262 0.0000
vt 0.4268 0.2920 0.0000
vt 0.3979 0.3262 0.0000
vt 0.3979 0.2920 0.0000
vt 0.3691 0.3262 0.0000
vt 0.3691 0.2920 0.0000
vt 0.3403 0.3262 0.0000
vt 0.3403 0.2920 0.0000
vt 0.3113 0.3262 0.0000
vt 0.3113 0.2920 0.0000
vt 0.2537 0.2808 0.0000
vt 0.2825 0.2808 0.0000
vt 0.2250 0.2808 0.0000
vt 0.1962 0.2808 0.0000
vt 0.1674 0.2808 0.0000
vt 0.1385 0.2808 0.0000
vt 0.1097 0.2808 0.0000
vt 0.0809 0.2808 0.0000
vt 0.0521 0.2808 0.0000
vt 0.0233 0.2808 0.0000
vt 0.5708 0.2808 0.0000
vt 0.5996 0.2808 0.0000
vt 0.5420 0.2808 0.0000
vt 0.5132 0.2808 0.0000
vt 0.4844 0.2808 0.0000
vt 0.4556 0.2808 0.0000
vt 0.4268 0.2808 0.0000
vt 0.3979 0.2808 0.0000
vt 0.3691 0.2808 0.0000
vt 0.3403 0.2808 0.0000
vt 0.3113 0.2808 0.0000
vt 0.2537 0.2197 0.0000
vt 0.2825 0.2197 0.0000
vt 0.2250 0.2197 0.0000
vt 0.1962 0.2197 0.0000
vt 0.1674 0.2197 0.0000
vt 0.1385 0.2197 0.0000
vt 0.1097 0.2197 0.0000
vt 0.0809 0.2197 0.0000
vt 0.0521 0.2197 0.0000
vt 0.0233 0.2197 0.0000
vt 0.5708 0.2197 0.0000
vt 0.5996 0.2197 0.0000
vt 0.5420 0.2197 0.0000
vt 0.5132 0.2197 0.0000
vt 0.4844 0.2197 0.0000
vt 0.4556 0.2197 0.0000
vt 0.4268 0.2197 0.0000
vt 0.3979 0.2197 0.0000
vt 0.3691 0.2197 0.0000
vt 0.3403 0.2197 0.0000
vt 0.3113 0.2197 0.0000
vt 0.7451 0.2295 0.0000
vt 0.7451 0.1997 0.0000
vt 0.8027 0.1997 0.0000
vt 0.8027 0.2295 0.0000
vt 0.6885 0.2295 0.0000
vt 0.6860 0.1997 0.0000
vt 0.6670 0.1997 0.0000
vt 0.6753 0.2295 0.0000
vt 0.8604 0.2856 0.0000
vt 0.8027 0.2856 0.0000
vt 0.8027 0.2559 0.0000
vt 0.8604 0.2559 0.0000
vt 0.9170 0.2856 0.0000
vt 0.9189 0.2559 0.0000
vt 0.9385 0.2559 0.0000
vt 0.9302 0.2856 0.0000
vt 0.7451 0.2856 0.0000
vt 0.7451 0.2559 0.0000
vt 0.6885 0.2856 0.0000
vt 0.6860 0.2559 0.0000
vt 0.6670 0.2559 0.0000
vt 0.6753 0.2856 0.0000
vt 0.8604 0.1138 0.0000
vt 0.8027 0.1138 0.0000
vt 0.8027 0.0840 0.0000
vt 0.8604 0.0840 0.0000
vt 0.9170 0.1138 0.0000
vt 0.9189 0.0840 0.0000
vt 0.9385 0.0840 0.0000
vt 0.9302 0.1138 0.0000
vt 0.7451 0.1138 0.0000
vt 0.7451 0.0840 0.0000
vt 0.6885 0.1138 0.0000
vt 0.6860 0.0840 0.0000
vt 0.6670 0.0840 0.0000
vt 0.6753 0.1138 0.0000
vt 0.8604 0.0620 0.0000
vt 0.8027 0.0620 0.0000
vt 0.8027 0.0322 0.0000
vt 0.8604 0.0322 0.0000
vt 0.9170 0.0620 0.0000
vt 0.9189 0.0322 0.0000
vt 0.9385 0.0322 0.0000
vt 0.9302 0.0620 0.0000
vt 0.7451 0.0620 0.0000
vt 0.7451 0.0322 0.0000
vt 0.6885 0.0620 0.0000
vt 0.6860 0.0322 0.0000
vt 0.6670 0.0322 0.0000
vt 0.6753 0.0620 0.0000
vt 0.8604 0.1689 0.0000
vt 0.8027 0.1689 0.0000
vt 0.8027 0.1392 0.0000
vt 0.8604 0.1392 0.0000
vt 0.9170 0.1689 0.0000
vt 0.9189 0.1392 0.0000
vt 0.9385 0.1392 0.0000
vt 0.9302 0.1689 0.0000
vt 0.7451 0.1689 0.0000
vt 0.7451 0.1392 0.0000
vt 0.6885 0.1689 0.0000
vt 0.6860 0.1392 0.0000
vt 0.6670 0.1392 0.0000
vt 0.6753 0.1689 0.0000
vt 0.8604 0.2295 0.0000
vt 0.8604 0.1997 0.0000
vt 0.9170 0.2295 0.0000
vt 0.9189 0.1997 0.0000
vt 0.9385 0.1997 0.0000
vt 0.9302 0.2295 0.0000
vt 0.6699 0.2295 0.0000
vt 0.6582 0.1997 0.0000
vt 0.6626 0.2295 0.0000
vt 0.6470 0.1997 0.0000
vt 0.6411 0.2295 0.0000
vt 0.9355 0.2856 0.0000
vt 0.9473 0.2559 0.0000
vt 0.9424 0.2856 0.0000
vt 0.9585 0.2559 0.0000
vt 0.9644 0.2856 0.0000
vt 0.6699 0.2856 0.0000
vt 0.6582 0.2559 0.0000
vt 0.6626 0.2856 0.0000
vt 0.6470 0.2559 0.0000
vt 0.6411 0.2856 0.0000
vt 0.9355 0.1138 0.0000
vt 0.9473 0.0840 0.0000
vt 0.9424 0.1138 0.0000
vt 0.9585 0.0840 0.0000
vt 0.9644 0.1138 0.0000
vt 0.6699 0.1138 0.0000
vt 0.6582 0.0840 0.0000
vt 0.6626 0.1138 0.0000
vt 0.6470 0.0840 0.0000
vt 0.6411 0.1138 0.0000
vt 0.9355 0.0620 0.0000
vt 0.9473 0.0322 0.0000
vt 0.9424 0.0620 0.0000
vt 0.9585 0.0322 0.0000
vt 0.9644 0.0620 0.0000
vt 0.6699 0.0620 0.0000
vt 0.6582 0.0322 0.0000
vt 0.6626 0.0620 0.0000
vt 0.6470 0.0322 0.0000
vt 0.6411 0.0620 0.0000
vt 0.9355 0.1689 0.0000
vt 0.9473 0.1392 0.0000
vt 0.9424 0.1689 0.0000
vt 0.9585 0.1392 0.0000
vt 0.9644 0.1689 0.0000
vt 0.6699 0.1689 0.0000
vt 0.6582 0.1392 0.0000
vt 0.6626 0.1689 0.0000
vt 0.6470 0.1392 0.0000
vt 0.6411 0.1689 0.0000
vt 0.9355 0.2295 0.0000
vt 0.9473 0.1997 0.0000
vt 0.9424 0.2295 0.0000
vt 0.9585 0.1997 0.0000
vt 0.9644 0.2295 0.0000
vt 0.9746 0.5041 0.0000
vt 0.9575 0.5059 0.0000
vt 0.9502 0.4731 0.0000
vt 0.9668 0.4678 0.0000
vt 0.9746 0.5415 0.0000
vt 0.9575 0.5396 0.0000
vt 0.9668 0.5781 0.0000
vt 0.9502 0.5728 0.0000
vt 0.9297 0.6426 0.0000
vt 0.9019 0.6675 0.0000
vt 0.8916 0.6533 0.0000
vt 0.9170 0.6309 0.0000
vt 0.9517 0.6123 0.0000
vt 0.9365 0.6035 0.0000
vt 0.8340 0.3481 0.0000
vt 0.8306 0.3652 0.0000
vt 0.7969 0.3613 0.0000
vt 0.7969 0.3442 0.0000
vt 0.8696 0.3594 0.0000
vt 0.8623 0.3755 0.0000
vt 0.9019 0.3784 0.0000
vt 0.8916 0.3921 0.0000
vt 0.9517 0.4336 0.0000
vt 0.9365 0.4424 0.0000
vt 0.9297 0.4033 0.0000
vt 0.9170 0.4150 0.0000
vt 0.6421 0.4336 0.0000
vt 0.6572 0.4424 0.0000
vt 0.6431 0.4731 0.0000
vt 0.6270 0.4678 0.0000
vt 0.6641 0.4033 0.0000
vt 0.6768 0.4150 0.0000
vt 0.6919 0.3784 0.0000
vt 0.7021 0.3921 0.0000
vt 0.7598 0.3481 0.0000
vt 0.7632 0.3652 0.0000
vt 0.7241 0.3594 0.0000
vt 0.7310 0.3755 0.0000
vt 0.6641 0.6426 0.0000
vt 0.6768 0.6309 0.0000
vt 0.7021 0.6533 0.0000
vt 0.6919 0.6675 0.0000
vt 0.6421 0.6123 0.0000
vt 0.6572 0.6035 0.0000
vt 0.6270 0.5781 0.0000
vt 0.6431 0.5728 0.0000
vt 0.6191 0.5041 0.0000
vt 0.6362 0.5059 0.0000
vt 0.6191 0.5415 0.0000
vt 0.6362 0.5396 0.0000
vt 0.8696 0.6863 0.0000
vt 0.8623 0.6702 0.0000
vt 0.8340 0.6978 0.0000
vt 0.8306 0.6807 0.0000
vt 0.7969 0.7017 0.0000
vt 0.7969 0.6843 0.0000
vt 0.7241 0.6863 0.0000
vt 0.7310 0.6702 0.0000
vt 0.7598 0.6978 0.0000
vt 0.7632 0.6807 0.0000
vt 0.9194 0.5823 0.0000
vt 0.9302 0.5498 0.0000
vt 0.9331 0.5491 0.0000
vt 0.9219 0.5847 0.0000
vt 0.8628 0.4028 0.0000
vt 0.8931 0.4248 0.0000
vt 0.8901 0.4263 0.0000
vt 0.8623 0.4062 0.0000
vt 0.7793 0.4712 0.0000
vt 0.7520 0.4907 0.0000
vt 0.7046 0.4263 0.0000
vt 0.7319 0.4062 0.0000
vt 0.7407 0.5254 0.0000
vt 0.7510 0.5571 0.0000
vt 0.6748 0.5823 0.0000
vt 0.6646 0.5498 0.0000
vt 0.7788 0.6616 0.0000
vt 0.8159 0.6616 0.0000
vt 0.8184 0.6628 0.0000
vt 0.7764 0.6628 0.0000
vt 0.6133 0.8932 0.0000
vt 0.6729 0.5847 0.0000
vt 0.6611 0.5491 0.0000
vt 0.6724 0.5874 0.0000
vt 0.6592 0.5471 0.0000
vt 0.8423 0.4907 0.0000
vt 0.8154 0.4712 0.0000
vt 0.8613 0.4004 0.0000
vt 0.8955 0.4253 0.0000
vt 0.9165 0.8932 0.0000
vt 0.8433 0.5571 0.0000
vt 0.8535 0.5254 0.0000
vt 0.9355 0.5471 0.0000
vt 0.9224 0.5874 0.0000
vt 0.8154 0.8932 0.0000
vt 0.7808 0.5784 0.0000
vt 0.8140 0.5784 0.0000
vt 0.8145 0.6587 0.0000
vt 0.7803 0.6587 0.0000
vt 0.7144 0.8932 0.0000
vt 0.4529 0.5713 0.0000
vt 0.3809 0.5190 0.0000
vt 0.4961 0.3657 0.0000
vt 0.5630 0.4146 0.0000
vt 0.3420 0.4956 0.0000
vt 0.4424 0.3574 0.0000
vt 0.4902 0.6030 0.0000
vt 0.5903 0.4648 0.0000
vt 0.2874 0.5190 0.0000
vt 0.2155 0.5713 0.0000
vt 0.1051 0.4146 0.0000
vt 0.1724 0.3657 0.0000
vt 0.1809 0.6011 0.0000
vt 0.0806 0.4629 0.0000
vt 0.3291 0.4932 0.0000
vt 0.2288 0.3550 0.0000
vt 0.1865 0.6602 0.0000
vt 0.2140 0.7449 0.0000
vt 0.0308 0.8013 0.0000
vt 0.0051 0.7222 0.0000
vt 0.2316 0.7867 0.0000
vt 0.0692 0.8396 0.0000
vt 0.1749 0.6125 0.0000
vt 0.0126 0.6653 0.0000
vt 0.4543 0.7449 0.0000
vt 0.4817 0.6602 0.0000
vt 0.6631 0.7222 0.0000
vt 0.6377 0.8013 0.0000
vt 0.4922 0.6160 0.0000
vt 0.6543 0.6687 0.0000
vt 0.4355 0.7902 0.0000
vt 0.5977 0.8429 0.0000
vt 0.2896 0.7998 0.0000
vt 0.3787 0.7998 0.0000
vt 0.3757 0.9915 0.0000
vt 0.2925 0.9915 0.0000
vt 0.4241 0.7960 0.0000
vt 0.4241 0.9667 0.0000
vt 0.2408 0.7960 0.0000
vt 0.2408 0.9667 0.0000
vt 0.7017 0.4248 0.0000
vt 0.7319 0.4028 0.0000
vt 0.6987 0.4253 0.0000
vt 0.7329 0.4004 0.0000
# 1117 texture coords

o LlantaDelanteraIzquierda
g LlantaDelanteraIzquierda
usemtl 5b395f45_dds
s 1
f 1/1/1 2/2/2 3/3/3 
f 1/1/1 3/3/3 4/4/4 
f 4/4/4 3/3/3 5/5/5 
f 4/4/4 5/5/5 6/6/6 
f 7/7/7 8/8/8 6/6/6 
f 7/7/7 6/6/6 5/5/5 
f 2/2/2 9/9/9 10/10/10 
f 2/2/2 10/10/10 3/3/3 
f 3/3/3 10/10/10 11/11/11 
f 3/3/3 11/11/11 5/5/5 
f 12/12/12 7/7/7 5/5/5 
f 12/12/12 5/5/5 11/11/11 
f 10/10/10 9/9/9 13/13/13 
f 10/10/10 13/13/13 14/14/14 
f 11/11/11 10/10/10 14/14/14 
f 11/11/11 14/14/14 15/15/15 
f 16/16/16 12/12/12 11/11/11 
f 16/16/16 11/11/11 15/15/15 
f 17/17/17 18/18/18 19/19/19 
f 17/17/17 19/19/19 20/20/20 
f 18/18/18 21/21/21 22/22/22 
f 18/18/18 22/22/22 19/19/19 
f 7/7/7 22/22/22 21/21/21 
f 7/7/7 21/21/21 8/8/8 
f 20/20/20 19/19/19 23/23/23 
f 20/20/20 23/23/23 24/24/24 
f 19/19/19 22/22/22 25/25/25 
f 19/19/19 25/25/25 23/23/23 
f 12/12/12 25/25/25 22/22/22 
f 12/12/12 22/22/22 7/7/7 
f 23/23/23 26/26/26 27/27/27 
f 23/23/23 27/27/27 24/24/24 
f 25/25/25 28/28/28 26/26/26 
f 25/25/25 26/26/26 23/23/23 
f 16/16/16 28/28/28 25/25/25 
f 16/16/16 25/25/25 12/12/12 
f 29/29/29 30/30/30 31/31/31 
f 29/29/29 31/31/31 32/32/32 
f 32/32/32 31/31/31 33/33/33 
f 32/32/32 33/33/33 34/34/34 
f 35/35/35 36/36/36 34/34/34 
f 35/35/35 34/34/34 33/33/33 
f 30/30/30 37/37/37 38/38/38 
f 30/30/30 38/38/38 31/31/31 
f 31/31/31 38/38/38 39/39/39 
f 31/31/31 39/39/39 33/33/33 
f 40/40/40 35/35/35 33/33/33 
f 40/40/40 33/33/33 39/39/39 
f 38/38/38 37/37/37 41/41/41 
f 38/38/38 41/41/41 42/42/42 
f 39/39/39 38/38/38 42/42/42 
f 39/39/39 42/42/42 43/43/43 
f 44/44/44 40/40/40 39/39/39 
f 44/44/44 39/39/39 43/43/43 
f 1/1/1 45/45/45 46/46/46 
f 1/1/1 46/46/46 2/2/2 
f 45/45/45 47/47/47 48/48/48 
f 45/45/45 48/48/48 46/46/46 
f 35/35/35 48/48/48 47/47/47 
f 35/35/35 47/47/47 36/36/36 
f 2/2/2 46/46/46 49/49/49 
f 2/2/2 49/49/49 9/9/9 
f 46/46/46 48/48/48 50/50/50 
f 46/46/46 50/50/50 49/49/49 
f 40/40/40 50/50/50 48/48/48 
f 40/40/40 48/48/48 35/35/35 
f 49/49/49 51/51/51 13/13/13 
f 49/49/49 13/13/13 9/9/9 
f 50/50/50 52/52/52 51/51/51 
f 50/50/50 51/51/51 49/49/49 
f 44/44/44 52/52/52 50/50/50 
f 44/44/44 50/50/50 40/40/40 
f 53/53/53 54/54/54 55/55/55 
f 53/53/53 55/55/55 56/56/56 
f 56/56/56 55/55/55 57/57/57 
f 56/56/56 57/57/57 58/58/58 
f 59/59/59 60/60/60 58/58/58 
f 59/59/59 58/58/58 57/57/57 
f 54/54/54 61/61/61 62/62/62 
f 54/54/54 62/62/62 55/55/55 
f 55/55/55 62/62/62 63/63/63 
f 55/55/55 63/63/63 57/57/57 
f 64/64/64 59/59/59 57/57/57 
f 64/64/64 57/57/57 63/63/63 
f 62/62/62 61/61/61 65/65/65 
f 62/62/62 65/65/65 66/66/66 
f 63/63/63 62/62/62 66/66/66 
f 63/63/63 66/66/66 67/67/67 
f 68/68/68 64/64/64 63/63/63 
f 68/68/68 63/63/63 67/67/67 
f 29/29/29 69/69/69 70/70/70 
f 29/29/29 70/70/70 30/30/30 
f 69/69/69 71/71/71 72/72/72 
f 69/69/69 72/72/72 70/70/70 
f 59/59/59 72/72/72 71/71/71 
f 59/59/59 71/71/71 60/60/60 
f 30/30/30 70/70/70 73/73/73 
f 30/30/30 73/73/73 37/37/37 
f 70/70/70 72/72/72 74/74/74 
f 70/70/70 74/74/74 73/73/73 
f 64/64/64 74/74/74 72/72/72 
f 64/64/64 72/72/72 59/59/59 
f 73/73/73 75/75/75 41/41/41 
f 73/73/73 41/41/41 37/37/37 
f 74/74/74 76/76/76 75/75/75 
f 74/74/74 75/75/75 73/73/73 
f 68/68/68 76/76/76 74/74/74 
f 68/68/68 74/74/74 64/64/64 
f 77/77/77 78/78/78 79/79/79 
f 77/77/77 79/79/79 80/80/80 
f 80/80/80 79/79/79 81/81/81 
f 80/80/80 81/81/81 82/82/82 
f 83/83/83 84/84/84 82/82/82 
f 83/83/83 82/82/82 81/81/81 
f 78/78/78 85/85/85 86/86/86 
f 78/78/78 86/86/86 79/79/79 
f 79/79/79 86/86/86 87/87/87 
f 79/79/79 87/87/87 81/81/81 
f 88/88/88 83/83/83 81/81/81 
f 88/88/88 81/81/81 87/87/87 
f 86/86/86 85/85/85 89/89/89 
f 86/86/86 89/89/89 90/90/90 
f 87/87/87 86/86/86 90/90/90 
f 87/87/87 90/90/90 91/91/91 
f 92/92/92 88/88/88 87/87/87 
f 92/92/92 87/87/87 91/91/91 
f 53/53/53 93/93/93 94/94/94 
f 53/53/53 94/94/94 54/54/54 
f 93/95/95 95/96/96 96/97/97 
f 93/95/95 96/97/97 94/98/98 
f 83/83/83 96/97/97 95/96/96 
f 83/83/83 95/96/96 84/84/84 
f 54/54/54 94/94/94 97/99/99 
f 54/54/54 97/99/99 61/61/61 
f 94/98/98 96/97/97 98/100/100 
f 94/98/98 98/100/100 97/101/101 
f 88/88/88 98/100/100 96/97/97 
f 88/88/88 96/97/97 83/83/83 
f 97/99/99 99/102/102 65/65/65 
f 97/99/99 65/65/65 61/61/61 
f 98/100/100 100/103/103 99/104/104 
f 98/100/100 99/104/104 97/101/101 
f 92/92/92 100/103/103 98/100/100 
f 92/92/92 98/100/100 88/88/88 
f 17/17/17 20/20/20 101/105/105 
f 17/17/17 101/105/105 102/106/106 
f 102/106/106 101/105/105 103/107/107 
f 102/106/106 103/107/107 104/108/108 
f 105/109/109 106/110/110 104/108/108 
f 105/109/109 104/108/108 103/107/107 
f 20/20/20 24/24/24 107/111/111 
f 20/20/20 107/111/111 101/105/105 
f 101/105/105 107/111/111 108/112/112 
f 101/105/105 108/112/112 103/107/107 
f 109/113/113 105/109/109 103/107/107 
f 109/113/113 103/107/107 108/112/112 
f 107/111/111 24/24/24 27/27/27 
f 107/111/111 27/27/27 110/114/114 
f 108/112/112 107/111/111 110/114/114 
f 108/112/112 110/114/114 111/115/115 
f 112/116/116 109/113/113 108/112/112 
f 112/116/116 108/112/112 111/115/115 
f 77/77/77 113/117/117 114/118/118 
f 77/77/77 114/118/118 78/78/78 
f 113/117/117 115/119/119 116/120/120 
f 113/117/117 116/120/120 114/118/118 
f 105/109/109 116/120/120 115/119/119 
f 105/109/109 115/119/119 106/110/110 
f 78/78/78 114/118/118 117/121/121 
f 78/78/78 117/121/121 85/85/85 
f 114/118/118 116/120/120 118/122/122 
f 114/118/118 118/122/122 117/121/121 
f 109/113/113 118/122/122 116/120/120 
f 109/113/113 116/120/120 105/109/109 
f 117/121/121 119/123/123 89/89/89 
f 117/121/121 89/89/89 85/85/85 
f 118/122/122 120/124/124 119/123/123 
f 118/122/122 119/123/123 117/121/121 
f 112/116/116 120/124/124 118/122/122 
f 112/116/116 118/122/122 109/113/113 
f 121/125/125 122/126/126 123/127/127 
f 121/125/125 123/127/127 124/128/128 
f 122/126/126 125/129/129 126/130/130 
f 122/126/126 126/130/130 123/127/127 
f 127/131/131 126/130/130 125/129/129 
f 127/131/131 125/129/129 128/132/132 
f 124/128/128 123/127/127 129/133/133 
f 124/128/128 129/133/133 130/134/134 
f 123/127/127 126/130/130 131/135/135 
f 123/127/127 131/135/135 129/133/133 
f 132/136/136 131/135/135 126/130/130 
f 132/136/136 126/130/130 127/131/131 
f 129/133/133 133/137/137 134/138/138 
f 129/133/133 134/138/138 130/134/134 
f 131/135/135 135/139/139 133/137/137 
f 131/135/135 133/137/137 129/133/133 
f 136/140/140 135/139/139 131/135/135 
f 136/140/140 131/135/135 132/136/136 
f 137/141/141 138/142/142 139/143/143 
f 137/141/141 139/143/143 140/144/144 
f 140/144/144 139/143/143 141/145/145 
f 140/144/144 141/145/145 142/146/146 
f 127/131/131 128/132/132 142/146/146 
f 127/131/131 142/146/146 141/145/145 
f 138/142/142 143/147/147 144/148/148 
f 138/142/142 144/148/148 139/143/143 
f 139/143/143 144/148/148 145/149/149 
f 139/143/143 145/149/149 141/145/145 
f 132/136/136 127/131/131 141/145/145 
f 132/136/136 141/145/145 145/149/149 
f 144/148/148 143/147/147 146/150/150 
f 144/148/148 146/150/150 147/151/151 
f 145/149/149 144/148/148 147/151/151 
f 145/149/149 147/151/151 148/152/152 
f 136/140/140 132/136/136 145/149/149 
f 136/140/140 145/149/149 148/152/152 
f 149/153/153 150/154/154 151/155/155 
f 149/153/153 151/155/155 152/156/156 
f 150/154/154 153/157/157 154/158/158 
f 150/154/154 154/158/158 151/155/155 
f 155/159/159 154/158/158 153/157/157 
f 155/159/159 153/157/157 156/160/160 
f 152/156/156 151/155/155 157/161/161 
f 152/156/156 157/161/161 158/162/162 
f 151/155/155 154/158/158 159/163/163 
f 151/155/155 159/163/163 157/161/161 
f 160/164/164 159/163/163 154/158/158 
f 160/164/164 154/158/158 155/159/159 
f 157/161/161 161/165/165 162/166/166 
f 157/161/161 162/166/166 158/162/162 
f 159/163/163 163/167/167 161/165/165 
f 159/163/163 161/165/165 157/161/161 
f 164/168/168 163/167/167 159/163/163 
f 164/168/168 159/163/163 160/164/164 
f 121/125/125 124/128/128 165/169/169 
f 121/125/125 165/169/169 166/170/170 
f 166/170/170 165/169/169 167/171/171 
f 166/170/170 167/171/171 168/172/172 
f 155/159/159 156/160/160 168/172/172 
f 155/159/159 168/172/172 167/171/171 
f 124/128/128 130/134/134 169/173/173 
f 124/128/128 169/173/173 165/169/169 
f 165/169/169 169/173/173 170/174/174 
f 165/169/169 170/174/174 167/171/171 
f 160/164/164 155/159/159 167/171/171 
f 160/164/164 167/171/171 170/174/174 
f 169/173/173 130/134/134 134/138/138 
f 169/173/173 134/138/138 171/175/175 
f 170/174/174 169/173/173 171/175/175 
f 170/174/174 171/175/175 172/176/176 
f 164/168/168 160/164/164 170/174/174 
f 164/168/168 170/174/174 172/176/176 
f 173/177/177 174/178/178 175/179/179 
f 173/177/177 175/179/179 176/180/180 
f 174/178/178 177/181/181 178/182/182 
f 174/178/178 178/182/182 175/179/179 
f 179/183/183 178/182/182 177/181/181 
f 179/183/183 177/181/181 180/184/184 
f 176/180/180 175/179/179 181/185/185 
f 176/180/180 181/185/185 182/186/186 
f 175/179/179 178/182/182 183/187/187 
f 175/179/179 183/187/187 181/185/185 
f 184/188/188 183/187/187 178/182/182 
f 184/188/188 178/182/182 179/183/183 
f 181/185/185 185/189/189 186/190/190 
f 181/185/185 186/190/190 182/186/186 
f 183/187/187 187/191/191 185/189/189 
f 183/187/187 185/189/189 181/185/185 
f 188/192/192 187/191/191 183/187/187 
f 188/192/192 183/187/187 184/188/188 
f 149/153/153 152/156/156 189/193/193 
f 149/153/153 189/193/193 190/194/194 
f 190/194/194 189/193/193 191/195/195 
f 190/194/194 191/195/195 192/196/196 
f 179/183/183 180/184/184 192/196/196 
f 179/183/183 192/196/196 191/195/195 
f 152/156/156 158/162/162 193/197/197 
f 152/156/156 193/197/197 189/193/193 
f 189/193/193 193/197/197 194/198/198 
f 189/193/193 194/198/198 191/195/195 
f 184/188/188 179/183/183 191/195/195 
f 184/188/188 191/195/195 194/198/198 
f 193/197/197 158/162/162 162/166/166 
f 193/197/197 162/166/166 195/199/199 
f 194/198/198 193/197/197 195/199/199 
f 194/198/198 195/199/199 196/200/200 
f 188/192/192 184/188/188 194/198/198 
f 188/192/192 194/198/198 196/200/200 
f 197/201/201 198/202/202 199/203/203 
f 197/201/201 199/203/203 200/204/204 
f 198/202/202 201/205/205 202/206/206 
f 198/202/202 202/206/206 199/203/203 
f 203/207/207 202/206/206 201/205/205 
f 203/207/207 201/205/205 204/208/208 
f 200/204/204 199/203/203 205/209/209 
f 200/204/204 205/209/209 206/210/210 
f 199/203/203 202/206/206 207/211/211 
f 199/203/203 207/211/211 205/209/209 
f 208/212/212 207/211/211 202/206/206 
f 208/212/212 202/206/206 203/207/207 
f 205/209/209 209/213/213 210/214/214 
f 205/209/209 210/214/214 206/210/210 
f 207/211/211 211/215/215 209/213/213 
f 207/211/211 209/213/213 205/209/209 
f 212/216/216 211/215/215 207/211/211 
f 212/216/216 207/211/211 208/212/212 
f 173/177/177 176/180/180 213/217/217 
f 173/177/177 213/217/217 214/218/218 
f 214/219/219 213/220/220 215/221/221 
f 214/219/219 215/221/221 216/222/222 
f 203/207/207 204/208/208 216/222/222 
f 203/207/207 216/222/222 215/221/221 
f 176/180/180 182/186/186 217/223/223 
f 176/180/180 217/223/223 213/217/217 
f 213/220/220 217/224/224 218/225/225 
f 213/220/220 218/225/225 215/221/221 
f 208/212/212 203/207/207 215/221/221 
f 208/212/212 215/221/221 218/225/225 
f 217/223/223 182/186/186 186/190/190 
f 217/223/223 186/190/190 219/226/226 
f 218/225/225 217/224/224 219/227/227 
f 218/225/225 219/227/227 220/228/228 
f 212/216/216 208/212/212 218/225/225 
f 212/216/216 218/225/225 220/228/228 
f 137/141/141 221/229/229 222/230/230 
f 137/141/141 222/230/230 138/142/142 
f 221/229/229 223/231/231 224/232/232 
f 221/229/229 224/232/232 222/230/230 
f 225/233/233 224/232/232 223/231/231 
f 225/233/233 223/231/231 226/234/234 
f 138/142/142 222/230/230 227/235/235 
f 138/142/142 227/235/235 143/147/147 
f 222/230/230 224/232/232 228/236/236 
f 222/230/230 228/236/236 227/235/235 
f 229/237/237 228/236/236 224/232/232 
f 229/237/237 224/232/232 225/233/233 
f 227/235/235 230/238/238 146/150/150 
f 227/235/235 146/150/150 143/147/147 
f 228/236/236 231/239/239 230/238/238 
f 228/236/236 230/238/238 227/235/235 
f 232/240/240 231/239/239 228/236/236 
f 232/240/240 228/236/236 229/237/237 
f 197/201/201 200/204/204 233/241/241 
f 197/201/201 233/241/241 234/242/242 
f 234/242/242 233/241/241 235/243/243 
f 234/242/242 235/243/243 236/244/244 
f 225/233/233 226/234/234 236/244/244 
f 225/233/233 236/244/244 235/243/243 
f 200/204/204 206/210/210 237/245/245 
f 200/204/204 237/245/245 233/241/241 
f 233/241/241 237/245/245 238/246/246 
f 233/241/241 238/246/246 235/243/243 
f 229/237/237 225/233/233 235/243/243 
f 229/237/237 235/243/243 238/246/246 
f 237/245/245 206/210/210 210/214/214 
f 237/245/245 210/214/214 239/247/247 
f 238/246/246 237/245/245 239/247/247 
f 238/246/246 239/247/247 240/248/248 
f 232/240/240 229/237/237 238/246/246 
f 232/240/240 238/246/246 240/248/248 
f 4/4/4 122/126/126 121/125/125 
f 4/4/4 121/125/125 1/1/1 
f 6/6/6 125/129/129 122/126/126 
f 6/6/6 122/126/126 4/4/4 
f 8/8/8 128/132/132 125/129/129 
f 8/8/8 125/129/129 6/6/6 
f 18/18/18 17/17/17 137/141/141 
f 18/18/18 137/141/141 140/144/144 
f 21/21/21 18/18/18 140/144/144 
f 21/21/21 140/144/144 142/146/146 
f 8/8/8 21/21/21 142/146/146 
f 8/8/8 142/146/146 128/132/132 
f 32/32/32 150/154/154 149/153/153 
f 32/32/32 149/153/153 29/29/29 
f 34/34/34 153/157/157 150/154/154 
f 34/34/34 150/154/154 32/32/32 
f 36/36/36 156/160/160 153/157/157 
f 36/36/36 153/157/157 34/34/34 
f 45/45/45 1/1/1 121/125/125 
f 45/45/45 121/125/125 166/170/170 
f 47/47/47 45/45/45 166/170/170 
f 47/47/47 166/170/170 168/172/172 
f 36/36/36 47/47/47 168/172/172 
f 36/36/36 168/172/172 156/160/160 
f 56/56/56 174/178/178 173/177/177 
f 56/56/56 173/177/177 53/53/53 
f 58/58/58 177/181/181 174/178/178 
f 58/58/58 174/178/178 56/56/56 
f 60/60/60 180/184/184 177/181/181 
f 60/60/60 177/181/181 58/58/58 
f 69/69/69 29/29/29 149/153/153 
f 69/69/69 149/153/153 190/194/194 
f 71/71/71 69/69/69 190/194/194 
f 71/71/71 190/194/194 192/196/196 
f 60/60/60 71/71/71 192/196/196 
f 60/60/60 192/196/196 180/184/184 
f 80/80/80 198/202/202 197/201/201 
f 80/80/80 197/201/201 77/77/77 
f 82/82/82 201/205/205 198/202/202 
f 82/82/82 198/202/202 80/80/80 
f 84/84/84 204/208/208 201/205/205 
f 84/84/84 201/205/205 82/82/82 
f 93/93/93 53/53/53 173/177/177 
f 93/93/93 173/177/177 214/218/218 
f 95/96/96 93/95/95 214/219/219 
f 95/96/96 214/219/219 216/222/222 
f 84/84/84 95/96/96 216/222/222 
f 84/84/84 216/222/222 204/208/208 
f 102/106/106 221/229/229 137/141/141 
f 102/106/106 137/141/141 17/17/17 
f 104/108/108 223/231/231 221/229/229 
f 104/108/108 221/229/229 102/106/106 
f 106/110/110 226/234/234 223/231/231 
f 106/110/110 223/231/231 104/108/108 
f 113/117/117 77/77/77 197/201/201 
f 113/117/117 197/201/201 234/242/242 
f 115/119/119 113/117/117 234/242/242 
f 115/119/119 234/242/242 236/244/244 
f 106/110/110 115/119/119 236/244/244 
f 106/110/110 236/244/244 226/234/234 
f 241/249/249 242/250/250 243/251/251 
f 241/249/249 243/251/251 244/252/252 
f 242/250/250 245/253/253 246/254/254 
f 242/250/250 246/254/254 243/251/251 
f 245/253/253 247/255/255 248/256/256 
f 245/253/253 248/256/256 246/254/254 
f 247/255/255 249/257/257 250/258/258 
f 247/255/255 250/258/258 248/256/256 
f 249/257/257 251/259/259 252/260/260 
f 249/257/257 252/260/260 250/258/258 
f 251/259/259 241/249/249 244/252/252 
f 251/259/259 244/252/252 252/260/260 
f 248/256/256 243/251/251 246/254/254 
f 253/261/261 254/262/261 255/263/261 
f 253/261/261 255/263/261 256/264/261 
f 254/262/262 257/265/262 258/266/262 
f 254/262/262 258/266/262 255/263/262 
f 257/265/263 259/267/264 260/268/263 
f 257/265/263 260/268/263 258/266/263 
f 259/267/265 261/269/265 262/270/265 
f 259/267/265 262/270/265 260/268/265 
f 261/269/266 263/271/266 264/272/266 
f 261/269/266 264/272/266 262/270/266 
f 263/271/267 253/273/268 256/274/267 
f 263/271/267 256/274/267 264/272/269 
f 260/275/270 256/276/271 255/277/271 
f 260/275/270 255/277/271 258/278/272 
f 264/279/270 256/276/271 260/275/270 
f 264/279/270 260/275/270 262/280/273 
f 265/249/249 266/250/250 267/251/274 
f 265/249/249 267/251/274 268/252/275 
f 266/250/250 269/253/253 270/254/254 
f 266/250/250 270/254/254 267/251/274 
f 269/253/253 271/255/255 272/256/256 
f 269/253/253 272/256/256 270/254/254 
f 271/255/255 273/257/276 274/258/277 
f 271/255/255 274/258/277 272/256/256 
f 273/257/276 275/259/278 276/260/279 
f 273/257/276 276/260/279 274/258/277 
f 275/259/278 265/249/249 268/252/275 
f 275/259/278 268/252/275 276/260/279 
f 272/256/256 267/251/274 270/254/254 
f 277/261/261 278/262/261 279/263/261 
f 277/261/261 279/263/261 280/264/261 
f 278/262/280 281/265/280 282/266/280 
f 278/262/280 282/266/280 279/263/280 
f 281/265/263 283/267/263 284/268/263 
f 281/265/263 284/268/263 282/266/263 
f 283/267/281 285/269/281 286/270/282 
f 283/267/281 286/270/282 284/268/283 
f 285/269/266 287/271/266 288/272/266 
f 285/269/266 288/272/266 286/270/266 
f 287/271/284 277/273/284 280/274/284 
f 287/271/284 280/274/284 288/272/284 
f 284/275/273 280/276/273 279/277/273 
f 284/275/273 279/277/273 282/278/285 
f 288/279/270 280/276/273 284/275/273 
f 288/279/270 284/275/273 286/280/270 
f 289/249/286 290/250/287 291/251/288 
f 289/249/286 291/251/288 292/252/289 
f 290/250/287 293/253/290 294/254/291 
f 290/250/287 294/254/291 291/251/288 
f 293/253/290 295/255/292 296/256/293 
f 293/253/290 296/256/293 294/254/291 
f 295/255/292 297/257/257 298/258/258 
f 295/255/292 298/258/258 296/256/293 
f 297/257/257 299/259/278 300/260/294 
f 297/257/257 300/260/294 298/258/258 
f 299/259/278 289/249/286 292/252/289 
f 299/259/278 292/252/289 300/260/294 
f 298/258/258 292/252/289 291/251/288 
f 298/258/258 291/251/288 296/256/293 
f 301/261/261 302/262/261 303/263/261 
f 301/261/261 303/263/261 304/264/261 
f 302/262/262 305/265/280 306/266/262 
f 302/262/262 306/266/262 303/263/262 
f 305/265/264 307/267/263 308/268/264 
f 305/265/264 308/268/264 306/266/295 
f 307/267/281 309/269/281 310/270/281 
f 307/267/281 310/270/281 308/268/281 
f 309/269/266 311/271/296 312/272/266 
f 309/269/266 312/272/266 310/270/266 
f 311/271/267 301/273/268 304/274/267 
f 311/271/267 304/274/267 312/272/269 
f 308/275/273 304/276/273 303/277/273 
f 308/275/273 303/277/273 306/278/273 
f 312/279/270 304/276/273 308/275/273 
f 312/279/270 308/275/273 310/280/270 
f 313/249/249 314/250/250 315/251/251 
f 313/249/249 315/251/251 316/252/289 
f 314/250/250 317/253/290 318/254/254 
f 314/250/250 318/254/254 315/251/251 
f 317/253/290 319/255/255 320/256/297 
f 317/253/290 320/256/297 318/254/254 
f 319/255/255 321/257/276 322/258/277 
f 319/255/255 322/258/277 320/256/297 
f 321/257/276 323/259/298 324/260/299 
f 321/257/276 324/260/299 322/258/277 
f 323/259/298 313/249/249 316/252/289 
f 323/259/298 316/252/289 324/260/299 
f 320/256/297 315/251/251 318/254/254 
f 325/261/261 326/262/261 327/263/261 
f 325/261/261 327/263/261 328/264/261 
f 326/262/262 329/265/262 330/266/300 
f 326/262/262 330/266/300 327/263/280 
f 329/265/264 331/267/264 332/268/264 
f 329/265/264 332/268/264 330/266/264 
f 331/267/265 333/269/281 334/270/265 
f 331/267/265 334/270/265 332/268/265 
f 333/269/266 335/271/266 336/272/301 
f 333/269/266 336/272/301 334/270/296 
f 335/271/267 325/273/268 328/274/267 
f 335/271/267 328/274/267 336/272/269 
f 332/275/273 328/276/271 327/277/273 
f 332/275/273 327/277/273 330/278/273 
f 336/279/271 328/276/271 332/275/273 
f 336/279/271 332/275/273 334/280/273 
f 337/249/249 338/250/302 339/251/288 
f 337/249/249 339/251/288 340/252/303 
f 338/250/302 341/253/290 342/254/254 
f 338/250/302 342/254/254 339/251/288 
f 341/253/290 343/255/292 344/256/304 
f 341/253/290 344/256/304 342/254/254 
f 343/255/292 345/257/257 346/258/258 
f 343/255/292 346/258/258 344/256/304 
f 345/257/257 347/259/278 348/260/299 
f 345/257/257 348/260/299 346/258/258 
f 347/259/278 337/249/249 340/252/303 
f 347/259/278 340/252/303 348/260/299 
f 344/256/304 339/251/288 342/254/254 
f 349/261/261 350/262/261 351/263/261 
f 349/261/261 351/263/261 352/264/261 
f 350/262/262 353/265/262 354/266/262 
f 350/262/262 354/266/262 351/263/262 
f 353/265/305 355/267/305 356/268/305 
f 353/265/305 356/268/305 354/266/305 
f 355/267/281 357/269/281 358/270/281 
f 355/267/281 358/270/281 356/268/281 
f 357/269/266 359/271/266 360/272/266 
f 357/269/266 360/272/266 358/270/266 
f 359/271/284 349/273/284 352/274/284 
f 359/271/284 352/274/284 360/272/269 
f 356/275/273 352/276/271 351/277/273 
f 356/275/273 351/277/273 354/278/273 
f 360/279/285 352/276/271 356/275/273 
f 360/279/285 356/275/273 358/280/306 
f 361/249/257 362/250/278 363/251/294 
f 361/249/257 363/251/294 364/252/258 
f 362/250/278 365/253/249 366/254/307 
f 362/250/278 366/254/307 363/251/294 
f 365/253/249 367/255/250 368/256/251 
f 365/253/249 368/256/251 366/254/307 
f 367/255/250 369/257/308 370/258/309 
f 367/255/250 370/258/309 368/256/251 
f 369/257/308 371/259/310 372/260/256 
f 369/257/308 372/260/256 370/258/309 
f 371/259/310 361/249/257 364/252/258 
f 371/259/310 364/252/258 372/260/256 
f 372/260/256 368/256/251 370/258/309 
f 373/261/296 374/262/296 375/263/301 
f 373/261/296 375/263/301 376/264/266 
f 374/262/269 377/265/269 378/266/269 
f 374/262/269 378/266/269 375/263/284 
f 377/265/311 379/267/311 380/268/311 
f 377/265/311 380/268/311 378/266/311 
f 379/267/262 381/269/262 382/270/262 
f 379/267/262 382/270/262 380/268/262 
f 381/269/295 383/271/295 384/272/295 
f 381/269/295 384/272/295 382/270/263 
f 383/271/265 373/273/265 376/274/265 
f 383/271/265 376/274/265 384/272/281 
f 380/275/271 376/276/271 375/277/271 
f 380/275/271 375/277/271 378/278/312 
f 384/279/270 376/276/271 380/275/271 
f 384/279/270 380/275/271 382/280/271 
f 385/281/313 386/282/314 387/283/315 
f 385/281/313 387/283/315 388/284/313 
f 386/282/314 389/285/316 390/286/317 
f 386/282/314 390/286/317 387/283/315 
f 389/285/316 391/287/311 392/288/311 
f 389/285/316 392/288/311 390/286/317 
f 391/287/311 393/289/318 394/290/319 
f 391/287/311 394/290/319 392/288/311 
f 393/289/318 395/291/320 396/292/321 
f 393/289/318 396/292/321 394/290/319 
f 395/291/320 397/293/322 398/294/323 
f 395/291/320 398/294/323 396/292/321 
f 397/293/322 399/295/324 400/296/325 
f 397/293/322 400/296/325 398/294/323 
f 399/295/324 401/297/326 402/298/327 
f 399/295/324 402/298/327 400/296/325 
f 401/297/326 403/299/328 404/300/329 
f 401/297/326 404/300/329 402/298/327 
f 403/299/328 405/301/330 406/302/331 
f 403/299/328 406/302/331 404/300/329 
f 405/301/330 407/303/265 408/304/265 
f 405/301/330 408/304/265 406/302/331 
f 407/303/265 409/305/332 410/306/333 
f 407/303/265 410/306/333 408/304/265 
f 409/305/332 411/307/334 412/308/335 
f 409/305/332 412/308/335 410/306/333 
f 411/307/334 413/309/336 414/310/337 
f 411/307/334 414/310/337 412/308/335 
f 413/309/336 415/311/338 416/312/339 
f 413/309/336 416/312/339 414/310/337 
f 415/311/338 385/313/340 388/314/340 
f 415/311/338 388/314/340 416/312/339 
f 401/315/341 399/316/341 397/317/341 
f 411/318/342 409/319/342 389/320/342 
f 411/318/342 389/320/342 386/321/342 
f 402/322/271 398/323/273 400/324/343 
f 405/325/342 403/326/341 395/327/342 
f 405/325/342 395/327/342 393/328/342 
f 403/326/341 401/315/341 397/317/341 
f 403/326/341 397/317/341 395/327/342 
f 391/329/342 389/320/342 409/319/342 
f 391/329/342 409/319/342 407/330/342 
f 415/331/341 413/332/341 385/333/342 
f 385/333/342 413/332/341 411/318/342 
f 385/333/342 411/318/342 386/321/342 
f 391/329/342 407/330/342 405/325/342 
f 391/329/342 405/325/342 393/328/342 
f 406/334/273 394/335/273 396/336/273 
f 406/334/273 396/336/273 404/337/273 
f 404/337/273 396/336/273 398/323/273 
f 404/337/273 398/323/273 402/322/271 
f 410/338/273 390/339/273 392/340/273 
f 410/338/273 392/340/273 408/341/273 
f 408/341/273 392/340/273 394/335/273 
f 408/341/273 394/335/273 406/334/273 
f 416/342/271 388/343/271 414/344/271 
f 412/345/273 387/346/271 390/339/273 
f 412/345/273 390/339/273 410/338/273 
f 414/344/271 388/343/271 387/346/271 
f 414/344/271 387/346/271 412/345/273 
f 276/260/279 268/252/275 274/258/277 
f 274/258/277 268/252/275 267/251/274 
f 274/258/277 267/251/274 272/256/256 
f 296/256/293 291/251/288 294/254/291 
f 300/260/294 292/252/289 298/258/258 
f 366/254/307 364/252/258 363/251/294 
f 372/260/256 364/252/258 366/254/307 
f 372/260/256 366/254/307 368/256/251 
f 324/260/299 316/252/289 322/258/277 
f 322/258/277 316/252/289 315/251/251 
f 322/258/277 315/251/251 320/256/297 
f 250/258/258 244/252/252 243/251/251 
f 250/258/258 243/251/251 248/256/256 
f 252/260/260 244/252/252 250/258/258 
f 346/258/258 340/252/303 339/251/288 
f 346/258/258 339/251/288 344/256/304 
f 348/260/299 340/252/303 346/258/258 
usemtl 24fe1dbe_dds
f 26/347/344 417/348/345 418/349/346 
f 26/347/344 418/349/346 27/350/347 
f 28/351/348 419/352/349 417/348/345 
f 28/351/348 417/348/345 26/347/344 
f 420/353/350 419/352/349 28/351/348 
f 420/353/350 28/351/348 16/354/351 
f 14/355/352 13/356/353 421/357/354 
f 14/355/352 421/357/354 422/358/355 
f 15/359/356 14/355/352 422/358/355 
f 15/359/356 422/358/355 423/360/357 
f 420/353/350 16/354/351 15/359/356 
f 420/353/350 15/359/356 423/360/357 
f 51/361/358 424/362/359 421/357/354 
f 51/361/358 421/357/354 13/356/353 
f 52/363/360 425/364/361 424/362/359 
f 52/363/360 424/362/359 51/361/358 
f 426/365/362 425/364/361 52/363/360 
f 426/365/362 52/363/360 44/366/363 
f 42/367/364 41/368/365 427/369/366 
f 42/367/364 427/369/366 428/370/367 
f 43/371/368 42/367/364 428/370/367 
f 43/371/368 428/370/367 429/372/369 
f 426/365/362 44/366/363 43/371/368 
f 426/365/362 43/371/368 429/372/369 
f 75/373/370 430/374/371 427/369/366 
f 75/373/370 427/369/366 41/368/365 
f 76/375/372 431/376/373 430/374/371 
f 76/375/372 430/374/371 75/373/370 
f 432/377/374 431/376/373 76/375/372 
f 432/377/374 76/375/372 68/378/375 
f 66/379/376 65/380/377 433/381/378 
f 66/379/376 433/381/378 434/382/379 
f 67/383/380 66/379/376 434/382/379 
f 67/383/380 434/382/379 435/384/381 
f 432/377/374 68/378/375 67/383/380 
f 432/377/374 67/383/380 435/384/381 
f 99/385/382 436/386/382 433/381/378 
f 99/385/382 433/381/378 65/380/377 
f 100/387/383 437/388/383 436/386/382 
f 100/387/383 436/386/382 99/385/382 
f 438/389/384 437/388/383 100/387/383 
f 438/389/384 100/387/383 92/390/385 
f 90/391/386 89/392/387 439/393/388 
f 90/391/386 439/393/388 440/394/389 
f 91/395/390 90/391/386 440/394/389 
f 91/395/390 440/394/389 441/396/391 
f 438/389/384 92/390/385 91/395/390 
f 438/389/384 91/395/390 441/396/391 
f 119/397/392 442/398/393 439/393/388 
f 119/397/392 439/393/388 89/392/387 
f 120/399/394 443/400/395 442/398/393 
f 120/399/394 442/398/393 119/397/392 
f 444/401/396 443/400/395 120/399/394 
f 444/401/396 120/399/394 112/402/397 
f 110/403/398 27/350/347 418/349/346 
f 110/403/398 418/349/346 445/404/399 
f 446/405/400 110/403/398 445/404/399 
f 446/405/400 445/404/399 447/406/401 
f 444/401/396 112/402/397 446/405/400 
f 444/401/396 446/405/400 447/406/401 
f 418/349/402 417/348/403 448/407/404 
f 418/349/402 448/407/404 449/408/405 
f 417/348/403 419/352/406 450/409/407 
f 417/348/403 450/409/407 448/407/404 
f 451/410/408 419/352/406 420/353/409 
f 451/410/408 420/353/409 452/411/410 
f 448/407/404 453/412/411 454/413/412 
f 448/407/404 454/413/412 449/408/405 
f 450/409/407 455/414/413 453/412/411 
f 450/409/407 453/412/411 448/407/404 
f 456/415/414 455/414/413 450/409/407 
f 456/415/414 450/409/407 451/410/408 
f 457/416/415 458/417/416 456/415/414 
f 457/416/415 456/415/414 459/418/417 
f 460/419/418 458/417/416 457/416/415 
f 461/420/419 460/419/418 462/421/420 
f 461/420/419 462/421/420 463/422/421 
f 459/418/417 456/415/414 451/410/408 
f 459/418/417 451/410/408 452/411/410 
f 451/410/408 450/409/407 419/352/406 
f 421/357/422 464/423/423 465/424/424 
f 421/357/422 465/424/424 422/358/425 
f 422/358/425 465/424/424 466/425/426 
f 422/358/425 466/425/426 423/360/427 
f 467/426/428 452/411/410 420/353/409 
f 467/426/428 420/353/409 423/360/427 
f 457/416/415 459/418/417 468/427/429 
f 457/416/415 468/427/429 469/428/430 
f 465/424/424 464/423/423 470/429/431 
f 465/424/424 470/429/431 471/430/432 
f 466/425/426 465/424/424 471/430/432 
f 466/425/426 471/430/432 472/431/433 
f 467/426/428 466/425/426 472/431/433 
f 467/426/428 472/431/433 468/427/429 
f 459/418/417 452/411/410 467/426/428 
f 459/418/417 467/426/428 468/427/429 
f 467/426/428 423/360/427 466/425/426 
f 421/357/422 424/362/434 473/432/435 
f 421/357/422 473/432/435 464/423/423 
f 424/362/434 425/364/436 474/433/437 
f 424/362/434 474/433/437 473/432/435 
f 475/434/438 425/364/436 426/365/439 
f 475/434/438 426/365/439 476/435/440 
f 473/432/435 477/436/441 470/429/431 
f 473/432/435 470/429/431 464/423/423 
f 474/433/437 478/437/442 477/436/441 
f 474/433/437 477/436/441 473/432/435 
f 479/438/443 478/437/442 474/433/437 
f 479/438/443 474/433/437 475/434/438 
f 480/439/444 481/440/445 479/438/443 
f 480/439/444 479/438/443 482/441/446 
f 483/442/447 481/440/445 480/439/444 
f 484/443/448 483/442/447 485/444/449 
f 484/443/448 485/444/449 486/445/448 
f 482/441/446 479/438/443 475/434/438 
f 482/441/446 475/434/438 476/435/440 
f 475/434/438 474/433/437 425/364/436 
f 427/369/450 487/446/451 488/447/452 
f 427/369/450 488/447/452 428/370/453 
f 428/370/453 488/447/452 489/448/454 
f 428/370/453 489/448/454 429/372/455 
f 490/449/456 476/435/440 426/365/439 
f 490/449/456 426/365/439 429/372/455 
f 480/439/444 482/441/446 491/450/457 
f 480/439/444 491/450/457 492/451/458 
f 488/447/452 487/446/451 493/452/459 
f 488/447/452 493/452/459 494/453/460 
f 489/448/454 488/447/452 494/453/460 
f 489/448/454 494/453/460 495/454/461 
f 490/449/456 489/448/454 495/454/461 
f 490/449/456 495/454/461 491/450/457 
f 490/449/456 429/372/455 489/448/454 
f 427/369/450 430/374/462 496/455/463 
f 427/369/450 496/455/463 487/446/451 
f 430/374/462 431/376/464 497/456/465 
f 430/374/462 497/456/465 496/455/463 
f 498/457/466 431/376/464 432/377/467 
f 498/457/466 432/377/467 499/458/468 
f 496/455/463 500/459/469 493/452/459 
f 496/455/463 493/452/459 487/446/451 
f 497/456/465 501/460/470 500/459/469 
f 497/456/465 500/459/469 496/455/463 
f 502/461/471 501/460/470 497/456/465 
f 502/461/471 497/456/465 498/457/466 
f 503/462/472 504/463/473 502/461/471 
f 503/462/472 502/461/471 505/464/474 
f 506/465/475 504/463/473 503/462/472 
f 507/466/476 506/465/475 508/467/477 
f 507/466/476 508/467/477 509/468/476 
f 505/464/474 502/461/471 498/457/466 
f 505/464/474 498/457/466 499/458/468 
f 498/457/466 497/456/465 431/376/464 
f 433/381/478 510/469/479 511/470/480 
f 433/381/478 511/470/480 434/382/481 
f 434/382/481 511/470/480 512/471/482 
f 434/382/481 512/471/482 435/384/483 
f 513/472/484 499/458/468 432/377/467 
f 513/472/484 432/377/467 435/384/483 
f 503/462/472 505/464/474 514/473/485 
f 503/462/472 514/473/485 515/474/486 
f 511/470/480 510/469/479 516/475/487 
f 511/470/480 516/475/487 517/476/488 
f 512/471/482 511/470/480 517/476/488 
f 512/471/482 517/476/488 518/477/489 
f 513/472/484 512/471/482 518/477/489 
f 513/472/484 518/477/489 514/473/485 
f 505/464/474 499/458/468 513/472/484 
f 505/464/474 513/472/484 514/473/485 
f 513/472/484 435/384/483 512/471/482 
f 433/381/478 436/386/490 519/478/491 
f 433/381/478 519/478/491 510/469/479 
f 436/386/490 437/388/492 520/479/493 
f 436/386/490 520/479/493 519/478/491 
f 521/480/494 437/388/492 438/389/495 
f 521/480/494 438/389/495 522/481/496 
f 519/478/491 523/482/497 516/475/487 
f 519/478/491 516/475/487 510/469/479 
f 520/479/493 524/483/498 523/482/497 
f 520/479/493 523/482/497 519/478/491 
f 525/484/499 524/483/498 520/479/493 
f 525/484/499 520/479/493 521/480/494 
f 526/485/500 527/486/501 525/484/499 
f 526/485/500 525/484/499 528/487/502 
f 529/488/503 527/486/501 526/485/500 
f 530/489/504 529/488/503 531/490/505 
f 530/489/504 531/490/505 532/491/504 
f 528/487/502 525/484/499 521/480/494 
f 528/487/502 521/480/494 522/481/496 
f 521/480/494 520/479/493 437/388/492 
f 439/393/506 533/492/507 534/493/508 
f 439/393/506 534/493/508 440/394/509 
f 440/394/509 534/493/508 535/494/510 
f 440/394/509 535/494/510 441/396/511 
f 536/495/512 522/481/496 438/389/495 
f 536/495/512 438/389/495 441/396/511 
f 526/485/500 528/487/502 537/496/513 
f 526/485/500 537/496/513 538/497/514 
f 534/493/508 533/492/507 539/498/515 
f 534/493/508 539/498/515 540/499/516 
f 535/494/510 534/493/508 540/499/516 
f 535/494/510 540/499/516 541/500/517 
f 536/495/512 535/494/510 541/500/517 
f 536/495/512 541/500/517 537/496/513 
f 528/487/502 522/481/496 536/495/512 
f 528/487/502 536/495/512 537/496/513 
f 536/495/512 441/396/511 535/494/510 
f 439/393/506 442/398/518 542/501/519 
f 439/393/506 542/501/519 533/492/507 
f 442/398/518 443/400/520 543/502/521 
f 442/398/518 543/502/521 542/501/519 
f 544/503/522 443/400/520 444/401/523 
f 544/503/522 444/401/523 545/504/524 
f 542/501/519 546/505/525 539/498/515 
f 542/501/519 539/498/515 533/492/507 
f 543/502/521 547/506/526 546/505/525 
f 543/502/521 546/505/525 542/501/519 
f 548/507/527 547/506/526 543/502/521 
f 548/507/527 543/502/521 544/503/522 
f 549/508/528 550/509/529 548/507/527 
f 549/508/528 548/507/527 551/510/530 
f 552/511/531 550/509/529 549/508/528 
f 553/512/532 552/511/531 554/513/533 
f 553/512/532 554/513/533 555/514/532 
f 551/510/530 548/507/527 544/503/522 
f 551/510/530 544/503/522 545/504/524 
f 544/503/522 543/502/521 443/400/520 
f 418/349/402 449/408/405 556/515/534 
f 418/349/402 556/515/534 445/404/535 
f 445/404/535 556/515/534 557/516/536 
f 445/404/535 557/516/536 447/406/537 
f 558/517/538 545/504/524 444/401/523 
f 558/517/538 444/401/523 447/406/537 
f 549/508/528 551/510/530 559/518/539 
f 549/508/528 559/518/539 560/519/540 
f 556/515/534 449/408/405 454/413/412 
f 556/515/534 454/413/412 561/520/541 
f 557/516/536 556/515/534 561/520/541 
f 557/516/536 561/520/541 562/521/542 
f 558/517/538 557/516/536 562/521/542 
f 558/517/538 562/521/542 559/518/539 
f 551/510/530 545/504/524 558/517/538 
f 551/510/530 558/517/538 559/518/539 
f 558/517/538 447/406/537 557/516/536 
f 563/522/273 564/523/543 565/524/544 
f 563/522/273 565/524/544 566/525/545 
f 563/522/273 567/526/546 564/523/543 
f 563/522/273 568/527/547 567/526/546 
f 563/522/273 569/528/548 568/527/547 
f 563/522/273 570/529/549 569/528/548 
f 563/522/273 571/530/550 570/529/549 
f 563/522/273 572/531/551 571/530/550 
f 563/522/273 573/532/552 572/531/551 
f 563/522/273 574/533/553 573/532/552 
f 563/522/273 575/534/554 574/533/553 
f 563/522/273 576/535/555 575/534/554 
f 563/522/273 577/536/556 576/535/555 
f 563/522/273 578/537/557 577/536/556 
f 563/522/273 579/538/558 578/537/557 
f 563/522/273 580/539/559 579/538/558 
f 563/522/273 581/540/560 580/539/559 
f 563/522/273 582/541/561 581/540/560 
f 563/522/273 583/542/562 582/541/561 
f 563/522/273 566/525/545 583/542/562 
f 491/450/457 482/441/446 476/435/440 
f 491/450/457 476/435/440 490/449/456 
f 460/419/418 457/416/415 462/421/420 
f 462/421/420 457/416/415 469/428/430 
f 552/511/531 549/508/528 554/513/533 
f 554/513/533 549/508/528 560/519/540 
f 529/488/503 526/485/500 531/490/505 
f 531/490/505 526/485/500 538/497/514 
f 508/467/477 503/462/472 515/474/486 
f 506/465/475 503/462/472 508/467/477 
f 485/444/449 480/439/444 492/451/458 
f 483/442/447 480/439/444 485/444/449 
usemtl d121065c_dds
f 584/543/271 585/544/270 586/545/271 
f 584/543/271 586/545/271 587/546/273 
f 588/547/271 589/548/285 585/544/270 
f 588/547/271 585/544/270 584/543/271 
f 590/549/271 591/550/271 589/548/285 
f 590/549/271 589/548/285 588/547/271 
f 592/551/271 593/552/271 591/550/271 
f 592/551/271 591/550/271 590/549/271 
f 594/553/270 595/554/270 593/552/271 
f 594/553/270 593/552/271 592/551/271 
f 596/555/273 597/556/273 595/554/270 
f 596/555/273 595/554/270 594/553/270 
f 598/557/273 599/558/273 597/556/273 
f 598/557/273 597/556/273 596/555/273 
f 600/559/273 601/560/273 599/558/273 
f 600/559/273 599/558/273 598/557/273 
f 602/561/273 603/562/271 601/560/273 
f 602/561/273 601/560/273 600/559/273 
f 604/563/271 605/564/271 603/562/271 
f 604/563/271 603/562/271 602/561/273 
f 606/565/271 607/566/273 605/564/271 
f 606/565/271 605/564/271 604/563/271 
f 608/567/271 609/568/271 607/566/273 
f 608/567/271 607/566/273 606/565/271 
f 610/569/271 611/570/273 609/568/271 
f 610/569/271 609/568/271 608/567/271 
f 612/571/273 613/572/273 611/570/273 
f 612/571/273 611/570/273 610/569/271 
f 614/573/285 615/574/273 613/572/273 
f 614/573/285 613/572/273 612/571/273 
f 616/575/273 617/576/271 615/574/273 
f 616/575/273 615/574/273 614/573/285 
f 618/577/271 619/578/271 617/576/271 
f 618/577/271 617/576/271 616/575/273 
f 620/579/273 621/580/271 619/578/271 
f 620/579/273 619/578/271 618/577/271 
f 622/581/271 623/582/271 621/580/271 
f 622/581/271 621/580/271 620/579/273 
f 587/546/273 586/545/271 623/582/271 
f 587/546/273 623/582/271 622/581/271 
f 624/583/273 625/584/273 626/585/271 
f 624/583/273 626/585/271 627/586/271 
f 628/587/273 629/588/273 625/584/273 
f 628/587/273 625/584/273 624/583/273 
f 630/589/271 631/590/273 629/588/273 
f 630/589/271 629/588/273 628/587/273 
f 632/591/273 633/592/273 631/590/273 
f 632/591/273 631/590/273 630/589/271 
f 634/593/271 635/594/271 633/592/273 
f 634/593/271 633/592/273 632/591/273 
f 636/595/271 637/596/271 635/594/271 
f 636/595/271 635/594/271 634/593/271 
f 638/597/271 639/598/271 637/596/271 
f 638/597/271 637/596/271 636/595/271 
f 640/599/271 641/600/271 639/598/271 
f 640/599/271 639/598/271 638/597/271 
f 642/601/273 643/602/273 641/600/271 
f 642/601/273 641/600/271 640/599/271 
f 644/603/273 645/604/271 643/602/273 
f 644/603/273 643/602/273 642/601/273 
f 646/605/271 647/606/273 645/604/271 
f 646/605/271 645/604/271 644/603/273 
f 648/607/273 649/608/273 647/606/273 
f 648/607/273 647/606/273 646/605/271 
f 650/609/271 651/610/271 649/608/273 
f 650/609/271 649/608/273 648/607/273 
f 652/611/271 653/612/271 651/610/271 
f 652/611/271 651/610/271 650/609/271 
f 654/613/271 655/614/271 653/612/271 
f 654/613/271 653/612/271 652/611/271 
f 656/615/273 657/616/273 655/614/271 
f 656/615/273 655/614/271 654/613/271 
f 658/617/285 659/618/285 657/616/273 
f 658/617/285 657/616/273 656/615/273 
f 660/619/285 661/620/273 659/618/285 
f 660/619/285 659/618/285 658/617/285 
f 662/621/273 663/622/273 661/620/273 
f 662/621/273 661/620/273 660/619/285 
f 627/586/271 626/585/271 663/622/273 
f 627/586/271 663/622/273 662/621/273 
f 664/623/563 665/624/564 666/625/565 
f 664/623/563 666/625/565 667/626/566 
f 668/627/567 669/628/568 665/624/564 
f 668/627/567 665/624/564 664/623/563 
f 670/629/569 671/630/570 672/631/571 
f 670/629/569 672/631/571 673/632/572 
f 674/633/573 670/629/569 673/632/572 
f 674/633/573 673/632/572 675/634/574 
f 676/635/575 674/633/573 675/634/574 
f 676/635/575 675/634/574 677/636/576 
f 678/637/577 679/638/578 672/631/571 
f 678/637/577 672/631/571 671/630/570 
f 680/639/579 681/640/580 679/638/578 
f 680/639/579 679/638/578 678/637/577 
f 682/641/581 683/642/582 684/643/582 
f 682/641/581 684/643/582 685/644/583 
f 686/645/584 682/641/581 685/644/583 
f 686/645/584 685/644/583 687/646/585 
f 688/647/586 686/645/584 687/646/585 
f 688/647/586 687/646/585 689/648/587 
f 690/649/588 691/650/589 684/651/590 
f 690/649/588 684/651/590 683/652/591 
f 692/653/592 693/654/593 691/650/589 
f 692/653/592 691/650/589 690/649/588 
f 694/655/594 695/656/595 693/654/593 
f 694/655/594 693/654/593 692/653/592 
f 696/657/596 697/658/597 698/659/598 
f 696/657/596 698/659/598 699/660/599 
f 700/661/600 696/657/596 699/660/599 
f 700/661/600 699/660/599 701/662/601 
f 702/663/602 700/661/600 701/662/601 
f 702/663/602 701/662/601 695/656/595 
f 703/664/603 704/665/604 698/659/598 
f 703/664/603 698/659/598 697/658/597 
f 705/666/605 706/667/606 704/665/604 
f 705/666/605 704/665/604 703/664/603 
f 707/668/607 708/669/608 709/670/609 
f 707/668/607 709/670/609 710/671/610 
f 711/672/611 707/668/607 710/671/610 
f 711/672/611 710/671/610 712/673/612 
f 713/674/613 711/672/611 712/673/612 
f 713/674/613 712/673/612 714/675/614 
f 715/676/615 716/677/616 709/670/609 
f 715/676/615 709/670/609 708/669/608 
f 717/678/617 718/679/618 716/677/616 
f 717/678/617 716/677/616 715/676/615 
f 719/680/619 667/626/566 666/625/565 
f 719/680/619 666/625/565 720/681/620 
f 721/682/621 719/680/619 720/681/620 
f 721/682/621 720/681/620 722/683/622 
f 723/684/623 721/682/621 722/683/622 
f 723/684/623 722/683/622 724/685/624 
f 564/686/625 725/687/626 726/688/627 
f 564/686/625 726/688/627 565/689/628 
f 567/690/629 727/691/630 725/687/626 
f 567/690/629 725/687/626 564/686/625 
f 568/692/631 728/693/632 727/691/630 
f 568/692/631 727/691/630 567/690/629 
f 569/694/633 729/695/633 728/693/632 
f 569/694/633 728/693/632 568/692/631 
f 570/696/634 730/697/635 729/695/633 
f 570/696/634 729/695/633 569/694/633 
f 571/698/636 731/699/637 730/697/635 
f 571/698/636 730/697/635 570/696/634 
f 572/700/638 732/701/639 731/699/637 
f 572/700/638 731/699/637 571/698/636 
f 573/702/640 733/703/641 732/701/639 
f 573/702/640 732/701/639 572/700/638 
f 574/704/642 734/705/642 733/703/641 
f 574/704/642 733/703/641 573/702/640 
f 575/706/643 735/707/644 734/708/645 
f 575/706/643 734/708/645 574/709/645 
f 576/710/646 736/711/647 735/707/644 
f 576/710/646 735/707/644 575/706/643 
f 577/712/648 737/713/649 736/711/647 
f 577/712/648 736/711/647 576/710/646 
f 578/714/650 738/715/651 737/713/649 
f 578/714/650 737/713/649 577/712/648 
f 579/716/652 739/717/652 738/715/651 
f 579/716/652 738/715/651 578/714/650 
f 580/718/653 740/719/654 739/717/652 
f 580/718/653 739/717/652 579/716/652 
f 581/720/655 741/721/656 740/719/654 
f 581/720/655 740/719/654 580/718/653 
f 582/722/657 742/723/658 741/721/656 
f 582/722/657 741/721/656 581/720/655 
f 583/724/659 743/725/660 742/723/658 
f 583/724/659 742/723/658 582/722/657 
f 566/726/661 744/727/662 743/725/660 
f 566/726/661 743/725/660 583/724/659 
f 565/689/628 726/688/627 744/727/662 
f 565/689/628 744/727/662 566/726/661 
f 745/728/663 624/729/664 627/730/665 
f 745/728/663 627/730/665 746/731/666 
f 747/732/667 628/733/668 624/729/664 
f 747/732/667 624/729/664 745/728/663 
f 748/734/669 630/735/670 628/733/668 
f 748/734/669 628/733/668 747/732/667 
f 749/736/265 632/737/265 630/735/670 
f 749/736/265 630/735/670 748/734/669 
f 750/738/671 634/739/672 632/737/265 
f 750/738/671 632/737/265 749/736/265 
f 751/740/673 636/741/674 634/739/672 
f 751/740/673 634/739/672 750/738/671 
f 752/742/675 638/743/676 636/741/674 
f 752/742/675 636/741/674 751/740/673 
f 753/744/677 640/745/678 638/743/676 
f 753/744/677 638/743/676 752/742/675 
f 754/746/679 642/747/679 640/745/678 
f 754/746/679 640/745/678 753/744/677 
f 755/748/680 644/749/681 642/750/682 
f 755/748/680 642/750/682 754/751/682 
f 756/752/683 646/753/684 644/749/681 
f 756/752/683 644/749/681 755/748/680 
f 757/754/685 648/755/686 646/753/684 
f 757/754/685 646/753/684 756/752/683 
f 758/756/571 650/757/687 648/755/686 
f 758/756/571 648/755/686 757/754/685 
f 759/758/311 652/759/311 650/757/687 
f 759/758/311 650/757/687 758/756/571 
f 760/760/688 654/761/689 652/759/311 
f 760/760/688 652/759/311 759/758/311 
f 761/762/690 656/763/691 654/761/689 
f 761/762/690 654/761/689 760/760/688 
f 762/764/692 658/765/693 656/763/691 
f 762/764/692 656/763/691 761/762/690 
f 763/766/694 660/767/695 658/765/693 
f 763/766/694 658/765/693 762/764/692 
f 764/768/696 662/769/697 660/767/695 
f 764/768/696 660/767/695 763/766/694 
f 746/731/666 627/730/665 662/769/697 
f 746/731/666 662/769/697 764/768/696 
f 625/770/683 765/771/684 766/772/698 
f 625/770/683 766/772/698 626/773/680 
f 629/774/685 767/775/686 765/771/684 
f 629/774/685 765/771/684 625/770/683 
f 631/776/699 768/777/687 767/775/686 
f 631/776/699 767/775/686 629/774/685 
f 633/778/311 769/779/311 768/777/687 
f 633/778/311 768/777/687 631/776/699 
f 635/780/688 770/781/689 769/779/311 
f 635/780/688 769/779/311 633/778/311 
f 637/782/690 771/783/691 770/781/689 
f 637/782/690 770/781/689 635/780/688 
f 639/784/692 772/785/693 771/783/691 
f 639/784/692 771/783/691 637/782/690 
f 641/786/694 773/787/695 772/785/693 
f 641/786/694 772/785/693 639/784/692 
f 643/788/700 774/789/700 773/787/695 
f 643/788/700 773/787/695 641/786/694 
f 645/790/666 775/791/665 774/792/701 
f 645/790/666 774/792/701 643/793/701 
f 647/794/663 776/795/664 775/791/665 
f 647/794/663 775/791/665 645/790/666 
f 649/796/667 777/797/668 776/795/664 
f 649/796/667 776/795/664 647/794/663 
f 651/798/669 778/799/670 777/797/668 
f 651/798/669 777/797/668 649/796/667 
f 653/800/265 779/801/265 778/799/670 
f 653/800/265 778/799/670 651/798/669 
f 655/802/671 780/803/672 779/801/265 
f 655/802/671 779/801/265 653/800/265 
f 657/804/673 781/805/674 780/803/672 
f 657/804/673 780/803/672 655/802/671 
f 659/806/675 782/807/676 781/805/674 
f 659/806/675 781/805/674 657/804/673 
f 661/808/677 783/809/678 782/807/676 
f 661/808/677 782/807/676 659/806/675 
f 663/810/702 784/811/703 783/809/678 
f 663/810/702 783/809/678 661/808/677 
f 626/773/680 766/772/698 784/811/703 
f 626/773/680 784/811/703 663/810/702 
f 765/771/273 785/812/273 786/813/273 
f 765/771/273 786/813/273 766/772/273 
f 767/775/273 787/814/273 785/812/273 
f 767/775/273 785/812/273 765/771/273 
f 768/777/273 788/815/273 787/814/273 
f 768/777/273 787/814/273 767/775/273 
f 769/779/273 789/816/273 788/815/273 
f 769/779/273 788/815/273 768/777/273 
f 770/781/271 790/817/271 789/816/273 
f 770/781/271 789/816/273 769/779/273 
f 771/783/271 791/818/271 790/817/271 
f 771/783/271 790/817/271 770/781/271 
f 772/785/285 792/819/285 791/818/271 
f 772/785/285 791/818/271 771/783/271 
f 773/787/273 793/820/273 792/819/285 
f 773/787/273 792/819/285 772/785/285 
f 774/789/273 794/821/271 793/820/273 
f 774/789/273 793/820/273 773/787/273 
f 775/791/273 795/822/271 794/823/271 
f 775/791/273 794/823/271 774/792/271 
f 776/795/270 796/824/270 795/822/271 
f 776/795/270 795/822/271 775/791/273 
f 777/797/704 797/825/704 796/824/270 
f 777/797/704 796/824/270 776/795/270 
f 778/799/271 798/826/273 797/825/704 
f 778/799/271 797/825/704 777/797/704 
f 779/801/273 799/827/273 798/826/273 
f 779/801/273 798/826/273 778/799/271 
f 780/803/285 800/828/285 799/827/273 
f 780/803/285 799/827/273 779/801/273 
f 781/805/273 801/829/271 800/828/285 
f 781/805/273 800/828/285 780/803/285 
f 782/807/271 802/830/271 801/829/271 
f 782/807/271 801/829/271 781/805/273 
f 783/809/271 803/831/271 802/830/271 
f 783/809/271 802/830/271 782/807/271 
f 784/811/273 804/832/273 803/831/271 
f 784/811/273 803/831/271 783/809/271 
f 766/772/273 786/813/273 804/832/273 
f 766/772/273 804/832/273 784/811/273 
f 785/812/683 805/833/684 806/834/698 
f 785/812/683 806/834/698 786/813/680 
f 787/814/685 807/835/686 805/833/684 
f 787/814/685 805/833/684 785/812/683 
f 788/815/699 808/836/687 807/835/686 
f 788/815/699 807/835/686 787/814/685 
f 789/816/311 809/837/311 808/836/687 
f 789/816/311 808/836/687 788/815/699 
f 790/817/688 810/838/689 809/837/311 
f 790/817/688 809/837/311 789/816/311 
f 791/818/690 811/839/705 810/838/689 
f 791/818/690 810/838/689 790/817/688 
f 792/819/692 812/840/693 811/839/705 
f 792/819/692 811/839/705 791/818/690 
f 793/820/694 813/841/695 812/840/693 
f 793/820/694 812/840/693 792/819/692 
f 794/821/700 814/842/700 813/841/695 
f 794/821/700 813/841/695 793/820/694 
f 795/822/666 815/843/665 814/844/701 
f 795/822/666 814/844/701 794/823/701 
f 796/824/663 816/845/664 815/843/665 
f 796/824/663 815/843/665 795/822/666 
f 797/825/667 817/846/668 816/845/664 
f 797/825/667 816/845/664 796/824/663 
f 798/826/669 818/847/670 817/846/668 
f 798/826/669 817/846/668 797/825/667 
f 799/827/265 819/848/265 818/847/670 
f 799/827/265 818/847/670 798/826/669 
f 800/828/671 820/849/672 819/848/265 
f 800/828/671 819/848/265 799/827/265 
f 801/829/673 821/850/674 820/849/672 
f 801/829/673 820/849/672 800/828/671 
f 802/830/675 822/851/676 821/850/674 
f 802/830/675 821/850/674 801/829/673 
f 803/831/677 823/852/678 822/851/676 
f 803/831/677 822/851/676 802/830/675 
f 804/832/702 824/853/703 823/852/678 
f 804/832/702 823/852/678 803/831/677 
f 786/813/680 806/834/698 824/853/703 
f 786/813/680 824/853/703 804/832/702 
f 453/854/706 664/855/707 667/856/565 
f 453/854/706 667/856/565 454/857/566 
f 455/858/708 668/859/709 664/855/707 
f 455/858/708 664/855/707 453/854/706 
f 825/860/710 668/859/709 455/858/708 
f 825/860/710 455/858/708 456/861/711 
f 471/862/569 470/863/570 671/864/571 
f 471/862/569 671/864/571 670/865/569 
f 472/866/712 471/862/569 670/865/569 
f 472/866/712 670/865/569 674/867/713 
f 676/868/714 826/869/715 472/866/712 
f 676/868/714 472/866/712 674/867/713 
f 477/870/577 678/871/716 671/864/571 
f 477/870/577 671/864/571 470/863/570 
f 478/872/717 680/873/718 678/871/716 
f 478/872/717 678/871/716 477/870/577 
f 827/874/719 680/873/718 478/872/717 
f 827/874/719 478/872/717 479/875/720 
f 494/876/721 493/877/722 683/878/723 
f 494/876/721 683/878/723 682/879/724 
f 495/880/725 494/876/721 682/879/724 
f 495/880/725 682/879/724 686/881/726 
f 688/882/727 491/883/728 495/880/725 
f 688/882/727 495/880/725 686/881/726 
f 500/884/588 690/885/729 683/878/723 
f 500/884/588 683/878/723 493/877/722 
f 501/886/730 692/887/731 690/885/729 
f 501/886/730 690/885/729 500/884/588 
f 694/888/732 692/887/731 501/886/730 
f 694/888/732 501/886/730 502/889/733 
f 517/890/596 516/891/597 697/892/598 
f 517/890/596 697/892/598 696/893/734 
f 518/894/735 517/890/596 696/893/734 
f 518/894/735 696/893/734 700/895/600 
f 702/896/736 514/897/737 518/894/735 
f 702/896/736 518/894/735 700/895/600 
f 523/898/603 703/899/738 697/892/598 
f 523/898/603 697/892/598 516/891/597 
f 524/900/739 705/901/740 703/899/738 
f 524/900/739 703/899/738 523/898/603 
f 828/902/741 705/901/740 524/900/739 
f 828/902/741 524/900/739 525/903/742 
f 540/904/607 539/905/608 708/906/609 
f 540/904/607 708/906/609 707/907/743 
f 541/908/744 540/904/607 707/907/743 
f 541/908/744 707/907/743 711/909/745 
f 713/910/746 537/911/747 541/908/744 
f 713/910/746 541/908/744 711/909/745 
f 546/912/615 715/913/748 708/906/609 
f 546/912/615 708/906/609 539/905/608 
f 547/914/749 717/915/750 715/913/748 
f 547/914/749 715/913/748 546/912/615 
f 829/916/751 717/915/750 547/914/749 
f 829/916/751 547/914/749 548/917/752 
f 561/918/619 454/857/566 667/856/565 
f 561/918/619 667/856/565 719/919/753 
f 562/920/754 561/918/619 719/919/753 
f 562/920/754 719/919/753 721/921/755 
f 723/922/756 559/923/757 562/920/754 
f 723/922/756 562/920/754 721/921/755 
f 458/924/758 830/925/759 825/860/710 
f 458/924/758 825/860/710 456/861/711 
f 460/926/760 831/927/761 830/925/759 
f 460/926/760 830/925/759 458/924/758 
f 831/927/761 460/926/760 461/928/762 
f 469/929/763 826/869/715 676/868/714 
f 469/929/763 676/868/714 832/930/764 
f 462/931/765 469/929/763 832/930/764 
f 462/931/765 832/930/764 833/932/766 
f 833/932/766 463/933/767 462/931/765 
f 481/934/768 834/935/769 827/874/719 
f 481/934/768 827/874/719 479/875/720 
f 483/936/770 835/937/771 834/935/769 
f 483/936/770 834/935/769 481/934/768 
f 835/937/771 483/936/770 484/938/772 
f 492/939/773 491/883/728 688/882/727 
f 492/939/773 688/882/727 836/940/774 
f 485/941/775 492/939/773 836/940/774 
f 485/941/775 836/940/774 837/942/776 
f 837/942/776 486/943/777 485/941/775 
f 504/944/778 838/945/779 694/888/732 
f 504/944/778 694/888/732 502/889/733 
f 506/946/780 839/947/781 838/945/779 
f 506/946/780 838/945/779 504/944/778 
f 839/947/781 506/946/780 507/948/782 
f 515/949/783 514/897/737 702/896/736 
f 515/949/783 702/896/736 840/950/784 
f 508/951/785 515/949/783 840/950/784 
f 508/951/785 840/950/784 841/952/786 
f 841/952/786 509/953/787 508/951/785 
f 527/954/788 842/955/789 828/902/741 
f 527/954/788 828/902/741 525/903/742 
f 529/956/790 843/957/791 842/955/789 
f 529/956/790 842/955/789 527/954/788 
f 843/957/791 529/956/790 530/958/792 
f 538/959/793 537/911/747 713/910/746 
f 538/959/793 713/910/746 844/960/794 
f 531/961/795 538/959/793 844/960/794 
f 531/961/795 844/960/794 845/962/796 
f 845/962/796 532/963/797 531/961/795 
f 550/964/798 846/965/799 829/916/751 
f 550/964/798 829/916/751 548/917/752 
f 552/966/800 847/967/801 846/965/799 
f 552/966/800 846/965/799 550/964/798 
f 847/967/801 552/966/800 553/968/802 
f 560/969/803 559/923/757 723/922/756 
f 560/969/803 723/922/756 848/970/804 
f 554/971/805 560/969/803 848/970/804 
f 554/971/805 848/970/804 849/972/806 
f 849/972/806 555/973/807 554/971/805 
f 133/974/808 673/975/809 672/976/810 
f 133/974/808 672/976/810 134/977/811 
f 850/978/812 675/979/812 673/975/809 
f 850/978/812 673/975/809 133/974/808 
f 136/980/813 677/981/813 675/979/812 
f 136/980/813 675/979/812 850/978/812 
f 147/982/814 146/983/815 666/984/816 
f 147/982/814 666/984/816 665/985/817 
f 148/986/818 147/982/814 665/985/817 
f 148/986/818 665/985/817 669/987/818 
f 136/980/813 148/986/818 669/987/818 
f 136/980/813 669/987/818 677/981/813 
f 161/988/819 685/989/820 684/990/821 
f 161/988/819 684/990/821 162/991/822 
f 163/992/823 687/993/823 685/989/820 
f 163/992/823 685/989/820 161/988/819 
f 164/994/824 689/995/824 687/993/823 
f 164/994/824 687/993/823 163/992/823 
f 171/996/825 134/977/811 672/976/810 
f 171/996/825 672/976/810 679/997/826 
f 172/998/827 171/996/825 679/997/826 
f 172/998/827 679/997/826 681/999/827 
f 164/994/824 172/998/827 681/999/827 
f 164/994/824 681/999/827 689/995/824 
f 851/1000/828 699/1001/829 698/1002/830 
f 851/1000/828 698/1002/830 186/1003/831 
f 187/1004/832 701/1005/833 699/1001/829 
f 187/1004/832 699/1001/829 851/1000/828 
f 188/1006/834 695/1007/834 701/1005/833 
f 188/1006/834 701/1005/833 187/1004/832 
f 195/1008/835 162/991/822 684/990/821 
f 195/1008/835 684/990/821 691/1009/836 
f 196/1010/837 195/1008/835 691/1009/836 
f 196/1010/837 691/1009/836 693/1011/837 
f 188/1006/834 196/1010/837 693/1011/837 
f 188/1006/834 693/1011/837 695/1007/834 
f 209/1012/838 710/1013/839 709/1014/840 
f 209/1012/838 709/1014/840 210/1015/841 
f 211/1016/842 712/1017/843 710/1013/839 
f 211/1016/842 710/1013/839 209/1012/838 
f 212/1018/844 714/1019/844 712/1017/843 
f 212/1018/844 712/1017/843 211/1016/842 
f 219/1020/845 186/1003/831 698/1002/830 
f 219/1020/845 698/1002/830 704/1021/846 
f 220/1022/847 219/1020/845 704/1021/846 
f 220/1022/847 704/1021/846 706/1023/848 
f 212/1018/844 220/1022/847 706/1023/848 
f 212/1018/844 706/1023/848 714/1019/844 
f 230/1024/849 720/1025/850 666/984/816 
f 230/1024/849 666/984/816 146/983/815 
f 231/1026/851 722/1027/851 720/1025/850 
f 231/1026/851 720/1025/850 230/1024/849 
f 232/1028/852 724/1029/852 722/1027/851 
f 232/1028/852 722/1027/851 231/1026/851 
f 239/1030/853 210/1015/841 709/1014/840 
f 239/1030/853 709/1014/840 716/1031/854 
f 240/1032/855 239/1030/853 716/1031/854 
f 240/1032/855 716/1031/854 718/1033/855 
f 232/1028/852 240/1032/855 718/1033/855 
f 232/1028/852 718/1033/855 724/1029/852 
f 831/1034/856 833/1035/857 832/1036/858 
f 831/1034/856 832/1036/858 830/1037/859 
f 836/1038/860 834/1039/861 835/1040/862 
f 836/1038/860 835/1040/862 837/1041/863 
f 852/1042/864 853/1043/864 841/1044/865 
f 852/1042/864 841/1044/865 839/1045/866 
f 854/1046/867 855/1047/867 845/1048/868 
f 854/1046/867 845/1048/868 843/1049/868 
f 846/1050/869 848/1051/870 723/1052/871 
f 846/1050/869 723/1052/871 829/1053/872 
f 828/1054/873 714/675/614 706/667/606 
f 828/1054/873 706/667/606 705/666/605 
f 714/675/614 828/1054/873 713/674/613 
f 843/1049/868 845/1048/868 844/1055/874 
f 843/1049/868 844/1055/874 842/1056/875 
f 842/1056/875 844/1055/874 713/1057/876 
f 842/1056/875 713/1057/876 828/1058/877 
f 837/1041/863 835/1040/862 856/1059/878 
f 837/1041/863 856/1059/878 857/1060/878 
f 688/1061/879 827/1062/880 834/1039/861 
f 688/1061/879 834/1039/861 836/1038/860 
f 827/1063/881 689/648/587 681/640/580 
f 827/1063/881 681/640/580 680/639/579 
f 689/648/587 827/1063/881 688/647/586 
f 695/656/595 694/655/594 702/663/602 
f 858/1064/882 859/1065/882 833/1035/857 
f 858/1064/882 833/1035/857 831/1034/856 
f 830/1037/859 832/1036/858 676/1066/883 
f 830/1037/859 676/1066/883 825/1067/884 
f 825/1068/885 677/636/576 669/628/568 
f 825/1068/885 669/628/568 668/627/567 
f 677/636/576 825/1068/885 676/635/575 
f 860/1069/886 861/1070/886 849/1071/887 
f 860/1069/886 849/1071/887 847/1072/888 
f 847/1072/888 849/1071/887 848/1051/870 
f 847/1072/888 848/1051/870 846/1050/869 
f 724/685/624 829/1073/889 723/684/623 
f 829/1073/889 724/685/624 718/679/618 
f 829/1073/889 718/679/618 717/678/617 
f 862/1074/890 863/1075/890 507/1076/890 
f 862/1074/890 507/1076/890 509/1077/890 
f 852/1078/891 839/1079/892 507/1076/893 
f 852/1078/891 507/1076/893 863/1075/894 
f 853/1080/895 862/1074/896 509/1077/897 
f 853/1080/895 509/1077/897 841/1081/898 
f 864/1082/899 865/1083/899 484/1084/899 
f 864/1082/899 484/1084/899 486/1085/899 
f 856/1086/900 835/1087/901 484/1084/902 
f 856/1086/900 484/1084/902 865/1083/903 
f 857/1088/904 864/1082/905 486/1085/906 
f 857/1088/904 486/1085/906 837/1089/907 
f 866/1090/908 867/1091/909 461/1092/908 
f 866/1090/908 461/1092/908 463/1093/908 
f 858/1094/910 831/1095/911 461/1092/912 
f 858/1094/910 461/1092/912 867/1091/680 
f 859/1096/913 866/1090/666 463/1093/914 
f 859/1096/913 463/1093/914 833/1097/915 
f 868/1098/916 869/1099/916 530/1100/916 
f 868/1098/916 530/1100/916 532/1101/916 
f 854/1102/917 843/1103/918 530/1100/919 
f 854/1102/917 530/1100/919 869/1099/920 
f 855/1104/921 868/1098/922 532/1101/923 
f 855/1104/921 532/1101/923 845/1105/924 
f 870/1106/925 871/1107/925 553/1108/925 
f 870/1106/925 553/1108/925 555/1109/925 
f 860/1110/926 847/1111/927 553/1108/928 
f 860/1110/926 553/1108/928 871/1107/929 
f 861/1112/930 870/1106/931 555/1109/932 
f 861/1112/930 555/1109/932 849/1113/933 
f 839/1045/866 841/1044/865 840/1114/934 
f 839/1045/866 840/1114/934 838/1115/934 
f 838/1115/934 840/1114/934 702/1116/935 
f 838/1115/934 702/1116/935 694/1117/936 
# 1522 faces

