# 3ds Max Wavefront OBJ Exporter v0.99 - (c)2007 guruware
# File Created: 26.03.2025 22:29:47

mtllib CocheLlantaTraseraIzquierda.mtl

#
# object LlantaTraseraIzquierda
#

v  2.1993 -0.6601 -1.5856
v  2.1244 -0.6362 -1.6576
v  2.2195 -0.1763 -1.6575
v  2.2977 -0.1841 -1.5855
v  2.2169 0.2933 -1.6581
v  2.2950 0.3021 -1.5861
v  2.1169 0.7521 -1.6593
v  2.1915 0.7770 -1.5874
v  2.0278 -0.6054 -1.6882
v  2.1186 -0.1663 -1.6881
v  2.1162 0.2821 -1.6887
v  2.0207 0.7202 -1.6899
v  1.9125 -0.5686 -1.6883
v  1.9981 -0.1543 -1.6881
v  1.9958 0.2688 -1.6887
v  1.9057 0.6821 -1.6898
v  1.3412 1.9351 -1.5949
v  1.7039 1.6117 -1.5919
v  1.6458 1.5586 -1.6637
v  1.2954 1.8709 -1.6666
v  1.9915 1.2200 -1.5894
v  1.9237 1.1801 -1.6612
v  1.5709 1.4902 -1.6941
v  1.2363 1.7885 -1.6968
v  1.8362 1.1289 -1.6917
v  1.4814 1.4086 -1.6938
v  1.1657 1.6900 -1.6964
v  1.7317 1.0677 -1.6915
v  -0.0018 -2.2787 -1.5993
v  -0.0020 -2.2000 -1.6709
v  0.4644 -2.1483 -1.6676
v  0.4810 -2.2253 -1.5959
v  0.9099 -2.0008 -1.6646
v  0.9422 -2.0726 -1.5928
v  1.3151 -1.7638 -1.6620
v  1.3615 -1.8273 -1.5901
v  -0.0024 -2.0985 -1.7009
v  0.4429 -2.0492 -1.6978
v  0.8683 -1.9083 -1.6949
v  1.2551 -1.6820 -1.6924
v  -0.0031 -1.9773 -1.7002
v  0.4171 -1.9308 -1.6973
v  0.8184 -1.7979 -1.6946
v  1.1834 -1.5844 -1.6922
v  2.0041 -1.1052 -1.5864
v  1.9359 -1.0663 -1.6584
v  1.7207 -1.5000 -1.5880
v  1.6621 -1.4477 -1.6599
v  1.8478 -1.0160 -1.6890
v  1.5864 -1.3802 -1.6904
v  1.7426 -0.9560 -1.6890
v  1.4960 -1.2996 -1.6903
v  -2.2201 -0.6839 -1.6171
v  -2.1451 -0.6592 -1.6881
v  -1.9520 -1.0872 -1.6862
v  -2.0202 -1.1269 -1.6152
v  -1.6741 -1.4657 -1.6837
v  -1.7326 -1.5187 -1.6126
v  -1.3237 -1.7780 -1.6808
v  -1.3698 -1.8420 -1.6096
v  -2.0487 -0.6274 -1.7173
v  -1.8643 -1.0360 -1.7155
v  -1.5990 -1.3974 -1.7132
v  -1.2644 -1.6956 -1.7104
v  -1.9338 -0.5893 -1.7157
v  -1.7598 -0.9749 -1.7140
v  -1.5094 -1.3158 -1.7118
v  -1.1938 -1.5972 -1.7092
v  -0.4851 -2.2305 -1.6028
v  -0.4689 -2.1534 -1.6742
v  -0.9479 -2.0828 -1.6063
v  -0.9160 -2.0107 -1.6776
v  -0.4483 -2.0540 -1.7041
v  -0.8752 -1.9177 -1.7074
v  -0.4238 -1.9353 -1.7033
v  -0.8265 -1.8068 -1.7063
v  -1.3902 1.9203 -1.6144
v  -1.3433 1.8567 -1.6854
v  -1.6903 1.5406 -1.6875
v  -1.7494 1.5931 -1.6166
v  -1.9641 1.1592 -1.6890
v  -2.0327 1.1983 -1.6181
v  -2.1527 0.7291 -1.6898
v  -2.2279 0.7532 -1.6190
v  -1.2831 1.7749 -1.7148
v  -1.6145 1.4730 -1.7168
v  -1.8759 1.1088 -1.7182
v  -2.0559 0.6982 -1.7190
v  -1.2115 1.6772 -1.7133
v  -1.5241 1.3924 -1.7152
v  -1.7707 1.0488 -1.7166
v  -1.9406 0.6614 -1.7173
v  -2.3237 -0.2090 -1.6185
v  -2.2452 -0.2004 -1.6893
v  -2.3263 0.2771 -1.6191
v  -2.2477 0.2692 -1.6899
v  -2.1443 -0.1893 -1.7186
v  -2.1467 0.2591 -1.7191
v  -2.0239 -0.1760 -1.7169
v  -2.0262 0.2471 -1.7174
v  0.8878 2.1036 -1.6698
v  0.9192 2.1759 -1.5982
v  0.4407 2.2463 -1.6732
v  0.4564 2.3236 -1.6017
v  -0.0263 2.2929 -1.6765
v  -0.0269 2.3718 -1.6052
v  0.8471 2.0106 -1.6999
v  0.4202 2.1468 -1.7031
v  -0.0256 2.1913 -1.7063
v  0.7984 1.8996 -1.6992
v  0.3957 2.0282 -1.7023
v  -0.0250 2.0701 -1.7053
v  -0.9708 2.1657 -1.6117
v  -0.9382 2.0937 -1.6828
v  -0.5097 2.3184 -1.6086
v  -0.4927 2.2413 -1.6798
v  -0.8963 2.0012 -1.7123
v  -0.4710 2.1420 -1.7095
v  -0.8465 1.8907 -1.7110
v  -0.4452 2.0236 -1.7083
v  2.1941 -0.6579 0.2077
v  2.2926 -0.1818 0.2078
v  2.2140 -0.1739 0.2787
v  2.1189 -0.6338 0.2786
v  2.2899 0.3043 0.2072
v  2.2114 0.2957 0.2781
v  2.1114 0.7545 0.2768
v  2.1864 0.7792 0.2059
v  2.1129 -0.1638 0.3079
v  2.0222 -0.6029 0.3077
v  2.1105 0.2846 0.3073
v  2.0150 0.7227 0.3061
v  1.9925 -0.1518 0.3061
v  1.9068 -0.5661 0.3124
v  1.9902 0.2712 0.3056
v  1.9001 0.6846 0.3045
v  1.3361 1.9373 0.1984
v  1.2899 1.8733 0.2696
v  1.6403 1.5610 0.2724
v  1.6988 1.6140 0.2014
v  1.9182 1.1825 0.2749
v  1.9864 1.2222 0.2039
v  1.2306 1.7909 0.2991
v  1.5652 1.4927 0.3019
v  1.8305 1.1313 0.3042
v  1.1600 1.6925 0.3043
v  1.4757 1.4111 0.3005
v  1.7260 1.0702 0.3027
v  -0.0069 -2.2765 0.1939
v  0.4759 -2.2231 0.1973
v  0.4589 -2.1460 0.2686
v  -0.0075 -2.1976 0.2653
v  0.9371 -2.0704 0.2004
v  0.9044 -1.9984 0.2716
v  1.3096 -1.7614 0.2742
v  1.3564 -1.8250 0.2031
v  0.4372 -2.0467 0.2982
v  -0.0081 -2.0960 0.2951
v  0.8626 -1.9059 0.3011
v  1.2494 -1.6796 0.3035
v  0.4114 -1.9283 0.2970
v  -0.0088 -1.9748 0.3004
v  0.8127 -1.7954 0.2997
v  1.1777 -1.5819 0.3021
v  1.9304 -1.0639 0.2777
v  1.9990 -1.1030 0.2068
v  1.6566 -1.4453 0.2763
v  1.7156 -1.4978 0.2053
v  1.8421 -1.0136 0.3070
v  1.5807 -1.3777 0.3055
v  1.7370 -0.9535 0.3053
v  1.4903 -1.2971 0.3040
v  -2.2252 -0.6817 0.1761
v  -2.0253 -1.1247 0.1781
v  -1.9575 -1.0848 0.2500
v  -2.1507 -0.6569 0.2481
v  -1.7377 -1.5165 0.1806
v  -1.6796 -1.4633 0.2524
v  -1.3292 -1.7757 0.2553
v  -1.3749 -1.8398 0.1836
v  -1.8700 -1.0336 0.2805
v  -2.0544 -0.6249 0.2786
v  -1.6047 -1.3949 0.2828
v  -1.2701 -1.6932 0.2856
v  -1.7654 -0.9724 0.2803
v  -1.9395 -0.5868 0.2849
v  -1.5151 -1.3134 0.2825
v  -1.1994 -1.5947 0.2851
v  -0.4744 -2.1510 0.2619
v  -0.4902 -2.2283 0.1904
v  -0.9215 -2.0083 0.2585
v  -0.9530 -2.0806 0.1869
v  -0.4540 -2.0515 0.2918
v  -0.8808 -1.9153 0.2886
v  -0.4294 -1.9329 0.2910
v  -0.8322 -1.8043 0.2880
v  -1.3953 1.9225 0.1789
v  -1.7545 1.5953 0.1767
v  -1.6958 1.5430 0.2486
v  -1.3488 1.8591 0.2507
v  -2.0378 1.2005 0.1752
v  -1.9696 1.1616 0.2471
v  -2.1582 0.7315 0.2463
v  -2.2330 0.7554 0.1743
v  -1.6202 1.4755 0.2792
v  -1.2888 1.7773 0.2812
v  -1.8816 1.1113 0.2777
v  -2.0616 0.7007 0.2770
v  -1.5297 1.3949 0.2791
v  -1.2171 1.6797 0.2873
v  -1.7764 1.0513 0.2777
v  -1.9462 0.6639 0.2770
v  -2.2507 -0.1980 0.2468
v  -2.3288 -0.2068 0.1748
v  -2.2532 0.2716 0.2462
v  -2.3314 0.2793 0.1742
v  -2.1500 -0.1868 0.2774
v  -2.1524 0.2616 0.2768
v  -2.0296 -0.1735 0.2774
v  -2.0319 0.2496 0.2769
v  0.9141 2.1781 0.1951
v  0.8823 2.1060 0.2664
v  0.4513 2.3258 0.1916
v  0.4352 2.2487 0.2630
v  -0.0318 2.2952 0.2596
v  -0.0320 2.3740 0.1881
v  0.8414 2.0130 0.2961
v  0.4145 2.1493 0.2929
v  -0.0313 2.1937 0.2896
v  0.7928 1.9021 0.2950
v  0.3900 2.0306 0.2920
v  -0.0306 2.0726 0.2889
v  -0.9437 2.0961 0.2533
v  -0.9759 2.1679 0.1816
v  -0.4982 2.2436 0.2563
v  -0.5148 2.3206 0.1847
v  -0.9020 2.0036 0.2836
v  -0.4766 2.1445 0.2865
v  -0.8522 1.8932 0.2833
v  -0.4508 2.0261 0.2860
v  0.3326 0.2522 -0.6750
v  0.3322 0.3321 -0.6751
v  0.3527 0.3204 -0.7315
v  0.3530 0.2639 -0.7314
v  0.4011 0.3724 -0.6747
v  0.4014 0.3490 -0.7311
v  0.4705 0.3328 -0.6741
v  0.4505 0.3210 -0.7307
v  0.4709 0.2529 -0.6740
v  0.4508 0.2645 -0.7307
v  0.4020 0.2126 -0.6745
v  0.4020 0.2359 -0.7310
v  0.3174 0.2437 -0.5269
v  0.3169 0.3408 -0.5271
v  0.3173 0.3406 -0.6828
v  0.3178 0.2435 -0.6827
v  0.4006 0.3898 -0.5265
v  0.4011 0.3896 -0.6823
v  0.4849 0.3417 -0.5259
v  0.4853 0.3415 -0.6816
v  0.4854 0.2446 -0.5257
v  0.4858 0.2444 -0.6815
v  0.4017 0.1956 -0.5263
v  0.4021 0.1954 -0.6820
v  0.3353 -0.2330 -0.6744
v  0.3348 -0.1531 -0.6745
v  0.3553 -0.1647 -0.7308
v  0.3556 -0.2212 -0.7308
v  0.4038 -0.1127 -0.6740
v  0.4040 -0.1362 -0.7305
v  0.4731 -0.1523 -0.6735
v  0.4531 -0.1642 -0.7301
v  0.4735 -0.2322 -0.6734
v  0.4534 -0.2207 -0.7301
v  0.4046 -0.2725 -0.6738
v  0.4046 -0.2492 -0.7304
v  0.3200 -0.2414 -0.5263
v  0.3195 -0.1444 -0.5264
v  0.3199 -0.1446 -0.6822
v  0.3205 -0.2416 -0.6821
v  0.4032 -0.0954 -0.5259
v  0.4037 -0.0956 -0.6816
v  0.4875 -0.1435 -0.5252
v  0.4879 -0.1437 -0.6810
v  0.4880 -0.2405 -0.5251
v  0.4885 -0.2407 -0.6809
v  0.4043 -0.2895 -0.5257
v  0.4047 -0.2897 -0.6814
v  -0.0833 -0.4778 -0.6771
v  -0.0837 -0.3979 -0.6772
v  -0.0632 -0.4096 -0.7335
v  -0.0629 -0.4661 -0.7334
v  -0.0148 -0.3576 -0.6767
v  -0.0145 -0.3810 -0.7332
v  0.0546 -0.3972 -0.6762
v  0.0346 -0.4090 -0.7328
v  0.0550 -0.4771 -0.6761
v  0.0349 -0.4655 -0.7327
v  -0.0139 -0.5174 -0.6765
v  -0.0139 -0.4940 -0.7331
v  -0.0985 -0.4863 -0.5290
v  -0.0990 -0.3892 -0.5291
v  -0.0986 -0.3894 -0.6849
v  -0.0981 -0.4865 -0.6848
v  -0.0153 -0.3402 -0.5286
v  -0.0148 -0.3404 -0.6843
v  0.0690 -0.3883 -0.5279
v  0.0694 -0.3885 -0.6837
v  0.0695 -0.4854 -0.5278
v  0.0700 -0.4856 -0.6836
v  -0.0142 -0.5344 -0.5283
v  -0.0138 -0.5346 -0.6841
v  -0.5070 0.2477 -0.6810
v  -0.5074 0.3276 -0.6811
v  -0.4870 0.3159 -0.7374
v  -0.4867 0.2594 -0.7374
v  -0.4385 0.3679 -0.6807
v  -0.4382 0.3444 -0.7371
v  -0.3692 0.3283 -0.6801
v  -0.3892 0.3164 -0.7367
v  -0.3687 0.2484 -0.6800
v  -0.3889 0.2599 -0.7367
v  -0.4377 0.2081 -0.6804
v  -0.4376 0.2314 -0.7370
v  -0.5223 0.2392 -0.5329
v  -0.5228 0.3363 -0.5331
v  -0.5223 0.3361 -0.6888
v  -0.5218 0.2390 -0.6887
v  -0.4390 0.3853 -0.5325
v  -0.4386 0.3851 -0.6883
v  -0.3548 0.3372 -0.5319
v  -0.3543 0.3370 -0.6876
v  -0.3542 0.2401 -0.5317
v  -0.3538 0.2399 -0.6875
v  -0.4380 0.1911 -0.5323
v  -0.4375 0.1909 -0.6880
v  -0.0885 0.4925 -0.6783
v  -0.0889 0.5724 -0.6784
v  -0.0685 0.5607 -0.7348
v  -0.0682 0.5042 -0.7347
v  -0.0200 0.6127 -0.6780
v  -0.0197 0.5893 -0.7344
v  0.0494 0.5732 -0.6774
v  0.0293 0.5613 -0.7341
v  0.0498 0.4933 -0.6773
v  0.0296 0.5048 -0.7340
v  -0.0191 0.4529 -0.6778
v  -0.0191 0.4763 -0.7343
v  -0.1037 0.4840 -0.5302
v  -0.1043 0.5811 -0.5304
v  -0.1038 0.5809 -0.6861
v  -0.1033 0.4838 -0.6860
v  -0.0205 0.6301 -0.5298
v  -0.0201 0.6299 -0.6856
v  0.0637 0.5820 -0.5292
v  0.0642 0.5818 -0.6849
v  0.0643 0.4849 -0.5290
v  0.0647 0.4847 -0.6848
v  -0.0195 0.4359 -0.5296
v  -0.0190 0.4357 -0.6853
v  -0.3661 -0.2367 -0.6794
v  -0.4350 -0.2771 -0.6798
v  -0.4350 -0.2537 -0.7364
v  -0.3863 -0.2252 -0.7361
v  -0.5044 -0.2375 -0.6804
v  -0.4840 -0.2257 -0.7367
v  -0.5048 -0.1576 -0.6805
v  -0.4844 -0.1692 -0.7368
v  -0.4359 -0.1173 -0.6800
v  -0.4356 -0.1407 -0.7365
v  -0.3665 -0.1568 -0.6795
v  -0.3866 -0.1687 -0.7361
v  -0.3516 -0.2451 -0.5311
v  -0.4354 -0.2941 -0.5317
v  -0.4349 -0.2942 -0.6874
v  -0.3512 -0.2453 -0.6869
v  -0.5196 -0.2460 -0.5323
v  -0.5192 -0.2462 -0.6881
v  -0.5202 -0.1489 -0.5324
v  -0.5197 -0.1491 -0.6882
v  -0.4364 -0.0999 -0.5319
v  -0.4360 -0.1001 -0.6876
v  -0.3521 -0.1480 -0.5312
v  -0.3517 -0.1482 -0.6870
v  -0.4730 -1.0658 -0.0176
v  -0.8645 -0.8070 -0.0207
v  -0.8642 -0.8071 -0.1157
v  -0.4727 -1.0659 -0.1126
v  -1.1273 -0.4180 -0.0231
v  -1.1270 -0.4181 -0.1181
v  -1.2213 0.0420 -0.0243
v  -1.2210 0.0419 -0.1193
v  -1.1322 0.5030 -0.0242
v  -1.1320 0.5029 -0.1192
v  -0.8737 0.8948 -0.0229
v  -0.8734 0.8947 -0.1179
v  -0.4850 1.1578 -0.0204
v  -0.4847 1.1577 -0.1154
v  -0.0253 1.2519 -0.0172
v  -0.0251 1.2518 -0.1122
v  0.4353 1.1628 -0.0138
v  0.4356 1.1626 -0.1088
v  0.8268 0.9040 -0.0107
v  0.8271 0.9039 -0.1057
v  1.0896 0.5150 -0.0084
v  1.0898 0.5149 -0.1034
v  1.1836 0.0550 -0.0071
v  1.1839 0.0549 -0.1021
v  1.0946 -0.4060 -0.0072
v  1.0948 -0.4061 -0.1022
v  0.8360 -0.7978 -0.0086
v  0.8363 -0.7980 -0.1036
v  0.4473 -1.0608 -0.0110
v  0.4476 -1.0609 -0.1060
v  -0.0123 -1.1549 -0.0142
v  -0.0121 -1.1550 -0.1092
v  1.4814 1.4086 -1.6937
v  1.4681 1.3964 -1.7377
v  1.1552 1.6752 -1.7402
v  1.1657 1.6900 -1.6963
v  1.7161 1.0585 -1.7355
v  1.8886 0.6764 -1.7338
v  1.9125 -0.5686 -1.6882
v  1.8953 -0.5631 -1.7322
v  1.9802 -0.1525 -1.7321
v  1.9959 0.2688 -1.6887
v  1.9779 0.2667 -1.7326
v  1.7270 -0.9470 -1.7329
v  1.4826 -1.2876 -1.7342
v  1.1727 -1.5698 -1.7361
v  0.4171 -1.9308 -1.6972
v  -0.0031 -1.9592 -1.7440
v  0.4133 -1.9131 -1.7411
v  0.8184 -1.7979 -1.6945
v  0.8111 -1.7814 -1.7384
v  -0.4200 -1.9176 -1.7471
v  -0.8191 -1.7902 -1.7501
v  -1.1830 -1.5825 -1.7529
v  -1.9164 -0.5837 -1.7594
v  -1.7440 -0.9658 -1.7577
v  -1.4959 -1.3036 -1.7555
v  -2.0058 -0.1740 -1.7606
v  -2.0080 0.2453 -1.7611
v  -1.9231 0.6558 -1.7610
v  -1.2114 1.6772 -1.7133
v  -1.2006 1.6625 -1.7571
v  -1.5104 1.3803 -1.7589
v  -1.7707 1.0488 -1.7165
v  -1.7548 1.0398 -1.7603
v  -0.8389 1.8741 -1.7547
v  -0.4412 2.0058 -1.7520
v  -0.0247 2.0519 -1.7491
v  0.7913 1.8829 -1.7431
v  0.3921 2.0103 -1.7461
v  1.3434 1.2830 -1.6773
v  1.0568 1.5385 -1.6796
v  1.5706 0.9735 -1.6753
v  1.6148 0.8758 -1.6748
v  1.7286 0.6235 -1.6737
v  1.3356 1.2759 -1.6623
v  1.0506 1.5299 -1.6646
v  1.5615 0.9682 -1.6603
v  1.6056 0.8699 -1.6567
v  1.6941 0.6122 -1.6401
v  1.5993 0.8367 -1.6283
v  1.7126 0.6183 -1.6581
v  1.5773 0.8072 -1.5942
v  1.4911 0.7742 -1.5280
v  1.7165 0.3861 -1.5927
v  1.6276 0.3614 -1.5265
v  1.7347 -0.5118 -1.6723
v  1.8125 -0.1357 -1.6722
v  1.8104 0.2483 -1.6727
v  1.7876 0.3531 -1.6730
v  1.7767 0.3524 -1.6548
v  1.7518 0.3754 -1.6267
v  1.7247 -0.5086 -1.6573
v  1.8020 -0.1347 -1.6572
v  1.7999 0.2472 -1.6577
v  1.5805 -0.8635 -1.6729
v  1.3567 -1.1754 -1.6742
v  1.2775 -1.2476 -1.6746
v  1.0729 -1.4339 -1.6759
v  1.5713 -0.8583 -1.6580
v  1.3488 -1.1684 -1.6592
v  1.2690 -1.2408 -1.6565
v  1.0514 -1.4047 -1.6422
v  1.2354 -1.2451 -1.6284
v  1.0629 -1.4204 -1.6603
v  1.2004 -1.2333 -1.5944
v  0.8433 -1.4960 -1.5966
v  1.1422 -1.1616 -1.5281
v  0.7921 -1.4191 -1.5303
v  -0.0042 -1.7906 -1.6831
v  0.3773 -1.7484 -1.6805
v  0.7416 -1.6278 -1.6780
v  0.8341 -1.5737 -1.6774
v  0.8301 -1.5635 -1.6593
v  0.8441 -1.5328 -1.6308
v  -0.0043 -1.7800 -1.6681
v  0.3750 -1.7381 -1.6654
v  0.7372 -1.6181 -1.6630
v  -0.3860 -1.7525 -1.6859
v  -0.7516 -1.6358 -1.6887
v  -0.8447 -1.5827 -1.6894
v  -1.0850 -1.4456 -1.6913
v  -0.3839 -1.7422 -1.6709
v  -0.7474 -1.6261 -1.6736
v  -0.8409 -1.5725 -1.6712
v  -1.0640 -1.4161 -1.6573
v  -0.8554 -1.5420 -1.6429
v  -1.0752 -1.4319 -1.6756
v  -0.8552 -1.5051 -1.6087
v  -0.8052 -1.4277 -1.5417
v  -1.2151 -1.2463 -1.6116
v  -1.1581 -1.1740 -1.5445
v  -1.7568 -0.5306 -1.6972
v  -1.5988 -0.8807 -1.6957
v  -1.3716 -1.1901 -1.6936
v  -1.2916 -1.2615 -1.6930
v  -1.2832 -1.2545 -1.6747
v  -1.2498 -1.2585 -1.6461
v  -1.7468 -0.5273 -1.6821
v  -1.5897 -0.8753 -1.6805
v  -1.3638 -1.1830 -1.6785
v  -1.8386 -0.1554 -1.6983
v  -1.8407 0.2286 -1.6987
v  -1.8190 0.3336 -1.6987
v  -1.7629 0.6047 -1.6986
v  -1.8282 -0.1542 -1.6831
v  -1.8302 0.2276 -1.6836
v  -1.8082 0.3331 -1.6804
v  -1.7285 0.5937 -1.6645
v  -1.7837 0.3563 -1.6519
v  -1.7469 0.5996 -1.6829
v  -1.7487 0.3674 -1.6174
v  -1.6599 0.3437 -1.5500
v  -1.6140 0.7900 -1.6170
v  -1.5279 0.7579 -1.5496
v  -1.1011 1.5268 -1.6950
v  -1.3848 1.2683 -1.6968
v  -1.6087 0.9564 -1.6980
v  -1.6518 0.8582 -1.6982
v  -1.6427 0.8524 -1.6799
v  -1.6362 0.8193 -1.6514
v  -1.0949 1.5183 -1.6799
v  -1.3770 1.2613 -1.6816
v  -1.5996 0.9512 -1.6828
v  -0.7698 1.7206 -1.6929
v  -0.4054 1.8413 -1.6905
v  -0.2990 1.8531 -1.6897
v  -0.0240 1.8835 -1.6878
v  -0.7655 1.7110 -1.6778
v  -0.4032 1.8310 -1.6754
v  -0.2962 1.8426 -1.6715
v  -0.0239 1.8473 -1.6539
v  -0.2666 1.8265 -1.6429
v  -0.0240 1.8667 -1.6721
v  -0.2454 1.7965 -1.6084
v  -0.2407 1.7045 -1.5415
v  0.1978 1.7989 -1.6053
v  0.1938 1.7069 -1.5384
v  0.7235 1.7287 -1.6823
v  0.3578 1.8454 -1.6850
v  0.2513 1.8561 -1.6858
v  0.2485 1.8456 -1.6676
v  0.2189 1.8291 -1.6394
v  0.7192 1.7190 -1.6672
v  0.3557 1.8351 -1.6700
v  -0.0164 0.0474 -0.8681
v  -0.2309 0.3395 -0.8582
v  -0.1302 0.3916 -0.8575
v  -0.0184 0.4099 -0.8567
v  -0.3106 0.2589 -0.8586
v  -0.3615 0.1576 -0.8589
v  -0.3786 0.0455 -0.8589
v  -0.3603 -0.0664 -0.8586
v  -0.3083 -0.1672 -0.8581
v  -0.2277 -0.2469 -0.8574
v  -0.1265 -0.2979 -0.8566
v  -0.0145 -0.3150 -0.8558
v  0.0973 -0.2966 -0.8550
v  0.1980 -0.2446 -0.8544
v  0.2777 -0.1640 -0.8539
v  0.3286 -0.0627 -0.8537
v  0.3457 0.0494 -0.8537
v  0.3274 0.1613 -0.8539
v  0.2754 0.2621 -0.8544
v  0.1949 0.3418 -0.8551
v  0.0936 0.3928 -0.8559
v  -0.2334 0.3421 -0.5462
v  -0.3848 0.5483 -0.5476
v  -0.2123 0.6374 -0.5464
v  -0.1320 0.3945 -0.5456
v  -0.3136 0.2609 -0.5467
v  -0.5213 0.4101 -0.5484
v  -0.3649 0.1588 -0.5470
v  -0.6085 0.2366 -0.5488
v  -0.3822 0.0459 -0.5469
v  -0.6378 0.0445 -0.5488
v  -0.3637 -0.0669 -0.5467
v  -0.6064 -0.1472 -0.5483
v  -0.3113 -0.1684 -0.5462
v  -0.5174 -0.3199 -0.5475
v  -0.2302 -0.2487 -0.5455
v  -0.3793 -0.4565 -0.5463
v  -0.1282 -0.3000 -0.5447
v  -0.2059 -0.5438 -0.5450
v  -0.0154 -0.3173 -0.5439
v  -0.0140 -0.5731 -0.5435
v  0.0973 -0.2988 -0.5431
v  0.1776 -0.5417 -0.5422
v  0.1987 -0.2464 -0.5424
v  0.3501 -0.4526 -0.5411
v  0.2790 -0.1652 -0.5420
v  0.4866 -0.3145 -0.5403
v  0.3303 -0.0631 -0.5417
v  0.5738 -0.1409 -0.5399
v  0.3475 0.0498 -0.5417
v  0.6032 0.0512 -0.5399
v  0.3290 0.1625 -0.5420
v  0.5718 0.2429 -0.5404
v  0.2767 0.2641 -0.5425
v  0.4827 0.4156 -0.5412
v  0.1955 0.3444 -0.5432
v  0.3447 0.5522 -0.5424
v  0.0935 0.3957 -0.5440
v  0.1712 0.6395 -0.5437
v  -0.0193 0.4130 -0.5448
v  -0.0207 0.6688 -0.5451
v  -0.3832 0.5476 -1.0999
v  -0.4603 0.6526 -1.1006
v  -0.2516 0.7604 -1.0993
v  -0.2107 0.6367 -1.0988
v  -0.5197 0.4095 -1.1007
v  -0.6254 0.4855 -1.1016
v  -0.6069 0.2359 -1.1012
v  -0.7309 0.2755 -1.1021
v  -0.6363 0.0438 -1.1011
v  -0.7664 0.0431 -1.1021
v  -0.6048 -0.1479 -1.1007
v  -0.7284 -0.1888 -1.1015
v  -0.5158 -0.3206 -1.0998
v  -0.6207 -0.3977 -1.1005
v  -0.3778 -0.4572 -1.0987
v  -0.4537 -0.5630 -1.0991
v  -0.2043 -0.5445 -1.0973
v  -0.2439 -0.6686 -1.0974
v  -0.0124 -0.5738 -1.0959
v  -0.0117 -0.7041 -1.0957
v  0.1792 -0.5424 -1.0946
v  0.2201 -0.6661 -1.0941
v  0.3517 -0.4533 -1.0935
v  0.4287 -0.5582 -1.0928
v  0.4882 -0.3151 -1.0927
v  0.5939 -0.3911 -1.0918
v  0.5754 -0.1416 -1.0922
v  0.6994 -0.1811 -1.0913
v  0.6047 0.0505 -1.0923
v  0.7349 0.0512 -1.0913
v  0.5733 0.2422 -1.0927
v  0.6969 0.2832 -1.0919
v  0.4843 0.4149 -1.0936
v  0.5891 0.4920 -1.0929
v  0.3463 0.5515 -1.0947
v  0.4222 0.6573 -1.0943
v  0.1728 0.6388 -1.0961
v  0.2123 0.7629 -1.0959
v  -0.0191 0.6681 -1.0975
v  -0.0198 0.7984 -1.0977
v  1.3337 1.2768 -0.9980
v  1.3300 1.2783 0.2785
v  1.0451 1.5323 0.2889
v  1.0487 1.5307 -1.0002
v  1.5596 0.9690 -0.9960
v  1.5560 0.9706 0.2805
v  1.8001 -0.1339 -0.9929
v  1.7228 -0.5078 -0.9929
v  1.7191 -0.5062 0.2962
v  1.7964 -0.1323 0.2836
v  1.7980 0.2480 -0.9934
v  1.7944 0.2496 0.2831
v  1.7770 0.3520 -0.9942
v  1.7130 0.6226 0.2821
v  1.5695 -0.8574 -0.9937
v  1.5658 -0.8559 0.2828
v  1.3469 -1.1676 -0.9949
v  1.3432 -1.1660 0.2816
v  0.3731 -1.7373 -1.0011
v  -0.0062 -1.7792 -1.0037
v  -0.0098 -1.7776 0.2854
v  0.3695 -1.7357 0.2754
v  0.7353 -1.6173 -0.9987
v  0.7317 -1.6157 0.2778
v  0.8277 -1.5651 -0.9986
v  1.0611 -1.4230 0.2799
v  -0.3858 -1.7414 -1.0065
v  -0.3894 -1.7398 0.2700
v  -0.7493 -1.6253 -1.0093
v  -0.7529 -1.6237 0.2672
v  -0.8422 -1.5741 -1.0105
v  -1.0844 -1.4346 0.2646
v  -1.5916 -0.8745 -1.0162
v  -1.7487 -0.5265 -1.0177
v  -1.7524 -0.5249 0.2714
v  -1.5953 -0.8729 0.2603
v  -1.3657 -1.1822 -1.0142
v  -1.3693 -1.1806 0.2623
v  -1.2875 -1.2540 -1.0141
v  -1.8300 -0.1534 -1.0188
v  -1.8337 -0.1519 0.2577
v  -1.8321 0.2284 -1.0193
v  -1.8357 0.2300 0.2572
v  -1.3789 1.2621 -1.0173
v  -1.0967 1.5192 -1.0155
v  -1.1004 1.5207 0.2735
v  -1.3825 1.2637 0.2592
v  -1.6015 0.9520 -1.0185
v  -1.6051 0.9536 0.2580
v  -1.6456 0.8554 -1.0192
v  -1.7584 0.6039 0.2573
v  -0.7674 1.7119 -1.0135
v  -0.7710 1.7134 0.2630
v  -0.4051 1.8318 -1.0111
v  -0.4087 1.8334 0.2654
v  0.7173 1.7199 -1.0029
v  0.7137 1.7214 0.2736
v  0.3538 1.8359 -1.0057
v  0.3501 1.8375 0.2708
v  0.2484 1.8480 -1.0069
v  -0.0295 1.8753 0.2681
v  -0.2335 0.3422 -0.4854
v  -0.1321 0.3946 -0.4848
v  -0.3138 0.2609 -0.4859
v  -0.3651 0.1589 -0.4861
v  -0.3823 0.0459 -0.4861
v  -0.3639 -0.0668 -0.4859
v  -0.3115 -0.1683 -0.4854
v  -0.2304 -0.2486 -0.4847
v  -0.1284 -0.2999 -0.4839
v  -0.0155 -0.3172 -0.4831
v  0.0971 -0.2987 -0.4823
v  0.1985 -0.2463 -0.4816
v  0.2788 -0.1651 -0.4812
v  0.3301 -0.0630 -0.4809
v  0.3473 0.0499 -0.4809
v  0.3289 0.1626 -0.4812
v  0.2765 0.2641 -0.4817
v  0.1953 0.3445 -0.4824
v  0.0934 0.3958 -0.4832
v  -0.0195 0.4130 -0.4840
v  -0.3849 0.5483 -0.4868
v  -0.2124 0.6375 -0.4857
v  -0.5215 0.4102 -0.4876
v  -0.6087 0.2366 -0.4880
v  -0.6380 0.0446 -0.4880
v  -0.6066 -0.1472 -0.4875
v  -0.5175 -0.3198 -0.4867
v  -0.3795 -0.4564 -0.4855
v  -0.2061 -0.5437 -0.4842
v  -0.0142 -0.5731 -0.4827
v  0.1774 -0.5416 -0.4814
v  0.3499 -0.4525 -0.4803
v  0.4865 -0.3144 -0.4795
v  0.5737 -0.1408 -0.4791
v  0.6030 0.0513 -0.4791
v  0.5716 0.2430 -0.4796
v  0.4825 0.4156 -0.4804
v  0.3445 0.5523 -0.4816
v  0.1711 0.6395 -0.4829
v  -0.0209 0.6689 -0.4843
v  -0.4624 0.6535 -0.3647
v  -0.2537 0.7613 -0.3633
v  -0.6275 0.4864 -0.3656
v  -0.7330 0.2764 -0.3661
v  -0.7685 0.0440 -0.3661
v  -0.7305 -0.1879 -0.3655
v  -0.6228 -0.3968 -0.3645
v  -0.4558 -0.5621 -0.3631
v  -0.2460 -0.6677 -0.3615
v  -0.0138 -0.7032 -0.3598
v  0.2180 -0.6652 -0.3582
v  0.4267 -0.5573 -0.3568
v  0.5918 -0.3902 -0.3558
v  0.6973 -0.1802 -0.3553
v  0.7328 0.0521 -0.3554
v  0.6948 0.2841 -0.3559
v  0.5871 0.4929 -0.3570
v  0.4201 0.6582 -0.3584
v  0.2103 0.7638 -0.3600
v  -0.0219 0.7993 -0.3617
v  -0.5214 0.7339 -0.3652
v  -0.2850 0.8561 -0.3636
v  -0.7085 0.5446 -0.3663
v  -0.8280 0.3067 -0.3668
v  -0.8682 0.0435 -0.3668
v  -0.8252 -0.2193 -0.3662
v  -0.7031 -0.4559 -0.3650
v  -0.5140 -0.6432 -0.3634
v  -0.2763 -0.7628 -0.3616
v  -0.0133 -0.8030 -0.3596
v  0.2493 -0.7599 -0.3578
v  0.4857 -0.6378 -0.3563
v  0.6728 -0.4485 -0.3552
v  0.7923 -0.2106 -0.3546
v  0.8325 0.0527 -0.3547
v  0.7895 0.3154 -0.3553
v  0.6674 0.5520 -0.3564
v  0.4783 0.7393 -0.3580
v  0.2406 0.8589 -0.3599
v  -0.0224 0.8991 -0.3618
v  -0.5221 0.7342 -0.1151
v  -0.2857 0.8564 -0.1136
v  -0.7093 0.5449 -0.1162
v  -0.8288 0.3070 -0.1168
v  -0.8690 0.0438 -0.1168
v  -0.8259 -0.2190 -0.1161
v  -0.7038 -0.4556 -0.1150
v  -0.5147 -0.6428 -0.1134
v  -0.2770 -0.7624 -0.1115
v  -0.0140 -0.8027 -0.1096
v  0.2486 -0.7596 -0.1078
v  0.4850 -0.6375 -0.1063
v  0.6721 -0.4482 -0.1052
v  0.7916 -0.2103 -0.1046
v  0.8318 0.0530 -0.1046
v  0.7888 0.3157 -0.1053
v  0.6667 0.5523 -0.1064
v  0.4776 0.7396 -0.1080
v  0.2399 0.8592 -0.1098
v  -0.0232 0.8994 -0.1118
v  1.6047 0.8730 -0.9960
v  1.2695 -1.2402 -0.9958
v  -1.8122 0.3327 -1.0198
v  -0.2999 1.8451 -1.0108
v  1.5983 0.8378 -0.9827
v  1.5705 0.8063 -0.9611
v  1.7508 0.3764 -0.9811
v  1.7097 0.3852 -0.9596
v  1.2340 -1.2449 -0.9828
v  1.1955 -1.2283 -0.9613
v  0.8428 -1.5327 -0.9817
v  0.8383 -1.4909 -0.9618
v  -0.8577 -1.5419 -0.9973
v  -0.8539 -1.5000 -0.9756
v  -1.2521 -1.2584 -1.0005
v  -1.2139 -1.2413 -0.9785
v  -1.7864 0.3574 -1.0063
v  -1.7455 0.3666 -0.9843
v  -1.6388 0.8203 -1.0058
v  -1.6108 0.7892 -0.9838
v  -0.2685 1.8281 -0.9973
v  -0.2471 1.7920 -0.9753
v  0.2171 1.8307 -0.9938
v  0.1960 1.7944 -0.9722
v  1.9925 -0.1518 0.3062
v  -0.0306 2.0726 0.2890
v  -0.2499 -0.6474 -0.3599
v  -0.6023 -0.3941 -0.3628
v  -0.7505 0.0541 -0.3644
v  -0.6186 0.4677 -0.3639
v  0.5713 -0.3878 -0.3544
v  0.2217 -0.6448 -0.3548
v  0.5784 0.4742 -0.3554
v  0.7146 0.0620 -0.3539
v  -0.2386 0.7472 -0.3616
v  0.1953 0.7496 -0.3585
v  -0.6036 -0.3991 -0.9974
v  -0.2512 -0.6524 -0.9946
v  0.2266 -0.6499 -0.9912
v  0.5762 -0.3928 -0.9890
v  0.7215 0.0629 -0.9885
v  0.5852 0.4750 -0.9900
v  -0.6219 0.4685 -0.9986
v  -0.7537 0.0549 -0.9991
v  0.1970 0.7541 -0.9931
v  -0.2368 0.7517 -0.9962
# 877 vertices

vn 0.8768 -0.2791 -0.3916
vn 0.4823 -0.1528 -0.8626
vn 0.5034 -0.0506 -0.8626
vn 0.9156 -0.0914 -0.3916
vn 0.5029 0.0538 -0.8627
vn 0.9145 0.1003 -0.3919
vn 0.4807 0.1558 -0.8629
vn 0.8738 0.2875 -0.3923
vn 0.1488 -0.0464 -0.9878
vn 0.1551 -0.0160 -0.9878
vn 0.1550 0.0151 -0.9878
vn 0.1483 0.0455 -0.9879
vn 0.0005 0.0009 -1.0000
vn 0.0002 -0.0005 -1.0000
vn 0.0002 -0.0020 -1.0000
vn 0.0005 -0.0034 -1.0000
vn 0.5384 0.7447 -0.3943
vn 0.6815 0.6170 -0.3935
vn 0.3760 0.3353 -0.8638
vn 0.2980 0.4049 -0.8644
vn 0.7950 0.4623 -0.3928
vn 0.4378 0.2511 -0.8633
vn 0.1171 0.0989 -0.9882
vn 0.0939 0.1196 -0.9884
vn 0.1355 0.0738 -0.9880
vn 0.0020 -0.0060 -1.0000
vn 0.0031 -0.0069 -1.0000
vn 0.0010 -0.0048 -1.0000
vn 0.0077 -0.9189 -0.3945
vn 0.0088 -0.5015 -0.8651
vn 0.1129 -0.4899 -0.8645
vn 0.1986 -0.8975 -0.3937
vn 0.2121 -0.4568 -0.8639
vn 0.3808 -0.8370 -0.3930
vn 0.3024 -0.4039 -0.8634
vn 0.5464 -0.7399 -0.3924
vn 0.0079 -0.1501 -0.9886
vn 0.0388 -0.1466 -0.9884
vn 0.0683 -0.1368 -0.9882
vn 0.0952 -0.1211 -0.9881
vn 0.0071 0.0057 -1.0000
vn 0.0057 0.0056 -1.0000
vn 0.0043 0.0051 -1.0000
vn 0.0030 0.0044 -1.0000
vn 0.7999 -0.4547 -0.3917
vn 0.4404 -0.2485 -0.8627
vn 0.6882 -0.6106 -0.3920
vn 0.3796 -0.3334 -0.8630
vn 0.1363 -0.0749 -0.9878
vn 0.1182 -0.1001 -0.9879
vn 0.0010 0.0022 -1.0000
vn 0.0019 0.0034 -1.0000
vn -0.8703 -0.2892 -0.3987
vn -0.4701 -0.1585 -0.8682
vn -0.4269 -0.2540 -0.8679
vn -0.7912 -0.4642 -0.3982
vn -0.3648 -0.3384 -0.8674
vn -0.6773 -0.6190 -0.3976
vn -0.2864 -0.4080 -0.8669
vn -0.5337 -0.7468 -0.3968
vn -0.1345 -0.0480 -0.9897
vn -0.1217 -0.0764 -0.9896
vn -0.1032 -0.1015 -0.9895
vn -0.0799 -0.1222 -0.9893
vn 0.0137 0.0009 -0.9999
vn 0.0132 0.0023 -0.9999
vn 0.0123 0.0035 -0.9999
vn 0.0112 0.0044 -0.9999
vn -0.1836 -0.9000 -0.3953
vn -0.0954 -0.4914 -0.8657
vn -0.3667 -0.8418 -0.3960
vn -0.1953 -0.4597 -0.8663
vn -0.0232 -0.1471 -0.9889
vn -0.0528 -0.1376 -0.9891
vn 0.0086 0.0056 -0.9999
vn 0.0099 0.0051 -0.9999
vn -0.5417 0.7400 -0.3987
vn -0.2908 0.4026 -0.8680
vn -0.3684 0.3322 -0.8683
vn -0.6840 0.6107 -0.3991
vn -0.4296 0.2472 -0.8685
vn -0.7961 0.4547 -0.3993
vn -0.4718 0.1513 -0.8686
vn -0.8734 0.2788 -0.3994
vn -0.0812 0.1188 -0.9896
vn -0.1043 0.0979 -0.9897
vn -0.1225 0.0726 -0.9898
vn -0.1350 0.0441 -0.9899
vn 0.0113 -0.0068 -0.9999
vn 0.0123 -0.0058 -0.9999
vn 0.0132 -0.0047 -0.9999
vn 0.0137 -0.0033 -0.9999
vn -0.8964 -0.1966 -0.3972
vn -0.4860 -0.1084 -0.8672
vn -0.9177 -0.0055 -0.3973
vn -0.9123 0.0906 -0.3993
vn -0.4931 0.0486 -0.8686
vn -0.4977 -0.0038 -0.8673
vn -0.1394 -0.0332 -0.9897
vn -0.1414 0.0136 -0.9899
vn -0.1429 -0.0020 -0.9897
vn 0.0141 0.0003 -0.9999
vn 0.0141 -0.0019 -0.9999
vn 0.0142 -0.0012 -0.9999
vn 0.2072 0.4569 -0.8651
vn 0.3718 0.8400 -0.3951
vn 0.1076 0.4889 -0.8657
vn 0.1889 0.8986 -0.3960
vn 0.0034 0.4994 -0.8663
vn -0.0022 0.9179 -0.3968
vn 0.0669 0.1350 -0.9886
vn 0.0372 0.1445 -0.9888
vn 0.0063 0.1477 -0.9890
vn 0.0043 -0.0076 -1.0000
vn 0.0057 -0.0081 -1.0000
vn 0.0072 -0.0082 -0.9999
vn -0.3757 0.8368 -0.3981
vn -0.2002 0.4554 -0.8675
vn -0.1932 0.8970 -0.3975
vn -0.1007 0.4882 -0.8669
vn -0.0543 0.1345 -0.9894
vn -0.0247 0.1443 -0.9892
vn 0.0100 -0.0076 -0.9999
vn 0.0086 -0.0081 -0.9999
vn 0.8734 -0.2787 0.3994
vn 0.9123 -0.0906 0.3993
vn 0.4931 -0.0486 0.8686
vn 0.4718 -0.1513 0.8686
vn 0.9113 0.1015 0.3991
vn 0.4925 0.0562 0.8685
vn 0.4701 0.1585 0.8683
vn 0.8703 0.2892 0.3987
vn 0.1438 -0.0111 0.9895
vn 0.1580 -0.0514 0.9861
vn 0.1412 0.0176 0.9898
vn 0.1346 0.0480 0.9897
vn -0.0134 0.0094 0.9999
vn 0.0276 -0.0098 0.9996
vn -0.0141 0.0005 0.9999
vn -0.0137 -0.0009 0.9999
vn 0.5337 0.7468 0.3968
vn 0.2864 0.4080 0.8669
vn 0.3648 0.3384 0.8674
vn 0.6773 0.6190 0.3975
vn 0.4269 0.2540 0.8679
vn 0.7912 0.4642 0.3982
vn 0.0940 0.1418 0.9854
vn 0.1067 0.1010 0.9891
vn 0.1216 0.0764 0.9896
vn 0.0141 0.0308 0.9994
vn -0.0072 -0.0090 0.9999
vn -0.0132 -0.0023 0.9999
vn 0.0022 -0.9179 0.3967
vn 0.1932 -0.8970 0.3975
vn 0.1007 -0.4881 0.8669
vn -0.0034 -0.4994 0.8663
vn 0.3758 -0.8368 0.3982
vn 0.2002 -0.4554 0.8675
vn 0.2908 -0.4026 0.8679
vn 0.5418 -0.7400 0.3987
vn 0.0278 -0.1458 0.9889
vn -0.0061 -0.1717 0.9851
vn 0.0543 -0.1345 0.9894
vn 0.0812 -0.1188 0.9896
vn -0.0013 0.0096 1.0000
vn -0.0069 -0.0351 0.9994
vn -0.0100 0.0076 0.9999
vn -0.0113 0.0068 0.9999
vn 0.4296 -0.2472 0.8685
vn 0.7961 -0.4547 0.3993
vn 0.3684 -0.3322 0.8683
vn 0.6839 -0.6107 0.3991
vn 0.1231 -0.0760 0.9895
vn 0.1043 -0.0979 0.9897
vn -0.0169 -0.0019 0.9999
vn -0.0123 0.0058 0.9999
vn -0.8738 -0.2875 0.3923
vn -0.7950 -0.4623 0.3928
vn -0.4378 -0.2511 0.8633
vn -0.4807 -0.1559 0.8629
vn -0.6815 -0.6169 0.3936
vn -0.3760 -0.3353 0.8638
vn -0.2980 -0.4050 0.8644
vn -0.5384 -0.7447 0.3943
vn -0.1361 -0.0772 0.9877
vn -0.1712 -0.0531 0.9838
vn -0.1171 -0.0989 0.9882
vn -0.0939 -0.1196 0.9884
vn 0.0027 -0.0017 1.0000
vn -0.0417 -0.0102 0.9991
vn -0.0020 0.0059 1.0000
vn -0.0031 0.0069 1.0000
vn -0.1076 -0.4889 0.8657
vn -0.1889 -0.8986 0.3960
vn -0.2072 -0.4569 0.8651
vn -0.3718 -0.8400 0.3951
vn -0.0403 -0.1462 0.9884
vn -0.0669 -0.1350 0.9886
vn -0.0131 0.0096 0.9999
vn -0.0044 0.0076 1.0000
vn -0.5464 0.7399 0.3924
vn -0.6882 0.6105 0.3920
vn -0.3796 0.3334 0.8630
vn -0.3023 0.4039 0.8634
vn -0.7999 0.4547 0.3917
vn -0.4404 0.2485 0.8627
vn -0.4823 0.1528 0.8626
vn -0.8768 0.2791 0.3916
vn -0.1216 0.0996 0.9876
vn -0.1095 0.1405 0.9840
vn -0.1363 0.0749 0.9878
vn -0.1488 0.0464 0.9878
vn -0.0070 -0.0090 0.9999
vn -0.0287 0.0305 0.9991
vn -0.0010 -0.0023 1.0000
vn -0.0005 -0.0009 1.0000
vn -0.4965 -0.1059 0.8616
vn -0.8998 -0.1951 0.3902
vn -0.9208 -0.0045 0.3900
vn -0.5079 -0.0016 0.8614
vn -0.5035 0.0506 0.8625
vn -0.9156 0.0914 0.3916
vn -0.1582 -0.0258 0.9871
vn -0.1566 0.0004 0.9877
vn -0.1551 0.0160 0.9878
vn -0.0019 0.0177 0.9998
vn -0.0001 0.0013 1.0000
vn -0.0002 0.0005 1.0000
vn 0.3667 0.8418 0.3961
vn 0.1953 0.4597 0.8663
vn 0.1836 0.9000 0.3953
vn 0.0954 0.4914 0.8657
vn -0.0088 0.5016 0.8651
vn -0.0077 0.9189 0.3945
vn 0.0513 0.1407 0.9887
vn 0.0232 0.1471 0.9889
vn -0.0078 0.1501 0.9886
vn -0.0169 -0.0022 0.9999
vn -0.0085 -0.0055 0.9999
vn -0.0071 -0.0057 1.0000
vn -0.2121 0.4568 0.8639
vn -0.3808 0.8370 0.3930
vn -0.1129 0.4899 0.8645
vn -0.1986 0.8975 0.3937
vn -0.0668 0.1399 0.9879
vn -0.0388 0.1466 0.9884
vn 0.0026 -0.0021 1.0000
vn -0.0057 -0.0056 1.0000
vn -0.7958 -0.4678 -0.3846
vn -0.8008 0.4582 -0.3858
vn -0.5682 0.3254 -0.7559
vn -0.5646 -0.3334 -0.7550
vn -0.0012 0.9234 -0.3838
vn 0.0009 0.6577 -0.7533
vn 0.7996 0.4647 -0.3803
vn 0.5727 0.3311 -0.7499
vn 0.8046 -0.4570 -0.3792
vn 0.5762 -0.3268 -0.7491
vn 0.0087 -0.9243 -0.3815
vn 0.0079 -0.6595 -0.7516
vn -1.0000 -0.0054 -0.0028
vn -1.0000 -0.0054 -0.0029
vn -0.5050 0.8631 -0.0025
vn -0.5049 0.8631 -0.0025
vn -0.5049 0.8632 -0.0025
vn 0.4956 0.8685 0.0003
vn 0.4957 0.8685 0.0003
vn 1.0000 0.0054 0.0028
vn 0.5050 -0.8631 0.0025
vn 0.5049 -0.8631 0.0025
vn -0.4956 -0.8685 -0.0004
vn 0.0072 -0.0012 -1.0000
vn 0.0072 -0.0013 -1.0000
vn -0.7958 -0.4678 -0.3847
vn -0.5682 0.3253 -0.7559
vn 0.0008 0.6577 -0.7533
vn 0.0079 -0.6595 -0.7517
vn 0.4956 0.8685 0.0004
vn 1.0000 0.0054 0.0029
vn 0.5049 -0.8632 0.0025
vn -0.4957 -0.8685 -0.0004
vn -0.7957 -0.4677 -0.3847
vn -0.8008 0.4581 -0.3858
vn -0.5681 0.3253 -0.7559
vn 0.5727 0.3311 -0.7500
vn 0.0087 -0.9243 -0.3816
vn 0.0079 -0.6594 -0.7517
vn 0.4956 0.8686 0.0003
vn -0.4956 -0.8686 -0.0003
vn -0.4956 -0.8685 -0.0003
vn 0.0071 -0.0012 -1.0000
vn 0.0071 -0.0013 -1.0000
vn -0.7958 -0.4677 -0.3847
vn -0.5646 -0.3333 -0.7550
vn -0.0013 0.9234 -0.3838
vn 0.0008 0.6576 -0.7534
vn 0.7997 0.4647 -0.3803
vn 0.8046 -0.4570 -0.3791
vn 0.5763 -0.3268 -0.7491
vn 0.4957 0.8685 0.0004
vn -0.7958 -0.4677 -0.3846
vn -0.5682 0.3254 -0.7558
vn 0.0087 -0.9243 -0.3814
vn -0.4956 -0.8686 -0.0004
vn -0.8007 0.4581 -0.3860
vn -0.0012 0.9234 -0.3839
vn 0.7997 0.4646 -0.3803
vn -0.5514 -0.8343 -0.0005
vn -0.7033 -0.7109 -0.0010
vn -0.7038 -0.7104 -0.0010
vn -0.9218 -0.3876 -0.0022
vn -0.9220 -0.3872 -0.0022
vn -0.9259 0.3776 -0.0031
vn -0.9261 0.3773 -0.0031
vn -0.7109 0.7033 -0.0029
vn -0.7114 0.7028 -0.0029
vn -0.3874 0.9219 -0.0023
vn -0.3883 0.9215 -0.0023
vn -0.0048 1.0000 -0.0012
vn -0.0059 1.0000 -0.0012
vn 0.3784 0.9256 -0.0000
vn 0.3775 0.9260 -0.0000
vn 0.7038 0.7104 0.0012
vn 0.7033 0.7109 0.0012
vn 0.9220 0.3873 0.0021
vn 0.9218 0.3876 0.0021
vn 0.9261 -0.3773 0.0031
vn 0.9259 -0.3776 0.0031
vn 0.7114 -0.7028 0.0029
vn 0.7109 -0.7033 0.0029
vn 0.3883 -0.9215 0.0022
vn 0.3874 -0.9219 0.0022
vn 0.0059 -1.0000 0.0013
vn 0.0048 -1.0000 0.0013
vn -0.1900 -0.9818 0.0007
vn -0.0071 0.0013 1.0000
vn -0.0071 0.0012 1.0000
vn -0.0072 0.0012 1.0000
vn 0.6855 0.6204 -0.3811
vn 0.6853 0.6206 -0.3811
vn 0.5413 0.7491 -0.3819
vn 0.5416 0.7488 -0.3819
vn 0.7994 0.4648 -0.3807
vn 0.7993 0.4650 -0.3807
vn 0.8786 0.2892 -0.3800
vn 0.8786 0.2891 -0.3800
vn 0.9207 -0.0918 -0.3794
vn 0.8817 -0.2806 -0.3793
vn 0.8817 -0.2807 -0.3793
vn 0.9207 -0.0919 -0.3794
vn 0.9196 0.1008 -0.3797
vn 0.9196 0.1009 -0.3797
vn 0.8044 -0.4571 -0.3794
vn 0.8043 -0.4573 -0.3794
vn 0.6921 -0.6138 -0.3798
vn 0.6919 -0.6140 -0.3798
vn 0.5493 -0.7441 -0.3801
vn 0.5496 -0.7439 -0.3801
vn 0.2000 -0.9026 -0.3812
vn 0.0079 -0.9242 -0.3819
vn 0.0075 -0.9242 -0.3819
vn 0.1995 -0.9027 -0.3812
vn 0.3832 -0.8416 -0.3807
vn 0.3828 -0.8418 -0.3807
vn -0.1844 -0.9053 -0.3825
vn -0.1849 -0.9052 -0.3825
vn -0.3687 -0.8469 -0.3833
vn -0.3691 -0.8467 -0.3833
vn -0.5371 -0.7511 -0.3839
vn -0.5368 -0.7513 -0.3839
vn -0.7959 -0.4672 -0.3850
vn -0.8757 -0.2910 -0.3853
vn -0.8757 -0.2909 -0.3853
vn -0.7961 -0.4669 -0.3850
vn -0.6813 -0.6229 -0.3846
vn -0.6815 -0.6226 -0.3846
vn -0.9169 -0.1021 -0.3858
vn -0.9179 0.0912 -0.3861
vn -0.8788 0.2804 -0.3862
vn -0.8787 0.2806 -0.3861
vn -0.6880 0.6145 -0.3862
vn -0.5449 0.7446 -0.3857
vn -0.5452 0.7443 -0.3857
vn -0.6882 0.6142 -0.3862
vn -0.8009 0.4576 -0.3862
vn -0.8011 0.4573 -0.3862
vn -0.3778 0.8419 -0.3854
vn -0.3782 0.8417 -0.3854
vn -0.1942 0.9023 -0.3848
vn -0.1946 0.9022 -0.3848
vn -0.0025 0.9233 -0.3841
vn -0.0020 0.9233 -0.3841
vn 0.3741 0.8447 -0.3827
vn 0.3737 0.8449 -0.3827
vn 0.1902 0.9038 -0.3834
vn 0.1898 0.9039 -0.3834
vn -0.1925 -0.2784 -0.9410
vn -0.2459 -0.2310 -0.9414
vn -0.4354 -0.4023 -0.8054
vn -0.3421 -0.4850 -0.8048
vn -0.2882 -0.1735 -0.9417
vn -0.5094 -0.3056 -0.8044
vn -0.5787 -0.2647 -0.7714
vn -0.3177 -0.1084 -0.9420
vn -0.4854 -0.1586 -0.8598
vn -0.6028 -0.5525 -0.5757
vn -0.4746 -0.6663 -0.5751
vn -0.7009 -0.4204 -0.5761
vn -0.7770 -0.3422 -0.5284
vn -0.6582 -0.2202 -0.7199
vn -0.7582 -0.2897 -0.5841
vn -0.6489 -0.2112 -0.7310
vn -0.6326 -0.2245 -0.7412
vn -0.5528 -0.1857 -0.8123
vn -0.6400 -0.2016 -0.7414
vn -0.3188 0.1026 -0.9422
vn -0.5629 0.1803 -0.8067
vn -0.5880 0.0581 -0.8067
vn -0.3333 0.0327 -0.9422
vn -0.5874 -0.0665 -0.8066
vn -0.3329 -0.0387 -0.9422
vn -0.6161 -0.1389 -0.7753
vn -0.8305 -0.1980 -0.5207
vn -0.7802 -0.2232 -0.5843
vn -0.7779 0.2485 -0.5771
vn -0.8125 0.0806 -0.5773
vn -0.8142 -0.0912 -0.5734
vn -0.2901 0.1680 -0.9421
vn -0.5125 0.2944 -0.8066
vn -0.2483 0.2259 -0.9420
vn -0.4433 0.3945 -0.8049
vn -0.4259 0.4726 -0.7716
vn -0.1955 0.2739 -0.9417
vn -0.2954 0.4171 -0.8595
vn -0.7088 0.4053 -0.5773
vn -0.6134 0.5394 -0.5769
vn -0.5624 0.6356 -0.5290
vn -0.4085 0.5615 -0.7197
vn -0.5062 0.6341 -0.5846
vn -0.3969 0.5554 -0.7307
vn -0.4043 0.5357 -0.7413
vn -0.3850 0.5502 -0.7410
vn -0.3424 0.4725 -0.8121
vn 0.0049 0.3399 -0.9404
vn 0.0026 0.5942 -0.8043
vn -0.1212 0.5808 -0.8050
vn -0.0660 0.3322 -0.9409
vn -0.2396 0.5420 -0.8055
vn -0.1338 0.3098 -0.9413
vn -0.3176 0.5468 -0.7747
vn -0.4417 0.7307 -0.5206
vn -0.4497 0.6757 -0.5842
vn -0.0005 0.8181 -0.5751
vn -0.1709 0.7995 -0.5758
vn -0.3348 0.7484 -0.5725
vn 0.0759 0.3327 -0.9400
vn 0.1264 0.5816 -0.8036
vn 0.1438 0.3110 -0.9395
vn 0.2427 0.5465 -0.8015
vn 0.3221 0.5539 -0.7678
vn 0.2057 0.2756 -0.9390
vn 0.3102 0.4138 -0.8559
vn 0.1699 0.8008 -0.5743
vn 0.3265 0.7513 -0.5736
vn 0.4334 0.7323 -0.5252
vn 0.4115 0.5645 -0.7155
vn 0.4496 0.6788 -0.5805
vn 0.4095 0.5518 -0.7265
vn 0.3885 0.5528 -0.7372
vn 0.3480 0.4751 -0.8082
vn 0.4081 0.5389 -0.7369
vn 0.3303 0.1058 -0.9379
vn 0.5699 0.1855 -0.8005
vn 0.5189 0.2987 -0.8009
vn 0.3010 0.1707 -0.9382
vn 0.4453 0.3988 -0.8017
vn 0.2589 0.2282 -0.9386
vn 0.4258 0.4741 -0.7707
vn 0.5609 0.6471 -0.5164
vn 0.5064 0.6380 -0.5800
vn 0.7803 0.2560 -0.5706
vn 0.7101 0.4118 -0.5711
vn 0.6105 0.5512 -0.5687
vn 0.3455 0.0363 -0.9377
vn 0.5963 0.0643 -0.8002
vn 0.3458 -0.0349 -0.9376
vn 0.5991 -0.0569 -0.7987
vn 0.6306 -0.1302 -0.7652
vn 0.3314 -0.1046 -0.9377
vn 0.4946 -0.1617 -0.8540
vn 0.8166 0.0891 -0.5703
vn 0.8180 -0.0748 -0.5703
vn 0.8331 -0.1822 -0.5223
vn 0.6682 -0.2122 -0.7131
vn 0.7877 -0.2138 -0.5777
vn 0.6556 -0.2141 -0.7241
vn 0.6501 -0.1938 -0.7347
vn 0.5642 -0.1790 -0.8060
vn 0.6428 -0.2167 -0.7348
vn 0.2087 -0.2757 -0.9383
vn 0.3580 -0.4800 -0.8009
vn 0.4497 -0.3961 -0.8006
vn 0.2613 -0.2277 -0.9380
vn 0.5219 -0.2951 -0.8004
vn 0.3029 -0.1699 -0.9378
vn 0.5871 -0.2533 -0.7689
vn 0.7917 -0.3297 -0.5143
vn 0.7665 -0.2803 -0.5778
vn 0.4886 -0.6599 -0.5708
vn 0.6148 -0.5444 -0.5707
vn 0.7164 -0.4066 -0.5670
vn 0.1471 -0.3117 -0.9387
vn 0.2508 -0.5429 -0.8015
vn 0.0795 -0.3342 -0.9391
vn 0.1361 -0.5833 -0.8008
vn 0.0758 -0.6365 -0.7676
vn 0.0086 -0.3422 -0.9396
vn 0.0042 -0.5160 -0.8566
vn 0.3410 -0.7464 -0.5715
vn 0.1853 -0.7987 -0.5725
vn 0.0874 -0.8469 -0.5245
vn 0.0088 -0.6979 -0.7161
vn 0.0436 -0.8132 -0.5804
vn 0.0032 -0.6865 -0.7271
vn 0.0210 -0.6750 -0.7375
vn 0.0089 -0.5879 -0.8089
vn -0.0031 -0.6749 -0.7379
vn -0.2337 -0.5465 -0.8042
vn -0.1305 -0.3137 -0.9405
vn -0.1150 -0.5841 -0.8035
vn -0.0624 -0.3352 -0.9401
vn -0.0552 -0.6333 -0.7720
vn -0.0662 -0.8533 -0.5173
vn -0.0265 -0.8136 -0.5808
vn -0.3255 -0.7509 -0.5746
vn -0.1627 -0.8054 -0.5700
vn -0.0122 0.0250 -0.9996
vn -0.0031 0.0297 -0.9996
vn 0.0070 0.0313 -0.9995
vn -0.0193 0.0178 -0.9997
vn -0.0239 0.0087 -0.9997
vn -0.0254 -0.0014 -0.9997
vn -0.0238 -0.0115 -0.9997
vn -0.0191 -0.0205 -0.9996
vn -0.0119 -0.0277 -0.9995
vn -0.0028 -0.0322 -0.9995
vn 0.0073 -0.0338 -0.9994
vn 0.0173 -0.0322 -0.9993
vn 0.0264 -0.0275 -0.9993
vn 0.0336 -0.0202 -0.9992
vn 0.0382 -0.0111 -0.9992
vn 0.0397 -0.0010 -0.9992
vn 0.0381 0.0090 -0.9992
vn 0.0334 0.0180 -0.9993
vn 0.0262 0.0252 -0.9993
vn 0.0170 0.0298 -0.9994
vn -0.7397 -0.6730 -0.0013
vn -0.7392 -0.6735 -0.0013
vn -0.5839 -0.8118 -0.0007
vn -0.5835 -0.8121 -0.0007
vn -0.8597 -0.5108 -0.0018
vn -0.8633 -0.5046 -0.0024
vn -0.9951 0.0991 -0.0029
vn -0.9528 0.3037 -0.0031
vn -0.9528 0.3036 -0.0031
vn -0.9950 0.1001 -0.0029
vn -0.9947 -0.1025 -0.0027
vn -0.9940 -0.1094 -0.0033
vn -0.9682 -0.2502 0.0067
vn -0.9495 -0.3139 -0.0005
vn -0.8688 0.4952 -0.0031
vn -0.8695 0.4940 -0.0031
vn -0.7517 0.6595 -0.0030
vn -0.7474 0.6644 -0.0035
vn -0.2131 0.9770 -0.0018
vn -0.1100 0.9939 -0.0015
vn -0.2125 0.9772 -0.0018
vn -0.4050 0.9143 -0.0023
vn -0.4118 0.9113 -0.0029
vn -0.5375 0.8432 0.0065
vn -0.5926 0.8055 -0.0009
vn 0.2031 0.9792 -0.0006
vn 0.2014 0.9795 -0.0006
vn 0.0993 0.9951 -0.0009
vn 0.0992 0.9951 -0.0009
vn 0.3956 0.9184 -0.0000
vn 0.4015 0.9159 -0.0006
vn 0.5285 0.8489 0.0096
vn 0.5835 0.8121 0.0025
vn 0.8635 0.5043 0.0018
vn 0.9495 0.3139 0.0023
vn 0.9494 0.3140 0.0023
vn 0.8640 0.5036 0.0018
vn 0.7448 0.6673 0.0013
vn 0.7399 0.6727 0.0007
vn 0.6364 0.7713 0.0100
vn 0.9940 0.1098 0.0027
vn 0.9938 0.1109 0.0027
vn 0.9958 -0.0917 0.0029
vn 0.9951 -0.0987 0.0024
vn 0.7471 -0.6647 0.0029
vn 0.5926 -0.8055 0.0027
vn 0.5922 -0.8058 0.0027
vn 0.7461 -0.6658 0.0029
vn 0.8653 -0.5013 0.0031
vn 0.8686 -0.4955 0.0025
vn 0.9305 -0.3662 0.0122
vn 0.9527 -0.3037 0.0049
vn 0.4121 -0.9111 0.0023
vn 0.4127 -0.9109 0.0023
vn 0.2208 -0.9753 0.0018
vn 0.2134 -0.9770 0.0012
vn -0.4018 -0.9157 -0.0000
vn -0.4033 -0.9151 -0.0000
vn -0.2097 -0.9778 0.0006
vn -0.2034 -0.9791 0.0000
vn -0.0610 -0.9981 0.0102
vn 0.0051 -1.0000 0.0030
vn -0.5926 0.8054 -0.0099
vn -0.5921 0.8058 -0.0099
vn -0.3139 0.9494 -0.0092
vn -0.3147 0.9492 -0.0092
vn -0.8125 0.5829 -0.0102
vn -0.8122 0.5833 -0.0102
vn -0.9528 0.3036 -0.0103
vn -0.9527 0.3037 -0.0102
vn -0.9999 -0.0054 -0.0100
vn -0.9494 -0.3138 -0.0095
vn -0.9494 -0.3140 -0.0095
vn -0.8061 -0.5917 -0.0087
vn -0.8058 -0.5921 -0.0087
vn -0.5839 -0.8118 -0.0078
vn -0.5833 -0.8122 -0.0078
vn -0.3044 -0.9525 -0.0069
vn -0.3037 -0.9528 -0.0069
vn -0.1512 -0.9885 -0.0063
vn 0.3140 -0.9494 -0.0051
vn 0.3148 -0.9492 -0.0051
vn 0.1619 -0.9868 -0.0054
vn 0.5922 -0.8058 -0.0045
vn 0.5927 -0.8054 -0.0045
vn 0.8122 -0.5833 -0.0041
vn 0.8125 -0.5829 -0.0041
vn 0.9527 -0.3038 -0.0041
vn 0.9528 -0.3035 -0.0041
vn 1.0000 0.0054 -0.0043
vn 0.9494 0.3140 -0.0048
vn 0.9495 0.3138 -0.0048
vn 0.8059 0.5920 -0.0056
vn 0.8062 0.5916 -0.0056
vn 0.5834 0.8121 -0.0065
vn 0.5840 0.8117 -0.0065
vn 0.3037 0.9527 -0.0075
vn 0.3045 0.9525 -0.0075
vn -0.0058 0.9999 -0.0084
vn -0.0049 1.0000 -0.0084
vn 0.5921 -0.8058 0.0027
vn 0.5927 -0.8054 0.0027
vn 0.3147 -0.9492 0.0021
vn 0.3140 -0.9494 0.0021
vn 0.8122 -0.5833 0.0030
vn 0.8125 -0.5829 0.0030
vn 0.9527 -0.3038 0.0031
vn 0.9528 -0.3035 0.0031
vn 0.9494 0.3141 0.0023
vn 0.9495 0.3138 0.0023
vn 0.8059 0.5921 0.0016
vn 0.8062 0.5916 0.0016
vn 0.5834 0.8122 0.0007
vn 0.5840 0.8118 0.0007
vn 0.3037 0.9528 -0.0003
vn 0.3045 0.9525 -0.0003
vn 0.1512 0.9885 -0.0008
vn 0.1513 0.9885 -0.0008
vn -0.3147 0.9492 -0.0021
vn -0.3140 0.9494 -0.0021
vn -0.1619 0.9868 -0.0017
vn -0.5927 0.8054 -0.0027
vn -0.5921 0.8058 -0.0027
vn -0.8125 0.5829 -0.0030
vn -0.8122 0.5833 -0.0030
vn -0.9528 0.3035 -0.0031
vn -0.9527 0.3038 -0.0031
vn -0.9495 -0.3138 -0.0023
vn -0.9494 -0.3141 -0.0023
vn -0.8062 -0.5916 -0.0016
vn -0.8059 -0.5921 -0.0016
vn -0.5840 -0.8118 -0.0007
vn -0.5834 -0.8122 -0.0007
vn -0.3045 -0.9525 0.0003
vn -0.3037 -0.9528 0.0003
vn 0.0050 -1.0000 0.0012
vn 0.0058 -1.0000 0.0012
vn -0.8062 -0.5917 -0.0016
vn -0.1512 -0.9885 0.0008
vn 0.1619 -0.9868 0.0017
vn 0.9528 -0.3036 0.0031
vn 0.8062 0.5917 0.0016
vn -0.0058 1.0000 -0.0012
vn -0.0050 1.0000 -0.0012
vn 0.3139 -0.9494 0.0021
vn 0.3147 -0.9492 0.0020
vn -0.7396 -0.6730 -0.0013
vn -0.7399 -0.6727 -0.0013
vn -0.8630 -0.5052 -0.0006
vn -0.8597 -0.5109 -0.0018
vn -0.9954 -0.0963 -0.0019
vn -0.9782 -0.2077 -0.0004
vn -0.9951 0.0991 -0.0030
vn -0.9527 0.3037 -0.0031
vn -0.9940 -0.1090 -0.0015
vn -0.9948 -0.1022 -0.0027
vn -0.8567 -0.5158 -0.0010
vn -0.9090 -0.4168 0.0001
vn -0.8688 0.4951 -0.0031
vn -0.8689 0.4949 -0.0031
vn -0.7474 0.6643 -0.0017
vn -0.7522 0.6590 -0.0029
vn -0.4001 0.9165 -0.0015
vn -0.4995 0.8663 -0.0003
vn -0.0051 1.0000 -0.0012
vn -0.0057 1.0000 -0.0012
vn -0.2136 0.9769 -0.0018
vn -0.4109 0.9117 -0.0011
vn -0.4051 0.9143 -0.0023
vn -0.7606 0.6492 -0.0022
vn -0.6771 0.7359 -0.0007
vn 0.2025 0.9793 -0.0006
vn 0.4015 0.9158 0.0012
vn 0.3948 0.9188 -0.0000
vn 0.7485 0.6632 0.0021
vn 0.6699 0.7425 0.0031
vn 0.8634 0.5045 0.0018
vn 0.7405 0.6721 0.0025
vn 0.3890 0.9212 0.0008
vn 0.4914 0.8710 0.0025
vn 0.9939 0.1099 0.0027
vn 0.9952 -0.0982 0.0042
vn 0.9958 -0.0915 0.0029
vn 0.8619 -0.5070 0.0038
vn 0.9137 -0.4063 0.0052
vn 0.7469 -0.6650 0.0029
vn 0.8685 -0.4956 0.0043
vn 0.8650 -0.5018 0.0031
vn 0.9963 -0.0858 0.0037
vn 0.9804 -0.1969 0.0052
vn 0.4117 -0.9113 0.0023
vn 0.2144 -0.9767 0.0030
vn 0.2206 -0.9754 0.0018
vn -0.2167 -0.9762 0.0014
vn -0.1041 -0.9946 0.0031
vn -0.4023 -0.9155 -0.0000
vn -0.2033 -0.9791 0.0019
vn -0.2105 -0.9776 0.0006
vn 0.2258 -0.9742 0.0026
vn 0.1161 -0.9932 0.0037
vn -0.9538 0.3005 -0.0023
vn -0.8685 0.4957 -0.0053
vn -0.6969 0.7172 -0.0025
vn -0.7110 0.7032 -0.0067
vn -0.3591 0.9333 -0.0026
vn -0.5863 -0.8101 0.0001
vn -0.4016 -0.9158 -0.0022
vn -0.1313 -0.9913 0.0012
vn -0.1510 -0.9885 -0.0030
vn 0.2689 -0.9632 0.0016
vn -0.0084 1.0000 -0.0004
vn 0.2031 0.9791 -0.0028
vn 0.4672 0.8841 0.0006
vn 0.4496 0.8932 -0.0036
vn 0.7770 0.6295 0.0011
vn -0.9517 0.3069 -0.0023
vn -0.9958 0.0911 -0.0052
vn -0.9834 -0.1813 -0.0023
vn -0.9870 -0.1603 -0.0064
vn -0.8332 -0.5529 -0.0021
vn 0.9484 0.3171 0.0031
vn 0.9940 0.1091 0.0005
vn 0.9854 -0.1703 0.0033
vn 0.9885 -0.1512 -0.0008
vn 0.8392 -0.5439 0.0027
vn -0.0016 1.0000 -0.0004
vn -0.2148 0.9766 -0.0040
vn -0.4762 0.8794 -0.0021
vn -0.4595 0.8882 -0.0062
vn -0.7838 0.6210 -0.0034
vn 0.5954 -0.8034 0.0035
vn 0.4106 -0.9118 0.0001
vn 0.1428 -0.9897 0.0019
vn 0.1614 -0.9869 -0.0021
vn -0.2585 -0.9660 0.0001
vn 0.9505 0.3106 0.0031
vn 0.8629 0.5054 -0.0004
vn 0.6897 0.7241 0.0014
vn 0.7032 0.7110 -0.0026
vn 0.3490 0.9371 -0.0006
vn -0.5808 -0.8141 0.0002
vn -0.7406 -0.6719 -0.0035
vn -0.8975 -0.4411 -0.0017
vn -0.8888 -0.4582 -0.0057
vn -0.9986 -0.0528 -0.0032
vn 0.5898 -0.8076 0.0035
vn 0.7473 -0.6645 0.0007
vn 0.9023 -0.4310 0.0034
vn 0.8937 -0.4487 -0.0007
vn 0.9991 -0.0420 0.0025
vn -0.1064 0.0244 0.9940
vn -0.1115 0.0282 0.9934
vn -0.0884 0.0271 0.9957
vn -0.0784 0.0240 0.9966
vn -0.1130 -0.0105 0.9935
vn -0.1083 -0.0322 0.9936
vn -0.0730 -0.0766 0.9944
vn -0.0508 -0.0595 0.9969
vn -0.0569 -0.0680 0.9961
vn -0.0748 -0.0827 0.9938
vn -0.0991 -0.0525 0.9937
vn -0.0158 0.1028 0.9946
vn -0.0136 0.1088 0.9940
vn -0.0076 0.0865 0.9962
vn -0.0075 0.0760 0.9971
vn -0.0510 0.0983 0.9939
vn -0.0702 0.0870 0.9937
vn -0.1015 0.0398 0.9940
vn -0.1078 0.0396 0.9934
vn -0.0867 0.0720 0.9936
vn 0.0870 0.0409 0.9954
vn 0.0933 0.0407 0.9948
vn 0.0739 0.0280 0.9969
vn 0.0640 0.0247 0.9976
vn 0.0718 0.0730 0.9947
vn 0.0551 0.0878 0.9946
vn 0.0004 0.1029 0.9947
vn -0.0017 0.1089 0.9941
vn 0.0357 0.0988 0.9945
vn 0.0597 -0.0760 0.9953
vn 0.0615 -0.0820 0.9947
vn 0.0434 -0.0675 0.9968
vn 0.0372 -0.0590 0.9976
vn 0.0855 -0.0515 0.9950
vn 0.0945 -0.0312 0.9950
vn 0.0921 0.0255 0.9954
vn 0.0971 0.0294 0.9948
vn 0.0990 -0.0093 0.9950
vn -0.0598 -0.0860 0.9945
vn -0.0651 -0.0896 0.9938
vn -0.0287 -0.1031 0.9943
vn -0.0065 -0.1053 0.9944
vn 0.0466 -0.0855 0.9952
vn 0.0519 -0.0890 0.9947
vn 0.0156 -0.1028 0.9946
vn 0.4799 0.1618 0.8623
vn 0.4798 0.1618 0.8623
vn 0.5503 0.1849 0.8143
vn 0.5504 0.1849 0.8142
vn 0.3797 -0.5149 0.7685
vn 0.3427 -0.4697 0.8136
vn 0.2995 -0.4063 0.8633
vn 0.2896 -0.3954 0.8717
vn -0.3009 -0.4089 0.8615
vn -0.3040 -0.4133 0.8583
vn -0.4871 0.1543 0.8596
vn -0.4921 0.1560 0.8564
vn -0.4922 0.1560 0.8564
vn -0.0089 0.5854 0.8107
vn -0.0089 0.5852 0.8108
vn -0.0089 0.6143 0.7891
vn -0.0089 0.6143 0.7890
vn 0.9708 -0.2397 0.0122
vn -0.5616 0.1781 0.8080
vn -0.5891 0.1869 0.7862
vn -0.5890 0.1869 0.7862
vn 0.2964 -0.4046 0.8651
vn 0.4133 -0.5600 0.7180
vn 0.3582 -0.4938 0.7923
vn -0.6446 0.7645 0.0064
vn 0.4748 0.1601 0.8654
vn 0.5780 0.1940 0.7926
vn 0.5782 0.1940 0.7925
vn -0.9265 -0.3763 0.0069
vn -0.0089 0.5064 0.8622
vn -0.0089 0.5118 0.8591
vn -0.0089 0.5119 0.8590
vn 0.0719 -0.9974 0.0105
vn 0.2952 0.4010 -0.8672
vn 0.8142 -0.5806 0.0008
vn 0.8172 -0.5764 -0.0034
vn 0.8158 -0.5784 -0.0014
vn 0.8126 -0.5828 0.0030
vn -0.8106 0.5856 -0.0052
vn -0.8122 0.5834 -0.0030
vn -0.8090 0.5878 -0.0075
vn -0.8075 0.5898 -0.0094
vn -0.2878 0.3987 -0.8708
vn 0.8042 0.5943 -0.0007
vn 0.8012 0.5984 -0.0049
vn 0.8026 0.5965 -0.0029
vn 0.8058 0.5921 0.0016
vn -0.8079 -0.5894 -0.0038
vn -0.8063 -0.5916 -0.0016
vn -0.8094 -0.5872 -0.0060
vn -0.8108 -0.5852 -0.0080
vn -0.4654 -0.1570 -0.8711
vn -0.3173 0.9483 -0.0043
vn -0.3221 0.9467 -0.0085
vn -0.3198 0.9475 -0.0065
vn 0.3114 -0.9503 -0.0002
vn 0.3088 -0.9511 -0.0024
vn 0.3065 -0.9518 -0.0044
vn 0.4778 -0.1514 -0.8653
vn -0.3011 -0.9536 -0.0019
vn -0.2962 -0.9551 -0.0061
vn -0.2985 -0.9544 -0.0041
vn -0.3038 -0.9527 0.0003
vn 0.3071 0.9517 -0.0025
vn 0.3097 0.9508 -0.0047
vn 0.3120 0.9501 -0.0067
vn 0.0089 -0.4967 -0.8679
vn -1.0000 -0.0085 -0.0051
vn -0.9999 -0.0136 -0.0092
vn -0.9999 -0.0112 -0.0073
vn -1.0000 -0.0058 -0.0028
vn 1.0000 0.0023 0.0006
vn 1.0000 0.0050 0.0028
vn 1.0000 -0.0004 -0.0016
vn 1.0000 -0.0028 -0.0036
vn -0.3465 -0.4730 0.8101
vn -0.3465 -0.4730 0.8100
vn -0.3633 -0.4965 0.7883
vn -0.3633 -0.4966 0.7883
# 930 vertex normals

vt 0.1749 0.3119 0.0000
vt 0.1749 0.3142 0.0000
vt 0.1720 0.3142 0.0000
vt 0.1720 0.3119 0.0000
vt 0.1692 0.3142 0.0000
vt 0.1692 0.3119 0.0000
vt 0.1663 0.3142 0.0000
vt 0.1663 0.3119 0.0000
vt 0.1749 0.3167 0.0000
vt 0.1720 0.3167 0.0000
vt 0.1692 0.3167 0.0000
vt 0.1663 0.3167 0.0000
vt 0.1749 0.3196 0.0000
vt 0.1720 0.3196 0.0000
vt 0.1692 0.3196 0.0000
vt 0.1663 0.3196 0.0000
vt 0.1577 0.3119 0.0000
vt 0.1606 0.3119 0.0000
vt 0.1606 0.3142 0.0000
vt 0.1577 0.3142 0.0000
vt 0.1634 0.3119 0.0000
vt 0.1634 0.3142 0.0000
vt 0.1606 0.3167 0.0000
vt 0.1577 0.3167 0.0000
vt 0.1634 0.3167 0.0000
vt 0.1606 0.3196 0.0000
vt 0.1577 0.3196 0.0000
vt 0.1634 0.3196 0.0000
vt 0.1921 0.3119 0.0000
vt 0.1921 0.3142 0.0000
vt 0.1892 0.3142 0.0000
vt 0.1892 0.3119 0.0000
vt 0.1864 0.3142 0.0000
vt 0.1864 0.3119 0.0000
vt 0.1835 0.3142 0.0000
vt 0.1835 0.3119 0.0000
vt 0.1921 0.3167 0.0000
vt 0.1892 0.3167 0.0000
vt 0.1864 0.3167 0.0000
vt 0.1835 0.3167 0.0000
vt 0.1921 0.3196 0.0000
vt 0.1892 0.3196 0.0000
vt 0.1864 0.3196 0.0000
vt 0.1835 0.3196 0.0000
vt 0.1778 0.3119 0.0000
vt 0.1778 0.3142 0.0000
vt 0.1806 0.3119 0.0000
vt 0.1806 0.3142 0.0000
vt 0.1778 0.3167 0.0000
vt 0.1806 0.3167 0.0000
vt 0.1778 0.3196 0.0000
vt 0.1806 0.3196 0.0000
vt 0.2093 0.3119 0.0000
vt 0.2093 0.3142 0.0000
vt 0.2064 0.3142 0.0000
vt 0.2064 0.3119 0.0000
vt 0.2036 0.3142 0.0000
vt 0.2036 0.3119 0.0000
vt 0.2007 0.3142 0.0000
vt 0.2007 0.3119 0.0000
vt 0.2093 0.3167 0.0000
vt 0.2064 0.3167 0.0000
vt 0.2036 0.3167 0.0000
vt 0.2007 0.3167 0.0000
vt 0.2093 0.3196 0.0000
vt 0.2064 0.3196 0.0000
vt 0.2036 0.3196 0.0000
vt 0.2007 0.3196 0.0000
vt 0.1950 0.3119 0.0000
vt 0.1950 0.3142 0.0000
vt 0.1978 0.3119 0.0000
vt 0.1978 0.3142 0.0000
vt 0.1950 0.3167 0.0000
vt 0.1978 0.3167 0.0000
vt 0.1950 0.3196 0.0000
vt 0.1978 0.3196 0.0000
vt 0.1405 0.3119 0.0000
vt 0.1405 0.3142 0.0000
vt 0.1377 0.3142 0.0000
vt 0.1377 0.3119 0.0000
vt 0.1348 0.3142 0.0000
vt 0.1348 0.3119 0.0000
vt 0.1319 0.3142 0.0000
vt 0.1319 0.3119 0.0000
vt 0.1405 0.3167 0.0000
vt 0.1377 0.3167 0.0000
vt 0.1348 0.3167 0.0000
vt 0.1319 0.3167 0.0000
vt 0.1405 0.3196 0.0000
vt 0.1377 0.3196 0.0000
vt 0.1348 0.3196 0.0000
vt 0.1319 0.3196 0.0000
vt 0.2121 0.3119 0.0000
vt 0.2121 0.3142 0.0000
vt 0.1262 0.3119 0.0000
vt 0.1290 0.3119 0.0000
vt 0.1290 0.3142 0.0000
vt 0.1262 0.3142 0.0000
vt 0.2121 0.3167 0.0000
vt 0.1290 0.3167 0.0000
vt 0.1262 0.3167 0.0000
vt 0.2121 0.3196 0.0000
vt 0.1290 0.3196 0.0000
vt 0.1262 0.3196 0.0000
vt 0.1548 0.3142 0.0000
vt 0.1548 0.3119 0.0000
vt 0.1520 0.3142 0.0000
vt 0.1520 0.3119 0.0000
vt 0.1491 0.3142 0.0000
vt 0.1491 0.3119 0.0000
vt 0.1548 0.3167 0.0000
vt 0.1520 0.3167 0.0000
vt 0.1491 0.3167 0.0000
vt 0.1548 0.3196 0.0000
vt 0.1520 0.3196 0.0000
vt 0.1491 0.3196 0.0000
vt 0.1434 0.3119 0.0000
vt 0.1434 0.3142 0.0000
vt 0.1462 0.3119 0.0000
vt 0.1462 0.3142 0.0000
vt 0.1434 0.3167 0.0000
vt 0.1462 0.3167 0.0000
vt 0.1434 0.3196 0.0000
vt 0.1462 0.3196 0.0000
vt 0.1749 0.2726 0.0000
vt 0.1720 0.2726 0.0000
vt 0.1720 0.2703 0.0000
vt 0.1749 0.2703 0.0000
vt 0.1692 0.2726 0.0000
vt 0.1692 0.2703 0.0000
vt 0.1663 0.2703 0.0000
vt 0.1663 0.2726 0.0000
vt 0.1720 0.2678 0.0000
vt 0.1749 0.2678 0.0000
vt 0.1692 0.2678 0.0000
vt 0.1663 0.2678 0.0000
vt 0.1720 0.2649 0.0000
vt 0.1749 0.2649 0.0000
vt 0.1692 0.2649 0.0000
vt 0.1663 0.2649 0.0000
vt 0.1577 0.2726 0.0000
vt 0.1577 0.2703 0.0000
vt 0.1606 0.2703 0.0000
vt 0.1606 0.2726 0.0000
vt 0.1634 0.2703 0.0000
vt 0.1634 0.2726 0.0000
vt 0.1577 0.2678 0.0000
vt 0.1606 0.2678 0.0000
vt 0.1634 0.2678 0.0000
vt 0.1577 0.2649 0.0000
vt 0.1606 0.2649 0.0000
vt 0.1634 0.2649 0.0000
vt 0.1921 0.2726 0.0000
vt 0.1892 0.2726 0.0000
vt 0.1892 0.2703 0.0000
vt 0.1921 0.2703 0.0000
vt 0.1864 0.2726 0.0000
vt 0.1864 0.2703 0.0000
vt 0.1835 0.2703 0.0000
vt 0.1835 0.2726 0.0000
vt 0.1892 0.2678 0.0000
vt 0.1921 0.2678 0.0000
vt 0.1864 0.2678 0.0000
vt 0.1835 0.2678 0.0000
vt 0.1892 0.2649 0.0000
vt 0.1921 0.2649 0.0000
vt 0.1864 0.2649 0.0000
vt 0.1835 0.2649 0.0000
vt 0.1778 0.2703 0.0000
vt 0.1778 0.2726 0.0000
vt 0.1806 0.2703 0.0000
vt 0.1806 0.2726 0.0000
vt 0.1778 0.2678 0.0000
vt 0.1806 0.2678 0.0000
vt 0.1778 0.2649 0.0000
vt 0.1806 0.2649 0.0000
vt 0.2093 0.2726 0.0000
vt 0.2064 0.2726 0.0000
vt 0.2064 0.2703 0.0000
vt 0.2093 0.2703 0.0000
vt 0.2036 0.2726 0.0000
vt 0.2036 0.2703 0.0000
vt 0.2007 0.2703 0.0000
vt 0.2007 0.2726 0.0000
vt 0.2064 0.2678 0.0000
vt 0.2093 0.2678 0.0000
vt 0.2036 0.2678 0.0000
vt 0.2007 0.2678 0.0000
vt 0.2064 0.2649 0.0000
vt 0.2093 0.2649 0.0000
vt 0.2036 0.2649 0.0000
vt 0.2007 0.2649 0.0000
vt 0.1950 0.2703 0.0000
vt 0.1950 0.2726 0.0000
vt 0.1978 0.2703 0.0000
vt 0.1978 0.2726 0.0000
vt 0.1950 0.2678 0.0000
vt 0.1978 0.2678 0.0000
vt 0.1950 0.2649 0.0000
vt 0.1978 0.2649 0.0000
vt 0.1405 0.2726 0.0000
vt 0.1377 0.2726 0.0000
vt 0.1377 0.2703 0.0000
vt 0.1405 0.2703 0.0000
vt 0.1348 0.2726 0.0000
vt 0.1348 0.2703 0.0000
vt 0.1319 0.2703 0.0000
vt 0.1319 0.2726 0.0000
vt 0.1377 0.2678 0.0000
vt 0.1405 0.2678 0.0000
vt 0.1348 0.2678 0.0000
vt 0.1319 0.2678 0.0000
vt 0.1377 0.2649 0.0000
vt 0.1405 0.2649 0.0000
vt 0.1348 0.2649 0.0000
vt 0.1319 0.2649 0.0000
vt 0.2121 0.2703 0.0000
vt 0.2121 0.2726 0.0000
vt 0.1262 0.2726 0.0000
vt 0.1262 0.2703 0.0000
vt 0.1290 0.2703 0.0000
vt 0.1290 0.2726 0.0000
vt 0.2121 0.2678 0.0000
vt 0.1262 0.2678 0.0000
vt 0.1290 0.2678 0.0000
vt 0.2121 0.2649 0.0000
vt 0.1262 0.2649 0.0000
vt 0.1290 0.2649 0.0000
vt 0.1548 0.2726 0.0000
vt 0.1548 0.2703 0.0000
vt 0.1520 0.2726 0.0000
vt 0.1520 0.2703 0.0000
vt 0.1491 0.2703 0.0000
vt 0.1491 0.2726 0.0000
vt 0.1548 0.2678 0.0000
vt 0.1520 0.2678 0.0000
vt 0.1491 0.2678 0.0000
vt 0.1548 0.2649 0.0000
vt 0.1520 0.2649 0.0000
vt 0.1491 0.2649 0.0000
vt 0.1434 0.2703 0.0000
vt 0.1434 0.2726 0.0000
vt 0.1462 0.2703 0.0000
vt 0.1462 0.2726 0.0000
vt 0.1434 0.2678 0.0000
vt 0.1462 0.2678 0.0000
vt 0.1434 0.2649 0.0000
vt 0.1462 0.2649 0.0000
vt 0.1247 0.4856 0.0000
vt 0.1164 0.4856 0.0000
vt 0.1185 0.4819 0.0000
vt 0.1227 0.4819 0.0000
vt 0.1123 0.4781 0.0000
vt 0.1164 0.4781 0.0000
vt 0.1164 0.4707 0.0000
vt 0.1185 0.4744 0.0000
vt 0.1247 0.4707 0.0000
vt 0.1227 0.4744 0.0000
vt 0.1289 0.4781 0.0000
vt 0.1247 0.4781 0.0000
vt 0.3363 0.4065 0.0000
vt 0.3363 0.4031 0.0000
vt 0.3740 0.4031 0.0000
vt 0.3740 0.4065 0.0000
vt 0.3363 0.3996 0.0000
vt 0.3740 0.3996 0.0000
vt 0.3363 0.3963 0.0000
vt 0.3740 0.3963 0.0000
vt 0.3363 0.3928 0.0000
vt 0.3740 0.3928 0.0000
vt 0.3363 0.3894 0.0000
vt 0.3740 0.3894 0.0000
vt 0.3363 0.3860 0.0000
vt 0.3740 0.3860 0.0000
vt 0.1155 0.4674 0.0000
vt 0.1262 0.4867 0.0000
vt 0.1155 0.4867 0.0000
vt 0.1102 0.4770 0.0000
vt 0.1315 0.4770 0.0000
vt 0.1262 0.4674 0.0000
vt 0.3249 0.7795 0.0000
vt 0.3249 0.7816 0.0000
vt 0.3241 0.7816 0.0000
vt 0.3241 0.7795 0.0000
vt 0.3249 0.7837 0.0000
vt 0.3241 0.7837 0.0000
vt 0.3249 0.7858 0.0000
vt 0.3241 0.7858 0.0000
vt 0.3249 0.7880 0.0000
vt 0.3241 0.7880 0.0000
vt 0.3249 0.7901 0.0000
vt 0.3241 0.7901 0.0000
vt 0.3249 0.7922 0.0000
vt 0.3241 0.7922 0.0000
vt 0.3249 0.7943 0.0000
vt 0.3241 0.7943 0.0000
vt 0.3249 0.7965 0.0000
vt 0.3241 0.7965 0.0000
vt 0.3249 0.7986 0.0000
vt 0.3241 0.7986 0.0000
vt 0.3249 0.8007 0.0000
vt 0.3241 0.8007 0.0000
vt 0.3249 0.8029 0.0000
vt 0.3241 0.8029 0.0000
vt 0.3249 0.8050 0.0000
vt 0.3241 0.8050 0.0000
vt 0.3249 0.8071 0.0000
vt 0.3241 0.8071 0.0000
vt 0.3249 0.8093 0.0000
vt 0.3241 0.8093 0.0000
vt 0.3249 0.8114 0.0000
vt 0.3241 0.8114 0.0000
vt 0.3249 0.8135 0.0000
vt 0.3241 0.8135 0.0000
vt 0.1726 0.4409 0.0000
vt 0.1779 0.4400 0.0000
vt 0.1831 0.4409 0.0000
vt 0.1681 0.4596 0.0000
vt 0.1650 0.4559 0.0000
vt 0.1906 0.4559 0.0000
vt 0.1877 0.4596 0.0000
vt 0.1644 0.4475 0.0000
vt 0.1644 0.4563 0.0000
vt 0.1633 0.4519 0.0000
vt 0.1650 0.4471 0.0000
vt 0.1681 0.4434 0.0000
vt 0.1877 0.4434 0.0000
vt 0.1906 0.4471 0.0000
vt 0.1917 0.4515 0.0000
vt 0.1640 0.4515 0.0000
vt 0.1779 0.4630 0.0000
vt 0.1726 0.4621 0.0000
vt 0.1831 0.4621 0.0000
vt 0.1719 0.4413 0.0000
vt 0.1719 0.4625 0.0000
vt 0.1674 0.4600 0.0000
vt 0.1674 0.4438 0.0000
vt 0.1825 0.4413 0.0000
vt 0.1825 0.4625 0.0000
vt 0.1772 0.4634 0.0000
vt 0.1772 0.4404 0.0000
vt 0.1910 0.4519 0.0000
vt 0.1900 0.4563 0.0000
vt 0.1900 0.4475 0.0000
vt 0.1870 0.4438 0.0000
vt 0.1870 0.4600 0.0000
vt 0.3275 0.7907 0.0000
vt 0.3277 0.7905 0.0000
vt 0.3292 0.7920 0.0000
vt 0.3290 0.7922 0.0000
vt 0.3263 0.7888 0.0000
vt 0.3265 0.7886 0.0000
vt 0.3257 0.7866 0.0000
vt 0.3255 0.7867 0.0000
vt 0.3251 0.7821 0.0000
vt 0.3255 0.7799 0.0000
vt 0.3257 0.7800 0.0000
vt 0.3253 0.7821 0.0000
vt 0.3251 0.7844 0.0000
vt 0.3253 0.7844 0.0000
vt 0.3263 0.7778 0.0000
vt 0.3265 0.7779 0.0000
vt 0.3275 0.7759 0.0000
vt 0.3277 0.7761 0.0000
vt 0.3292 0.7746 0.0000
vt 0.3290 0.7743 0.0000
vt 0.3327 0.7725 0.0000
vt 0.3347 0.7723 0.0000
vt 0.3347 0.7725 0.0000
vt 0.3328 0.7728 0.0000
vt 0.3308 0.7732 0.0000
vt 0.3309 0.7734 0.0000
vt 0.3367 0.7725 0.0000
vt 0.3367 0.7728 0.0000
vt 0.3387 0.7732 0.0000
vt 0.3386 0.7734 0.0000
vt 0.3403 0.7746 0.0000
vt 0.3404 0.7743 0.0000
vt 0.3431 0.7778 0.0000
vt 0.3440 0.7799 0.0000
vt 0.3437 0.7800 0.0000
vt 0.3429 0.7779 0.0000
vt 0.3419 0.7759 0.0000
vt 0.3418 0.7761 0.0000
vt 0.3444 0.7821 0.0000
vt 0.3442 0.7821 0.0000
vt 0.3444 0.7844 0.0000
vt 0.3442 0.7844 0.0000
vt 0.3437 0.7866 0.0000
vt 0.3440 0.7867 0.0000
vt 0.3419 0.7907 0.0000
vt 0.3404 0.7922 0.0000
vt 0.3403 0.7920 0.0000
vt 0.3418 0.7905 0.0000
vt 0.3431 0.7888 0.0000
vt 0.3429 0.7886 0.0000
vt 0.3387 0.7934 0.0000
vt 0.3386 0.7931 0.0000
vt 0.3367 0.7941 0.0000
vt 0.3367 0.7938 0.0000
vt 0.3347 0.7940 0.0000
vt 0.3347 0.7943 0.0000
vt 0.3308 0.7934 0.0000
vt 0.3309 0.7931 0.0000
vt 0.3327 0.7941 0.0000
vt 0.3328 0.7938 0.0000
vt 0.3282 0.7900 0.0000
vt 0.3296 0.7913 0.0000
vt 0.3271 0.7883 0.0000
vt 0.3269 0.7877 0.0000
vt 0.3264 0.7864 0.0000
vt 0.3283 0.7899 0.0000
vt 0.3272 0.7882 0.0000
vt 0.3270 0.7877 0.0000
vt 0.3266 0.7863 0.0000
vt 0.3270 0.7875 0.0000
vt 0.3265 0.7863 0.0000
vt 0.3271 0.7874 0.0000
vt 0.3275 0.7871 0.0000
vt 0.3264 0.7851 0.0000
vt 0.3269 0.7850 0.0000
vt 0.3264 0.7802 0.0000
vt 0.3260 0.7822 0.0000
vt 0.3260 0.7843 0.0000
vt 0.3261 0.7849 0.0000
vt 0.3262 0.7849 0.0000
vt 0.3263 0.7850 0.0000
vt 0.3265 0.7802 0.0000
vt 0.3261 0.7822 0.0000
vt 0.3261 0.7843 0.0000
vt 0.3271 0.7783 0.0000
vt 0.3282 0.7766 0.0000
vt 0.3286 0.7762 0.0000
vt 0.3296 0.7752 0.0000
vt 0.3272 0.7783 0.0000
vt 0.3283 0.7767 0.0000
vt 0.3287 0.7763 0.0000
vt 0.3297 0.7753 0.0000
vt 0.3288 0.7762 0.0000
vt 0.3296 0.7753 0.0000
vt 0.3290 0.7763 0.0000
vt 0.3307 0.7748 0.0000
vt 0.3293 0.7766 0.0000
vt 0.3309 0.7753 0.0000
vt 0.3347 0.7733 0.0000
vt 0.3329 0.7735 0.0000
vt 0.3312 0.7742 0.0000
vt 0.3307 0.7744 0.0000
vt 0.3308 0.7745 0.0000
vt 0.3307 0.7747 0.0000
vt 0.3347 0.7734 0.0000
vt 0.3329 0.7736 0.0000
vt 0.3366 0.7735 0.0000
vt 0.3383 0.7742 0.0000
vt 0.3388 0.7744 0.0000
vt 0.3399 0.7752 0.0000
vt 0.3365 0.7736 0.0000
vt 0.3387 0.7745 0.0000
vt 0.3398 0.7753 0.0000
vt 0.3388 0.7747 0.0000
vt 0.3399 0.7753 0.0000
vt 0.3388 0.7748 0.0000
vt 0.3386 0.7753 0.0000
vt 0.3405 0.7763 0.0000
vt 0.3402 0.7766 0.0000
vt 0.3431 0.7802 0.0000
vt 0.3423 0.7783 0.0000
vt 0.3413 0.7766 0.0000
vt 0.3409 0.7762 0.0000
vt 0.3408 0.7763 0.0000
vt 0.3407 0.7762 0.0000
vt 0.3430 0.7802 0.0000
vt 0.3412 0.7767 0.0000
vt 0.3435 0.7822 0.0000
vt 0.3435 0.7843 0.0000
vt 0.3434 0.7849 0.0000
vt 0.3431 0.7864 0.0000
vt 0.3434 0.7822 0.0000
vt 0.3434 0.7843 0.0000
vt 0.3433 0.7849 0.0000
vt 0.3429 0.7863 0.0000
vt 0.3432 0.7850 0.0000
vt 0.3430 0.7863 0.0000
vt 0.3430 0.7851 0.0000
vt 0.3426 0.7850 0.0000
vt 0.3424 0.7874 0.0000
vt 0.3420 0.7871 0.0000
vt 0.3399 0.7913 0.0000
vt 0.3413 0.7900 0.0000
vt 0.3423 0.7883 0.0000
vt 0.3426 0.7877 0.0000
vt 0.3425 0.7877 0.0000
vt 0.3425 0.7875 0.0000
vt 0.3412 0.7899 0.0000
vt 0.3423 0.7882 0.0000
vt 0.3383 0.7924 0.0000
vt 0.3366 0.7931 0.0000
vt 0.3361 0.7931 0.0000
vt 0.3347 0.7933 0.0000
vt 0.3383 0.7923 0.0000
vt 0.3365 0.7930 0.0000
vt 0.3360 0.7930 0.0000
vt 0.3347 0.7931 0.0000
vt 0.3359 0.7930 0.0000
vt 0.3347 0.7932 0.0000
vt 0.3358 0.7928 0.0000
vt 0.3357 0.7923 0.0000
vt 0.3337 0.7928 0.0000
vt 0.3337 0.7923 0.0000
vt 0.3312 0.7924 0.0000
vt 0.3329 0.7931 0.0000
vt 0.3334 0.7931 0.0000
vt 0.3334 0.7930 0.0000
vt 0.3336 0.7930 0.0000
vt 0.3312 0.7923 0.0000
vt 0.3329 0.7930 0.0000
vt 0.3347 0.7833 0.0000
vt 0.3363 0.7858 0.0000
vt 0.3356 0.7862 0.0000
vt 0.3347 0.7864 0.0000
vt 0.3369 0.7851 0.0000
vt 0.3373 0.7842 0.0000
vt 0.3375 0.7833 0.0000
vt 0.3373 0.7823 0.0000
vt 0.3369 0.7814 0.0000
vt 0.3363 0.7808 0.0000
vt 0.3356 0.7803 0.0000
vt 0.3347 0.7802 0.0000
vt 0.3339 0.7803 0.0000
vt 0.3331 0.7808 0.0000
vt 0.3325 0.7814 0.0000
vt 0.3321 0.7823 0.0000
vt 0.3320 0.7833 0.0000
vt 0.3321 0.7842 0.0000
vt 0.3325 0.7851 0.0000
vt 0.3331 0.7858 0.0000
vt 0.3339 0.7862 0.0000
vt 0.3442 0.7897 0.0000
vt 0.3456 0.7921 0.0000
vt 0.3438 0.7931 0.0000
vt 0.3430 0.7904 0.0000
vt 0.3450 0.7887 0.0000
vt 0.3471 0.7904 0.0000
vt 0.3456 0.7875 0.0000
vt 0.3480 0.7884 0.0000
vt 0.3458 0.7861 0.0000
vt 0.3483 0.7861 0.0000
vt 0.3456 0.7847 0.0000
vt 0.3480 0.7838 0.0000
vt 0.3450 0.7834 0.0000
vt 0.3471 0.7818 0.0000
vt 0.3442 0.7825 0.0000
vt 0.3456 0.7801 0.0000
vt 0.3430 0.7818 0.0000
vt 0.3438 0.7791 0.0000
vt 0.3418 0.7816 0.0000
vt 0.3418 0.7787 0.0000
vt 0.3406 0.7818 0.0000
vt 0.3398 0.7791 0.0000
vt 0.3395 0.7825 0.0000
vt 0.3380 0.7801 0.0000
vt 0.3386 0.7834 0.0000
vt 0.3366 0.7818 0.0000
vt 0.3381 0.7847 0.0000
vt 0.3357 0.7838 0.0000
vt 0.3379 0.7861 0.0000
vt 0.3353 0.7861 0.0000
vt 0.3381 0.7875 0.0000
vt 0.3357 0.7884 0.0000
vt 0.3386 0.7887 0.0000
vt 0.3366 0.7904 0.0000
vt 0.3395 0.7897 0.0000
vt 0.3380 0.7921 0.0000
vt 0.3406 0.7904 0.0000
vt 0.3398 0.7931 0.0000
vt 0.3418 0.7906 0.0000
vt 0.3418 0.7935 0.0000
vt 0.3458 0.7924 0.0000
vt 0.3467 0.7937 0.0000
vt 0.3444 0.7950 0.0000
vt 0.3439 0.7935 0.0000
vt 0.3474 0.7907 0.0000
vt 0.3485 0.7916 0.0000
vt 0.3483 0.7885 0.0000
vt 0.3497 0.7890 0.0000
vt 0.3487 0.7861 0.0000
vt 0.3501 0.7861 0.0000
vt 0.3483 0.7837 0.0000
vt 0.3497 0.7832 0.0000
vt 0.3474 0.7815 0.0000
vt 0.3485 0.7806 0.0000
vt 0.3458 0.7798 0.0000
vt 0.3467 0.7785 0.0000
vt 0.3439 0.7787 0.0000
vt 0.3444 0.7772 0.0000
vt 0.3418 0.7783 0.0000
vt 0.3418 0.7767 0.0000
vt 0.3397 0.7787 0.0000
vt 0.3393 0.7772 0.0000
vt 0.3378 0.7798 0.0000
vt 0.3370 0.7785 0.0000
vt 0.3363 0.7815 0.0000
vt 0.3351 0.7806 0.0000
vt 0.3353 0.7837 0.0000
vt 0.3340 0.7832 0.0000
vt 0.3350 0.7861 0.0000
vt 0.3336 0.7861 0.0000
vt 0.3353 0.7885 0.0000
vt 0.3340 0.7890 0.0000
vt 0.3363 0.7907 0.0000
vt 0.3351 0.7916 0.0000
vt 0.3378 0.7924 0.0000
vt 0.3370 0.7937 0.0000
vt 0.3397 0.7935 0.0000
vt 0.3393 0.7950 0.0000
vt 0.3418 0.7939 0.0000
vt 0.3418 0.7955 0.0000
vt 0.3446 0.7821 0.0000
vt 0.3446 0.7874 0.0000
vt 0.3435 0.7874 0.0000
vt 0.3435 0.7821 0.0000
vt 0.3456 0.7821 0.0000
vt 0.3456 0.7874 0.0000
vt 0.3486 0.7821 0.0000
vt 0.3497 0.7821 0.0000
vt 0.3497 0.7874 0.0000
vt 0.3486 0.7874 0.0000
vt 0.3476 0.7821 0.0000
vt 0.3476 0.7874 0.0000
vt 0.3473 0.7821 0.0000
vt 0.3466 0.7874 0.0000
vt 0.3507 0.7821 0.0000
vt 0.3507 0.7874 0.0000
vt 0.3517 0.7821 0.0000
vt 0.3517 0.7874 0.0000
vt 0.3548 0.7821 0.0000
vt 0.3558 0.7821 0.0000
vt 0.3558 0.7874 0.0000
vt 0.3548 0.7874 0.0000
vt 0.3537 0.7821 0.0000
vt 0.3537 0.7874 0.0000
vt 0.3534 0.7821 0.0000
vt 0.3527 0.7874 0.0000
vt 0.3262 0.7821 0.0000
vt 0.3262 0.7874 0.0000
vt 0.3252 0.7874 0.0000
vt 0.3252 0.7821 0.0000
vt 0.3272 0.7821 0.0000
vt 0.3272 0.7874 0.0000
vt 0.3275 0.7821 0.0000
vt 0.3282 0.7874 0.0000
vt 0.3303 0.7821 0.0000
vt 0.3313 0.7821 0.0000
vt 0.3313 0.7874 0.0000
vt 0.3303 0.7874 0.0000
vt 0.3292 0.7821 0.0000
vt 0.3292 0.7874 0.0000
vt 0.3289 0.7821 0.0000
vt 0.3323 0.7821 0.0000
vt 0.3323 0.7874 0.0000
vt 0.3333 0.7821 0.0000
vt 0.3333 0.7874 0.0000
vt 0.3364 0.7821 0.0000
vt 0.3374 0.7821 0.0000
vt 0.3374 0.7874 0.0000
vt 0.3364 0.7874 0.0000
vt 0.3354 0.7821 0.0000
vt 0.3354 0.7874 0.0000
vt 0.3351 0.7821 0.0000
vt 0.3343 0.7874 0.0000
vt 0.3384 0.7821 0.0000
vt 0.3384 0.7874 0.0000
vt 0.3394 0.7821 0.0000
vt 0.3394 0.7874 0.0000
vt 0.3425 0.7821 0.0000
vt 0.3425 0.7874 0.0000
vt 0.3415 0.7821 0.0000
vt 0.3415 0.7874 0.0000
vt 0.3412 0.7821 0.0000
vt 0.3405 0.7874 0.0000
vt 0.3378 0.7839 0.0000
vt 0.3378 0.7796 0.0000
vt 0.3396 0.7796 0.0000
vt 0.3396 0.7839 0.0000
vt 0.3361 0.7839 0.0000
vt 0.3361 0.7796 0.0000
vt 0.3343 0.7839 0.0000
vt 0.3343 0.7796 0.0000
vt 0.3326 0.7839 0.0000
vt 0.3326 0.7796 0.0000
vt 0.3308 0.7839 0.0000
vt 0.3308 0.7796 0.0000
vt 0.3291 0.7839 0.0000
vt 0.3291 0.7796 0.0000
vt 0.3273 0.7839 0.0000
vt 0.3273 0.7796 0.0000
vt 0.3256 0.7839 0.0000
vt 0.3256 0.7796 0.0000
vt 0.3238 0.7839 0.0000
vt 0.3238 0.7796 0.0000
vt 0.3571 0.7839 0.0000
vt 0.3571 0.7796 0.0000
vt 0.3589 0.7796 0.0000
vt 0.3589 0.7839 0.0000
vt 0.3554 0.7839 0.0000
vt 0.3554 0.7796 0.0000
vt 0.3536 0.7839 0.0000
vt 0.3536 0.7796 0.0000
vt 0.3519 0.7839 0.0000
vt 0.3519 0.7796 0.0000
vt 0.3501 0.7839 0.0000
vt 0.3501 0.7796 0.0000
vt 0.3484 0.7839 0.0000
vt 0.3484 0.7796 0.0000
vt 0.3466 0.7839 0.0000
vt 0.3466 0.7796 0.0000
vt 0.3448 0.7839 0.0000
vt 0.3448 0.7796 0.0000
vt 0.3431 0.7839 0.0000
vt 0.3431 0.7796 0.0000
vt 0.3413 0.7839 0.0000
vt 0.3413 0.7796 0.0000
vt 0.3448 0.7711 0.0000
vt 0.3448 0.7783 0.0000
vt 0.3431 0.7783 0.0000
vt 0.3431 0.7711 0.0000
vt 0.3466 0.7711 0.0000
vt 0.3466 0.7783 0.0000
vt 0.3484 0.7711 0.0000
vt 0.3484 0.7783 0.0000
vt 0.3501 0.7711 0.0000
vt 0.3501 0.7783 0.0000
vt 0.3519 0.7711 0.0000
vt 0.3519 0.7783 0.0000
vt 0.3536 0.7711 0.0000
vt 0.3536 0.7783 0.0000
vt 0.3554 0.7711 0.0000
vt 0.3554 0.7783 0.0000
vt 0.3571 0.7711 0.0000
vt 0.3571 0.7783 0.0000
vt 0.3589 0.7711 0.0000
vt 0.3589 0.7783 0.0000
vt 0.3256 0.7711 0.0000
vt 0.3256 0.7783 0.0000
vt 0.3238 0.7783 0.0000
vt 0.3238 0.7711 0.0000
vt 0.3273 0.7711 0.0000
vt 0.3273 0.7783 0.0000
vt 0.3291 0.7711 0.0000
vt 0.3291 0.7783 0.0000
vt 0.3308 0.7711 0.0000
vt 0.3308 0.7783 0.0000
vt 0.3326 0.7711 0.0000
vt 0.3326 0.7783 0.0000
vt 0.3343 0.7711 0.0000
vt 0.3343 0.7783 0.0000
vt 0.3361 0.7711 0.0000
vt 0.3361 0.7783 0.0000
vt 0.3378 0.7711 0.0000
vt 0.3378 0.7783 0.0000
vt 0.3396 0.7711 0.0000
vt 0.3396 0.7783 0.0000
vt 0.3413 0.7711 0.0000
vt 0.3413 0.7783 0.0000
vt 0.3380 0.7923 0.0000
vt 0.3380 0.7900 0.0000
vt 0.3397 0.7900 0.0000
vt 0.3397 0.7923 0.0000
vt 0.3362 0.7923 0.0000
vt 0.3362 0.7900 0.0000
vt 0.3345 0.7923 0.0000
vt 0.3345 0.7900 0.0000
vt 0.3327 0.7923 0.0000
vt 0.3327 0.7900 0.0000
vt 0.3310 0.7923 0.0000
vt 0.3310 0.7900 0.0000
vt 0.3292 0.7923 0.0000
vt 0.3292 0.7900 0.0000
vt 0.3275 0.7923 0.0000
vt 0.3275 0.7900 0.0000
vt 0.3257 0.7923 0.0000
vt 0.3257 0.7900 0.0000
vt 0.3240 0.7923 0.0000
vt 0.3240 0.7900 0.0000
vt 0.3572 0.7923 0.0000
vt 0.3572 0.7900 0.0000
vt 0.3589 0.7900 0.0000
vt 0.3589 0.7923 0.0000
vt 0.3554 0.7923 0.0000
vt 0.3554 0.7900 0.0000
vt 0.3537 0.7923 0.0000
vt 0.3537 0.7900 0.0000
vt 0.3520 0.7923 0.0000
vt 0.3520 0.7900 0.0000
vt 0.3502 0.7923 0.0000
vt 0.3502 0.7900 0.0000
vt 0.3485 0.7923 0.0000
vt 0.3485 0.7900 0.0000
vt 0.3467 0.7923 0.0000
vt 0.3467 0.7900 0.0000
vt 0.3450 0.7923 0.0000
vt 0.3450 0.7900 0.0000
vt 0.3432 0.7923 0.0000
vt 0.3432 0.7900 0.0000
vt 0.3415 0.7923 0.0000
vt 0.3415 0.7900 0.0000
vt 0.3380 0.7892 0.0000
vt 0.3397 0.7892 0.0000
vt 0.3362 0.7892 0.0000
vt 0.3345 0.7892 0.0000
vt 0.3327 0.7892 0.0000
vt 0.3310 0.7892 0.0000
vt 0.3292 0.7892 0.0000
vt 0.3275 0.7892 0.0000
vt 0.3257 0.7892 0.0000
vt 0.3240 0.7892 0.0000
vt 0.3572 0.7892 0.0000
vt 0.3589 0.7892 0.0000
vt 0.3554 0.7892 0.0000
vt 0.3537 0.7892 0.0000
vt 0.3520 0.7892 0.0000
vt 0.3502 0.7892 0.0000
vt 0.3485 0.7892 0.0000
vt 0.3467 0.7892 0.0000
vt 0.3450 0.7892 0.0000
vt 0.3432 0.7892 0.0000
vt 0.3415 0.7892 0.0000
vt 0.3380 0.7850 0.0000
vt 0.3397 0.7850 0.0000
vt 0.3362 0.7850 0.0000
vt 0.3345 0.7850 0.0000
vt 0.3327 0.7850 0.0000
vt 0.3310 0.7850 0.0000
vt 0.3292 0.7850 0.0000
vt 0.3275 0.7850 0.0000
vt 0.3257 0.7850 0.0000
vt 0.3240 0.7850 0.0000
vt 0.3572 0.7850 0.0000
vt 0.3589 0.7850 0.0000
vt 0.3554 0.7850 0.0000
vt 0.3537 0.7850 0.0000
vt 0.3520 0.7850 0.0000
vt 0.3502 0.7850 0.0000
vt 0.3485 0.7850 0.0000
vt 0.3467 0.7850 0.0000
vt 0.3450 0.7850 0.0000
vt 0.3415 0.7850 0.0000
vt 0.3284 0.4000 0.0000
vt 0.3284 0.3949 0.0000
vt 0.3405 0.3949 0.0000
vt 0.3405 0.4000 0.0000
vt 0.3165 0.4000 0.0000
vt 0.3159 0.3949 0.0000
vt 0.3119 0.3949 0.0000
vt 0.3137 0.4000 0.0000
vt 0.3526 0.4096 0.0000
vt 0.3405 0.4096 0.0000
vt 0.3405 0.4045 0.0000
vt 0.3526 0.4045 0.0000
vt 0.3645 0.4096 0.0000
vt 0.3649 0.4045 0.0000
vt 0.3690 0.4045 0.0000
vt 0.3673 0.4096 0.0000
vt 0.3284 0.4096 0.0000
vt 0.3284 0.4045 0.0000
vt 0.3165 0.4096 0.0000
vt 0.3159 0.4045 0.0000
vt 0.3119 0.4045 0.0000
vt 0.3137 0.4096 0.0000
vt 0.3526 0.3801 0.0000
vt 0.3405 0.3801 0.0000
vt 0.3405 0.3750 0.0000
vt 0.3526 0.3750 0.0000
vt 0.3645 0.3801 0.0000
vt 0.3649 0.3750 0.0000
vt 0.3690 0.3750 0.0000
vt 0.3673 0.3801 0.0000
vt 0.3284 0.3801 0.0000
vt 0.3284 0.3750 0.0000
vt 0.3165 0.3801 0.0000
vt 0.3159 0.3750 0.0000
vt 0.3119 0.3750 0.0000
vt 0.3137 0.3801 0.0000
vt 0.3526 0.3712 0.0000
vt 0.3405 0.3712 0.0000
vt 0.3405 0.3661 0.0000
vt 0.3526 0.3661 0.0000
vt 0.3645 0.3712 0.0000
vt 0.3649 0.3661 0.0000
vt 0.3690 0.3661 0.0000
vt 0.3673 0.3712 0.0000
vt 0.3284 0.3712 0.0000
vt 0.3284 0.3661 0.0000
vt 0.3165 0.3712 0.0000
vt 0.3159 0.3661 0.0000
vt 0.3119 0.3661 0.0000
vt 0.3137 0.3712 0.0000
vt 0.3526 0.3896 0.0000
vt 0.3405 0.3896 0.0000
vt 0.3405 0.3845 0.0000
vt 0.3526 0.3845 0.0000
vt 0.3645 0.3896 0.0000
vt 0.3649 0.3845 0.0000
vt 0.3690 0.3845 0.0000
vt 0.3673 0.3896 0.0000
vt 0.3284 0.3896 0.0000
vt 0.3284 0.3845 0.0000
vt 0.3165 0.3896 0.0000
vt 0.3159 0.3845 0.0000
vt 0.3119 0.3845 0.0000
vt 0.3137 0.3896 0.0000
vt 0.3526 0.4000 0.0000
vt 0.3526 0.3949 0.0000
vt 0.3645 0.4000 0.0000
vt 0.3649 0.3949 0.0000
vt 0.3690 0.3949 0.0000
vt 0.3673 0.4000 0.0000
vt 0.3126 0.4000 0.0000
vt 0.3101 0.3949 0.0000
vt 0.3110 0.4000 0.0000
vt 0.3077 0.3949 0.0000
vt 0.3065 0.4000 0.0000
vt 0.3684 0.4096 0.0000
vt 0.3708 0.4045 0.0000
vt 0.3698 0.4096 0.0000
vt 0.3732 0.4045 0.0000
vt 0.3744 0.4096 0.0000
vt 0.3126 0.4096 0.0000
vt 0.3101 0.4045 0.0000
vt 0.3110 0.4096 0.0000
vt 0.3077 0.4045 0.0000
vt 0.3065 0.4096 0.0000
vt 0.3684 0.3801 0.0000
vt 0.3708 0.3750 0.0000
vt 0.3698 0.3801 0.0000
vt 0.3732 0.3750 0.0000
vt 0.3744 0.3801 0.0000
vt 0.3126 0.3801 0.0000
vt 0.3101 0.3750 0.0000
vt 0.3110 0.3801 0.0000
vt 0.3077 0.3750 0.0000
vt 0.3065 0.3801 0.0000
vt 0.3684 0.3712 0.0000
vt 0.3708 0.3661 0.0000
vt 0.3698 0.3712 0.0000
vt 0.3732 0.3661 0.0000
vt 0.3744 0.3712 0.0000
vt 0.3126 0.3712 0.0000
vt 0.3101 0.3661 0.0000
vt 0.3110 0.3712 0.0000
vt 0.3077 0.3661 0.0000
vt 0.3065 0.3712 0.0000
vt 0.3684 0.3896 0.0000
vt 0.3708 0.3845 0.0000
vt 0.3698 0.3896 0.0000
vt 0.3732 0.3845 0.0000
vt 0.3744 0.3896 0.0000
vt 0.3126 0.3896 0.0000
vt 0.3101 0.3845 0.0000
vt 0.3110 0.3896 0.0000
vt 0.3077 0.3845 0.0000
vt 0.3065 0.3896 0.0000
vt 0.3684 0.4000 0.0000
vt 0.3708 0.3949 0.0000
vt 0.3698 0.4000 0.0000
vt 0.3732 0.3949 0.0000
vt 0.3744 0.4000 0.0000
vt 0.3523 0.7835 0.0000
vt 0.3513 0.7836 0.0000
vt 0.3508 0.7814 0.0000
vt 0.3518 0.7810 0.0000
vt 0.3523 0.7861 0.0000
vt 0.3513 0.7859 0.0000
vt 0.3518 0.7886 0.0000
vt 0.3508 0.7882 0.0000
vt 0.3496 0.7930 0.0000
vt 0.3479 0.7948 0.0000
vt 0.3473 0.7938 0.0000
vt 0.3488 0.7922 0.0000
vt 0.3509 0.7910 0.0000
vt 0.3500 0.7903 0.0000
vt 0.3438 0.7727 0.0000
vt 0.3436 0.7739 0.0000
vt 0.3415 0.7736 0.0000
vt 0.3415 0.7725 0.0000
vt 0.3459 0.7735 0.0000
vt 0.3455 0.7746 0.0000
vt 0.3479 0.7748 0.0000
vt 0.3473 0.7758 0.0000
vt 0.3509 0.7786 0.0000
vt 0.3500 0.7792 0.0000
vt 0.3496 0.7765 0.0000
vt 0.3488 0.7774 0.0000
vt 0.3321 0.7786 0.0000
vt 0.3330 0.7792 0.0000
vt 0.3322 0.7814 0.0000
vt 0.3312 0.7810 0.0000
vt 0.3335 0.7765 0.0000
vt 0.3342 0.7774 0.0000
vt 0.3352 0.7748 0.0000
vt 0.3358 0.7758 0.0000
vt 0.3393 0.7727 0.0000
vt 0.3395 0.7739 0.0000
vt 0.3371 0.7735 0.0000
vt 0.3375 0.7746 0.0000
vt 0.3335 0.7930 0.0000
vt 0.3342 0.7922 0.0000
vt 0.3358 0.7938 0.0000
vt 0.3352 0.7948 0.0000
vt 0.3321 0.7910 0.0000
vt 0.3330 0.7903 0.0000
vt 0.3312 0.7886 0.0000
vt 0.3322 0.7882 0.0000
vt 0.3307 0.7835 0.0000
vt 0.3318 0.7836 0.0000
vt 0.3307 0.7861 0.0000
vt 0.3318 0.7859 0.0000
vt 0.3459 0.7961 0.0000
vt 0.3455 0.7949 0.0000
vt 0.3438 0.7968 0.0000
vt 0.3436 0.7957 0.0000
vt 0.3415 0.7971 0.0000
vt 0.3415 0.7959 0.0000
vt 0.3371 0.7961 0.0000
vt 0.3375 0.7949 0.0000
vt 0.3393 0.7968 0.0000
vt 0.3395 0.7957 0.0000
vt 0.3489 0.7889 0.0000
vt 0.3496 0.7866 0.0000
vt 0.3498 0.7866 0.0000
vt 0.3491 0.7891 0.0000
vt 0.3455 0.7765 0.0000
vt 0.3474 0.7780 0.0000
vt 0.3472 0.7781 0.0000
vt 0.3455 0.7767 0.0000
vt 0.3405 0.7812 0.0000
vt 0.3388 0.7826 0.0000
vt 0.3359 0.7781 0.0000
vt 0.3376 0.7767 0.0000
vt 0.3381 0.7850 0.0000
vt 0.3387 0.7871 0.0000
vt 0.3341 0.7889 0.0000
vt 0.3335 0.7866 0.0000
vt 0.3404 0.7944 0.0000
vt 0.3427 0.7944 0.0000
vt 0.3428 0.7944 0.0000
vt 0.3403 0.7944 0.0000
vt 0.3336 0.7821 0.0000
vt 0.3340 0.7891 0.0000
vt 0.3333 0.7866 0.0000
vt 0.3340 0.7892 0.0000
vt 0.3332 0.7865 0.0000
vt 0.3443 0.7826 0.0000
vt 0.3426 0.7812 0.0000
vt 0.3454 0.7763 0.0000
vt 0.3475 0.7781 0.0000
vt 0.3520 0.7821 0.0000
vt 0.3443 0.7871 0.0000
vt 0.3499 0.7865 0.0000
vt 0.3491 0.7892 0.0000
vt 0.3459 0.7821 0.0000
vt 0.3405 0.7886 0.0000
vt 0.3426 0.7886 0.0000
vt 0.3426 0.7942 0.0000
vt 0.3405 0.7942 0.0000
vt 0.3397 0.7821 0.0000
vt 0.3516 0.7659 0.0000
vt 0.3557 0.7693 0.0000
vt 0.3490 0.7801 0.0000
vt 0.3447 0.7765 0.0000
vt 0.3423 0.7748 0.0000
vt 0.3484 0.7653 0.0000
vt 0.3513 0.7822 0.0000
vt 0.3574 0.7727 0.0000
vt 0.3279 0.7693 0.0000
vt 0.3320 0.7659 0.0000
vt 0.3390 0.7765 0.0000
vt 0.3346 0.7801 0.0000
vt 0.3325 0.7821 0.0000
vt 0.3265 0.7726 0.0000
vt 0.3415 0.7747 0.0000
vt 0.3354 0.7651 0.0000
vt 0.3234 0.7959 0.0000
vt 0.3219 0.7905 0.0000
vt 0.3329 0.7862 0.0000
vt 0.3345 0.7920 0.0000
vt 0.3356 0.7949 0.0000
vt 0.3258 0.7986 0.0000
vt 0.3322 0.7829 0.0000
vt 0.3223 0.7865 0.0000
vt 0.3618 0.7905 0.0000
vt 0.3602 0.7959 0.0000
vt 0.3491 0.7920 0.0000
vt 0.3508 0.7862 0.0000
vt 0.3514 0.7831 0.0000
vt 0.3612 0.7868 0.0000
vt 0.3480 0.7952 0.0000
vt 0.3578 0.7988 0.0000
vt 0.3443 0.8090 0.0000
vt 0.3393 0.8090 0.0000
vt 0.3391 0.7958 0.0000
vt 0.3445 0.7958 0.0000
vt 0.3473 0.7956 0.0000
vt 0.3473 0.8073 0.0000
vt 0.3362 0.7956 0.0000
vt 0.3362 0.8073 0.0000
vt 0.3357 0.7780 0.0000
vt 0.3376 0.7765 0.0000
vt 0.3356 0.7781 0.0000
vt 0.3376 0.7763 0.0000
# 1110 texture coords

o LlantaTraseraIzquierda
g LlantaTraseraIzquierda
usemtl 5b395f45_dds
s 1
f 1/1/1 2/2/2 3/3/3 
f 1/1/1 3/3/3 4/4/4 
f 4/4/4 3/3/3 5/5/5 
f 4/4/4 5/5/5 6/6/6 
f 7/7/7 8/8/8 6/6/6 
f 7/7/7 6/6/6 5/5/5 
f 2/2/2 9/9/9 10/10/10 
f 2/2/2 10/10/10 3/3/3 
f 3/3/3 10/10/10 11/11/11 
f 3/3/3 11/11/11 5/5/5 
f 12/12/12 7/7/7 5/5/5 
f 12/12/12 5/5/5 11/11/11 
f 10/10/10 9/9/9 13/13/13 
f 10/10/10 13/13/13 14/14/14 
f 11/11/11 10/10/10 14/14/14 
f 11/11/11 14/14/14 15/15/15 
f 16/16/16 12/12/12 11/11/11 
f 16/16/16 11/11/11 15/15/15 
f 17/17/17 18/18/18 19/19/19 
f 17/17/17 19/19/19 20/20/20 
f 18/18/18 21/21/21 22/22/22 
f 18/18/18 22/22/22 19/19/19 
f 7/7/7 22/22/22 21/21/21 
f 7/7/7 21/21/21 8/8/8 
f 20/20/20 19/19/19 23/23/23 
f 20/20/20 23/23/23 24/24/24 
f 19/19/19 22/22/22 25/25/25 
f 19/19/19 25/25/25 23/23/23 
f 12/12/12 25/25/25 22/22/22 
f 12/12/12 22/22/22 7/7/7 
f 23/23/23 26/26/26 27/27/27 
f 23/23/23 27/27/27 24/24/24 
f 25/25/25 28/28/28 26/26/26 
f 25/25/25 26/26/26 23/23/23 
f 16/16/16 28/28/28 25/25/25 
f 16/16/16 25/25/25 12/12/12 
f 29/29/29 30/30/30 31/31/31 
f 29/29/29 31/31/31 32/32/32 
f 32/32/32 31/31/31 33/33/33 
f 32/32/32 33/33/33 34/34/34 
f 35/35/35 36/36/36 34/34/34 
f 35/35/35 34/34/34 33/33/33 
f 30/30/30 37/37/37 38/38/38 
f 30/30/30 38/38/38 31/31/31 
f 31/31/31 38/38/38 39/39/39 
f 31/31/31 39/39/39 33/33/33 
f 40/40/40 35/35/35 33/33/33 
f 40/40/40 33/33/33 39/39/39 
f 38/38/38 37/37/37 41/41/41 
f 38/38/38 41/41/41 42/42/42 
f 39/39/39 38/38/38 42/42/42 
f 39/39/39 42/42/42 43/43/43 
f 44/44/44 40/40/40 39/39/39 
f 44/44/44 39/39/39 43/43/43 
f 1/1/1 45/45/45 46/46/46 
f 1/1/1 46/46/46 2/2/2 
f 45/45/45 47/47/47 48/48/48 
f 45/45/45 48/48/48 46/46/46 
f 35/35/35 48/48/48 47/47/47 
f 35/35/35 47/47/47 36/36/36 
f 2/2/2 46/46/46 49/49/49 
f 2/2/2 49/49/49 9/9/9 
f 46/46/46 48/48/48 50/50/50 
f 46/46/46 50/50/50 49/49/49 
f 40/40/40 50/50/50 48/48/48 
f 40/40/40 48/48/48 35/35/35 
f 49/49/49 51/51/51 13/13/13 
f 49/49/49 13/13/13 9/9/9 
f 50/50/50 52/52/52 51/51/51 
f 50/50/50 51/51/51 49/49/49 
f 44/44/44 52/52/52 50/50/50 
f 44/44/44 50/50/50 40/40/40 
f 53/53/53 54/54/54 55/55/55 
f 53/53/53 55/55/55 56/56/56 
f 56/56/56 55/55/55 57/57/57 
f 56/56/56 57/57/57 58/58/58 
f 59/59/59 60/60/60 58/58/58 
f 59/59/59 58/58/58 57/57/57 
f 54/54/54 61/61/61 62/62/62 
f 54/54/54 62/62/62 55/55/55 
f 55/55/55 62/62/62 63/63/63 
f 55/55/55 63/63/63 57/57/57 
f 64/64/64 59/59/59 57/57/57 
f 64/64/64 57/57/57 63/63/63 
f 62/62/62 61/61/61 65/65/65 
f 62/62/62 65/65/65 66/66/66 
f 63/63/63 62/62/62 66/66/66 
f 63/63/63 66/66/66 67/67/67 
f 68/68/68 64/64/64 63/63/63 
f 68/68/68 63/63/63 67/67/67 
f 29/29/29 69/69/69 70/70/70 
f 29/29/29 70/70/70 30/30/30 
f 69/69/69 71/71/71 72/72/72 
f 69/69/69 72/72/72 70/70/70 
f 59/59/59 72/72/72 71/71/71 
f 59/59/59 71/71/71 60/60/60 
f 30/30/30 70/70/70 73/73/73 
f 30/30/30 73/73/73 37/37/37 
f 70/70/70 72/72/72 74/74/74 
f 70/70/70 74/74/74 73/73/73 
f 64/64/64 74/74/74 72/72/72 
f 64/64/64 72/72/72 59/59/59 
f 73/73/73 75/75/75 41/41/41 
f 73/73/73 41/41/41 37/37/37 
f 74/74/74 76/76/76 75/75/75 
f 74/74/74 75/75/75 73/73/73 
f 68/68/68 76/76/76 74/74/74 
f 68/68/68 74/74/74 64/64/64 
f 77/77/77 78/78/78 79/79/79 
f 77/77/77 79/79/79 80/80/80 
f 80/80/80 79/79/79 81/81/81 
f 80/80/80 81/81/81 82/82/82 
f 83/83/83 84/84/84 82/82/82 
f 83/83/83 82/82/82 81/81/81 
f 78/78/78 85/85/85 86/86/86 
f 78/78/78 86/86/86 79/79/79 
f 79/79/79 86/86/86 87/87/87 
f 79/79/79 87/87/87 81/81/81 
f 88/88/88 83/83/83 81/81/81 
f 88/88/88 81/81/81 87/87/87 
f 86/86/86 85/85/85 89/89/89 
f 86/86/86 89/89/89 90/90/90 
f 87/87/87 86/86/86 90/90/90 
f 87/87/87 90/90/90 91/91/91 
f 92/92/92 88/88/88 87/87/87 
f 92/92/92 87/87/87 91/91/91 
f 53/53/53 93/93/93 94/94/94 
f 53/53/53 94/94/94 54/54/54 
f 93/95/95 95/96/96 96/97/97 
f 93/95/95 96/97/97 94/98/98 
f 83/83/83 96/97/97 95/96/96 
f 83/83/83 95/96/96 84/84/84 
f 54/54/54 94/94/94 97/99/99 
f 54/54/54 97/99/99 61/61/61 
f 94/98/98 96/97/97 98/100/100 
f 94/98/98 98/100/100 97/101/101 
f 88/88/88 98/100/100 96/97/97 
f 88/88/88 96/97/97 83/83/83 
f 97/99/99 99/102/102 65/65/65 
f 97/99/99 65/65/65 61/61/61 
f 98/100/100 100/103/103 99/104/104 
f 98/100/100 99/104/104 97/101/101 
f 92/92/92 100/103/103 98/100/100 
f 92/92/92 98/100/100 88/88/88 
f 17/17/17 20/20/20 101/105/105 
f 17/17/17 101/105/105 102/106/106 
f 102/106/106 101/105/105 103/107/107 
f 102/106/106 103/107/107 104/108/108 
f 105/109/109 106/110/110 104/108/108 
f 105/109/109 104/108/108 103/107/107 
f 20/20/20 24/24/24 107/111/111 
f 20/20/20 107/111/111 101/105/105 
f 101/105/105 107/111/111 108/112/112 
f 101/105/105 108/112/112 103/107/107 
f 109/113/113 105/109/109 103/107/107 
f 109/113/113 103/107/107 108/112/112 
f 107/111/111 24/24/24 27/27/27 
f 107/111/111 27/27/27 110/114/114 
f 108/112/112 107/111/111 110/114/114 
f 108/112/112 110/114/114 111/115/115 
f 112/116/116 109/113/113 108/112/112 
f 112/116/116 108/112/112 111/115/115 
f 77/77/77 113/117/117 114/118/118 
f 77/77/77 114/118/118 78/78/78 
f 113/117/117 115/119/119 116/120/120 
f 113/117/117 116/120/120 114/118/118 
f 105/109/109 116/120/120 115/119/119 
f 105/109/109 115/119/119 106/110/110 
f 78/78/78 114/118/118 117/121/121 
f 78/78/78 117/121/121 85/85/85 
f 114/118/118 116/120/120 118/122/122 
f 114/118/118 118/122/122 117/121/121 
f 109/113/113 118/122/122 116/120/120 
f 109/113/113 116/120/120 105/109/109 
f 117/121/121 119/123/123 89/89/89 
f 117/121/121 89/89/89 85/85/85 
f 118/122/122 120/124/124 119/123/123 
f 118/122/122 119/123/123 117/121/121 
f 112/116/116 120/124/124 118/122/122 
f 112/116/116 118/122/122 109/113/113 
f 121/125/125 122/126/126 123/127/127 
f 121/125/125 123/127/127 124/128/128 
f 122/126/126 125/129/129 126/130/130 
f 122/126/126 126/130/130 123/127/127 
f 127/131/131 126/130/130 125/129/129 
f 127/131/131 125/129/129 128/132/132 
f 124/128/128 123/127/127 129/133/133 
f 124/128/128 129/133/133 130/134/134 
f 123/127/127 126/130/130 131/135/135 
f 123/127/127 131/135/135 129/133/133 
f 132/136/136 131/135/135 126/130/130 
f 132/136/136 126/130/130 127/131/131 
f 129/133/133 133/137/137 134/138/138 
f 129/133/133 134/138/138 130/134/134 
f 131/135/135 135/139/139 133/137/137 
f 131/135/135 133/137/137 129/133/133 
f 136/140/140 135/139/139 131/135/135 
f 136/140/140 131/135/135 132/136/136 
f 137/141/141 138/142/142 139/143/143 
f 137/141/141 139/143/143 140/144/144 
f 140/144/144 139/143/143 141/145/145 
f 140/144/144 141/145/145 142/146/146 
f 127/131/131 128/132/132 142/146/146 
f 127/131/131 142/146/146 141/145/145 
f 138/142/142 143/147/147 144/148/148 
f 138/142/142 144/148/148 139/143/143 
f 139/143/143 144/148/148 145/149/149 
f 139/143/143 145/149/149 141/145/145 
f 132/136/136 127/131/131 141/145/145 
f 132/136/136 141/145/145 145/149/149 
f 144/148/148 143/147/147 146/150/150 
f 144/148/148 146/150/150 147/151/151 
f 145/149/149 144/148/148 147/151/151 
f 145/149/149 147/151/151 148/152/152 
f 136/140/140 132/136/136 145/149/149 
f 136/140/140 145/149/149 148/152/152 
f 149/153/153 150/154/154 151/155/155 
f 149/153/153 151/155/155 152/156/156 
f 150/154/154 153/157/157 154/158/158 
f 150/154/154 154/158/158 151/155/155 
f 155/159/159 154/158/158 153/157/157 
f 155/159/159 153/157/157 156/160/160 
f 152/156/156 151/155/155 157/161/161 
f 152/156/156 157/161/161 158/162/162 
f 151/155/155 154/158/158 159/163/163 
f 151/155/155 159/163/163 157/161/161 
f 160/164/164 159/163/163 154/158/158 
f 160/164/164 154/158/158 155/159/159 
f 157/161/161 161/165/165 162/166/166 
f 157/161/161 162/166/166 158/162/162 
f 159/163/163 163/167/167 161/165/165 
f 159/163/163 161/165/165 157/161/161 
f 164/168/168 163/167/167 159/163/163 
f 164/168/168 159/163/163 160/164/164 
f 121/125/125 124/128/128 165/169/169 
f 121/125/125 165/169/169 166/170/170 
f 166/170/170 165/169/169 167/171/171 
f 166/170/170 167/171/171 168/172/172 
f 155/159/159 156/160/160 168/172/172 
f 155/159/159 168/172/172 167/171/171 
f 124/128/128 130/134/134 169/173/173 
f 124/128/128 169/173/173 165/169/169 
f 165/169/169 169/173/173 170/174/174 
f 165/169/169 170/174/174 167/171/171 
f 160/164/164 155/159/159 167/171/171 
f 160/164/164 167/171/171 170/174/174 
f 169/173/173 130/134/134 134/138/138 
f 169/173/173 134/138/138 171/175/175 
f 170/174/174 169/173/173 171/175/175 
f 170/174/174 171/175/175 172/176/176 
f 164/168/168 160/164/164 170/174/174 
f 164/168/168 170/174/174 172/176/176 
f 173/177/177 174/178/178 175/179/179 
f 173/177/177 175/179/179 176/180/180 
f 174/178/178 177/181/181 178/182/182 
f 174/178/178 178/182/182 175/179/179 
f 179/183/183 178/182/182 177/181/181 
f 179/183/183 177/181/181 180/184/184 
f 176/180/180 175/179/179 181/185/185 
f 176/180/180 181/185/185 182/186/186 
f 175/179/179 178/182/182 183/187/187 
f 175/179/179 183/187/187 181/185/185 
f 184/188/188 183/187/187 178/182/182 
f 184/188/188 178/182/182 179/183/183 
f 181/185/185 185/189/189 186/190/190 
f 181/185/185 186/190/190 182/186/186 
f 183/187/187 187/191/191 185/189/189 
f 183/187/187 185/189/189 181/185/185 
f 188/192/192 187/191/191 183/187/187 
f 188/192/192 183/187/187 184/188/188 
f 149/153/153 152/156/156 189/193/193 
f 149/153/153 189/193/193 190/194/194 
f 190/194/194 189/193/193 191/195/195 
f 190/194/194 191/195/195 192/196/196 
f 179/183/183 180/184/184 192/196/196 
f 179/183/183 192/196/196 191/195/195 
f 152/156/156 158/162/162 193/197/197 
f 152/156/156 193/197/197 189/193/193 
f 189/193/193 193/197/197 194/198/198 
f 189/193/193 194/198/198 191/195/195 
f 184/188/188 179/183/183 191/195/195 
f 184/188/188 191/195/195 194/198/198 
f 193/197/197 158/162/162 162/166/166 
f 193/197/197 162/166/166 195/199/199 
f 194/198/198 193/197/197 195/199/199 
f 194/198/198 195/199/199 196/200/200 
f 188/192/192 184/188/188 194/198/198 
f 188/192/192 194/198/198 196/200/200 
f 197/201/201 198/202/202 199/203/203 
f 197/201/201 199/203/203 200/204/204 
f 198/202/202 201/205/205 202/206/206 
f 198/202/202 202/206/206 199/203/203 
f 203/207/207 202/206/206 201/205/205 
f 203/207/207 201/205/205 204/208/208 
f 200/204/204 199/203/203 205/209/209 
f 200/204/204 205/209/209 206/210/210 
f 199/203/203 202/206/206 207/211/211 
f 199/203/203 207/211/211 205/209/209 
f 208/212/212 207/211/211 202/206/206 
f 208/212/212 202/206/206 203/207/207 
f 205/209/209 209/213/213 210/214/214 
f 205/209/209 210/214/214 206/210/210 
f 207/211/211 211/215/215 209/213/213 
f 207/211/211 209/213/213 205/209/209 
f 212/216/216 211/215/215 207/211/211 
f 212/216/216 207/211/211 208/212/212 
f 173/177/177 176/180/180 213/217/217 
f 173/177/177 213/217/217 214/218/218 
f 214/219/219 213/220/220 215/221/221 
f 214/219/219 215/221/221 216/222/222 
f 203/207/207 204/208/208 216/222/222 
f 203/207/207 216/222/222 215/221/221 
f 176/180/180 182/186/186 217/223/223 
f 176/180/180 217/223/223 213/217/217 
f 213/220/220 217/224/224 218/225/225 
f 213/220/220 218/225/225 215/221/221 
f 208/212/212 203/207/207 215/221/221 
f 208/212/212 215/221/221 218/225/225 
f 217/223/223 182/186/186 186/190/190 
f 217/223/223 186/190/190 219/226/226 
f 218/225/225 217/224/224 219/227/227 
f 218/225/225 219/227/227 220/228/228 
f 212/216/216 208/212/212 218/225/225 
f 212/216/216 218/225/225 220/228/228 
f 137/141/141 221/229/229 222/230/230 
f 137/141/141 222/230/230 138/142/142 
f 221/229/229 223/231/231 224/232/232 
f 221/229/229 224/232/232 222/230/230 
f 225/233/233 224/232/232 223/231/231 
f 225/233/233 223/231/231 226/234/234 
f 138/142/142 222/230/230 227/235/235 
f 138/142/142 227/235/235 143/147/147 
f 222/230/230 224/232/232 228/236/236 
f 222/230/230 228/236/236 227/235/235 
f 229/237/237 228/236/236 224/232/232 
f 229/237/237 224/232/232 225/233/233 
f 227/235/235 230/238/238 146/150/150 
f 227/235/235 146/150/150 143/147/147 
f 228/236/236 231/239/239 230/238/238 
f 228/236/236 230/238/238 227/235/235 
f 232/240/240 231/239/239 228/236/236 
f 232/240/240 228/236/236 229/237/237 
f 197/201/201 200/204/204 233/241/241 
f 197/201/201 233/241/241 234/242/242 
f 234/242/242 233/241/241 235/243/243 
f 234/242/242 235/243/243 236/244/244 
f 225/233/233 226/234/234 236/244/244 
f 225/233/233 236/244/244 235/243/243 
f 200/204/204 206/210/210 237/245/245 
f 200/204/204 237/245/245 233/241/241 
f 233/241/241 237/245/245 238/246/246 
f 233/241/241 238/246/246 235/243/243 
f 229/237/237 225/233/233 235/243/243 
f 229/237/237 235/243/243 238/246/246 
f 237/245/245 206/210/210 210/214/214 
f 237/245/245 210/214/214 239/247/247 
f 238/246/246 237/245/245 239/247/247 
f 238/246/246 239/247/247 240/248/248 
f 232/240/240 229/237/237 238/246/246 
f 232/240/240 238/246/246 240/248/248 
f 4/4/4 122/126/126 121/125/125 
f 4/4/4 121/125/125 1/1/1 
f 6/6/6 125/129/129 122/126/126 
f 6/6/6 122/126/126 4/4/4 
f 8/8/8 128/132/132 125/129/129 
f 8/8/8 125/129/129 6/6/6 
f 18/18/18 17/17/17 137/141/141 
f 18/18/18 137/141/141 140/144/144 
f 21/21/21 18/18/18 140/144/144 
f 21/21/21 140/144/144 142/146/146 
f 8/8/8 21/21/21 142/146/146 
f 8/8/8 142/146/146 128/132/132 
f 32/32/32 150/154/154 149/153/153 
f 32/32/32 149/153/153 29/29/29 
f 34/34/34 153/157/157 150/154/154 
f 34/34/34 150/154/154 32/32/32 
f 36/36/36 156/160/160 153/157/157 
f 36/36/36 153/157/157 34/34/34 
f 45/45/45 1/1/1 121/125/125 
f 45/45/45 121/125/125 166/170/170 
f 47/47/47 45/45/45 166/170/170 
f 47/47/47 166/170/170 168/172/172 
f 36/36/36 47/47/47 168/172/172 
f 36/36/36 168/172/172 156/160/160 
f 56/56/56 174/178/178 173/177/177 
f 56/56/56 173/177/177 53/53/53 
f 58/58/58 177/181/181 174/178/178 
f 58/58/58 174/178/178 56/56/56 
f 60/60/60 180/184/184 177/181/181 
f 60/60/60 177/181/181 58/58/58 
f 69/69/69 29/29/29 149/153/153 
f 69/69/69 149/153/153 190/194/194 
f 71/71/71 69/69/69 190/194/194 
f 71/71/71 190/194/194 192/196/196 
f 60/60/60 71/71/71 192/196/196 
f 60/60/60 192/196/196 180/184/184 
f 80/80/80 198/202/202 197/201/201 
f 80/80/80 197/201/201 77/77/77 
f 82/82/82 201/205/205 198/202/202 
f 82/82/82 198/202/202 80/80/80 
f 84/84/84 204/208/208 201/205/205 
f 84/84/84 201/205/205 82/82/82 
f 93/93/93 53/53/53 173/177/177 
f 93/93/93 173/177/177 214/218/218 
f 95/96/96 93/95/95 214/219/219 
f 95/96/96 214/219/219 216/222/222 
f 84/84/84 95/96/96 216/222/222 
f 84/84/84 216/222/222 204/208/208 
f 102/106/106 221/229/229 137/141/141 
f 102/106/106 137/141/141 17/17/17 
f 104/108/108 223/231/231 221/229/229 
f 104/108/108 221/229/229 102/106/106 
f 106/110/110 226/234/234 223/231/231 
f 106/110/110 223/231/231 104/108/108 
f 113/117/117 77/77/77 197/201/201 
f 113/117/117 197/201/201 234/242/242 
f 115/119/119 113/117/117 234/242/242 
f 115/119/119 234/242/242 236/244/244 
f 106/110/110 115/119/119 236/244/244 
f 106/110/110 236/244/244 226/234/234 
f 241/249/249 242/250/250 243/251/251 
f 241/249/249 243/251/251 244/252/252 
f 242/250/250 245/253/253 246/254/254 
f 242/250/250 246/254/254 243/251/251 
f 245/253/253 247/255/255 248/256/256 
f 245/253/253 248/256/256 246/254/254 
f 247/255/255 249/257/257 250/258/258 
f 247/255/255 250/258/258 248/256/256 
f 249/257/257 251/259/259 252/260/260 
f 249/257/257 252/260/260 250/258/258 
f 251/259/259 241/249/249 244/252/252 
f 251/259/259 244/252/252 252/260/260 
f 248/256/256 243/251/251 246/254/254 
f 253/261/261 254/262/261 255/263/261 
f 253/261/261 255/263/261 256/264/262 
f 254/262/263 257/265/263 258/266/264 
f 254/262/263 258/266/264 255/263/265 
f 257/265/266 259/267/266 260/268/266 
f 257/265/266 260/268/266 258/266/267 
f 259/267/268 261/269/268 262/270/268 
f 259/267/268 262/270/268 260/268/268 
f 261/269/269 263/271/269 264/272/269 
f 261/269/269 264/272/269 262/270/270 
f 263/271/271 253/273/271 256/274/271 
f 263/271/271 256/274/271 264/272/271 
f 260/275/272 256/276/272 255/277/272 
f 260/275/272 255/277/272 258/278/272 
f 264/279/273 256/276/272 260/275/272 
f 264/279/273 260/275/272 262/280/273 
f 265/249/274 266/250/250 267/251/275 
f 265/249/274 267/251/275 268/252/252 
f 266/250/250 269/253/253 270/254/276 
f 266/250/250 270/254/276 267/251/275 
f 269/253/253 271/255/255 272/256/256 
f 269/253/253 272/256/256 270/254/276 
f 271/255/255 273/257/257 274/258/258 
f 271/255/255 274/258/258 272/256/256 
f 273/257/257 275/259/259 276/260/277 
f 273/257/257 276/260/277 274/258/258 
f 275/259/259 265/249/274 268/252/252 
f 275/259/259 268/252/252 276/260/277 
f 272/256/256 267/251/275 270/254/276 
f 277/261/261 278/262/261 279/263/261 
f 277/261/261 279/263/261 280/264/261 
f 278/262/264 281/265/263 282/266/264 
f 278/262/264 282/266/264 279/263/264 
f 281/265/278 283/267/278 284/268/278 
f 281/265/278 284/268/278 282/266/278 
f 283/267/268 285/269/268 286/270/268 
f 283/267/268 286/270/268 284/268/279 
f 285/269/280 287/271/280 288/272/280 
f 285/269/280 288/272/280 286/270/270 
f 287/271/271 277/273/281 280/274/271 
f 287/271/271 280/274/271 288/272/271 
f 284/275/272 280/276/272 279/277/272 
f 284/275/272 279/277/272 282/278/273 
f 288/279/272 280/276/272 284/275/272 
f 288/279/272 284/275/272 286/280/272 
f 289/249/282 290/250/283 291/251/284 
f 289/249/282 291/251/284 292/252/252 
f 290/250/283 293/253/253 294/254/276 
f 290/250/283 294/254/276 291/251/284 
f 293/253/253 295/255/255 296/256/285 
f 293/253/253 296/256/285 294/254/276 
f 295/255/255 297/257/257 298/258/258 
f 295/255/255 298/258/258 296/256/285 
f 297/257/257 299/259/286 300/260/287 
f 297/257/257 300/260/287 298/258/258 
f 299/259/286 289/249/282 292/252/252 
f 299/259/286 292/252/252 300/260/287 
f 296/256/285 291/251/284 294/254/276 
f 301/261/261 302/262/261 303/263/261 
f 301/261/261 303/263/261 304/264/262 
f 302/262/265 305/265/265 306/266/265 
f 302/262/265 306/266/265 303/263/264 
f 305/265/266 307/267/278 308/268/288 
f 305/265/266 308/268/288 306/266/288 
f 307/267/268 309/269/279 310/270/268 
f 307/267/268 310/270/268 308/268/268 
f 309/269/269 311/271/269 312/272/269 
f 309/269/269 312/272/269 310/270/270 
f 311/271/289 301/273/289 304/274/289 
f 311/271/289 304/274/289 312/272/290 
f 308/275/291 304/276/291 303/277/291 
f 308/275/291 303/277/291 306/278/292 
f 312/279/291 304/276/291 308/275/291 
f 312/279/291 308/275/291 310/280/272 
f 313/249/293 314/250/283 315/251/275 
f 313/249/293 315/251/275 316/252/294 
f 314/250/283 317/253/295 318/254/296 
f 314/250/283 318/254/296 315/251/275 
f 317/253/295 319/255/297 320/256/256 
f 317/253/295 320/256/256 318/254/296 
f 319/255/297 321/257/298 322/258/299 
f 319/255/297 322/258/299 320/256/256 
f 321/257/298 323/259/259 324/260/287 
f 321/257/298 324/260/287 322/258/299 
f 323/259/259 313/249/293 316/252/294 
f 323/259/259 316/252/294 324/260/287 
f 320/256/256 315/251/275 318/254/296 
f 325/261/262 326/262/262 327/263/262 
f 325/261/262 327/263/262 328/264/262 
f 326/262/265 329/265/265 330/266/265 
f 326/262/265 330/266/265 327/263/265 
f 329/265/300 331/267/300 332/268/300 
f 329/265/300 332/268/300 330/266/278 
f 331/267/268 333/269/268 334/270/279 
f 331/267/268 334/270/279 332/268/279 
f 333/269/269 335/271/270 336/272/269 
f 333/269/269 336/272/269 334/270/269 
f 335/271/290 325/273/290 328/274/290 
f 335/271/290 328/274/290 336/272/290 
f 332/275/291 328/276/291 327/277/292 
f 332/275/291 327/277/292 330/278/292 
f 336/279/291 328/276/291 332/275/291 
f 336/279/291 332/275/291 334/280/291 
f 337/249/301 338/250/250 339/251/302 
f 337/249/301 339/251/302 340/252/252 
f 338/250/250 341/253/253 342/254/276 
f 338/250/250 342/254/276 339/251/302 
f 341/253/253 343/255/255 344/256/256 
f 341/253/253 344/256/256 342/254/276 
f 343/255/255 345/257/257 346/258/258 
f 343/255/255 346/258/258 344/256/256 
f 345/257/257 347/259/303 348/260/260 
f 345/257/257 348/260/260 346/258/258 
f 347/259/303 337/249/301 340/252/252 
f 347/259/303 340/252/252 348/260/260 
f 344/256/256 339/251/302 342/254/276 
f 349/261/261 350/262/261 351/263/261 
f 349/261/261 351/263/261 352/264/262 
f 350/262/265 353/265/265 354/266/265 
f 350/262/265 354/266/265 351/263/265 
f 353/265/266 355/267/266 356/268/266 
f 353/265/266 356/268/266 354/266/266 
f 355/267/268 357/269/279 358/270/268 
f 355/267/268 358/270/268 356/268/268 
f 357/269/269 359/271/269 360/272/269 
f 357/269/269 360/272/269 358/270/270 
f 359/271/304 349/273/304 352/274/304 
f 359/271/304 352/274/304 360/272/290 
f 356/275/291 352/276/291 351/277/291 
f 356/275/291 351/277/291 354/278/292 
f 360/279/291 352/276/291 356/275/291 
f 360/279/291 356/275/291 358/280/291 
f 361/249/257 362/250/259 363/251/277 
f 361/249/257 363/251/277 364/252/258 
f 362/250/259 365/253/293 366/254/294 
f 362/250/259 366/254/294 363/251/277 
f 365/253/293 367/255/305 368/256/275 
f 365/253/293 368/256/275 366/254/294 
f 367/255/305 369/257/306 370/258/276 
f 367/255/305 370/258/276 368/256/275 
f 369/257/306 371/259/307 372/260/285 
f 369/257/306 372/260/285 370/258/276 
f 371/259/307 361/249/257 364/252/258 
f 371/259/307 364/252/258 372/260/285 
f 372/260/285 368/256/275 370/258/276 
f 373/261/280 374/262/280 375/263/280 
f 373/261/280 375/263/280 376/264/280 
f 374/262/271 377/265/281 378/266/271 
f 374/262/271 378/266/271 375/263/271 
f 377/265/261 379/267/261 380/268/261 
f 377/265/261 380/268/261 378/266/261 
f 379/267/265 381/269/265 382/270/263 
f 379/267/265 382/270/263 380/268/263 
f 381/269/266 383/271/266 384/272/266 
f 381/269/266 384/272/266 382/270/266 
f 383/271/268 373/273/279 376/274/268 
f 383/271/268 376/274/268 384/272/268 
f 380/275/272 376/276/272 375/277/272 
f 380/275/272 375/277/272 378/278/292 
f 384/279/272 376/276/272 380/275/272 
f 384/279/272 380/275/272 382/280/272 
f 385/281/308 386/282/309 387/283/310 
f 385/281/308 387/283/310 388/284/308 
f 386/282/309 389/285/311 390/286/312 
f 386/282/309 390/286/312 387/283/310 
f 389/285/311 391/287/262 392/288/262 
f 389/285/311 392/288/262 390/286/312 
f 391/287/262 393/289/313 394/290/314 
f 391/287/262 394/290/314 392/288/262 
f 393/289/313 395/291/315 396/292/316 
f 393/289/313 396/292/316 394/290/314 
f 395/291/315 397/293/317 398/294/318 
f 395/291/315 398/294/318 396/292/316 
f 397/293/317 399/295/319 400/296/320 
f 397/293/317 400/296/320 398/294/318 
f 399/295/319 401/297/321 402/298/322 
f 399/295/319 402/298/322 400/296/320 
f 401/297/321 403/299/323 404/300/324 
f 401/297/321 404/300/324 402/298/322 
f 403/299/323 405/301/325 406/302/326 
f 403/299/323 406/302/326 404/300/324 
f 405/301/325 407/303/279 408/304/279 
f 405/301/325 408/304/279 406/302/326 
f 407/303/279 409/305/327 410/306/328 
f 407/303/279 410/306/328 408/304/279 
f 409/305/327 411/307/329 412/308/330 
f 409/305/327 412/308/330 410/306/328 
f 411/307/329 413/309/331 414/310/332 
f 411/307/329 414/310/332 412/308/330 
f 413/309/331 415/311/333 416/312/334 
f 413/309/331 416/312/334 414/310/332 
f 415/311/333 385/313/335 388/314/335 
f 415/311/333 388/314/335 416/312/334 
f 401/315/336 399/316/337 397/317/338 
f 411/318/337 409/319/337 389/320/337 
f 411/318/337 389/320/337 386/321/338 
f 402/322/272 398/323/292 400/324/272 
f 405/325/337 403/326/338 395/327/338 
f 405/325/337 395/327/338 393/328/337 
f 403/326/338 401/315/336 397/317/338 
f 403/326/338 397/317/338 395/327/338 
f 391/329/337 389/320/337 409/319/337 
f 391/329/337 409/319/337 407/330/337 
f 415/331/336 413/332/337 385/333/337 
f 385/333/337 413/332/337 411/318/337 
f 385/333/337 411/318/337 386/321/338 
f 391/329/337 407/330/337 405/325/337 
f 391/329/337 405/325/337 393/328/337 
f 406/334/291 394/335/291 396/336/291 
f 406/334/291 396/336/291 404/337/291 
f 404/337/291 396/336/291 398/323/292 
f 404/337/291 398/323/292 402/322/272 
f 410/338/291 390/339/291 392/340/291 
f 410/338/291 392/340/291 408/341/291 
f 408/341/291 392/340/291 394/335/291 
f 408/341/291 394/335/291 406/334/291 
f 416/342/272 388/343/272 414/344/291 
f 412/345/291 387/346/291 390/339/291 
f 412/345/291 390/339/291 410/338/291 
f 414/344/291 388/343/272 387/346/291 
f 414/344/291 387/346/291 412/345/291 
f 346/258/258 340/252/252 339/251/302 
f 346/258/258 339/251/302 344/256/256 
f 348/260/260 340/252/252 346/258/258 
f 250/258/258 244/252/252 243/251/251 
f 250/258/258 243/251/251 248/256/256 
f 252/260/260 244/252/252 250/258/258 
f 274/258/258 268/252/252 267/251/275 
f 274/258/258 267/251/275 272/256/256 
f 276/260/277 268/252/252 274/258/258 
f 298/258/258 292/252/252 291/251/284 
f 298/258/258 291/251/284 296/256/285 
f 300/260/287 292/252/252 298/258/258 
f 372/260/285 364/252/258 366/254/294 
f 372/260/285 366/254/294 368/256/275 
f 366/254/294 364/252/258 363/251/277 
f 322/258/299 316/252/294 315/251/275 
f 322/258/299 315/251/275 320/256/256 
f 324/260/287 316/252/294 322/258/299 
usemtl 24fe1dbe_dds
f 417/347/339 418/348/340 419/349/341 
f 417/347/339 419/349/341 420/350/342 
f 28/351/343 421/352/344 418/348/340 
f 28/351/343 418/348/340 417/347/339 
f 422/353/345 421/352/344 28/351/343 
f 422/353/345 28/351/343 16/354/346 
f 14/355/347 423/356/348 424/357/349 
f 14/355/347 424/357/349 425/358/350 
f 426/359/351 14/355/347 425/358/350 
f 426/359/351 425/358/350 427/360/352 
f 422/353/345 16/354/346 426/359/351 
f 422/353/345 426/359/351 427/360/352 
f 51/361/353 428/362/354 424/357/349 
f 51/361/353 424/357/349 423/356/348 
f 52/363/355 429/364/356 428/362/354 
f 52/363/355 428/362/354 51/361/353 
f 430/365/357 429/364/356 52/363/355 
f 430/365/357 52/363/355 44/366/358 
f 431/367/359 41/368/360 432/369/361 
f 431/367/359 432/369/361 433/370/362 
f 434/371/363 431/367/359 433/370/362 
f 434/371/363 433/370/362 435/372/364 
f 430/365/357 44/366/358 434/371/363 
f 430/365/357 434/371/363 435/372/364 
f 75/373/365 436/374/366 432/369/361 
f 75/373/365 432/369/361 41/368/360 
f 76/375/367 437/376/368 436/374/366 
f 76/375/367 436/374/366 75/373/365 
f 438/377/369 437/376/368 76/375/367 
f 438/377/369 76/375/367 68/378/370 
f 66/379/371 65/380/372 439/381/373 
f 66/379/371 439/381/373 440/382/374 
f 67/383/375 66/379/371 440/382/374 
f 67/383/375 440/382/374 441/384/376 
f 438/377/369 68/378/370 67/383/375 
f 438/377/369 67/383/375 441/384/376 
f 99/385/377 442/386/377 439/381/373 
f 99/385/377 439/381/373 65/380/372 
f 100/387/378 443/388/378 442/386/377 
f 100/387/378 442/386/377 99/385/377 
f 444/389/379 443/388/378 100/387/378 
f 444/389/379 100/387/378 92/390/380 
f 90/391/381 445/392/382 446/393/383 
f 90/391/381 446/393/383 447/394/384 
f 448/395/385 90/391/381 447/394/384 
f 448/395/385 447/394/384 449/396/386 
f 444/389/379 92/390/380 448/395/385 
f 444/389/379 448/395/385 449/396/386 
f 119/397/387 450/398/388 446/393/383 
f 119/397/387 446/393/383 445/392/382 
f 120/399/389 451/400/390 450/398/388 
f 120/399/389 450/398/388 119/397/387 
f 452/401/391 451/400/390 120/399/389 
f 452/401/391 120/399/389 112/402/392 
f 110/403/393 420/350/342 419/349/341 
f 110/403/393 419/349/341 453/404/394 
f 111/405/395 110/403/393 453/404/394 
f 111/405/395 453/404/394 454/406/396 
f 452/401/391 112/402/392 111/405/395 
f 452/401/391 111/405/395 454/406/396 
f 419/349/397 418/348/398 455/407/399 
f 419/349/397 455/407/399 456/408/400 
f 418/348/398 421/352/401 457/409/402 
f 418/348/398 457/409/402 455/407/399 
f 458/410/403 421/352/401 422/353/404 
f 458/410/403 422/353/404 459/411/405 
f 455/407/399 460/412/406 461/408/407 
f 455/407/399 461/408/407 456/408/400 
f 457/409/402 462/413/408 460/412/406 
f 457/409/402 460/412/406 455/407/399 
f 463/414/409 462/413/408 457/409/402 
f 463/414/409 457/409/402 458/410/403 
f 464/415/410 465/416/411 463/414/409 
f 464/415/410 463/414/409 466/417/412 
f 464/415/410 467/418/413 465/416/411 
f 468/419/414 467/418/413 469/420/415 
f 468/419/414 469/420/415 470/421/414 
f 463/414/409 458/410/403 459/411/405 
f 463/414/409 459/411/405 466/417/412 
f 458/410/403 457/409/402 421/352/401 
f 424/357/416 471/422/417 472/423/418 
f 424/357/416 472/423/418 425/358/419 
f 425/358/419 472/423/418 473/424/420 
f 425/358/419 473/424/420 427/360/421 
f 474/425/422 459/411/405 422/353/404 
f 474/425/422 422/353/404 427/360/421 
f 464/415/410 466/417/412 475/426/423 
f 464/415/410 475/426/423 476/427/424 
f 472/423/418 471/422/417 477/428/425 
f 472/423/418 477/428/425 478/429/426 
f 473/424/420 472/423/418 478/429/426 
f 473/424/420 478/429/426 479/430/427 
f 474/425/422 473/424/420 479/430/427 
f 474/425/422 479/430/427 475/426/423 
f 474/425/422 475/426/423 466/417/412 
f 474/425/422 466/417/412 459/411/405 
f 474/425/422 427/360/421 473/424/420 
f 424/357/416 428/362/428 480/431/429 
f 424/357/416 480/431/429 471/422/417 
f 428/362/428 429/364/430 481/432/431 
f 428/362/428 481/432/431 480/431/429 
f 482/433/432 429/364/430 430/365/433 
f 482/433/432 430/365/433 483/434/434 
f 480/431/429 484/435/435 477/428/425 
f 480/431/429 477/428/425 471/422/417 
f 481/432/431 485/436/436 484/435/435 
f 481/432/431 484/435/435 480/431/429 
f 486/437/437 485/436/436 481/432/431 
f 486/437/437 481/432/431 482/433/432 
f 487/438/438 488/439/439 486/437/437 
f 487/438/438 486/437/437 489/440/440 
f 490/441/441 487/438/438 491/442/442 
f 492/443/443 490/441/441 491/442/442 
f 492/443/443 491/442/442 493/444/443 
f 486/437/437 482/433/432 483/434/434 
f 486/437/437 483/434/434 489/440/440 
f 482/433/432 481/432/431 429/364/430 
f 432/369/444 494/445/445 495/446/446 
f 432/369/444 495/446/446 433/370/447 
f 433/370/447 495/446/446 496/447/448 
f 433/370/447 496/447/448 435/372/449 
f 497/448/450 483/434/434 430/365/433 
f 497/448/450 430/365/433 435/372/449 
f 487/438/438 489/440/440 498/449/451 
f 487/438/438 498/449/451 499/450/452 
f 495/446/446 494/445/445 500/451/453 
f 495/446/446 500/451/453 501/452/454 
f 496/447/448 495/446/446 501/452/454 
f 496/447/448 501/452/454 502/447/455 
f 497/448/450 496/447/448 502/447/455 
f 497/448/450 502/447/455 498/449/451 
f 497/448/450 498/449/451 489/440/440 
f 497/448/450 489/440/440 483/434/434 
f 497/448/450 435/372/449 496/447/448 
f 432/369/444 436/374/456 503/453/457 
f 432/369/444 503/453/457 494/445/445 
f 436/374/456 437/376/458 504/454/459 
f 436/374/456 504/454/459 503/453/457 
f 505/455/460 437/376/458 438/377/461 
f 505/455/460 438/377/461 506/456/462 
f 503/453/457 507/457/463 500/451/453 
f 503/453/457 500/451/453 494/445/445 
f 504/454/459 508/454/464 507/457/463 
f 504/454/459 507/457/463 503/453/457 
f 509/458/465 508/454/464 504/454/459 
f 509/458/465 504/454/459 505/455/460 
f 510/459/466 511/460/467 509/458/465 
f 510/459/466 509/458/465 512/461/468 
f 510/459/466 513/462/469 511/460/467 
f 514/463/470 513/462/469 515/464/471 
f 514/463/470 515/464/471 516/465/470 
f 509/458/465 505/455/460 506/456/462 
f 509/458/465 506/456/462 512/461/468 
f 505/455/460 504/454/459 437/376/458 
f 439/381/472 517/466/473 518/467/474 
f 439/381/472 518/467/474 440/382/475 
f 440/382/475 518/467/474 519/468/476 
f 440/382/475 519/468/476 441/384/477 
f 520/469/478 506/456/462 438/377/461 
f 520/469/478 438/377/461 441/384/477 
f 510/459/466 512/461/468 521/470/479 
f 510/459/466 521/470/479 522/471/480 
f 518/467/474 517/466/473 523/472/481 
f 518/467/474 523/472/481 524/467/482 
f 519/468/476 518/467/474 524/467/482 
f 519/468/476 524/467/482 525/473/483 
f 520/469/478 519/468/476 525/473/483 
f 520/469/478 525/473/483 521/470/479 
f 520/469/478 521/470/479 512/461/468 
f 520/469/478 512/461/468 506/456/462 
f 520/469/478 441/384/477 519/468/476 
f 439/381/472 442/386/484 526/474/485 
f 439/381/472 526/474/485 517/466/473 
f 442/386/484 443/388/486 527/475/487 
f 442/386/484 527/475/487 526/474/485 
f 528/476/488 443/388/486 444/389/489 
f 528/476/488 444/389/489 529/477/490 
f 526/474/485 530/478/491 523/472/481 
f 526/474/485 523/472/481 517/466/473 
f 527/475/487 531/479/492 530/478/491 
f 527/475/487 530/478/491 526/474/485 
f 532/480/493 531/479/492 527/475/487 
f 532/480/493 527/475/487 528/476/488 
f 533/481/494 534/482/495 532/480/493 
f 533/481/494 532/480/493 535/483/496 
f 533/481/494 536/484/497 534/482/495 
f 537/485/498 536/484/497 538/486/499 
f 537/485/498 538/486/499 539/487/498 
f 532/480/493 528/476/488 529/477/490 
f 532/480/493 529/477/490 535/483/496 
f 528/476/488 527/475/487 443/388/486 
f 446/393/500 540/488/501 541/489/502 
f 446/393/500 541/489/502 447/394/503 
f 447/394/503 541/489/502 542/490/504 
f 447/394/503 542/490/504 449/396/505 
f 543/491/506 529/477/490 444/389/489 
f 543/491/506 444/389/489 449/396/505 
f 533/481/494 535/483/496 544/492/507 
f 533/481/494 544/492/507 545/493/508 
f 541/489/502 540/488/501 546/488/509 
f 541/489/502 546/488/509 547/494/510 
f 542/490/504 541/489/502 547/494/510 
f 542/490/504 547/494/510 548/495/511 
f 543/491/506 542/490/504 548/495/511 
f 543/491/506 548/495/511 544/492/507 
f 543/491/506 544/492/507 535/483/496 
f 543/491/506 535/483/496 529/477/490 
f 543/491/506 449/396/505 542/490/504 
f 446/393/500 450/398/512 549/496/513 
f 446/393/500 549/496/513 540/488/501 
f 450/398/512 451/400/514 550/497/515 
f 450/398/512 550/497/515 549/496/513 
f 551/498/516 451/400/514 452/401/517 
f 551/498/516 452/401/517 552/499/518 
f 549/496/513 553/500/519 546/488/509 
f 549/496/513 546/488/509 540/488/501 
f 550/497/515 554/501/520 553/500/519 
f 550/497/515 553/500/519 549/496/513 
f 555/502/521 554/501/520 550/497/515 
f 555/502/521 550/497/515 551/498/516 
f 556/503/522 557/504/523 555/502/521 
f 556/503/522 555/502/521 558/505/524 
f 556/503/522 559/506/525 557/504/523 
f 560/507/526 559/506/525 561/508/527 
f 560/507/526 561/508/527 562/509/526 
f 555/502/521 551/498/516 552/499/518 
f 555/502/521 552/499/518 558/505/524 
f 551/498/516 550/497/515 451/400/514 
f 419/349/397 456/408/400 563/510/528 
f 419/349/397 563/510/528 453/404/529 
f 453/404/529 563/510/528 564/511/530 
f 453/404/529 564/511/530 454/406/531 
f 565/512/532 552/499/518 452/401/517 
f 565/512/532 452/401/517 454/406/531 
f 556/503/522 558/505/524 566/513/533 
f 556/503/522 566/513/533 567/514/534 
f 563/510/528 456/408/400 461/408/407 
f 563/510/528 461/408/407 568/515/535 
f 564/511/530 563/510/528 568/515/535 
f 564/511/530 568/515/535 569/516/536 
f 565/512/532 564/511/530 569/516/536 
f 565/512/532 569/516/536 566/513/533 
f 565/512/532 566/513/533 558/505/524 
f 565/512/532 558/505/524 552/499/518 
f 565/512/532 454/406/531 564/511/530 
f 570/517/291 571/518/537 572/519/538 
f 570/517/291 572/519/538 573/520/539 
f 570/517/291 574/521/540 571/518/537 
f 570/517/291 575/522/541 574/521/540 
f 570/517/291 576/523/542 575/522/541 
f 570/517/291 577/524/543 576/523/542 
f 570/517/291 578/525/544 577/524/543 
f 570/517/291 579/526/545 578/525/544 
f 570/517/291 580/527/546 579/526/545 
f 570/517/291 581/528/547 580/527/546 
f 570/517/291 582/529/548 581/528/547 
f 570/517/291 583/530/549 582/529/548 
f 570/517/291 584/531/550 583/530/549 
f 570/517/291 585/532/551 584/531/550 
f 570/517/291 586/533/552 585/532/551 
f 570/517/291 587/534/553 586/533/552 
f 570/517/291 588/535/554 587/534/553 
f 570/517/291 589/536/555 588/535/554 
f 570/517/291 590/537/556 589/536/555 
f 570/517/291 573/520/539 590/537/556 
f 491/442/442 487/438/438 499/450/452 
f 490/441/441 488/439/439 487/438/438 
f 469/420/415 467/418/413 464/415/410 
f 469/420/415 464/415/410 476/427/424 
f 561/508/527 559/506/525 556/503/522 
f 561/508/527 556/503/522 567/514/534 
f 538/486/499 533/481/494 545/493/508 
f 538/486/499 536/484/497 533/481/494 
f 515/464/471 510/459/466 522/471/480 
f 515/464/471 513/462/469 510/459/466 
usemtl d121065c_dds
f 591/538/272 592/539/272 593/540/272 
f 591/538/272 593/540/272 594/541/272 
f 595/542/291 596/543/291 592/539/272 
f 595/542/291 592/539/272 591/538/272 
f 597/544/291 598/545/291 596/543/291 
f 597/544/291 596/543/291 595/542/291 
f 599/546/291 600/547/272 598/545/291 
f 599/546/291 598/545/291 597/544/291 
f 601/548/291 602/549/291 600/547/272 
f 601/548/291 600/547/272 599/546/291 
f 603/550/272 604/551/272 602/549/291 
f 603/550/272 602/549/291 601/548/291 
f 605/552/272 606/553/272 604/551/272 
f 605/552/272 604/551/272 603/550/272 
f 607/554/272 608/555/272 606/553/272 
f 607/554/272 606/553/272 605/552/272 
f 609/556/272 610/557/291 608/555/272 
f 609/556/272 608/555/272 607/554/272 
f 611/558/291 612/559/291 610/557/291 
f 611/558/291 610/557/291 609/556/272 
f 613/560/291 614/561/291 612/559/291 
f 613/560/291 612/559/291 611/558/291 
f 615/562/291 616/563/272 614/561/291 
f 615/562/291 614/561/291 613/560/291 
f 617/564/291 618/565/291 616/563/272 
f 617/564/291 616/563/272 615/562/291 
f 619/566/292 620/567/291 618/565/291 
f 619/566/292 618/565/291 617/564/291 
f 621/568/291 622/569/272 620/567/291 
f 621/568/291 620/567/291 619/566/292 
f 623/570/291 624/571/291 622/569/272 
f 623/570/291 622/569/272 621/568/291 
f 625/572/291 626/573/272 624/571/291 
f 625/572/291 624/571/291 623/570/291 
f 627/574/291 628/575/291 626/573/272 
f 627/574/291 626/573/272 625/572/291 
f 629/576/291 630/577/291 628/575/291 
f 629/576/291 628/575/291 627/574/291 
f 594/541/272 593/540/272 630/577/291 
f 594/541/272 630/577/291 629/576/291 
f 631/578/272 632/579/272 633/580/272 
f 631/578/272 633/580/272 634/581/272 
f 635/582/291 636/583/291 632/579/272 
f 635/582/291 632/579/272 631/578/272 
f 637/584/272 638/585/272 636/583/291 
f 637/584/272 636/583/291 635/582/291 
f 639/586/272 640/587/272 638/585/272 
f 639/586/272 638/585/272 637/584/272 
f 641/588/272 642/589/272 640/587/272 
f 641/588/272 640/587/272 639/586/272 
f 643/590/272 644/591/272 642/589/272 
f 643/590/272 642/589/272 641/588/272 
f 645/592/291 646/593/291 644/591/272 
f 645/592/291 644/591/272 643/590/272 
f 647/594/291 648/595/291 646/593/291 
f 647/594/291 646/593/291 645/592/291 
f 649/596/291 650/597/292 648/595/291 
f 649/596/291 648/595/291 647/594/291 
f 651/598/272 652/599/291 650/597/292 
f 651/598/272 650/597/292 649/596/291 
f 653/600/291 654/601/291 652/599/291 
f 653/600/291 652/599/291 651/598/272 
f 655/602/272 656/603/272 654/601/291 
f 655/602/272 654/601/291 653/600/291 
f 657/604/291 658/605/291 656/603/272 
f 657/604/291 656/603/272 655/602/272 
f 659/606/291 660/607/291 658/605/291 
f 659/606/291 658/605/291 657/604/291 
f 661/608/292 662/609/292 660/607/291 
f 661/608/292 660/607/291 659/606/291 
f 663/610/292 664/611/291 662/609/292 
f 663/610/292 662/609/292 661/608/292 
f 665/612/272 666/613/272 664/611/291 
f 665/612/272 664/611/291 663/610/292 
f 667/614/291 668/615/291 666/613/272 
f 667/614/291 666/613/272 665/612/272 
f 669/616/291 670/617/292 668/615/291 
f 669/616/291 668/615/291 667/614/291 
f 634/581/272 633/580/272 670/617/292 
f 634/581/272 670/617/292 669/616/291 
f 671/618/557 672/619/558 673/620/559 
f 671/618/557 673/620/559 674/621/560 
f 675/622/561 676/623/562 672/619/558 
f 675/622/561 672/619/558 671/618/557 
f 677/624/563 678/625/564 679/626/565 
f 677/624/563 679/626/565 680/627/566 
f 681/628/567 677/624/563 680/627/566 
f 681/628/567 680/627/566 682/629/568 
f 683/630/569 681/628/567 682/629/568 
f 683/630/569 682/629/568 684/631/570 
f 685/632/571 686/633/572 679/626/565 
f 685/632/571 679/626/565 678/625/564 
f 687/634/573 688/635/574 686/633/572 
f 687/634/573 686/633/572 685/632/571 
f 689/636/575 690/637/576 691/638/576 
f 689/636/575 691/638/576 692/639/577 
f 693/640/578 689/636/575 692/639/577 
f 693/640/578 692/639/577 694/641/579 
f 695/642/580 693/640/578 694/641/579 
f 695/642/580 694/641/579 696/643/581 
f 697/644/582 698/645/583 691/646/584 
f 697/644/582 691/646/584 690/647/585 
f 699/648/586 700/649/587 698/645/583 
f 699/648/586 698/645/583 697/644/582 
f 701/650/588 702/651/589 700/649/587 
f 701/650/588 700/649/587 699/648/586 
f 703/652/590 704/653/591 705/654/592 
f 703/652/590 705/654/592 706/655/593 
f 707/656/594 703/652/590 706/655/593 
f 707/656/594 706/655/593 708/657/595 
f 709/658/596 707/656/594 708/657/595 
f 709/658/596 708/657/595 702/651/589 
f 710/659/597 711/660/598 705/654/592 
f 710/659/597 705/654/592 704/653/591 
f 712/661/599 713/662/600 711/660/598 
f 712/661/599 711/660/598 710/659/597 
f 714/663/601 715/664/602 716/665/603 
f 714/663/601 716/665/603 717/666/604 
f 718/667/605 714/663/601 717/666/604 
f 718/667/605 717/666/604 719/668/606 
f 720/669/607 718/667/605 719/668/606 
f 720/669/607 719/668/606 721/670/608 
f 722/671/609 723/672/610 716/665/603 
f 722/671/609 716/665/603 715/664/602 
f 724/673/611 725/674/612 723/672/610 
f 724/673/611 723/672/610 722/671/609 
f 726/675/613 674/621/560 673/620/559 
f 726/675/613 673/620/559 727/676/614 
f 728/677/615 726/675/613 727/676/614 
f 728/677/615 727/676/614 729/678/616 
f 730/679/617 728/677/615 729/678/616 
f 730/679/617 729/678/616 731/680/618 
f 571/681/619 732/682/620 733/683/621 
f 571/681/619 733/683/621 572/684/622 
f 574/685/623 734/686/624 732/682/620 
f 574/685/623 732/682/620 571/681/619 
f 575/687/625 735/688/626 734/686/624 
f 575/687/625 734/686/624 574/685/623 
f 576/689/627 736/690/627 735/688/626 
f 576/689/627 735/688/626 575/687/625 
f 577/691/628 737/692/629 736/690/627 
f 577/691/628 736/690/627 576/689/627 
f 578/693/630 738/694/631 737/692/629 
f 578/693/630 737/692/629 577/691/628 
f 579/695/632 739/696/633 738/694/631 
f 579/695/632 738/694/631 578/693/630 
f 580/697/634 740/698/635 739/696/633 
f 580/697/634 739/696/633 579/695/632 
f 581/699/636 741/700/636 740/698/635 
f 581/699/636 740/698/635 580/697/634 
f 582/701/637 742/702/638 741/703/639 
f 582/701/637 741/703/639 581/704/639 
f 583/705/640 743/706/641 742/702/638 
f 583/705/640 742/702/638 582/701/637 
f 584/707/642 744/708/643 743/706/641 
f 584/707/642 743/706/641 583/705/640 
f 585/709/644 745/710/645 744/708/643 
f 585/709/644 744/708/643 584/707/642 
f 586/711/646 746/712/646 745/710/645 
f 586/711/646 745/710/645 585/709/644 
f 587/713/647 747/714/648 746/712/646 
f 587/713/647 746/712/646 586/711/646 
f 588/715/649 748/716/650 747/714/648 
f 588/715/649 747/714/648 587/713/647 
f 589/717/651 749/718/652 748/716/650 
f 589/717/651 748/716/650 588/715/649 
f 590/719/653 750/720/654 749/718/652 
f 590/719/653 749/718/652 589/717/651 
f 573/721/655 751/722/656 750/720/654 
f 573/721/655 750/720/654 590/719/653 
f 572/684/622 733/683/621 751/722/656 
f 572/684/622 751/722/656 573/721/655 
f 752/723/657 631/724/658 634/725/659 
f 752/723/657 634/725/659 753/726/660 
f 754/727/661 635/728/662 631/724/658 
f 754/727/661 631/724/658 752/723/657 
f 755/729/663 637/730/664 635/728/662 
f 755/729/663 635/728/662 754/727/661 
f 756/731/268 639/732/268 637/730/664 
f 756/731/268 637/730/664 755/729/663 
f 757/733/665 641/734/666 639/732/268 
f 757/733/665 639/732/268 756/731/268 
f 758/735/667 643/736/668 641/734/666 
f 758/735/667 641/734/666 757/733/665 
f 759/737/669 645/738/670 643/736/668 
f 759/737/669 643/736/668 758/735/667 
f 760/739/671 647/740/672 645/738/670 
f 760/739/671 645/738/670 759/737/669 
f 761/741/673 649/742/674 647/740/672 
f 761/741/673 647/740/672 760/739/671 
f 762/743/675 651/744/676 649/745/677 
f 762/743/675 649/745/677 761/746/677 
f 763/747/678 653/748/679 651/744/676 
f 763/747/678 651/744/676 762/743/675 
f 764/749/680 655/750/681 653/748/679 
f 764/749/680 653/748/679 763/747/678 
f 765/751/682 657/752/683 655/750/681 
f 765/751/682 655/750/681 764/749/680 
f 766/753/261 659/754/261 657/752/683 
f 766/753/261 657/752/683 765/751/682 
f 767/755/684 661/756/685 659/754/261 
f 767/755/684 659/754/261 766/753/261 
f 768/757/686 663/758/687 661/756/685 
f 768/757/686 661/756/685 767/755/684 
f 769/759/688 665/760/689 663/758/687 
f 769/759/688 663/758/687 768/757/686 
f 770/761/690 667/762/691 665/760/689 
f 770/761/690 665/760/689 769/759/688 
f 771/763/692 669/764/693 667/762/691 
f 771/763/692 667/762/691 770/761/690 
f 753/726/660 634/725/659 669/764/693 
f 753/726/660 669/764/693 771/763/692 
f 632/765/678 772/766/679 773/767/676 
f 632/765/678 773/767/676 633/768/675 
f 636/769/680 774/770/681 772/766/679 
f 636/769/680 772/766/679 632/765/678 
f 638/771/682 775/772/683 774/770/681 
f 638/771/682 774/770/681 636/769/680 
f 640/773/261 776/774/261 775/772/683 
f 640/773/261 775/772/683 638/771/682 
f 642/775/684 777/776/685 776/774/261 
f 642/775/684 776/774/261 640/773/261 
f 644/777/694 778/778/687 777/776/685 
f 644/777/694 777/776/685 642/775/684 
f 646/779/688 779/780/689 778/778/687 
f 646/779/688 778/778/687 644/777/694 
f 648/781/690 780/782/691 779/780/689 
f 648/781/690 779/780/689 646/779/688 
f 650/783/695 781/784/695 780/782/691 
f 650/783/695 780/782/691 648/781/690 
f 652/785/660 782/786/659 781/787/696 
f 652/785/660 781/787/696 650/788/696 
f 654/789/657 783/790/658 782/786/659 
f 654/789/657 782/786/659 652/785/660 
f 656/791/661 784/792/662 783/790/658 
f 656/791/661 783/790/658 654/789/657 
f 658/793/663 785/794/697 784/792/662 
f 658/793/663 784/792/662 656/791/661 
f 660/795/268 786/796/268 785/794/697 
f 660/795/268 785/794/697 658/793/663 
f 662/797/665 787/798/666 786/796/268 
f 662/797/665 786/796/268 660/795/268 
f 664/799/667 788/800/698 787/798/666 
f 664/799/667 787/798/666 662/797/665 
f 666/801/669 789/802/670 788/800/698 
f 666/801/669 788/800/698 664/799/667 
f 668/803/671 790/804/672 789/802/670 
f 668/803/671 789/802/670 666/801/669 
f 670/805/699 791/806/700 790/804/672 
f 670/805/699 790/804/672 668/803/671 
f 633/768/675 773/767/676 791/806/700 
f 633/768/675 791/806/700 670/805/699 
f 772/766/291 792/807/291 793/808/273 
f 772/766/291 793/808/273 773/767/273 
f 774/770/291 794/809/291 792/807/291 
f 774/770/291 792/807/291 772/766/291 
f 775/772/291 795/810/291 794/809/291 
f 775/772/291 794/809/291 774/770/291 
f 776/774/272 796/811/272 795/810/291 
f 776/774/272 795/810/291 775/772/291 
f 777/776/272 797/812/272 796/811/272 
f 777/776/272 796/811/272 776/774/272 
f 778/778/291 798/813/291 797/812/272 
f 778/778/291 797/812/272 777/776/272 
f 779/780/292 799/814/292 798/813/291 
f 779/780/292 798/813/291 778/778/291 
f 780/782/291 800/815/291 799/814/292 
f 780/782/291 799/814/292 779/780/292 
f 781/784/273 801/816/273 800/815/291 
f 781/784/273 800/815/291 780/782/291 
f 782/786/273 802/817/273 801/818/273 
f 782/786/273 801/818/273 781/787/292 
f 783/790/291 803/819/291 802/817/273 
f 783/790/291 802/817/273 782/786/273 
f 784/792/272 804/820/272 803/819/291 
f 784/792/272 803/819/291 783/790/291 
f 785/794/272 805/821/272 804/820/272 
f 785/794/272 804/820/272 784/792/272 
f 786/796/291 806/822/291 805/821/272 
f 786/796/291 805/821/272 785/794/272 
f 787/798/272 807/823/272 806/822/291 
f 787/798/272 806/822/291 786/796/291 
f 788/800/272 808/824/272 807/823/272 
f 788/800/272 807/823/272 787/798/272 
f 789/802/291 809/825/291 808/824/272 
f 789/802/291 808/824/272 788/800/272 
f 790/804/291 810/826/291 809/825/291 
f 790/804/291 809/825/291 789/802/291 
f 791/806/291 811/827/291 810/826/291 
f 791/806/291 810/826/291 790/804/291 
f 773/767/273 793/808/273 811/827/291 
f 773/767/273 811/827/291 791/806/291 
f 792/807/678 812/828/679 813/829/676 
f 792/807/678 813/829/676 793/808/675 
f 794/809/680 814/830/681 812/828/679 
f 794/809/680 812/828/679 792/807/678 
f 795/810/682 815/831/683 814/830/681 
f 795/810/682 814/830/681 794/809/680 
f 796/811/261 816/832/262 815/831/683 
f 796/811/261 815/831/683 795/810/682 
f 797/812/684 817/833/685 816/832/262 
f 797/812/684 816/832/262 796/811/261 
f 798/813/694 818/834/687 817/833/685 
f 798/813/694 817/833/685 797/812/684 
f 799/814/688 819/835/689 818/834/687 
f 799/814/688 818/834/687 798/813/694 
f 800/815/690 820/836/691 819/835/689 
f 800/815/690 819/835/689 799/814/688 
f 801/816/695 821/837/695 820/836/691 
f 801/816/695 820/836/691 800/815/690 
f 802/817/701 822/838/702 821/839/696 
f 802/817/701 821/839/696 801/818/696 
f 803/819/657 823/840/658 822/838/702 
f 803/819/657 822/838/702 802/817/701 
f 804/820/661 824/841/662 823/840/658 
f 804/820/661 823/840/658 803/819/657 
f 805/821/663 825/842/664 824/841/662 
f 805/821/663 824/841/662 804/820/661 
f 806/822/268 826/843/268 825/842/664 
f 806/822/268 825/842/664 805/821/663 
f 807/823/665 827/844/666 826/843/268 
f 807/823/665 826/843/268 806/822/268 
f 808/824/667 828/845/698 827/844/666 
f 808/824/667 827/844/666 807/823/665 
f 809/825/669 829/846/670 828/845/698 
f 809/825/669 828/845/698 808/824/667 
f 810/826/671 830/482/672 829/846/670 
f 810/826/671 829/846/670 809/825/669 
f 811/827/699 831/847/700 830/482/672 
f 811/827/699 830/482/672 810/826/671 
f 793/808/675 813/829/676 831/847/700 
f 793/808/675 831/847/700 811/827/699 
f 460/848/703 671/849/704 674/850/559 
f 460/848/703 674/850/559 461/851/560 
f 462/852/705 675/853/706 671/849/704 
f 462/852/705 671/849/704 460/848/703 
f 832/854/707 675/853/706 462/852/705 
f 832/854/707 462/852/705 463/855/708 
f 478/856/709 477/857/710 678/858/565 
f 478/856/709 678/858/565 677/859/709 
f 479/860/711 478/856/709 677/859/709 
f 479/860/711 677/859/709 681/861/712 
f 683/862/713 475/863/714 479/860/711 
f 683/862/713 479/860/711 681/861/712 
f 484/864/715 685/865/716 678/858/565 
f 484/864/715 678/858/565 477/857/710 
f 485/866/717 687/867/718 685/865/716 
f 485/866/717 685/865/716 484/864/715 
f 833/868/719 687/867/718 485/866/717 
f 833/868/719 485/866/717 486/869/720 
f 501/870/575 500/871/721 690/872/722 
f 501/870/575 690/872/722 689/873/723 
f 502/874/724 501/870/575 689/873/723 
f 502/874/724 689/873/723 693/875/725 
f 695/876/726 498/877/727 502/874/724 
f 695/876/726 502/874/724 693/875/725 
f 507/878/582 697/879/728 690/872/722 
f 507/878/582 690/872/722 500/871/721 
f 508/880/729 699/881/730 697/879/728 
f 508/880/729 697/879/728 507/878/582 
f 701/882/731 699/881/730 508/880/729 
f 701/882/731 508/880/729 509/883/732 
f 524/884/590 523/885/666 704/886/592 
f 524/884/590 704/886/592 703/887/733 
f 525/888/734 524/884/590 703/887/733 
f 525/888/734 703/887/733 707/889/594 
f 709/890/735 521/891/736 525/888/734 
f 709/890/735 525/888/734 707/889/594 
f 530/892/597 710/893/737 704/886/592 
f 530/892/597 704/886/592 523/885/666 
f 531/894/738 712/895/739 710/893/737 
f 531/894/738 710/893/737 530/892/597 
f 834/896/740 712/895/739 531/894/738 
f 834/896/740 531/894/738 532/897/741 
f 547/898/601 546/899/602 715/900/603 
f 547/898/601 715/900/603 714/901/742 
f 548/902/743 547/898/601 714/901/742 
f 548/902/743 714/901/742 718/903/744 
f 720/904/745 544/905/746 548/902/743 
f 720/904/745 548/902/743 718/903/744 
f 553/906/609 722/907/747 715/900/603 
f 553/906/609 715/900/603 546/899/602 
f 554/908/748 724/909/749 722/907/747 
f 554/908/748 722/907/747 553/906/609 
f 835/910/750 724/909/749 554/908/748 
f 835/910/750 554/908/748 555/911/751 
f 568/912/613 461/851/560 674/850/559 
f 568/912/613 674/850/559 726/913/752 
f 569/914/753 568/912/613 726/913/752 
f 569/914/753 726/913/752 728/915/754 
f 730/916/755 566/917/756 569/914/753 
f 730/916/755 569/914/753 728/915/754 
f 465/918/757 836/919/758 832/854/707 
f 465/918/757 832/854/707 463/855/708 
f 467/920/759 837/921/760 836/919/758 
f 467/920/759 836/919/758 465/918/757 
f 837/921/760 467/920/759 468/922/761 
f 476/923/762 475/863/714 683/862/713 
f 476/923/762 683/862/713 838/924/763 
f 469/925/764 476/923/762 838/924/763 
f 469/925/764 838/924/763 839/926/765 
f 839/926/765 470/927/766 469/925/764 
f 488/928/767 840/929/768 833/868/719 
f 488/928/767 833/868/719 486/869/720 
f 490/930/769 841/931/770 840/929/768 
f 490/930/769 840/929/768 488/928/767 
f 841/931/770 490/930/769 492/932/771 
f 499/933/772 498/877/727 695/876/726 
f 499/933/772 695/876/726 842/934/773 
f 491/935/774 499/933/772 842/934/773 
f 491/935/774 842/934/773 843/936/775 
f 843/936/775 493/937/776 491/935/774 
f 511/938/777 844/939/778 701/882/731 
f 511/938/777 701/882/731 509/883/732 
f 513/940/779 845/941/780 844/939/778 
f 513/940/779 844/939/778 511/938/777 
f 845/941/780 513/940/779 514/942/781 
f 522/943/782 521/891/736 709/890/735 
f 522/943/782 709/890/735 846/944/783 
f 515/945/784 522/943/782 846/944/783 
f 515/945/784 846/944/783 847/946/785 
f 847/946/785 516/947/786 515/945/784 
f 534/948/787 848/949/788 834/896/740 
f 534/948/787 834/896/740 532/897/741 
f 536/950/789 849/951/790 848/949/788 
f 536/950/789 848/949/788 534/948/787 
f 849/951/790 536/950/789 537/952/791 
f 545/953/792 544/905/746 720/904/745 
f 545/953/792 720/904/745 850/954/793 
f 538/955/794 545/953/792 850/954/793 
f 538/955/794 850/954/793 851/956/795 
f 851/956/795 539/957/796 538/955/794 
f 557/958/797 852/959/798 835/910/750 
f 557/958/797 835/910/750 555/911/751 
f 559/960/799 853/961/800 852/959/798 
f 559/960/799 852/959/798 557/958/797 
f 853/961/800 559/960/799 560/962/801 
f 567/963/802 566/917/756 730/916/755 
f 567/963/802 730/916/755 854/964/803 
f 561/965/804 567/963/802 854/964/803 
f 561/965/804 854/964/803 855/966/805 
f 855/966/805 562/967/806 561/965/804 
f 856/968/807 680/969/808 679/970/809 
f 856/968/807 679/970/809 134/971/810 
f 135/972/811 682/973/811 680/969/808 
f 135/972/811 680/969/808 856/968/807 
f 136/974/812 684/975/812 682/973/811 
f 136/974/812 682/973/811 135/972/811 
f 147/976/813 146/977/814 673/978/815 
f 147/976/813 673/978/815 672/979/816 
f 148/980/817 147/976/813 672/979/816 
f 148/980/817 672/979/816 676/981/817 
f 136/974/812 148/980/817 676/981/817 
f 136/974/812 676/981/817 684/975/812 
f 161/982/818 692/983/819 691/984/820 
f 161/982/818 691/984/820 162/985/821 
f 163/986/822 694/987/822 692/983/819 
f 163/986/822 692/983/819 161/982/818 
f 164/988/823 696/989/823 694/987/822 
f 164/988/823 694/987/822 163/986/822 
f 171/990/824 134/971/810 679/970/809 
f 171/990/824 679/970/809 686/991/825 
f 172/992/826 171/990/824 686/991/825 
f 172/992/826 686/991/825 688/993/826 
f 164/988/823 172/992/826 688/993/826 
f 164/988/823 688/993/826 696/989/823 
f 185/994/827 706/995/828 705/996/829 
f 185/994/827 705/996/829 186/997/830 
f 187/998/831 708/999/831 706/995/828 
f 187/998/831 706/995/828 185/994/827 
f 188/1000/832 702/1001/832 708/999/831 
f 188/1000/832 708/999/831 187/998/831 
f 195/1002/833 162/985/821 691/984/820 
f 195/1002/833 691/984/820 698/1003/834 
f 196/1004/835 195/1002/833 698/1003/834 
f 196/1004/835 698/1003/834 700/1005/835 
f 188/1000/832 196/1004/835 700/1005/835 
f 188/1000/832 700/1005/835 702/1001/832 
f 209/1006/836 717/1007/837 716/1008/838 
f 209/1006/836 716/1008/838 210/1009/839 
f 211/1010/840 719/1011/840 717/1007/837 
f 211/1010/840 717/1007/837 209/1006/836 
f 212/1012/841 721/1013/841 719/1011/840 
f 212/1012/841 719/1011/840 211/1010/840 
f 219/1014/842 186/997/830 705/996/829 
f 219/1014/842 705/996/829 711/1015/843 
f 220/1016/844 219/1014/842 711/1015/843 
f 220/1016/844 711/1015/843 713/1017/844 
f 212/1012/841 220/1016/844 713/1017/844 
f 212/1012/841 713/1017/844 721/1013/841 
f 230/1018/845 727/1019/846 673/978/815 
f 230/1018/845 673/978/815 146/977/814 
f 231/1020/847 729/1021/847 727/1019/846 
f 231/1020/847 727/1019/846 230/1018/845 
f 857/1022/848 731/1023/848 729/1021/847 
f 857/1022/848 729/1021/847 231/1020/847 
f 239/1024/849 210/1009/839 716/1008/838 
f 239/1024/849 716/1008/838 723/1025/850 
f 240/1026/851 239/1024/849 723/1025/850 
f 240/1026/851 723/1025/850 725/1027/851 
f 857/1022/848 240/1026/851 725/1027/851 
f 857/1022/848 725/1027/851 731/1023/848 
f 837/1028/852 839/1029/853 838/1030/854 
f 837/1028/852 838/1030/854 836/1031/855 
f 842/1032/856 840/1033/857 841/1034/858 
f 842/1032/856 841/1034/858 843/1035/859 
f 858/1036/860 859/1037/860 847/1038/861 
f 858/1036/860 847/1038/861 845/1039/861 
f 860/1040/862 861/1041/862 851/1042/863 
f 860/1040/862 851/1042/863 849/1043/864 
f 852/1044/865 854/1045/866 730/1046/867 
f 852/1044/865 730/1046/867 835/1047/868 
f 834/1048/869 721/670/608 713/662/600 
f 834/1048/869 713/662/600 712/661/599 
f 721/670/608 834/1048/869 720/669/607 
f 849/1043/864 851/1042/863 850/1049/870 
f 849/1043/864 850/1049/870 848/1050/870 
f 848/1050/870 850/1049/870 720/1051/871 
f 848/1050/870 720/1051/871 834/1052/872 
f 843/1035/859 841/1034/858 862/1053/873 
f 843/1035/859 862/1053/873 863/1054/873 
f 695/1055/874 833/1056/875 840/1033/857 
f 695/1055/874 840/1033/857 842/1032/856 
f 833/1057/876 696/643/581 688/635/574 
f 833/1057/876 688/635/574 687/634/573 
f 696/643/581 833/1057/876 695/642/580 
f 702/651/589 701/650/588 709/658/596 
f 864/1058/877 865/846/877 839/1029/853 
f 864/1058/877 839/1029/853 837/1028/852 
f 836/1031/855 838/1030/854 683/1059/878 
f 836/1031/855 683/1059/878 832/1060/879 
f 832/1061/880 684/631/570 676/623/562 
f 832/1061/880 676/623/562 675/622/561 
f 684/631/570 832/1061/880 683/630/569 
f 866/1062/881 867/1063/881 855/1064/882 
f 866/1062/881 855/1064/882 853/1065/883 
f 853/1065/883 855/1064/882 854/1045/866 
f 853/1065/883 854/1045/866 852/1044/865 
f 731/680/618 835/1066/884 730/679/617 
f 835/1066/884 731/680/618 725/674/612 
f 835/1066/884 725/674/612 724/673/611 
f 514/1067/885 516/1068/885 868/1069/885 
f 514/1067/885 868/1069/885 869/1070/885 
f 858/1071/886 845/1072/887 514/1067/888 
f 858/1071/886 514/1067/888 869/1070/889 
f 859/1073/890 868/1069/891 516/1068/892 
f 859/1073/890 516/1068/892 847/1074/893 
f 492/1075/894 493/1076/894 870/1077/894 
f 492/1075/894 870/1077/894 871/1078/894 
f 862/1079/895 841/1080/896 492/1075/897 
f 862/1079/895 492/1075/897 871/1078/898 
f 863/1081/899 870/1077/900 493/1076/901 
f 863/1081/899 493/1076/901 843/1082/902 
f 468/1083/903 470/1084/903 872/1085/903 
f 468/1083/903 872/1085/903 873/1086/903 
f 864/1087/904 837/1088/905 468/1083/906 
f 864/1087/904 468/1083/906 873/1086/675 
f 865/1089/907 872/1085/660 470/1084/908 
f 865/1089/907 470/1084/908 839/1090/909 
f 537/1091/910 539/1092/910 874/1093/910 
f 537/1091/910 874/1093/910 875/1094/910 
f 860/1095/911 849/1096/912 537/1091/913 
f 860/1095/911 537/1091/913 875/1094/914 
f 861/1097/915 874/1093/672 539/1092/916 
f 861/1097/915 539/1092/916 851/1098/917 
f 560/1099/918 562/1100/918 876/1101/918 
f 560/1099/918 876/1101/918 877/1102/918 
f 866/1103/919 853/1104/920 560/1099/921 
f 866/1103/919 560/1099/921 877/1102/922 
f 867/1105/923 876/1101/924 562/1100/925 
f 867/1105/923 562/1100/925 855/1106/926 
f 845/1039/861 847/1038/861 846/1107/927 
f 845/1039/861 846/1107/927 844/1108/928 
f 844/1108/928 846/1107/927 709/1109/929 
f 844/1108/928 709/1109/929 701/1110/930 
# 1522 faces

