# 3ds Max Wavefront OBJ Exporter v0.99 - (c)2007 guruware
# File Created: 18.03.2025 21:19:11

mtllib CocheLlantaTraseraDerecha.mtl

#
# object LlantaTraseraDerecha
#

v  2.2207 -0.7131 1.5852
v  2.3191 -0.2371 1.5853
v  2.2405 -0.2292 1.6562
v  2.1454 -0.6891 1.6561
v  2.3165 0.2490 1.5847
v  2.2380 0.2405 1.6556
v  2.1379 0.6993 1.6543
v  2.2129 0.7240 1.5834
v  2.1395 -0.2191 1.6854
v  2.0487 -0.6582 1.6852
v  2.1370 0.2293 1.6848
v  2.0415 0.6674 1.6836
v  2.0190 -0.2071 1.6836
v  1.9333 -0.6214 1.6835
v  2.0167 0.2160 1.6831
v  1.9266 0.6294 1.6819
v  1.3626 1.8820 1.5759
v  1.3164 1.8181 1.6470
v  1.6669 1.5057 1.6499
v  1.7253 1.5587 1.5789
v  1.9447 1.1273 1.6524
v  2.0129 1.1670 1.5814
v  1.2572 1.7357 1.6766
v  1.5918 1.4374 1.6794
v  1.8571 1.0761 1.6817
v  1.1865 1.6373 1.6754
v  1.5022 1.3559 1.6780
v  1.7525 1.0149 1.6802
v  0.0197 -2.3317 1.5714
v  0.5024 -2.2783 1.5748
v  0.4854 -2.2012 1.6460
v  0.0190 -2.2528 1.6428
v  0.9636 -2.1256 1.5779
v  0.9310 -2.0537 1.6490
v  1.3361 -1.8167 1.6517
v  1.3829 -1.8803 1.5806
v  0.4637 -2.1020 1.6757
v  0.0184 -2.1512 1.6726
v  0.8891 -1.9611 1.6786
v  1.2759 -1.7348 1.6810
v  0.4379 -1.9836 1.6745
v  0.0177 -2.0301 1.6716
v  0.8393 -1.8507 1.6772
v  1.2042 -1.6372 1.6796
v  1.9569 -1.1191 1.6552
v  2.0255 -1.1583 1.5843
v  1.6831 -1.5005 1.6538
v  1.7421 -1.5531 1.5828
v  1.8686 -1.0688 1.6845
v  1.6073 -1.4330 1.6830
v  1.7635 -1.0088 1.6828
v  1.5168 -1.3524 1.6815
v  -2.1987 -0.7369 1.5536
v  -1.9988 -1.1800 1.5556
v  -1.9310 -1.1401 1.6275
v  -2.1241 -0.7121 1.6256
v  -1.7111 -1.5717 1.5581
v  -1.6531 -1.5185 1.6299
v  -1.3027 -1.8309 1.6328
v  -1.3484 -1.8950 1.5611
v  -1.8435 -1.0888 1.6580
v  -2.0279 -0.6802 1.6561
v  -1.5781 -1.4502 1.6603
v  -1.2436 -1.7484 1.6630
v  -1.7389 -1.0277 1.6578
v  -1.9130 -0.6421 1.6561
v  -1.4886 -1.3686 1.6600
v  -1.1729 -1.6500 1.6626
v  -0.4479 -2.2062 1.6394
v  -0.4637 -2.2835 1.5679
v  -0.8950 -2.0635 1.6360
v  -0.9264 -2.1358 1.5644
v  -0.4275 -2.1068 1.6693
v  -0.8543 -1.9705 1.6661
v  -0.4029 -1.9881 1.6685
v  -0.8057 -1.8595 1.6655
v  -1.3687 1.8673 1.5564
v  -1.7280 1.5401 1.5542
v  -1.6693 1.4877 1.6261
v  -1.3223 1.8039 1.6282
v  -2.0113 1.1453 1.5527
v  -1.9431 1.1063 1.6246
v  -2.1316 0.6763 1.6238
v  -2.2065 0.7001 1.5518
v  -1.5936 1.4203 1.6567
v  -1.2623 1.7221 1.6587
v  -1.8551 1.0561 1.6552
v  -2.0351 0.6455 1.6544
v  -1.5032 1.3397 1.6566
v  -1.1906 1.6244 1.6584
v  -1.7499 0.9960 1.6552
v  -1.9197 0.6086 1.6545
v  -2.2242 -0.2532 1.6243
v  -2.3023 -0.2620 1.5523
v  -2.2267 0.2164 1.6237
v  -2.3049 0.2241 1.5517
v  -2.1234 -0.2421 1.6549
v  -2.1259 0.2064 1.6543
v  -2.0031 -0.2287 1.6549
v  -2.0054 0.1943 1.6544
v  0.9406 2.1228 1.5725
v  0.9088 2.0507 1.6438
v  0.4779 2.2706 1.5691
v  0.4617 2.1934 1.6405
v  -0.0052 2.2400 1.6371
v  -0.0055 2.3188 1.5655
v  0.8679 1.9578 1.6736
v  0.4411 2.0940 1.6704
v  -0.0048 2.1385 1.6671
v  0.8193 1.8468 1.6725
v  0.4165 1.9754 1.6695
v  -0.0041 2.0173 1.6664
v  -0.9172 2.0409 1.6308
v  -0.9494 2.1126 1.5591
v  -0.4717 2.1884 1.6338
v  -0.4883 2.2653 1.5622
v  -0.8755 1.9484 1.6611
v  -0.4501 2.0892 1.6640
v  -0.8257 1.8380 1.6608
v  -0.4243 1.9709 1.6635
v  2.2258 -0.7153 -0.2081
v  2.1509 -0.6914 -0.2801
v  2.2460 -0.2316 -0.2800
v  2.3242 -0.2393 -0.2080
v  2.2435 0.2381 -0.2806
v  2.3216 0.2468 -0.2086
v  2.1434 0.6969 -0.2818
v  2.2180 0.7218 -0.2099
v  2.0544 -0.6606 -0.3107
v  2.1451 -0.2215 -0.3106
v  2.1427 0.2269 -0.3112
v  2.0472 0.6650 -0.3124
v  1.9390 -0.6238 -0.3171
v  2.0247 -0.2095 -0.3107
v  2.0224 0.2136 -0.3112
v  1.9322 0.6269 -0.3123
v  1.3677 1.8798 -0.2174
v  1.7304 1.5565 -0.2144
v  1.6724 1.5034 -0.2862
v  1.3219 1.8157 -0.2891
v  2.0180 1.1648 -0.2119
v  1.9502 1.1249 -0.2837
v  1.5974 1.4350 -0.3166
v  1.2628 1.7332 -0.3193
v  1.8627 1.0736 -0.3142
v  1.5079 1.3534 -0.3163
v  1.1922 1.6348 -0.3252
v  1.7582 1.0125 -0.3141
v  0.0248 -2.3339 -0.2218
v  0.0245 -2.2552 -0.2934
v  0.4910 -2.2036 -0.2901
v  0.5075 -2.2805 -0.2184
v  0.9365 -2.0560 -0.2871
v  0.9687 -2.1278 -0.2153
v  1.3416 -1.8190 -0.2845
v  1.3880 -1.8825 -0.2126
v  0.0241 -2.1537 -0.3234
v  0.4694 -2.1044 -0.3203
v  0.8948 -1.9636 -0.3174
v  1.2816 -1.7373 -0.3149
v  0.0234 -2.0325 -0.3291
v  0.4436 -1.9860 -0.3198
v  0.8449 -1.8531 -0.3171
v  1.2099 -1.6396 -0.3147
v  2.0306 -1.1605 -0.2089
v  1.9624 -1.1215 -0.2809
v  1.7472 -1.5553 -0.2105
v  1.6886 -1.5029 -0.2824
v  1.8743 -1.0712 -0.3115
v  1.6129 -1.4354 -0.3129
v  1.7691 -1.0112 -0.3115
v  1.5225 -1.3548 -0.3128
v  -2.1936 -0.7391 -0.2396
v  -2.1186 -0.7145 -0.3106
v  -1.9254 -1.1425 -0.3087
v  -1.9937 -1.1822 -0.2377
v  -1.6476 -1.5209 -0.3062
v  -1.7060 -1.5739 -0.2351
v  -1.2972 -1.8333 -0.3033
v  -1.3433 -1.8972 -0.2321
v  -2.0222 -0.6826 -0.3398
v  -1.8378 -1.0913 -0.3380
v  -1.5725 -1.4526 -0.3357
v  -1.2379 -1.7508 -0.3329
v  -1.9073 -0.6446 -0.3446
v  -1.7333 -1.0301 -0.3365
v  -1.4829 -1.3710 -0.3343
v  -1.1672 -1.6524 -0.3317
v  -0.4586 -2.2857 -0.2253
v  -0.4424 -2.2086 -0.2967
v  -0.9213 -2.1380 -0.2288
v  -0.8895 -2.0659 -0.3001
v  -0.4218 -2.1092 -0.3266
v  -0.8486 -1.9730 -0.3299
v  -0.3972 -1.9906 -0.3258
v  -0.8000 -1.8620 -0.3288
v  -1.3636 1.8651 -0.2369
v  -1.3168 1.8015 -0.3079
v  -1.6638 1.4854 -0.3100
v  -1.7228 1.5379 -0.2391
v  -1.9376 1.1039 -0.3115
v  -2.0062 1.1431 -0.2406
v  -2.1261 0.6739 -0.3123
v  -2.2014 0.6979 -0.2415
v  -1.2566 1.7196 -0.3373
v  -1.5880 1.4178 -0.3393
v  -1.8494 1.0536 -0.3407
v  -2.0294 0.6430 -0.3415
v  -1.1849 1.6220 -0.3422
v  -1.4976 1.3372 -0.3377
v  -1.7442 0.9936 -0.3391
v  -1.9140 0.6062 -0.3398
v  -2.2972 -0.2642 -0.2410
v  -2.2187 -0.2556 -0.3118
v  -2.2998 0.2219 -0.2416
v  -2.2212 0.2140 -0.3124
v  -2.1178 -0.2445 -0.3411
v  -2.1202 0.2039 -0.3416
v  -1.9974 -0.2312 -0.3394
v  -1.9997 0.1919 -0.3399
v  0.9143 2.0483 -0.2923
v  0.9457 2.1206 -0.2207
v  0.4672 2.1911 -0.2957
v  0.4830 2.2683 -0.2242
v  0.0003 2.2376 -0.2991
v  -0.0004 2.3166 -0.2277
v  0.8736 1.9553 -0.3224
v  0.4467 2.0916 -0.3256
v  0.0009 2.1361 -0.3288
v  0.8250 1.8444 -0.3218
v  0.4222 1.9729 -0.3248
v  0.0015 2.0149 -0.3279
v  -0.9443 2.1104 -0.2342
v  -0.9117 2.0385 -0.3053
v  -0.4832 2.2631 -0.2311
v  -0.4662 2.1860 -0.3023
v  -0.8698 1.9459 -0.3348
v  -0.4444 2.0868 -0.3320
v  -0.8200 1.8355 -0.3335
v  -0.4186 1.9684 -0.3308
v  0.3593 0.1969 0.6457
v  0.3793 0.2088 0.7024
v  0.3790 0.2653 0.7023
v  0.3589 0.2768 0.6456
v  0.4278 0.2938 0.7026
v  0.4278 0.3171 0.6461
v  0.4768 0.2658 0.7030
v  0.4972 0.2775 0.6466
v  0.4771 0.2093 0.7030
v  0.4976 0.1976 0.6467
v  0.4284 0.1808 0.7027
v  0.4287 0.1573 0.6463
v  0.3449 0.1880 0.4975
v  0.3445 0.1882 0.6532
v  0.3440 0.2853 0.6531
v  0.3444 0.2851 0.4973
v  0.4277 0.3343 0.6536
v  0.4281 0.3341 0.4979
v  0.5120 0.2862 0.6543
v  0.5124 0.2860 0.4985
v  0.5125 0.1891 0.6544
v  0.5129 0.1889 0.4987
v  0.4287 0.1402 0.6539
v  0.4292 0.1400 0.4981
v  0.3619 -0.2883 0.6463
v  0.3820 -0.2764 0.7030
v  0.3816 -0.2199 0.7029
v  0.3615 -0.2084 0.6462
v  0.4304 -0.1914 0.7032
v  0.4304 -0.1680 0.6467
v  0.4794 -0.2194 0.7036
v  0.4998 -0.2076 0.6472
v  0.4797 -0.2759 0.7037
v  0.5002 -0.2875 0.6473
v  0.4310 -0.3044 0.7034
v  0.4313 -0.3278 0.6469
v  0.3475 -0.2971 0.4981
v  0.3471 -0.2969 0.6538
v  0.3466 -0.1998 0.6537
v  0.3470 -0.2000 0.4980
v  0.4303 -0.1509 0.6542
v  0.4308 -0.1510 0.4985
v  0.5146 -0.1989 0.6549
v  0.5150 -0.1991 0.4992
v  0.5151 -0.2960 0.6550
v  0.5156 -0.2962 0.4993
v  0.4314 -0.3450 0.6545
v  0.4318 -0.3452 0.4988
v  -0.0566 -0.5331 0.6436
v  -0.0366 -0.5212 0.7003
v  -0.0369 -0.4647 0.7002
v  -0.0570 -0.4532 0.6435
v  0.0119 -0.4362 0.7005
v  0.0119 -0.4129 0.6440
v  0.0609 -0.4642 0.7009
v  0.0813 -0.4525 0.6445
v  0.0612 -0.5207 0.7010
v  0.0817 -0.5324 0.6446
v  0.0125 -0.5492 0.7007
v  0.0128 -0.5727 0.6442
v  -0.0710 -0.5420 0.4954
v  -0.0714 -0.5418 0.6511
v  -0.0719 -0.4447 0.6510
v  -0.0715 -0.4449 0.4953
v  0.0118 -0.3957 0.6515
v  0.0122 -0.3959 0.4958
v  0.0961 -0.4438 0.6522
v  0.0965 -0.4440 0.4965
v  0.0966 -0.5409 0.6523
v  0.0970 -0.5410 0.4966
v  0.0129 -0.5898 0.6518
v  0.0133 -0.5900 0.4961
v  -0.4803 0.1924 0.6397
v  -0.4603 0.2042 0.6964
v  -0.4606 0.2607 0.6963
v  -0.4808 0.2723 0.6396
v  -0.4119 0.2893 0.6966
v  -0.4118 0.3126 0.6401
v  -0.3628 0.2613 0.6970
v  -0.3425 0.2730 0.6406
v  -0.3625 0.2048 0.6971
v  -0.3421 0.1931 0.6407
v  -0.4113 0.1763 0.6967
v  -0.4110 0.1528 0.6403
v  -0.4947 0.1835 0.4915
v  -0.4952 0.1837 0.6472
v  -0.4957 0.2808 0.6471
v  -0.4953 0.2806 0.4913
v  -0.4120 0.3298 0.6476
v  -0.4115 0.3296 0.4919
v  -0.3277 0.2817 0.6483
v  -0.3272 0.2815 0.4926
v  -0.3272 0.1846 0.6484
v  -0.3267 0.1844 0.4927
v  -0.4109 0.1356 0.6479
v  -0.4105 0.1354 0.4921
v  -0.0618 0.4372 0.6424
v  -0.0418 0.4491 0.6990
v  -0.0421 0.5056 0.6990
v  -0.0623 0.5171 0.6423
v  0.0066 0.5341 0.6993
v  0.0067 0.5574 0.6428
v  0.0557 0.5061 0.6997
v  0.0760 0.5179 0.6433
v  0.0560 0.4496 0.6997
v  0.0765 0.4380 0.6434
v  0.0072 0.4211 0.6994
v  0.0075 0.3976 0.6430
v  -0.0762 0.4284 0.4942
v  -0.0767 0.4285 0.6499
v  -0.0772 0.5256 0.6498
v  -0.0767 0.5254 0.4940
v  0.0066 0.5746 0.6503
v  0.0070 0.5744 0.4946
v  0.0908 0.5265 0.6510
v  0.0913 0.5263 0.4952
v  0.0914 0.4295 0.6511
v  0.0918 0.4293 0.4954
v  0.0076 0.3805 0.6506
v  0.0081 0.3803 0.4948
v  -0.3394 -0.2920 0.6413
v  -0.3599 -0.2804 0.6977
v  -0.4086 -0.3089 0.6974
v  -0.4084 -0.3324 0.6409
v  -0.4577 -0.2809 0.6970
v  -0.4777 -0.2928 0.6403
v  -0.4580 -0.2244 0.6969
v  -0.4782 -0.2129 0.6402
v  -0.4093 -0.1959 0.6972
v  -0.4092 -0.1726 0.6407
v  -0.3602 -0.2239 0.6976
v  -0.3399 -0.2121 0.6412
v  -0.3241 -0.3007 0.4933
v  -0.3245 -0.3005 0.6490
v  -0.4083 -0.3495 0.6485
v  -0.4078 -0.3497 0.4928
v  -0.4926 -0.3014 0.6478
v  -0.4921 -0.3016 0.4921
v  -0.4931 -0.2044 0.6477
v  -0.4926 -0.2046 0.4920
v  -0.4093 -0.1554 0.6482
v  -0.4089 -0.1556 0.4925
v  -0.3251 -0.2035 0.6489
v  -0.3246 -0.2037 0.4932
v  -0.4425 -1.1227 -0.0199
v  -0.4428 -1.1226 0.0751
v  -0.8343 -0.8638 0.0719
v  -0.8340 -0.8639 -0.0230
v  -1.0971 -0.4748 0.0696
v  -1.0968 -0.4749 -0.0254
v  -1.1911 -0.0148 0.0684
v  -1.1908 -0.0149 -0.0266
v  -1.1021 0.4462 0.0684
v  -1.1018 0.4461 -0.0266
v  -0.8435 0.8380 0.0698
v  -0.8432 0.8379 -0.0252
v  -0.4548 1.1010 0.0722
v  -0.4546 1.1009 -0.0228
v  0.0048 1.1951 0.0754
v  0.0051 1.1949 -0.0196
v  0.4655 1.1059 0.0788
v  0.4657 1.1058 -0.0162
v  0.8570 0.8472 0.0819
v  0.8573 0.8471 -0.0131
v  1.1198 0.4582 0.0843
v  1.1200 0.4581 -0.0107
v  1.2138 -0.0018 0.0855
v  1.2140 -0.0020 -0.0095
v  1.1247 -0.4628 0.0855
v  1.1250 -0.4630 -0.0095
v  0.8662 -0.8547 0.0841
v  0.8665 -0.8548 -0.0109
v  0.4775 -1.1176 0.0816
v  0.4778 -1.1177 -0.0134
v  0.0178 -1.2117 0.0785
v  0.0181 -1.2118 -0.0165
v  1.1758 1.6226 1.7192
v  1.4887 1.3437 1.7218
v  1.7367 1.0058 1.7240
v  1.9092 0.6237 1.7257
v  1.9266 0.6294 1.6820
v  2.0008 -0.2052 1.7273
v  1.9159 -0.6158 1.7272
v  1.9985 0.2141 1.7268
v  1.7476 -0.9997 1.7265
v  1.5032 -1.3402 1.7252
v  1.1933 -1.6225 1.7233
v  0.4339 -1.9658 1.7183
v  0.0175 -2.0118 1.7154
v  0.8317 -1.8341 1.7210
v  -0.3994 -1.9703 1.7124
v  -0.7985 -1.8428 1.7093
v  -1.1624 -1.6352 1.7065
v  -1.7234 -1.0184 1.7017
v  -1.8958 -0.6363 1.7000
v  -1.4753 -1.3563 1.7039
v  -1.9852 -0.2267 1.6989
v  -1.9874 0.1926 1.6983
v  -1.9025 0.6032 1.6984
v  -1.4898 1.3276 1.7005
v  -1.1800 1.6099 1.7024
v  -1.7342 0.9871 1.6992
v  -0.8256 1.8380 1.6608
v  -0.8183 1.8214 1.7047
v  -0.4206 1.9532 1.7074
v  -0.0042 1.9992 1.7103
v  0.8119 1.8302 1.7163
v  0.4127 1.9576 1.7133
v  1.0778 1.4856 1.6575
v  1.3643 1.2302 1.6599
v  1.5916 0.9207 1.6619
v  1.6357 0.8230 1.6623
v  1.7495 0.5707 1.6635
v  1.7153 0.5593 1.6293
v  1.7336 0.5654 1.6477
v  1.6267 0.8170 1.6441
v  1.6205 0.7838 1.6157
v  1.0717 1.4770 1.6424
v  1.3566 1.2231 1.6448
v  1.5825 0.9154 1.6468
v  1.8334 -0.1886 1.6650
v  1.7557 -0.5646 1.6649
v  1.8314 0.1955 1.6645
v  1.8086 0.3002 1.6642
v  1.8230 -0.1875 1.6499
v  1.7457 -0.5615 1.6498
v  1.8209 0.1943 1.6494
v  1.7978 0.2996 1.6459
v  1.7730 0.3225 1.6174
v  1.7379 0.3331 1.5828
v  1.6494 0.3082 1.5155
v  1.5987 0.7542 1.5813
v  1.5129 0.7210 1.5140
v  1.6015 -0.9163 1.6642
v  1.3776 -1.2283 1.6630
v  1.2984 -1.3004 1.6625
v  1.0938 -1.4868 1.6613
v  1.0725 -1.4576 1.6272
v  1.0839 -1.4732 1.6455
v  1.2900 -1.2937 1.6443
v  1.2566 -1.2980 1.6157
v  1.5924 -0.9111 1.6491
v  1.3698 -1.2213 1.6479
v  0.3982 -1.8012 1.6567
v  0.0168 -1.8434 1.6540
v  0.7625 -1.6806 1.6592
v  0.8550 -1.6265 1.6598
v  0.3960 -1.7909 1.6416
v  0.0168 -1.8329 1.6390
v  0.7582 -1.6710 1.6441
v  0.8511 -1.6164 1.6415
v  0.8653 -1.5858 1.6132
v  0.8647 -1.5490 1.5789
v  0.8139 -1.4723 1.5117
v  1.2218 -1.2863 1.5811
v  1.1640 -1.2148 1.5139
v  -0.3651 -1.8053 1.6513
v  -0.7307 -1.6886 1.6485
v  -0.8238 -1.6356 1.6478
v  -1.0641 -1.4984 1.6459
v  -1.0428 -1.4690 1.6121
v  -1.0542 -1.4848 1.6303
v  -0.8199 -1.6254 1.6296
v  -0.8342 -1.5949 1.6011
v  -0.3629 -1.7950 1.6362
v  -0.7264 -1.6790 1.6335
v  -1.5779 -0.9335 1.6415
v  -1.7358 -0.5835 1.6400
v  -1.3506 -1.2430 1.6435
v  -1.2706 -1.3143 1.6442
v  -1.5687 -0.9282 1.6265
v  -1.7258 -0.5802 1.6250
v  -1.3428 -1.2359 1.6285
v  -1.2622 -1.3074 1.6260
v  -1.2286 -1.3114 1.5979
v  -1.1937 -1.2994 1.5639
v  -1.1363 -1.2272 1.4975
v  -0.8338 -1.5581 1.5668
v  -0.7834 -1.4809 1.5003
v  -1.8177 -0.2083 1.6389
v  -1.8197 0.1758 1.6384
v  -1.7980 0.2808 1.6385
v  -1.7420 0.5519 1.6385
v  -1.7074 0.5408 1.6049
v  -1.7259 0.5467 1.6230
v  -1.7872 0.2802 1.6203
v  -1.7625 0.3034 1.5921
v  -1.8071 -0.2071 1.6239
v  -1.8092 0.1747 1.6235
v  -1.3639 1.2155 1.6404
v  -1.0801 1.4740 1.6421
v  -1.5878 0.9036 1.6392
v  -1.6309 0.8054 1.6390
v  -1.3560 1.2084 1.6254
v  -1.0738 1.4655 1.6271
v  -1.5786 0.8983 1.6242
v  -1.6217 0.7995 1.6209
v  -1.6150 0.7664 1.5926
v  -1.5926 0.7370 1.5585
v  -1.5061 0.7048 1.4924
v  -1.7273 0.3144 1.5581
v  -1.6381 0.2905 1.4920
v  -0.7488 1.6678 1.6443
v  -0.3845 1.7885 1.6467
v  -0.2780 1.8003 1.6475
v  -0.0031 1.8307 1.6494
v  -0.0028 1.7944 1.6155
v  -0.0029 1.8138 1.6337
v  -0.2751 1.7898 1.6293
v  -0.2454 1.7735 1.6011
v  -0.7444 1.6582 1.6292
v  -0.3822 1.7781 1.6317
v  0.7444 1.6759 1.6549
v  0.3788 1.7926 1.6522
v  0.2722 1.8032 1.6514
v  0.7402 1.6662 1.6398
v  0.3767 1.7822 1.6371
v  0.2695 1.7927 1.6332
v  0.2401 1.7761 1.6046
v  0.2192 1.7459 1.5703
v  0.2156 1.6537 1.5036
v  -0.2240 1.7435 1.5671
v  -0.2189 1.6513 1.5005
v  0.0092 -0.0074 0.8343
v  -0.1046 0.3367 0.8213
v  -0.2052 0.2847 0.8206
v  -0.2849 0.2041 0.8202
v  -0.3358 0.1027 0.8199
v  -0.3530 -0.0094 0.8199
v  -0.3346 -0.1213 0.8202
v  -0.2826 -0.2220 0.8207
v  -0.2021 -0.3018 0.8214
v  -0.1008 -0.3527 0.8222
v  0.0112 -0.3699 0.8230
v  0.1230 -0.3515 0.8237
v  0.2237 -0.2995 0.8244
v  0.3034 -0.2189 0.8249
v  0.3543 -0.1176 0.8251
v  0.3714 -0.0055 0.8251
v  0.3531 0.1065 0.8248
v  0.3011 0.2072 0.8243
v  0.2205 0.2870 0.8237
v  0.1193 0.3379 0.8229
v  0.0073 0.3550 0.8221
v  -0.2059 0.2864 0.5087
v  -0.1045 0.3389 0.5093
v  -0.1848 0.5818 0.5085
v  -0.3573 0.4926 0.5073
v  -0.2862 0.2052 0.5082
v  -0.4939 0.3545 0.5065
v  -0.3375 0.1032 0.5080
v  -0.5811 0.1809 0.5061
v  -0.3547 -0.0098 0.5080
v  -0.6104 -0.0111 0.5061
v  -0.3363 -0.1225 0.5083
v  -0.5790 -0.2029 0.5066
v  -0.2839 -0.2240 0.5087
v  -0.4899 -0.3755 0.5075
v  -0.2027 -0.3043 0.5094
v  -0.3519 -0.5121 0.5086
v  -0.1008 -0.3557 0.5102
v  -0.1784 -0.5994 0.5100
v  0.0121 -0.3729 0.5110
v  0.0135 -0.6288 0.5114
v  0.1247 -0.3544 0.5118
v  0.2050 -0.5973 0.5127
v  0.2261 -0.3020 0.5125
v  0.3775 -0.5082 0.5138
v  0.3064 -0.2208 0.5130
v  0.5141 -0.3701 0.5146
v  0.3577 -0.1187 0.5132
v  0.6013 -0.1965 0.5150
v  0.3749 -0.0058 0.5132
v  0.6306 -0.0044 0.5150
v  0.3565 0.1069 0.5129
v  0.5992 0.1873 0.5145
v  0.3041 0.2084 0.5124
v  0.5101 0.3599 0.5137
v  0.2230 0.2888 0.5117
v  0.3721 0.4966 0.5125
v  0.1210 0.3401 0.5109
v  0.1987 0.5838 0.5112
v  0.0081 0.3573 0.5101
v  0.0067 0.6132 0.5098
v  -0.3589 0.4933 1.0597
v  -0.1864 0.5825 1.0608
v  -0.2273 0.7061 1.0604
v  -0.4360 0.5983 1.0590
v  -0.4954 0.3552 1.0589
v  -0.6011 0.4312 1.0581
v  -0.5826 0.1816 1.0585
v  -0.7066 0.2212 1.0576
v  -0.6120 -0.0105 1.0585
v  -0.7421 -0.0112 1.0576
v  -0.5806 -0.2022 1.0590
v  -0.7041 -0.2431 1.0582
v  -0.4915 -0.3748 1.0598
v  -0.5964 -0.4520 1.0592
v  -0.3535 -0.5115 1.0610
v  -0.4294 -0.6173 1.0606
v  -0.1800 -0.5987 1.0623
v  -0.2196 -0.7228 1.0622
v  0.0119 -0.6281 1.0637
v  0.0126 -0.7584 1.0639
v  0.2035 -0.5967 1.0651
v  0.2444 -0.7203 1.0655
v  0.3760 -0.5075 1.0662
v  0.4530 -0.6125 1.0669
v  0.5125 -0.3694 1.0670
v  0.6182 -0.4454 1.0678
v  0.5997 -0.1958 1.0674
v  0.7237 -0.2354 1.0683
v  0.6290 -0.0038 1.0674
v  0.7592 -0.0031 1.0683
v  0.5976 0.1880 1.0669
v  0.7212 0.2289 1.0678
v  0.5086 0.3606 1.0661
v  0.6134 0.4377 1.0667
v  0.3705 0.4972 1.0649
v  0.4465 0.6030 1.0653
v  0.1971 0.5845 1.0636
v  0.2366 0.7086 1.0637
v  0.0052 0.6139 1.0622
v  0.0045 0.7441 1.0620
v  1.3585 1.2223 0.9805
v  1.0735 1.4762 0.9780
v  1.0772 1.4746 -0.3110
v  1.3621 1.2207 -0.2960
v  1.5844 0.9146 0.9825
v  1.5880 0.9130 -0.2940
v  1.8249 -0.1884 0.9855
v  1.8285 -0.1899 -0.2909
v  1.7512 -0.5639 -0.3037
v  1.7476 -0.5623 0.9854
v  1.8228 0.1935 0.9851
v  1.8264 0.1919 -0.2914
v  1.8018 0.2975 0.9853
v  1.7451 0.5650 -0.2925
v  1.5943 -0.9119 0.9848
v  1.5979 -0.9135 -0.2917
v  1.3717 -1.2221 0.9836
v  1.3753 -1.2236 -0.2929
v  0.3979 -1.7918 0.9773
v  0.4015 -1.7933 -0.2992
v  0.0223 -1.8353 -0.3145
v  0.0187 -1.8337 0.9746
v  0.7601 -1.6718 0.9798
v  0.7637 -1.6734 -0.2967
v  0.8525 -1.6196 0.9809
v  1.0931 -1.4807 -0.2946
v  -0.3610 -1.7958 0.9719
v  -0.3574 -1.7974 -0.3046
v  -0.7245 -1.6798 0.9692
v  -0.7209 -1.6814 -0.3073
v  -0.8174 -1.6286 0.9689
v  -1.0523 -1.4922 -0.3099
v  -1.5668 -0.9290 0.9622
v  -1.5632 -0.9306 -0.3143
v  -1.7202 -0.5826 -0.3285
v  -1.7239 -0.5810 0.9606
v  -1.3409 -1.2367 0.9642
v  -1.3373 -1.2383 -0.3123
v  -1.2627 -1.3085 0.9654
v  -1.8052 -0.2079 0.9596
v  -1.8016 -0.2095 -0.3169
v  -1.8073 0.1739 0.9591
v  -1.8037 0.1723 -0.3174
v  -1.3541 1.2076 0.9611
v  -1.3505 1.2061 -0.3154
v  -1.0683 1.4631 -0.3264
v  -1.0719 1.4647 0.9627
v  -1.5767 0.8975 0.9599
v  -1.5731 0.8959 -0.3166
v  -1.6208 0.8009 0.9602
v  -1.7264 0.5463 -0.3173
v  -0.7425 1.6574 0.9649
v  -0.7389 1.6558 -0.3116
v  -0.3803 1.7773 0.9674
v  -0.3767 1.7757 -0.3091
v  0.7421 1.6654 0.9755
v  0.7457 1.6638 -0.3010
v  0.3786 1.7814 0.9728
v  0.3822 1.7798 -0.3037
v  0.2732 1.7935 0.9725
v  0.0026 1.8177 -0.3065
v  -0.1043 0.3388 0.4485
v  -0.2058 0.2864 0.4479
v  -0.2849 0.2041 0.8201
v  -0.2860 0.2052 0.4474
v  -0.3373 0.1031 0.4472
v  -0.3546 -0.0098 0.4472
v  -0.3361 -0.1226 0.4474
v  -0.2837 -0.2241 0.4479
v  -0.2026 -0.3044 0.4486
v  -0.1006 -0.3557 0.4494
v  0.0122 -0.3730 0.4502
v  0.1249 -0.3545 0.4510
v  0.2263 -0.3021 0.4517
v  0.3066 -0.2209 0.4522
v  0.3579 -0.1188 0.4524
v  0.3751 -0.0059 0.4524
v  0.3567 0.1068 0.4521
v  0.3043 0.2083 0.4516
v  0.2231 0.2887 0.4509
v  0.1211 0.3400 0.4501
v  0.0083 0.3573 0.4493
v  -0.3572 0.4926 0.4465
v  -0.1847 0.5817 0.4477
v  -0.4937 0.3544 0.4457
v  -0.5809 0.1808 0.4453
v  -0.6102 -0.0112 0.4454
v  -0.5788 -0.2029 0.4458
v  -0.4897 -0.3756 0.4467
v  -0.3517 -0.5122 0.4478
v  -0.1783 -0.5995 0.4492
v  0.0136 -0.6289 0.4506
v  0.2052 -0.5974 0.4519
v  0.3777 -0.5083 0.4530
v  0.5142 -0.3702 0.4538
v  0.6015 -0.1966 0.4542
v  0.6308 -0.0045 0.4542
v  0.5994 0.1872 0.4538
v  0.5103 0.3599 0.4529
v  0.3723 0.4965 0.4518
v  0.1988 0.5838 0.4504
v  0.0069 0.6131 0.4490
v  -0.2252 0.7052 0.3244
v  -0.4339 0.5974 0.3231
v  -0.5991 0.4303 0.3221
v  -0.7046 0.2203 0.3216
v  -0.7400 -0.0121 0.3216
v  -0.7020 -0.2440 0.3222
v  -0.5943 -0.4529 0.3232
v  -0.4273 -0.6182 0.3246
v  -0.2175 -0.7237 0.3262
v  0.0147 -0.7593 0.3279
v  0.2465 -0.7212 0.3295
v  0.4551 -0.6134 0.3309
v  0.6203 -0.4463 0.3319
v  0.7258 -0.2363 0.3324
v  0.7613 -0.0040 0.3323
v  0.7233 0.2280 0.3318
v  0.6155 0.4368 0.3308
v  0.4486 0.6021 0.3294
v  0.2387 0.7077 0.3277
v  0.0066 0.7432 0.3260
v  -0.2565 0.8000 0.3241
v  -0.4929 0.6778 0.3225
v  -0.6801 0.4885 0.3214
v  -0.7996 0.2506 0.3209
v  -0.8398 -0.0126 0.3209
v  -0.7967 -0.2754 0.3215
v  -0.6747 -0.5120 0.3227
v  -0.4855 -0.6992 0.3243
v  -0.2478 -0.8188 0.3261
v  0.0152 -0.8591 0.3281
v  0.2778 -0.8160 0.3299
v  0.5142 -0.6938 0.3314
v  0.7013 -0.5045 0.3325
v  0.8208 -0.2666 0.3331
v  0.8610 -0.0034 0.3331
v  0.8180 0.2593 0.3324
v  0.6959 0.4959 0.3313
v  0.5068 0.6832 0.3297
v  0.2690 0.8028 0.3278
v  0.0060 0.8430 0.3259
v  -0.2558 0.7997 0.0741
v  -0.4922 0.6775 0.0725
v  -0.6793 0.4882 0.0714
v  -0.7989 0.2503 0.0708
v  -0.8391 -0.0129 0.0709
v  -0.7960 -0.2757 0.0715
v  -0.6739 -0.5123 0.0727
v  -0.4848 -0.6995 0.0743
v  -0.2471 -0.8191 0.0761
v  0.0159 -0.8594 0.0780
v  0.2785 -0.8163 0.0798
v  0.5149 -0.6941 0.0814
v  0.7020 -0.5049 0.0825
v  0.8215 -0.2670 0.0831
v  0.8617 -0.0037 0.0830
v  0.8187 0.2590 0.0824
v  0.6966 0.4956 0.0812
v  0.5075 0.6829 0.0796
v  0.2698 0.8025 0.0778
v  0.0067 0.8427 0.0759
v  1.6295 0.8185 0.9834
v  1.2943 -1.2947 0.9836
v  -1.8092 0.1747 1.6234
v  -1.7874 0.2782 0.9597
v  -0.2751 1.7906 0.9686
v  1.6231 0.7833 0.9701
v  1.5955 0.7517 0.9482
v  1.7730 0.3225 1.6173
v  1.7757 0.3219 0.9717
v  1.7347 0.3306 0.9497
v  1.2566 -1.2980 1.6156
v  1.2589 -1.2995 0.9701
v  1.2205 -1.2829 0.9480
v  0.8677 -1.5872 0.9641
v  0.8633 -1.5455 0.9440
v  -0.8329 -1.5964 0.9555
v  -0.8289 -1.5546 0.9337
v  -1.2272 -1.3129 0.9523
v  -1.1889 -1.2959 0.9308
v  -1.1363 -1.2272 1.4974
v  -1.7615 0.3029 0.9465
v  -1.7205 0.3120 0.9250
v  -1.6139 0.7658 0.9470
v  -1.5858 0.7346 0.9255
v  -0.2436 1.7736 0.9555
v  -0.2221 1.7374 0.9340
v  0.2420 1.7762 0.9590
v  0.2192 1.7459 1.5702
v  0.2210 1.7398 0.9371
v  2.0247 -0.2095 -0.3106
v  1.7582 1.0125 -0.3140
v  1.7692 -1.0112 -0.3115
v  0.8250 1.8444 -0.3217
v  0.0015 2.0149 -0.3278
v  -0.2215 -0.7035 0.3246
v  -0.5738 -0.4502 0.3217
v  -0.7220 -0.0020 0.3201
v  -0.5902 0.4116 0.3206
v  0.2502 -0.7009 0.3262
v  0.5998 -0.4438 0.3301
v  0.6068 0.4181 0.3291
v  0.7431 0.0059 0.3306
v  -0.2101 0.6912 0.3229
v  0.2238 0.6935 0.3260
v  -0.2263 -0.7070 0.9592
v  -0.5787 -0.4537 0.9564
v  0.6011 -0.4473 0.9648
v  0.2515 -0.7044 0.9626
v  0.6100 0.4205 0.9638
v  0.7463 0.0083 0.9653
v  -0.7288 0.0004 0.9548
v  -0.5970 0.4140 0.9552
v  -0.2119 0.6972 0.9576
v  0.2219 0.6995 0.9607
# 880 vertices

vn 0.8734 -0.2787 0.3994
vn 0.9123 -0.0906 0.3993
vn 0.4931 -0.0486 0.8686
vn 0.4718 -0.1513 0.8686
vn 0.9113 0.1015 0.3991
vn 0.4925 0.0562 0.8685
vn 0.4701 0.1585 0.8682
vn 0.8703 0.2892 0.3987
vn 0.1414 -0.0136 0.9899
vn 0.1350 -0.0441 0.9899
vn 0.1412 0.0176 0.9898
vn 0.1345 0.0480 0.9897
vn -0.0141 0.0019 0.9999
vn -0.0138 0.0033 0.9999
vn -0.0141 0.0005 0.9999
vn -0.0137 -0.0009 0.9999
vn 0.5337 0.7468 0.3969
vn 0.2864 0.4079 0.8669
vn 0.3648 0.3384 0.8674
vn 0.6773 0.6190 0.3976
vn 0.4269 0.2540 0.8679
vn 0.7912 0.4642 0.3982
vn 0.0799 0.1222 0.9893
vn 0.1032 0.1015 0.9895
vn 0.1216 0.0764 0.9896
vn -0.0112 -0.0044 0.9999
vn -0.0123 -0.0035 0.9999
vn -0.0132 -0.0023 0.9999
vn 0.0022 -0.9179 0.3968
vn 0.1932 -0.8970 0.3975
vn 0.1007 -0.4882 0.8669
vn -0.0034 -0.4994 0.8663
vn 0.3757 -0.8368 0.3982
vn 0.2002 -0.4554 0.8675
vn 0.2908 -0.4026 0.8680
vn 0.5418 -0.7400 0.3987
vn 0.0247 -0.1443 0.9892
vn -0.0063 -0.1476 0.9890
vn 0.0543 -0.1345 0.9894
vn 0.0812 -0.1188 0.9896
vn -0.0086 0.0081 0.9999
vn -0.0072 0.0082 0.9999
vn -0.0100 0.0076 0.9999
vn -0.0113 0.0069 0.9999
vn 0.4296 -0.2472 0.8685
vn 0.7961 -0.4547 0.3993
vn 0.3684 -0.3322 0.8683
vn 0.6840 -0.6107 0.3991
vn 0.1225 -0.0726 0.9898
vn 0.1043 -0.0979 0.9897
vn -0.0132 0.0047 0.9999
vn -0.0123 0.0058 0.9999
vn -0.8738 -0.2875 0.3923
vn -0.7950 -0.4623 0.3928
vn -0.4378 -0.2511 0.8633
vn -0.4807 -0.1559 0.8629
vn -0.6815 -0.6170 0.3935
vn -0.3760 -0.3353 0.8638
vn -0.2980 -0.4049 0.8644
vn -0.5384 -0.7447 0.3943
vn -0.1355 -0.0738 0.9880
vn -0.1483 -0.0455 0.9879
vn -0.1171 -0.0989 0.9882
vn -0.0939 -0.1196 0.9884
vn -0.0011 0.0048 1.0000
vn -0.0005 0.0034 1.0000
vn -0.0020 0.0060 1.0000
vn -0.0031 0.0069 1.0000
vn -0.1076 -0.4889 0.8657
vn -0.1889 -0.8986 0.3960
vn -0.2072 -0.4569 0.8650
vn -0.3718 -0.8400 0.3951
vn -0.0372 -0.1445 0.9888
vn -0.0669 -0.1350 0.9886
vn -0.0057 0.0081 1.0000
vn -0.0043 0.0076 1.0000
vn -0.5464 0.7399 0.3924
vn -0.6882 0.6106 0.3920
vn -0.3796 0.3334 0.8630
vn -0.3023 0.4039 0.8634
vn -0.7999 0.4547 0.3917
vn -0.4404 0.2485 0.8627
vn -0.4823 0.1528 0.8626
vn -0.8768 0.2791 0.3916
vn -0.1182 0.1001 0.9879
vn -0.0952 0.1211 0.9881
vn -0.1363 0.0749 0.9878
vn -0.1488 0.0464 0.9878
vn -0.0019 -0.0034 1.0000
vn -0.0030 -0.0044 1.0000
vn -0.0011 -0.0022 1.0000
vn -0.0006 -0.0009 1.0000
vn -0.4964 -0.1059 0.8616
vn -0.8998 -0.1951 0.3902
vn -0.9208 -0.0045 0.3900
vn -0.5079 -0.0017 0.8614
vn -0.5034 0.0506 0.8625
vn -0.9156 0.0914 0.3916
vn -0.1532 -0.0307 0.9877
vn -0.1567 0.0004 0.9877
vn -0.1551 0.0160 0.9878
vn -0.0003 0.0027 1.0000
vn -0.0002 0.0013 1.0000
vn -0.0003 0.0005 1.0000
vn 0.3667 0.8418 0.3960
vn 0.1953 0.4597 0.8663
vn 0.1836 0.9000 0.3953
vn 0.0954 0.4914 0.8657
vn -0.0088 0.5015 0.8651
vn -0.0077 0.9189 0.3945
vn 0.0528 0.1376 0.9891
vn 0.0231 0.1471 0.9889
vn -0.0079 0.1501 0.9886
vn -0.0099 -0.0052 0.9999
vn -0.0086 -0.0056 0.9999
vn -0.0071 -0.0057 1.0000
vn -0.2121 0.4568 0.8639
vn -0.3808 0.8370 0.3930
vn -0.1128 0.4899 0.8645
vn -0.1986 0.8975 0.3937
vn -0.0684 0.1368 0.9882
vn -0.0388 0.1466 0.9884
vn -0.0043 -0.0051 1.0000
vn -0.0056 -0.0056 1.0000
vn 0.8768 -0.2791 -0.3916
vn 0.4823 -0.1528 -0.8626
vn 0.5034 -0.0506 -0.8626
vn 0.9156 -0.0914 -0.3917
vn 0.5029 0.0538 -0.8627
vn 0.9145 0.1003 -0.3919
vn 0.4807 0.1559 -0.8629
vn 0.8737 0.2875 -0.3923
vn 0.1718 -0.0537 -0.9837
vn 0.1576 -0.0135 -0.9874
vn 0.1550 0.0151 -0.9878
vn 0.1483 0.0455 -0.9879
vn 0.0419 -0.0123 -0.9990
vn 0.0010 0.0070 -1.0000
vn 0.0002 -0.0020 -1.0000
vn 0.0005 -0.0034 -1.0000
vn 0.5384 0.7447 -0.3943
vn 0.6816 0.6170 -0.3935
vn 0.3760 0.3353 -0.8638
vn 0.2980 0.4050 -0.8644
vn 0.7949 0.4623 -0.3928
vn 0.4377 0.2511 -0.8633
vn 0.1206 0.0984 -0.9878
vn 0.1079 0.1392 -0.9844
vn 0.1355 0.0738 -0.9880
vn 0.0071 -0.0115 -0.9999
vn 0.0284 0.0283 -0.9992
vn 0.0011 -0.0048 -1.0000
vn 0.0077 -0.9189 -0.3945
vn 0.0088 -0.5016 -0.8651
vn 0.1129 -0.4899 -0.8645
vn 0.1986 -0.8975 -0.3937
vn 0.2121 -0.4568 -0.8639
vn 0.3808 -0.8370 -0.3930
vn 0.3024 -0.4039 -0.8634
vn 0.5464 -0.7399 -0.3924
vn 0.0080 -0.1742 -0.9847
vn 0.0419 -0.1482 -0.9881
vn 0.0684 -0.1368 -0.9882
vn 0.0952 -0.1211 -0.9881
vn 0.0073 -0.0376 -0.9993
vn 0.0130 0.0072 -0.9999
vn 0.0043 0.0051 -1.0000
vn 0.0030 0.0044 -1.0000
vn 0.7999 -0.4547 -0.3917
vn 0.4404 -0.2485 -0.8627
vn 0.6882 -0.6106 -0.3920
vn 0.3796 -0.3334 -0.8630
vn 0.1369 -0.0783 -0.9875
vn 0.1182 -0.1001 -0.9879
vn -0.0027 -0.0043 -1.0000
vn 0.0019 0.0034 -1.0000
vn -0.8703 -0.2892 -0.3987
vn -0.4701 -0.1585 -0.8682
vn -0.4269 -0.2540 -0.8679
vn -0.7912 -0.4642 -0.3982
vn -0.3648 -0.3384 -0.8674
vn -0.6773 -0.6190 -0.3975
vn -0.2864 -0.4080 -0.8669
vn -0.5337 -0.7468 -0.3968
vn -0.1574 -0.0556 -0.9860
vn -0.1222 -0.0798 -0.9893
vn -0.1032 -0.1015 -0.9895
vn -0.0799 -0.1222 -0.9893
vn -0.0274 -0.0127 -0.9995
vn 0.0169 -0.0042 -0.9998
vn 0.0123 0.0034 -0.9999
vn 0.0112 0.0044 -0.9999
vn -0.1836 -0.9000 -0.3953
vn -0.0954 -0.4914 -0.8657
vn -0.3667 -0.8418 -0.3961
vn -0.1953 -0.4597 -0.8663
vn -0.0262 -0.1487 -0.9885
vn -0.0528 -0.1376 -0.9891
vn 0.0012 0.0071 -1.0000
vn 0.0099 0.0052 -0.9999
vn -0.5417 0.7400 -0.3987
vn -0.2908 0.4026 -0.8679
vn -0.3684 0.3322 -0.8683
vn -0.6839 0.6107 -0.3991
vn -0.4296 0.2472 -0.8685
vn -0.7961 0.4547 -0.3993
vn -0.4718 0.1513 -0.8686
vn -0.8734 0.2788 -0.3994
vn -0.0955 0.1382 -0.9858
vn -0.1077 0.0974 -0.9894
vn -0.1225 0.0726 -0.9898
vn -0.1350 0.0441 -0.9899
vn -0.0144 0.0281 -0.9995
vn 0.0074 -0.0115 -0.9999
vn 0.0132 -0.0047 -0.9999
vn 0.0137 -0.0033 -0.9999
vn -0.8964 -0.1966 -0.3972
vn -0.4860 -0.1084 -0.8672
vn -0.9177 -0.0055 -0.3973
vn -0.9123 0.0906 -0.3993
vn -0.4931 0.0486 -0.8686
vn -0.4977 -0.0038 -0.8673
vn -0.1445 -0.0283 -0.9891
vn -0.1414 0.0136 -0.9899
vn -0.1429 -0.0020 -0.9897
vn 0.0123 0.0152 -0.9998
vn 0.0140 -0.0019 -0.9999
vn 0.0141 -0.0012 -0.9999
vn 0.2072 0.4569 -0.8651
vn 0.3718 0.8400 -0.3951
vn 0.1076 0.4889 -0.8657
vn 0.1889 0.8986 -0.3959
vn 0.0034 0.4995 -0.8663
vn -0.0022 0.9179 -0.3967
vn 0.0653 0.1381 -0.9883
vn 0.0372 0.1445 -0.9888
vn 0.0063 0.1477 -0.9890
vn -0.0025 -0.0045 -1.0000
vn 0.0057 -0.0080 -1.0000
vn 0.0072 -0.0082 -0.9999
vn -0.3757 0.8368 -0.3982
vn -0.2002 0.4554 -0.8675
vn -0.1932 0.8970 -0.3975
vn -0.1007 0.4881 -0.8669
vn -0.0528 0.1376 -0.9891
vn -0.0247 0.1443 -0.9892
vn 0.0169 -0.0044 -0.9998
vn 0.0086 -0.0080 -0.9999
vn -0.7997 -0.4647 0.3802
vn -0.5727 -0.3311 0.7499
vn -0.5762 0.3268 0.7491
vn -0.8046 0.4570 0.3791
vn -0.0079 0.6595 0.7517
vn -0.0087 0.9243 0.3815
vn 0.5647 0.3333 0.7550
vn 0.7958 0.4677 0.3847
vn 0.5682 -0.3254 0.7559
vn 0.8008 -0.4580 0.3859
vn -0.0008 -0.6576 0.7533
vn 0.0013 -0.9234 0.3838
vn -1.0000 -0.0054 -0.0028
vn -0.5049 0.8632 -0.0025
vn 0.4956 0.8685 0.0004
vn 0.4956 0.8685 0.0003
vn 0.4956 0.8686 0.0004
vn 1.0000 0.0054 0.0028
vn 1.0000 0.0054 0.0029
vn 0.5049 -0.8631 0.0025
vn -0.4956 -0.8686 -0.0003
vn -0.4956 -0.8685 -0.0003
vn -0.0072 0.0012 1.0000
vn -0.0072 0.0011 1.0000
vn -0.0072 0.0013 1.0000
vn -0.0071 0.0013 1.0000
vn -0.5726 -0.3312 0.7499
vn -0.5763 0.3268 0.7490
vn -0.8047 0.4570 0.3790
vn -0.0078 0.6594 0.7518
vn 0.5646 0.3334 0.7550
vn 0.5682 -0.3253 0.7558
vn 0.8008 -0.4581 0.3857
vn -0.0008 -0.6577 0.7533
vn 0.4956 0.8686 0.0003
vn 1.0000 0.0055 0.0029
vn 0.5049 -0.8632 0.0025
vn 0.5050 -0.8631 0.0025
vn -0.4956 -0.8685 -0.0004
vn -0.0071 0.0012 1.0000
vn 0.5646 0.3333 0.7550
vn 0.5681 -0.3254 0.7559
vn 0.8008 -0.4581 0.3858
vn -1.0000 -0.0055 -0.0028
vn -0.5049 0.8631 -0.0025
vn 0.4957 0.8685 0.0003
vn 1.0000 0.0055 0.0028
vn -0.7996 -0.4647 0.3803
vn -0.8046 0.4570 0.3792
vn 0.5647 0.3334 0.7550
vn 0.7958 0.4677 0.3846
vn 0.5681 -0.3253 0.7559
vn -0.0008 -0.6576 0.7534
vn 0.4957 0.8685 0.0004
vn -0.0087 0.9243 0.3816
vn 0.5646 0.3333 0.7551
vn 0.7957 0.4677 0.3848
vn 0.8008 -0.4581 0.3859
vn -0.5050 0.8631 -0.0025
vn 0.8008 -0.4582 0.3858
vn 0.5682 -0.3253 0.7559
vn 0.0012 -0.9234 0.3839
vn -0.7997 -0.4647 0.3803
vn -0.0079 0.6595 0.7516
vn 0.7958 0.4678 0.3846
vn -1.0000 -0.0054 -0.0029
vn -0.5514 -0.8343 -0.0006
vn -0.7033 -0.7109 -0.0012
vn -0.7038 -0.7104 -0.0012
vn -0.9218 -0.3876 -0.0021
vn -0.9220 -0.3872 -0.0021
vn -0.9259 0.3776 -0.0032
vn -0.9261 0.3773 -0.0032
vn -0.7109 0.7033 -0.0029
vn -0.7114 0.7028 -0.0029
vn -0.3874 0.9219 -0.0022
vn -0.3883 0.9215 -0.0022
vn -0.0048 1.0000 -0.0012
vn -0.0059 1.0000 -0.0012
vn 0.3784 0.9256 -0.0000
vn 0.3775 0.9260 -0.0000
vn 0.7038 0.7104 0.0012
vn 0.7033 0.7109 0.0012
vn 0.9220 0.3872 0.0022
vn 0.9218 0.3876 0.0022
vn 0.9261 -0.3773 0.0031
vn 0.9259 -0.3776 0.0031
vn 0.7114 -0.7028 0.0029
vn 0.7109 -0.7033 0.0029
vn 0.3883 -0.9215 0.0022
vn 0.3874 -0.9219 0.0022
vn 0.0059 -1.0000 0.0012
vn 0.0048 -1.0000 0.0012
vn -0.1900 -0.9818 0.0006
vn 0.0071 -0.0012 -1.0000
vn 0.0071 -0.0013 -1.0000
vn 0.0072 -0.0012 -1.0000
vn 0.6813 0.6229 0.3846
vn 0.5368 0.7513 0.3839
vn 0.5371 0.7511 0.3839
vn 0.6815 0.6226 0.3846
vn 0.7960 0.4672 0.3849
vn 0.7961 0.4669 0.3849
vn 0.8756 0.2908 0.3856
vn 0.8756 0.2910 0.3856
vn 0.9180 -0.0912 0.3859
vn 0.8788 -0.2804 0.3861
vn 0.8788 -0.2806 0.3861
vn 0.9169 0.1021 0.3857
vn 0.9170 0.1021 0.3857
vn 0.8010 -0.4576 0.3861
vn 0.8011 -0.4573 0.3861
vn 0.6880 -0.6145 0.3861
vn 0.6882 -0.6142 0.3861
vn 0.5453 -0.7444 0.3855
vn 0.5449 -0.7446 0.3855
vn 0.1942 -0.9023 0.3849
vn 0.1946 -0.9022 0.3849
vn 0.0025 -0.9233 0.3841
vn 0.0020 -0.9233 0.3841
vn 0.3778 -0.8419 0.3854
vn 0.3782 -0.8417 0.3854
vn -0.1902 -0.9037 0.3835
vn -0.1898 -0.9038 0.3835
vn -0.3741 -0.8447 0.3827
vn -0.3737 -0.8449 0.3827
vn -0.5413 -0.7491 0.3819
vn -0.5416 -0.7488 0.3819
vn -0.7994 -0.4648 0.3807
vn -0.7993 -0.4650 0.3807
vn -0.8786 -0.2892 0.3801
vn -0.8786 -0.2891 0.3800
vn -0.6855 -0.6203 0.3812
vn -0.6853 -0.6205 0.3812
vn -0.9196 -0.1008 0.3797
vn -0.9196 -0.1009 0.3797
vn -0.9206 0.0918 0.3795
vn -0.9206 0.0919 0.3795
vn -0.8817 0.2807 0.3793
vn -0.8817 0.2805 0.3793
vn -0.6921 0.6138 0.3797
vn -0.6919 0.6140 0.3797
vn -0.5494 0.7441 0.3801
vn -0.5496 0.7439 0.3801
vn -0.8044 0.4571 0.3795
vn -0.8043 0.4573 0.3795
vn -0.3832 0.8416 0.3807
vn -0.3828 0.8418 0.3807
vn -0.1999 0.9026 0.3813
vn -0.1995 0.9027 0.3813
vn -0.0075 0.9242 0.3819
vn -0.0079 0.9242 0.3819
vn 0.3687 0.8469 0.3832
vn 0.3691 0.8467 0.3832
vn 0.1844 0.9053 0.3825
vn 0.1849 0.9052 0.3825
vn -0.2057 -0.2756 0.9390
vn -0.3528 -0.4817 0.8021
vn -0.4455 -0.3990 0.8015
vn -0.2588 -0.2282 0.9386
vn -0.5188 -0.2987 0.8010
vn -0.3010 -0.1708 0.9382
vn -0.5843 -0.2577 0.7695
vn -0.4928 -0.1648 0.8544
vn -0.3303 -0.1058 0.9379
vn -0.6597 -0.2245 0.7172
vn -0.6546 -0.2270 0.7211
vn -0.7882 -0.3369 0.5151
vn -0.7635 -0.2871 0.5785
vn -0.4815 -0.6636 0.5726
vn -0.6091 -0.5497 0.5717
vn -0.7122 -0.4129 0.5678
vn -0.3314 0.1046 0.9377
vn -0.3458 0.0349 0.9376
vn -0.5968 0.0598 0.8002
vn -0.5718 0.1814 0.8001
vn -0.3455 -0.0363 0.9377
vn -0.5984 -0.0614 0.7989
vn -0.6291 -0.1350 0.7655
vn -0.8173 0.0817 0.5705
vn -0.7829 0.2490 0.5702
vn -0.8171 -0.0822 0.5706
vn -0.8330 -0.1853 0.5213
vn -0.7776 -0.2037 0.5948
vn -0.6480 -0.1990 0.7352
vn -0.5622 -0.1830 0.8065
vn -0.6405 -0.2218 0.7353
vn -0.5221 0.2951 0.8002
vn -0.3028 0.1699 0.9378
vn -0.4498 0.3960 0.8006
vn -0.2613 0.2277 0.9380
vn -0.4309 0.4714 0.7695
vn -0.3146 0.4126 0.8548
vn -0.2087 0.2758 0.9383
vn -0.4223 0.5537 0.7177
vn -0.4230 0.5481 0.7216
vn -0.5678 0.6423 0.5149
vn -0.5132 0.6340 0.5785
vn -0.7145 0.4055 0.5702
vn -0.6167 0.5462 0.5669
vn -0.0086 0.3422 0.9396
vn -0.0795 0.3342 0.9391
vn -0.1327 0.5822 0.8021
vn -0.0090 0.5961 0.8029
vn -0.1471 0.3118 0.9387
vn -0.2486 0.5458 0.8002
vn -0.3280 0.5523 0.7664
vn -0.1785 0.8005 0.5721
vn -0.0083 0.8195 0.5731
vn -0.3346 0.7490 0.5718
vn -0.4375 0.7322 0.5220
vn -0.4383 0.6732 0.5956
vn -0.3945 0.5504 0.7358
vn -0.3531 0.4734 0.8070
vn -0.4139 0.5363 0.7356
vn -0.3531 0.4733 0.8070
vn 0.1149 0.5841 0.8035
vn 0.0624 0.3352 0.9401
vn 0.2337 0.5464 0.8042
vn 0.1305 0.3137 0.9405
vn 0.3117 0.5522 0.7733
vn 0.2909 0.4224 0.8585
vn 0.1925 0.2784 0.9410
vn 0.3931 0.5696 0.7218
vn 0.3875 0.5685 0.7258
vn 0.4338 0.7368 0.5186
vn 0.4424 0.6819 0.5825
vn 0.1622 0.8029 0.5737
vn 0.3267 0.7532 0.5709
vn 0.3177 0.1084 0.9420
vn 0.2882 0.1735 0.9417
vn 0.5094 0.3019 0.8059
vn 0.5608 0.1884 0.8063
vn 0.2459 0.2310 0.9414
vn 0.4388 0.4011 0.8041
vn 0.4207 0.4790 0.7704
vn 0.7045 0.4144 0.5762
vn 0.7751 0.2583 0.5767
vn 0.6073 0.5472 0.5759
vn 0.5597 0.6403 0.5261
vn 0.5029 0.6225 0.5996
vn 0.3985 0.5419 0.7399
vn 0.3373 0.4782 0.8109
vn 0.3790 0.5562 0.7396
vn 0.5873 0.0665 0.8066
vn 0.3330 0.0387 0.9421
vn 0.5881 -0.0581 0.8067
vn 0.3333 -0.0327 0.9422
vn 0.6175 -0.1303 0.7757
vn 0.4871 -0.1512 0.8602
vn 0.3188 -0.1026 0.9422
vn 0.6595 -0.2019 0.7241
vn 0.6568 -0.1969 0.7279
vn 0.8325 -0.1876 0.5213
vn 0.7825 -0.2132 0.5850
vn 0.8115 0.0908 0.5773
vn 0.8151 -0.0809 0.5737
vn 0.1955 -0.2739 0.9417
vn 0.2483 -0.2259 0.9420
vn 0.4397 -0.3955 0.8064
vn 0.3473 -0.4792 0.8060
vn 0.2901 -0.1680 0.9421
vn 0.5125 -0.2980 0.8053
vn 0.5815 -0.2564 0.7721
vn 0.6087 -0.5445 0.5771
vn 0.4818 -0.6597 0.5768
vn 0.7051 -0.4113 0.5776
vn 0.7794 -0.3373 0.5280
vn 0.7446 -0.2892 0.6016
vn 0.6350 -0.2158 0.7418
vn 0.5548 -0.1776 0.8128
vn 0.6422 -0.1928 0.7419
vn 0.2397 -0.5420 0.8054
vn 0.1338 -0.3098 0.9413
vn 0.1213 -0.5808 0.8050
vn 0.0660 -0.3321 0.9409
vn 0.0620 -0.6307 0.7735
vn 0.0014 -0.5137 0.8579
vn -0.0049 -0.3399 0.9404
vn 0.0072 -0.6924 0.7215
vn 0.0111 -0.6882 0.7254
vn 0.0754 -0.8513 0.5193
vn 0.0352 -0.8118 0.5829
vn 0.3338 -0.7462 0.5760
vn 0.1713 -0.8021 0.5720
vn -0.1438 -0.3109 0.9395
vn -0.2449 -0.5436 0.8028
vn -0.0759 -0.3327 0.9400
vn -0.1299 -0.5827 0.8022
vn -0.0690 -0.6353 0.7692
vn -0.3330 -0.7487 0.5733
vn -0.1767 -0.7992 0.5745
vn -0.0832 -0.8469 0.5252
vn -0.0488 -0.7993 0.5990
vn -0.0137 -0.6733 0.7392
vn -0.0026 -0.5860 0.8103
vn 0.0104 -0.6730 0.7396
vn -0.0174 0.0321 0.9993
vn -0.0264 0.0275 0.9993
vn -0.0336 0.0202 0.9992
vn -0.0382 0.0111 0.9992
vn -0.0397 0.0010 0.9992
vn -0.0381 -0.0090 0.9992
vn -0.0334 -0.0180 0.9993
vn -0.0262 -0.0252 0.9993
vn -0.0171 -0.0298 0.9994
vn -0.0069 -0.0313 0.9995
vn 0.0031 -0.0297 0.9996
vn 0.0122 -0.0250 0.9996
vn 0.0193 -0.0178 0.9997
vn 0.0239 -0.0087 0.9997
vn 0.0254 0.0014 0.9997
vn 0.0238 0.0115 0.9997
vn 0.0191 0.0205 0.9996
vn 0.0119 0.0277 0.9995
vn 0.0028 0.0322 0.9995
vn -0.0073 0.0338 0.9994
vn -0.7399 -0.6727 -0.0013
vn -0.5839 -0.8118 -0.0007
vn -0.5835 -0.8121 -0.0007
vn -0.7389 -0.6738 -0.0013
vn -0.8598 -0.5106 -0.0018
vn -0.8632 -0.5048 -0.0012
vn -0.9951 0.0990 -0.0030
vn -0.9950 0.1002 -0.0030
vn -0.9527 0.3037 -0.0031
vn -0.9528 0.3036 -0.0031
vn -0.9947 -0.1025 -0.0027
vn -0.9940 -0.1095 -0.0021
vn -0.9681 -0.2502 -0.0116
vn -0.9494 -0.3140 -0.0041
vn -0.8689 0.4949 -0.0031
vn -0.8693 0.4942 -0.0031
vn -0.7520 0.6592 -0.0030
vn -0.7471 0.6647 -0.0023
vn -0.2136 0.9769 -0.0018
vn -0.2120 0.9773 -0.0018
vn -0.1100 0.9939 -0.0015
vn -0.4054 0.9141 -0.0023
vn -0.4113 0.9115 -0.0017
vn -0.5376 0.8431 -0.0117
vn -0.5922 0.8058 -0.0045
vn 0.2025 0.9793 -0.0006
vn 0.0992 0.9951 -0.0009
vn 0.2020 0.9794 -0.0006
vn 0.3951 0.9186 -0.0000
vn 0.4019 0.9157 0.0006
vn 0.5284 0.8489 -0.0086
vn 0.5839 0.8118 -0.0011
vn 0.8634 0.5045 0.0018
vn 0.8641 0.5033 0.0018
vn 0.9495 0.3139 0.0023
vn 0.9494 0.3140 0.0023
vn 0.7446 0.6675 0.0013
vn 0.7402 0.6724 0.0019
vn 0.6363 0.7714 -0.0083
vn 0.9939 0.1098 0.0027
vn 0.9938 0.1109 0.0027
vn 0.9958 -0.0918 0.0029
vn 0.9951 -0.0987 0.0035
vn 0.7469 -0.6650 0.0029
vn 0.7464 -0.6655 0.0029
vn 0.5926 -0.8055 0.0027
vn 0.5922 -0.8058 0.0027
vn 0.8651 -0.5015 0.0031
vn 0.8687 -0.4953 0.0037
vn 0.9305 -0.3663 -0.0060
vn 0.9528 -0.3036 0.0013
vn 0.4117 -0.9113 0.0023
vn 0.4131 -0.9107 0.0023
vn 0.2203 -0.9754 0.0018
vn 0.2140 -0.9768 0.0024
vn -0.4023 -0.9155 -0.0000
vn -0.4028 -0.9153 -0.0000
vn -0.2102 -0.9776 0.0006
vn -0.2029 -0.9792 0.0012
vn -0.0612 -0.9981 -0.0081
vn 0.0057 -1.0000 -0.0006
vn -0.5922 0.8058 0.0045
vn -0.3140 0.9494 0.0051
vn -0.3148 0.9492 0.0051
vn -0.5927 0.8054 0.0045
vn -0.8122 0.5833 0.0041
vn -0.8125 0.5829 0.0041
vn -0.9527 0.3038 0.0041
vn -0.9528 0.3035 0.0041
vn -1.0000 -0.0054 0.0043
vn -0.9494 -0.3140 0.0049
vn -0.9495 -0.3138 0.0049
vn -0.8059 -0.5920 0.0056
vn -0.8062 -0.5916 0.0056
vn -0.5834 -0.8121 0.0065
vn -0.5840 -0.8117 0.0065
vn -0.3037 -0.9527 0.0075
vn -0.3045 -0.9525 0.0075
vn -0.1513 -0.9885 0.0079
vn 0.3146 -0.9492 0.0092
vn 0.1618 -0.9868 0.0088
vn 0.3139 -0.9494 0.0092
vn 0.5926 -0.8054 0.0098
vn 0.5921 -0.8058 0.0098
vn 0.8125 -0.5829 0.0102
vn 0.8122 -0.5833 0.0102
vn 0.9528 -0.3035 0.0102
vn 0.9527 -0.3038 0.0103
vn 0.9999 0.0054 0.0100
vn 0.9494 0.3138 0.0095
vn 0.9493 0.3141 0.0095
vn 0.8061 0.5917 0.0087
vn 0.8058 0.5921 0.0087
vn 0.5839 0.8118 0.0078
vn 0.5834 0.8122 0.0078
vn 0.3044 0.9525 0.0069
vn 0.3037 0.9528 0.0069
vn -0.0050 1.0000 0.0059
vn -0.0059 1.0000 0.0059
vn 0.5927 -0.8054 0.0027
vn 0.3147 -0.9492 0.0021
vn 0.3139 -0.9494 0.0021
vn 0.5921 -0.8058 0.0027
vn 0.8125 -0.5829 0.0030
vn 0.8122 -0.5833 0.0030
vn 0.9528 -0.3035 0.0031
vn 0.9527 -0.3038 0.0031
vn 0.9495 0.3138 0.0023
vn 0.9494 0.3141 0.0023
vn 0.8062 0.5916 0.0016
vn 0.8059 0.5921 0.0016
vn 0.5840 0.8118 0.0007
vn 0.5834 0.8122 0.0007
vn 0.3045 0.9525 -0.0003
vn 0.3037 0.9528 -0.0003
vn 0.1513 0.9885 -0.0008
vn 0.1512 0.9885 -0.0008
vn -0.3139 0.9494 -0.0021
vn -0.1619 0.9868 -0.0017
vn -0.3147 0.9492 -0.0021
vn -0.5921 0.8058 -0.0027
vn -0.5927 0.8054 -0.0027
vn -0.8122 0.5833 -0.0030
vn -0.8125 0.5829 -0.0030
vn -0.9527 0.3038 -0.0031
vn -0.9494 -0.3141 -0.0023
vn -0.9495 -0.3138 -0.0023
vn -0.8059 -0.5921 -0.0016
vn -0.8062 -0.5917 -0.0016
vn -0.5834 -0.8122 -0.0007
vn -0.5840 -0.8118 -0.0007
vn -0.3037 -0.9528 0.0003
vn -0.3045 -0.9525 0.0003
vn 0.0058 -1.0000 0.0012
vn 0.0050 -1.0000 0.0012
vn -0.3140 0.9494 -0.0021
vn -0.9528 0.3035 -0.0031
vn -0.1512 -0.9885 0.0008
vn 0.1619 -0.9868 0.0017
vn 0.3140 -0.9494 0.0021
vn 0.8062 0.5917 0.0016
vn -0.0050 1.0000 -0.0012
vn -0.0058 1.0000 -0.0012
vn -0.3139 0.9494 -0.0020
vn -0.0058 1.0000 -0.0013
vn -0.7396 -0.6730 -0.0013
vn -0.8631 -0.5050 -0.0030
vn -0.8595 -0.5111 -0.0018
vn -0.9953 -0.0966 -0.0035
vn -0.9782 -0.2075 -0.0047
vn -0.9951 0.0991 -0.0030
vn -0.9940 -0.1090 -0.0039
vn -0.9948 -0.1022 -0.0027
vn -0.8564 -0.5164 -0.0026
vn -0.9093 -0.4161 -0.0042
vn -0.8688 0.4951 -0.0031
vn -0.7477 0.6641 -0.0042
vn -0.7519 0.6592 -0.0029
vn -0.3989 0.9170 -0.0030
vn -0.5007 0.8656 -0.0046
vn -0.2130 0.9770 -0.0018
vn -0.0051 1.0000 -0.0012
vn -0.0057 1.0000 -0.0012
vn -0.4114 0.9115 -0.0035
vn -0.4047 0.9145 -0.0023
vn -0.7599 0.6500 -0.0037
vn -0.6778 0.7352 -0.0050
vn 0.2031 0.9792 -0.0006
vn 0.4011 0.9161 -0.0012
vn 0.3953 0.9186 -0.0000
vn 0.7490 0.6625 0.0005
vn 0.6691 0.7431 -0.0011
vn 0.8636 0.5042 0.0018
vn 0.7402 0.6724 0.0001
vn 0.7450 0.6671 0.0013
vn 0.3901 0.9208 -0.0008
vn 0.4902 0.8716 -0.0018
vn 0.9939 0.1099 0.0027
vn 0.9952 -0.0983 0.0017
vn 0.9958 -0.0914 0.0029
vn 0.8622 -0.5066 0.0023
vn 0.9134 -0.4070 0.0010
vn 0.7471 -0.6647 0.0029
vn 0.8684 -0.4959 0.0019
vn 0.9963 -0.0855 0.0022
vn 0.9804 -0.1971 0.0009
vn 0.4122 -0.9111 0.0023
vn 0.2139 -0.9769 0.0006
vn 0.2211 -0.9753 0.0018
vn -0.2153 -0.9765 -0.0002
vn -0.1054 -0.9944 -0.0012
vn -0.4018 -0.9157 -0.0000
vn -0.2039 -0.9790 -0.0006
vn -0.2100 -0.9777 0.0006
vn 0.2271 -0.9739 0.0011
vn 0.1147 -0.9934 -0.0006
vn -0.9539 0.3002 -0.0039
vn -0.8683 0.4961 -0.0009
vn -0.6974 0.7167 -0.0032
vn -0.7108 0.7034 0.0009
vn -0.3591 0.9333 -0.0018
vn -0.5868 -0.8097 -0.0015
vn -0.4007 -0.9162 0.0022
vn -0.1321 -0.9912 0.0005
vn -0.1508 -0.9886 0.0046
vn 0.2689 -0.9632 0.0023
vn -0.0092 1.0000 -0.0021
vn 0.2043 0.9789 0.0016
vn 0.4667 0.8844 -0.0001
vn 0.4499 0.8931 0.0040
vn 0.7770 0.6295 0.0018
vn -0.9518 0.3068 -0.0039
vn -0.9958 0.0912 -0.0007
vn -0.9835 -0.1810 -0.0029
vn -0.9870 -0.1607 0.0012
vn -0.8333 -0.5529 -0.0013
vn 0.9483 0.3172 0.0015
vn 0.9941 0.1088 0.0049
vn 0.9853 -0.1706 0.0027
vn 0.9884 -0.1514 0.0068
vn 0.8391 -0.5439 0.0035
vn -0.0022 1.0000 -0.0021
vn -0.2137 0.9769 0.0004
vn -0.4767 0.8791 -0.0028
vn -0.4592 0.8883 0.0014
vn -0.7839 0.6209 -0.0026
vn 0.5949 -0.8038 0.0019
vn 0.4114 -0.9114 0.0045
vn 0.1419 -0.9899 0.0013
vn 0.1617 -0.9868 0.0055
vn -0.2586 -0.9660 0.0008
vn 0.9504 0.3110 0.0015
vn 0.8631 0.5050 0.0040
vn 0.6891 0.7246 0.0008
vn 0.7035 0.7107 0.0049
vn 0.3490 0.9371 0.0002
vn -0.5811 -0.8139 -0.0015
vn -0.7401 -0.6725 0.0009
vn -0.8976 -0.4409 -0.0023
vn -0.8888 -0.4582 0.0018
vn -0.9986 -0.0528 -0.0024
vn 0.5895 -0.8078 0.0019
vn 0.7478 -0.6639 0.0052
vn 0.9022 -0.4312 0.0028
vn 0.8937 -0.4485 0.0069
vn 0.9991 -0.0420 0.0033
vn -0.0923 0.0220 -0.9955
vn -0.0642 0.0215 -0.9977
vn -0.0742 0.0247 -0.9969
vn -0.0974 0.0258 -0.9949
vn -0.0989 -0.0129 -0.9950
vn -0.0941 -0.0347 -0.9950
vn -0.0588 -0.0791 -0.9951
vn -0.0606 -0.0852 -0.9945
vn -0.0427 -0.0705 -0.9966
vn -0.0366 -0.0620 -0.9974
vn -0.0849 -0.0550 -0.9949
vn -0.0015 0.1004 -0.9949
vn 0.0067 0.0736 -0.9973
vn 0.0067 0.0841 -0.9964
vn 0.0005 0.1063 -0.9943
vn -0.0368 0.0959 -0.9947
vn -0.0560 0.0846 -0.9948
vn -0.0874 0.0374 -0.9955
vn -0.0937 0.0372 -0.9949
vn -0.0725 0.0697 -0.9949
vn -0.0725 0.0696 -0.9949
vn 0.1011 0.0384 -0.9941
vn 0.0781 0.0222 -0.9967
vn 0.0881 0.0255 -0.9958
vn 0.1074 0.0382 -0.9935
vn 0.0859 0.0705 -0.9938
vn 0.0693 0.0853 -0.9939
vn 0.0147 0.1005 -0.9948
vn 0.0125 0.1064 -0.9942
vn 0.0499 0.0963 -0.9941
vn 0.0739 -0.0783 -0.9942
vn 0.0514 -0.0615 -0.9968
vn 0.0576 -0.0699 -0.9959
vn 0.0757 -0.0844 -0.9936
vn 0.0997 -0.0540 -0.9936
vn 0.1086 -0.0336 -0.9935
vn 0.1062 0.0230 -0.9941
vn 0.1112 0.0269 -0.9934
vn 0.1131 -0.0118 -0.9935
vn -0.0457 -0.0885 -0.9950
vn -0.0509 -0.0921 -0.9944
vn -0.0145 -0.1056 -0.9943
vn 0.0077 -0.1078 -0.9941
vn 0.0608 -0.0879 -0.9943
vn 0.0661 -0.0915 -0.9936
vn 0.0298 -0.1053 -0.9940
vn 0.4905 0.1591 -0.8568
vn 0.5597 0.1822 -0.8085
vn 0.5599 0.1822 -0.8083
vn 0.3894 -0.5152 -0.7635
vn 0.3014 -0.3967 -0.8670
vn 0.3111 -0.4075 -0.8586
vn 0.3535 -0.4706 -0.8084
vn -0.2892 -0.4120 -0.8641
vn -0.2924 -0.4163 -0.8609
vn -0.2924 -0.4163 -0.8610
vn -0.4765 0.1528 -0.8658
vn -0.4817 0.1544 -0.8626
vn 0.0027 0.5834 -0.8122
vn 0.0024 0.6125 -0.7905
vn 0.0027 0.5835 -0.8121
vn 0.9708 -0.2398 -0.0061
vn -0.5523 0.1769 -0.8146
vn -0.5523 0.1769 -0.8147
vn -0.5802 0.1857 -0.7930
vn -0.5800 0.1857 -0.7931
vn 0.3081 -0.4058 -0.8605
vn 0.4223 -0.5602 -0.7127
vn 0.3686 -0.4946 -0.7871
vn -0.6447 0.7644 -0.0119
vn 0.4854 0.1574 -0.8600
vn 0.5869 0.1912 -0.7867
vn 0.5872 0.1913 -0.7865
vn -0.9265 -0.3762 -0.0113
vn 0.0034 0.5043 -0.8635
vn 0.0034 0.5097 -0.8604
vn 0.0034 0.5097 -0.8603
vn 0.0717 -0.9974 -0.0077
vn 0.2835 0.4040 0.8697
vn 0.8142 -0.5806 0.0053
vn 0.8126 -0.5828 0.0030
vn 0.8157 -0.5784 0.0075
vn 0.8171 -0.5764 0.0094
vn -0.8106 0.5856 -0.0008
vn -0.8076 0.5898 0.0034
vn -0.8090 0.5878 0.0014
vn -0.8122 0.5834 -0.0030
vn -0.2995 0.4000 0.8662
vn 0.8042 0.5943 0.0038
vn 0.8058 0.5921 0.0016
vn 0.8026 0.5965 0.0060
vn 0.8011 0.5985 0.0080
vn -0.8079 -0.5894 0.0006
vn -0.8109 -0.5852 0.0048
vn -0.8095 -0.5871 0.0029
vn -0.8062 -0.5916 -0.0016
vn -0.4762 -0.1543 0.8657
vn -0.3173 0.9483 0.0002
vn -0.3199 0.9474 0.0024
vn -0.3222 0.9467 0.0043
vn 0.3114 -0.9503 0.0043
vn 0.3065 -0.9518 0.0085
vn 0.3088 -0.9511 0.0065
vn 0.4671 -0.1498 0.8714
vn -0.3012 -0.9536 0.0025
vn -0.3038 -0.9527 0.0003
vn -0.2986 -0.9544 0.0048
vn -0.2963 -0.9551 0.0067
vn 0.3070 0.9517 0.0019
vn 0.3119 0.9501 0.0061
vn 0.3096 0.9509 0.0042
vn 0.3044 0.9525 -0.0003
vn -0.0036 -0.4945 0.8691
vn -1.0000 -0.0085 -0.0006
vn -1.0000 -0.0058 -0.0028
vn -0.9999 -0.0112 0.0016
vn -0.9999 -0.0136 0.0036
vn 1.0000 0.0023 0.0051
vn 1.0000 -0.0028 0.0092
vn 1.0000 -0.0004 0.0073
vn 1.0000 0.0050 0.0028
vn -0.3358 -0.4762 -0.8127
vn -0.3529 -0.4997 -0.7910
vn -0.3529 -0.4998 -0.7910
# 935 vertex normals

vt 0.1333 0.9503 0.0000
vt 0.0667 0.9503 0.0000
vt 0.0667 0.9651 0.0000
vt 0.1333 0.9651 0.0000
vt -0.0000 0.9503 0.0000
vt -0.0000 0.9651 0.0000
vt -0.0667 0.9651 0.0000
vt -0.0667 0.9503 0.0000
vt 0.0667 0.9804 0.0000
vt 0.1333 0.9804 0.0000
vt -0.0000 0.9804 0.0000
vt -0.0667 0.9804 0.0000
vt 0.0667 0.9988 0.0000
vt 0.1333 0.9988 0.0000
vt -0.0000 0.9988 0.0000
vt -0.0667 0.9988 0.0000
vt -0.2666 0.9503 0.0000
vt -0.2666 0.9651 0.0000
vt -0.2000 0.9651 0.0000
vt -0.2000 0.9503 0.0000
vt -0.1333 0.9651 0.0000
vt -0.1333 0.9503 0.0000
vt -0.2666 0.9804 0.0000
vt -0.2000 0.9804 0.0000
vt -0.1333 0.9804 0.0000
vt -0.2666 0.9988 0.0000
vt -0.2000 0.9988 0.0000
vt -0.1333 0.9988 0.0000
vt 0.5332 0.9503 0.0000
vt 0.4666 0.9503 0.0000
vt 0.4666 0.9651 0.0000
vt 0.5332 0.9651 0.0000
vt 0.3999 0.9503 0.0000
vt 0.3999 0.9651 0.0000
vt 0.3333 0.9651 0.0000
vt 0.3333 0.9503 0.0000
vt 0.4666 0.9804 0.0000
vt 0.5332 0.9804 0.0000
vt 0.3999 0.9804 0.0000
vt 0.3333 0.9804 0.0000
vt 0.4666 0.9988 0.0000
vt 0.5332 0.9988 0.0000
vt 0.3999 0.9988 0.0000
vt 0.3333 0.9988 0.0000
vt 0.2000 0.9651 0.0000
vt 0.2000 0.9503 0.0000
vt 0.2666 0.9651 0.0000
vt 0.2666 0.9503 0.0000
vt 0.2000 0.9804 0.0000
vt 0.2666 0.9804 0.0000
vt 0.2000 0.9988 0.0000
vt 0.2666 0.9988 0.0000
vt 0.9331 0.9503 0.0000
vt 0.8662 0.9503 0.0000
vt 0.8662 0.9651 0.0000
vt 0.9331 0.9651 0.0000
vt 0.7998 0.9503 0.0000
vt 0.7998 0.9651 0.0000
vt 0.7329 0.9651 0.0000
vt 0.7329 0.9503 0.0000
vt 0.8662 0.9804 0.0000
vt 0.9331 0.9804 0.0000
vt 0.7998 0.9804 0.0000
vt 0.7329 0.9804 0.0000
vt 0.8662 0.9988 0.0000
vt 0.9331 0.9988 0.0000
vt 0.7998 0.9988 0.0000
vt 0.7329 0.9988 0.0000
vt 0.5996 0.9651 0.0000
vt 0.5996 0.9503 0.0000
vt 0.6665 0.9651 0.0000
vt 0.6665 0.9503 0.0000
vt 0.5996 0.9804 0.0000
vt 0.6665 0.9804 0.0000
vt 0.5996 0.9988 0.0000
vt 0.6665 0.9988 0.0000
vt -0.6665 0.9503 0.0000
vt -0.7329 0.9503 0.0000
vt -0.7329 0.9651 0.0000
vt -0.6665 0.9651 0.0000
vt -0.7998 0.9503 0.0000
vt -0.7998 0.9651 0.0000
vt -0.8662 0.9651 0.0000
vt -0.8662 0.9503 0.0000
vt -0.7329 0.9804 0.0000
vt -0.6665 0.9804 0.0000
vt -0.7998 0.9804 0.0000
vt -0.8662 0.9804 0.0000
vt -0.7329 0.9988 0.0000
vt -0.6665 0.9988 0.0000
vt -0.7998 0.9988 0.0000
vt -0.8662 0.9988 0.0000
vt 0.9995 0.9651 0.0000
vt 0.9995 0.9503 0.0000
vt -1.0000 0.9503 0.0000
vt -1.0000 0.9651 0.0000
vt -0.9331 0.9651 0.0000
vt -0.9331 0.9503 0.0000
vt 0.9995 0.9804 0.0000
vt -1.0000 0.9804 0.0000
vt -0.9331 0.9804 0.0000
vt 0.9995 0.9988 0.0000
vt -1.0000 0.9988 0.0000
vt -0.9331 0.9988 0.0000
vt -0.3333 0.9503 0.0000
vt -0.3333 0.9651 0.0000
vt -0.3999 0.9503 0.0000
vt -0.3999 0.9651 0.0000
vt -0.4666 0.9651 0.0000
vt -0.4666 0.9503 0.0000
vt -0.3333 0.9804 0.0000
vt -0.3999 0.9804 0.0000
vt -0.4666 0.9804 0.0000
vt -0.3333 0.9988 0.0000
vt -0.3999 0.9988 0.0000
vt -0.4666 0.9988 0.0000
vt -0.5996 0.9651 0.0000
vt -0.5996 0.9503 0.0000
vt -0.5332 0.9651 0.0000
vt -0.5332 0.9503 0.0000
vt -0.5996 0.9804 0.0000
vt -0.5332 0.9804 0.0000
vt -0.5996 0.9989 0.0000
vt -0.5332 0.9988 0.0000
vt 0.1333 0.7046 0.0000
vt 0.1333 0.6897 0.0000
vt 0.0667 0.6897 0.0000
vt 0.0667 0.7046 0.0000
vt -0.0000 0.6897 0.0000
vt -0.0000 0.7046 0.0000
vt -0.0667 0.6897 0.0000
vt -0.0667 0.7046 0.0000
vt 0.1333 0.6743 0.0000
vt 0.0667 0.6743 0.0000
vt -0.0000 0.6743 0.0000
vt -0.0667 0.6743 0.0000
vt 0.1333 0.6560 0.0000
vt 0.0667 0.6560 0.0000
vt -0.0000 0.6560 0.0000
vt -0.0667 0.6560 0.0000
vt -0.2666 0.7046 0.0000
vt -0.2000 0.7046 0.0000
vt -0.2000 0.6897 0.0000
vt -0.2666 0.6897 0.0000
vt -0.1333 0.7046 0.0000
vt -0.1333 0.6897 0.0000
vt -0.2000 0.6743 0.0000
vt -0.2666 0.6743 0.0000
vt -0.1333 0.6743 0.0000
vt -0.2000 0.6560 0.0000
vt -0.2666 0.6560 0.0000
vt -0.1333 0.6560 0.0000
vt 0.5332 0.7043 0.0000
vt 0.5332 0.6897 0.0000
vt 0.4666 0.6897 0.0000
vt 0.4666 0.7043 0.0000
vt 0.3999 0.6897 0.0000
vt 0.3999 0.7046 0.0000
vt 0.3333 0.6897 0.0000
vt 0.3333 0.7046 0.0000
vt 0.5332 0.6743 0.0000
vt 0.4666 0.6743 0.0000
vt 0.3999 0.6743 0.0000
vt 0.3333 0.6743 0.0000
vt 0.5332 0.6560 0.0000
vt 0.4666 0.6560 0.0000
vt 0.3999 0.6560 0.0000
vt 0.3333 0.6560 0.0000
vt 0.2000 0.7046 0.0000
vt 0.2000 0.6897 0.0000
vt 0.2666 0.7046 0.0000
vt 0.2666 0.6897 0.0000
vt 0.2000 0.6743 0.0000
vt 0.2666 0.6743 0.0000
vt 0.2000 0.6560 0.0000
vt 0.2666 0.6560 0.0000
vt 0.9331 0.7043 0.0000
vt 0.9331 0.6897 0.0000
vt 0.8662 0.6897 0.0000
vt 0.8662 0.7043 0.0000
vt 0.7998 0.6897 0.0000
vt 0.7998 0.7043 0.0000
vt 0.7329 0.6897 0.0000
vt 0.7329 0.7043 0.0000
vt 0.9331 0.6743 0.0000
vt 0.8662 0.6743 0.0000
vt 0.7998 0.6743 0.0000
vt 0.7329 0.6743 0.0000
vt 0.9331 0.6560 0.0000
vt 0.8662 0.6560 0.0000
vt 0.7998 0.6560 0.0000
vt 0.7329 0.6560 0.0000
vt 0.5996 0.7043 0.0000
vt 0.5996 0.6897 0.0000
vt 0.6665 0.7043 0.0000
vt 0.6665 0.6897 0.0000
vt 0.5996 0.6743 0.0000
vt 0.6665 0.6743 0.0000
vt 0.5996 0.6560 0.0000
vt 0.6665 0.6560 0.0000
vt -0.6665 0.7043 0.0000
vt -0.6665 0.6897 0.0000
vt -0.7329 0.6897 0.0000
vt -0.7329 0.7043 0.0000
vt -0.7998 0.6897 0.0000
vt -0.7998 0.7043 0.0000
vt -0.8662 0.6897 0.0000
vt -0.8662 0.7046 0.0000
vt -0.6665 0.6743 0.0000
vt -0.7329 0.6743 0.0000
vt -0.7998 0.6743 0.0000
vt -0.8662 0.6743 0.0000
vt -0.6665 0.6560 0.0000
vt -0.7329 0.6560 0.0000
vt -0.7998 0.6560 0.0000
vt -0.8662 0.6560 0.0000
vt 0.9995 0.7043 0.0000
vt 0.9995 0.6897 0.0000
vt -1.0000 0.7046 0.0000
vt -0.9331 0.7043 0.0000
vt -0.9331 0.6897 0.0000
vt -1.0000 0.6897 0.0000
vt 0.9995 0.6743 0.0000
vt -0.9331 0.6743 0.0000
vt -1.0000 0.6743 0.0000
vt 0.9995 0.6560 0.0000
vt -0.9331 0.6560 0.0000
vt -1.0000 0.6560 0.0000
vt -0.3333 0.6897 0.0000
vt -0.3333 0.7046 0.0000
vt -0.3999 0.6897 0.0000
vt -0.3999 0.7046 0.0000
vt -0.4666 0.6897 0.0000
vt -0.4666 0.7043 0.0000
vt -0.3333 0.6743 0.0000
vt -0.3999 0.6743 0.0000
vt -0.4666 0.6743 0.0000
vt -0.3333 0.6560 0.0000
vt -0.3999 0.6560 0.0000
vt -0.4666 0.6560 0.0000
vt -0.5996 0.7043 0.0000
vt -0.5996 0.6897 0.0000
vt -0.5332 0.7043 0.0000
vt -0.5332 0.6897 0.0000
vt -0.5996 0.6743 0.0000
vt -0.5332 0.6743 0.0000
vt -0.5996 0.6560 0.0000
vt -0.5332 0.6560 0.0000
vt 0.5127 0.2637 0.0000
vt 0.4956 0.2339 0.0000
vt 0.4612 0.2339 0.0000
vt 0.4438 0.2637 0.0000
vt 0.4438 0.2041 0.0000
vt 0.4094 0.2041 0.0000
vt 0.4612 0.1743 0.0000
vt 0.4438 0.1445 0.0000
vt 0.4956 0.1743 0.0000
vt 0.5127 0.1445 0.0000
vt 0.5127 0.2041 0.0000
vt 0.5474 0.2041 0.0000
vt 0.7827 0.2676 0.0000
vt 0.9624 0.2676 0.0000
vt 0.9624 0.2476 0.0000
vt 0.7827 0.2476 0.0000
vt 0.9624 0.2275 0.0000
vt 0.7827 0.2275 0.0000
vt 0.9624 0.2080 0.0000
vt 0.7827 0.2080 0.0000
vt 0.9624 0.1880 0.0000
vt 0.7827 0.1880 0.0000
vt 0.9624 0.1680 0.0000
vt 0.7827 0.1680 0.0000
vt 0.9624 0.1479 0.0000
vt 0.7827 0.1479 0.0000
vt 0.6079 0.1753 0.0000
vt 0.5635 0.2524 0.0000
vt 0.6079 0.3296 0.0000
vt 0.6968 0.3296 0.0000
vt 0.7412 0.2524 0.0000
vt 0.6968 0.1753 0.0000
vt 0.0387 0.1396 0.0000
vt 0.0257 0.1396 0.0000
vt 0.0257 0.1704 0.0000
vt 0.0387 0.1704 0.0000
vt 0.0257 0.2012 0.0000
vt 0.0387 0.2012 0.0000
vt 0.0257 0.2319 0.0000
vt 0.0387 0.2319 0.0000
vt 0.0257 0.2632 0.0000
vt 0.0387 0.2632 0.0000
vt 0.0257 0.2939 0.0000
vt 0.0387 0.2939 0.0000
vt 0.0257 0.3247 0.0000
vt 0.0387 0.3247 0.0000
vt 0.0257 0.3555 0.0000
vt 0.0387 0.3555 0.0000
vt 0.0257 0.3867 0.0000
vt 0.0387 0.3867 0.0000
vt 0.0257 0.4175 0.0000
vt 0.0387 0.4175 0.0000
vt 0.0257 0.4482 0.0000
vt 0.0387 0.4482 0.0000
vt 0.0257 0.4790 0.0000
vt 0.0387 0.4790 0.0000
vt 0.0257 0.5100 0.0000
vt 0.0387 0.5100 0.0000
vt 0.0257 0.5408 0.0000
vt 0.0387 0.5408 0.0000
vt 0.0257 0.5718 0.0000
vt 0.0387 0.5718 0.0000
vt 0.0257 0.6025 0.0000
vt 0.0387 0.6025 0.0000
vt 0.0257 0.6335 0.0000
vt 0.0387 0.6335 0.0000
vt 0.4104 0.3027 0.0000
vt 0.5298 0.3027 0.0000
vt 0.4702 0.2905 0.0000
vt 0.3596 0.5571 0.0000
vt 0.5806 0.5571 0.0000
vt 0.6143 0.5066 0.0000
vt 0.3257 0.5066 0.0000
vt 0.6797 0.4028 0.0000
vt 0.6675 0.4629 0.0000
vt 0.6797 0.5225 0.0000
vt 0.3257 0.3872 0.0000
vt 0.6143 0.3872 0.0000
vt 0.5806 0.3364 0.0000
vt 0.3596 0.3364 0.0000
vt 0.6265 0.4468 0.0000
vt 0.3140 0.4468 0.0000
vt 0.4702 0.6030 0.0000
vt 0.5298 0.5911 0.0000
vt 0.4104 0.5911 0.0000
vt 0.7642 0.3184 0.0000
vt 0.7134 0.3525 0.0000
vt 0.7134 0.5732 0.0000
vt 0.7642 0.6072 0.0000
vt 0.8838 0.3184 0.0000
vt 0.8237 0.3066 0.0000
vt 0.8237 0.6189 0.0000
vt 0.8838 0.6072 0.0000
vt 0.9800 0.4629 0.0000
vt 0.9683 0.4028 0.0000
vt 0.9683 0.5225 0.0000
vt 0.9346 0.3525 0.0000
vt 0.9346 0.5732 0.0000
vt 0.0816 0.3022 0.0000
vt 0.1064 0.3242 0.0000
vt 0.1088 0.3213 0.0000
vt 0.0845 0.2993 0.0000
vt 0.0620 0.2749 0.0000
vt 0.0653 0.2729 0.0000
vt 0.0520 0.2432 0.0000
vt 0.0484 0.2446 0.0000
vt 0.0414 0.1782 0.0000
vt 0.0453 0.1787 0.0000
vt 0.0521 0.1470 0.0000
vt 0.0484 0.1455 0.0000
vt 0.0414 0.2119 0.0000
vt 0.0453 0.2114 0.0000
vt 0.0620 0.1152 0.0000
vt 0.0653 0.1172 0.0000
vt 0.0816 0.0879 0.0000
vt 0.0845 0.0908 0.0000
vt 0.1088 0.0688 0.0000
vt 0.1064 0.0654 0.0000
vt 0.1672 0.0386 0.0000
vt 0.1680 0.0425 0.0000
vt 0.2004 0.0391 0.0000
vt 0.2004 0.0352 0.0000
vt 0.1354 0.0488 0.0000
vt 0.1370 0.0522 0.0000
vt 0.2336 0.0386 0.0000
vt 0.2329 0.0425 0.0000
vt 0.2654 0.0488 0.0000
vt 0.2639 0.0522 0.0000
vt 0.2922 0.0688 0.0000
vt 0.2944 0.0654 0.0000
vt 0.3389 0.1152 0.0000
vt 0.3357 0.1172 0.0000
vt 0.3489 0.1470 0.0000
vt 0.3525 0.1455 0.0000
vt 0.3193 0.0879 0.0000
vt 0.3164 0.0908 0.0000
vt 0.3594 0.1782 0.0000
vt 0.3557 0.1787 0.0000
vt 0.3594 0.2119 0.0000
vt 0.3557 0.2114 0.0000
vt 0.3489 0.2432 0.0000
vt 0.3525 0.2446 0.0000
vt 0.3193 0.3022 0.0000
vt 0.3164 0.2993 0.0000
vt 0.2922 0.3213 0.0000
vt 0.2944 0.3242 0.0000
vt 0.3389 0.2749 0.0000
vt 0.3357 0.2729 0.0000
vt 0.2654 0.3413 0.0000
vt 0.2639 0.3379 0.0000
vt 0.2336 0.3516 0.0000
vt 0.2329 0.3477 0.0000
vt 0.2004 0.3511 0.0000
vt 0.2004 0.3550 0.0000
vt 0.1354 0.3413 0.0000
vt 0.1370 0.3379 0.0000
vt 0.1672 0.3516 0.0000
vt 0.1680 0.3477 0.0000
vt 0.1154 0.3120 0.0000
vt 0.0929 0.2920 0.0000
vt 0.0751 0.2676 0.0000
vt 0.0714 0.2598 0.0000
vt 0.0626 0.2397 0.0000
vt 0.0655 0.2388 0.0000
vt 0.0639 0.2393 0.0000
vt 0.0727 0.2593 0.0000
vt 0.0730 0.2568 0.0000
vt 0.1161 0.3110 0.0000
vt 0.0938 0.2910 0.0000
vt 0.0761 0.2671 0.0000
vt 0.0565 0.1802 0.0000
vt 0.0628 0.1504 0.0000
vt 0.0565 0.2100 0.0000
vt 0.0580 0.2188 0.0000
vt 0.0577 0.1802 0.0000
vt 0.0639 0.1509 0.0000
vt 0.0577 0.2100 0.0000
vt 0.0595 0.2183 0.0000
vt 0.0612 0.2202 0.0000
vt 0.0637 0.2212 0.0000
vt 0.0708 0.2202 0.0000
vt 0.0745 0.2544 0.0000
vt 0.0809 0.2510 0.0000
vt 0.0751 0.1226 0.0000
vt 0.0929 0.0981 0.0000
vt 0.0990 0.0923 0.0000
vt 0.1153 0.0776 0.0000
vt 0.1171 0.0801 0.0000
vt 0.1161 0.0791 0.0000
vt 0.1001 0.0933 0.0000
vt 0.1025 0.0928 0.0000
vt 0.0761 0.1230 0.0000
vt 0.0938 0.0991 0.0000
vt 0.1704 0.0532 0.0000
vt 0.2004 0.0503 0.0000
vt 0.1416 0.0630 0.0000
vt 0.1340 0.0669 0.0000
vt 0.1707 0.0547 0.0000
vt 0.2004 0.0513 0.0000
vt 0.1421 0.0640 0.0000
vt 0.1348 0.0684 0.0000
vt 0.1335 0.0703 0.0000
vt 0.1334 0.0728 0.0000
vt 0.1367 0.0796 0.0000
vt 0.1051 0.0938 0.0000
vt 0.1102 0.0986 0.0000
vt 0.2306 0.0532 0.0000
vt 0.2593 0.0630 0.0000
vt 0.2668 0.0669 0.0000
vt 0.2856 0.0776 0.0000
vt 0.2839 0.0801 0.0000
vt 0.2849 0.0791 0.0000
vt 0.2661 0.0684 0.0000
vt 0.2673 0.0703 0.0000
vt 0.2303 0.0547 0.0000
vt 0.2588 0.0640 0.0000
vt 0.3259 0.1226 0.0000
vt 0.3381 0.1504 0.0000
vt 0.3081 0.0981 0.0000
vt 0.3020 0.0923 0.0000
vt 0.3247 0.1230 0.0000
vt 0.3369 0.1509 0.0000
vt 0.3071 0.0991 0.0000
vt 0.3008 0.0933 0.0000
vt 0.2983 0.0928 0.0000
vt 0.2959 0.0938 0.0000
vt 0.2908 0.0986 0.0000
vt 0.2673 0.0728 0.0000
vt 0.2642 0.0796 0.0000
vt 0.3445 0.1802 0.0000
vt 0.3445 0.2100 0.0000
vt 0.3430 0.2188 0.0000
vt 0.3384 0.2397 0.0000
vt 0.3354 0.2388 0.0000
vt 0.3369 0.2393 0.0000
vt 0.3416 0.2183 0.0000
vt 0.3398 0.2202 0.0000
vt 0.3433 0.1802 0.0000
vt 0.3433 0.2100 0.0000
vt 0.3081 0.2920 0.0000
vt 0.2854 0.3120 0.0000
vt 0.3259 0.2676 0.0000
vt 0.3296 0.2598 0.0000
vt 0.3071 0.2910 0.0000
vt 0.2849 0.3110 0.0000
vt 0.3247 0.2671 0.0000
vt 0.3281 0.2593 0.0000
vt 0.3279 0.2568 0.0000
vt 0.3264 0.2544 0.0000
vt 0.3201 0.2510 0.0000
vt 0.3372 0.2212 0.0000
vt 0.3301 0.2202 0.0000
vt 0.2593 0.3271 0.0000
vt 0.2306 0.3369 0.0000
vt 0.2222 0.3379 0.0000
vt 0.2004 0.3403 0.0000
vt 0.2004 0.3369 0.0000
vt 0.2004 0.3389 0.0000
vt 0.2219 0.3364 0.0000
vt 0.2196 0.3354 0.0000
vt 0.2588 0.3262 0.0000
vt 0.2303 0.3354 0.0000
vt 0.1416 0.3271 0.0000
vt 0.1703 0.3369 0.0000
vt 0.1788 0.3379 0.0000
vt 0.1421 0.3262 0.0000
vt 0.1707 0.3354 0.0000
vt 0.1791 0.3364 0.0000
vt 0.1813 0.3354 0.0000
vt 0.1829 0.3330 0.0000
vt 0.1841 0.3262 0.0000
vt 0.2180 0.3330 0.0000
vt 0.2168 0.3262 0.0000
vt 0.2004 0.1948 0.0000
vt 0.2144 0.2378 0.0000
vt 0.2269 0.2314 0.0000
vt 0.2368 0.2217 0.0000
vt 0.2432 0.2090 0.0000
vt 0.2454 0.1948 0.0000
vt 0.2432 0.1812 0.0000
vt 0.2368 0.1685 0.0000
vt 0.2269 0.1587 0.0000
vt 0.2144 0.1523 0.0000
vt 0.2004 0.1499 0.0000
vt 0.1865 0.1523 0.0000
vt 0.1741 0.1587 0.0000
vt 0.1641 0.1685 0.0000
vt 0.1577 0.1812 0.0000
vt 0.1555 0.1948 0.0000
vt 0.1577 0.2090 0.0000
vt 0.1641 0.2217 0.0000
vt 0.1741 0.2314 0.0000
vt 0.1865 0.2378 0.0000
vt 0.2004 0.2402 0.0000
vt 0.3726 0.7117 0.0000
vt 0.3542 0.7209 0.0000
vt 0.3672 0.7604 0.0000
vt 0.3970 0.7454 0.0000
vt 0.3870 0.6973 0.0000
vt 0.4207 0.7217 0.0000
vt 0.3962 0.6790 0.0000
vt 0.4358 0.6919 0.0000
vt 0.3994 0.6587 0.0000
vt 0.4409 0.6587 0.0000
vt 0.3962 0.6387 0.0000
vt 0.4358 0.6257 0.0000
vt 0.3870 0.6204 0.0000
vt 0.4207 0.5959 0.0000
vt 0.3726 0.6060 0.0000
vt 0.3970 0.5723 0.0000
vt 0.3542 0.5967 0.0000
vt 0.3672 0.5571 0.0000
vt 0.3342 0.5935 0.0000
vt 0.3342 0.5520 0.0000
vt 0.3140 0.5967 0.0000
vt 0.3010 0.5571 0.0000
vt 0.2957 0.6060 0.0000
vt 0.2712 0.5723 0.0000
vt 0.2812 0.6204 0.0000
vt 0.2477 0.5959 0.0000
vt 0.2720 0.6387 0.0000
vt 0.2325 0.6257 0.0000
vt 0.2688 0.6587 0.0000
vt 0.2273 0.6587 0.0000
vt 0.2720 0.6790 0.0000
vt 0.2325 0.6919 0.0000
vt 0.2812 0.6973 0.0000
vt 0.2477 0.7217 0.0000
vt 0.2957 0.7117 0.0000
vt 0.2712 0.7454 0.0000
vt 0.3140 0.7209 0.0000
vt 0.3010 0.7604 0.0000
vt 0.3342 0.7241 0.0000
vt 0.3342 0.7656 0.0000
vt 0.4004 0.7500 0.0000
vt 0.3689 0.7659 0.0000
vt 0.3762 0.7883 0.0000
vt 0.4143 0.7689 0.0000
vt 0.4253 0.7251 0.0000
vt 0.4443 0.7388 0.0000
vt 0.4412 0.6936 0.0000
vt 0.4636 0.7009 0.0000
vt 0.4468 0.6587 0.0000
vt 0.4705 0.6587 0.0000
vt 0.4412 0.6240 0.0000
vt 0.4636 0.6167 0.0000
vt 0.4253 0.5925 0.0000
vt 0.4443 0.5786 0.0000
vt 0.4004 0.5676 0.0000
vt 0.4143 0.5486 0.0000
vt 0.3689 0.5518 0.0000
vt 0.3762 0.5293 0.0000
vt 0.3342 0.5461 0.0000
vt 0.3342 0.5225 0.0000
vt 0.2993 0.5518 0.0000
vt 0.2920 0.5293 0.0000
vt 0.2678 0.5676 0.0000
vt 0.2542 0.5486 0.0000
vt 0.2430 0.5925 0.0000
vt 0.2240 0.5786 0.0000
vt 0.2271 0.6240 0.0000
vt 0.2046 0.6167 0.0000
vt 0.2216 0.6587 0.0000
vt 0.1980 0.6587 0.0000
vt 0.2271 0.6936 0.0000
vt 0.2046 0.7009 0.0000
vt 0.2430 0.7251 0.0000
vt 0.2240 0.7388 0.0000
vt 0.2678 0.7500 0.0000
vt 0.2542 0.7689 0.0000
vt 0.2993 0.7659 0.0000
vt 0.2920 0.7883 0.0000
vt 0.3342 0.7714 0.0000
vt 0.3342 0.7949 0.0000
vt 0.7939 0.8932 0.0000
vt 0.7769 0.8932 0.0000
vt 0.7769 0.9707 0.0000
vt 0.7939 0.9707 0.0000
vt 0.8105 0.8932 0.0000
vt 0.8105 0.9707 0.0000
vt 0.8613 0.8932 0.0000
vt 0.8613 0.9707 0.0000
vt 0.8779 0.9707 0.0000
vt 0.8779 0.8932 0.0000
vt 0.8442 0.8932 0.0000
vt 0.8442 0.9707 0.0000
vt 0.8394 0.8932 0.0000
vt 0.8276 0.9707 0.0000
vt 0.8950 0.8932 0.0000
vt 0.8950 0.9707 0.0000
vt 0.9116 0.8932 0.0000
vt 0.9116 0.9707 0.0000
vt 0.9624 0.8932 0.0000
vt 0.9624 0.9707 0.0000
vt 0.9790 0.9707 0.0000
vt 0.9790 0.8932 0.0000
vt 0.9453 0.8932 0.0000
vt 0.9453 0.9707 0.0000
vt 0.9404 0.8932 0.0000
vt 0.9287 0.9707 0.0000
vt 0.4907 0.8932 0.0000
vt 0.4739 0.8932 0.0000
vt 0.4739 0.9707 0.0000
vt 0.4907 0.9707 0.0000
vt 0.5073 0.8932 0.0000
vt 0.5073 0.9707 0.0000
vt 0.5122 0.8932 0.0000
vt 0.5244 0.9707 0.0000
vt 0.5581 0.8932 0.0000
vt 0.5581 0.9707 0.0000
vt 0.5747 0.9707 0.0000
vt 0.5747 0.8932 0.0000
vt 0.5410 0.8932 0.0000
vt 0.5410 0.9707 0.0000
vt 0.5361 0.8932 0.0000
vt 0.5918 0.8932 0.0000
vt 0.5918 0.9707 0.0000
vt 0.6084 0.8932 0.0000
vt 0.6084 0.9707 0.0000
vt 0.6592 0.8932 0.0000
vt 0.6592 0.9707 0.0000
vt 0.6758 0.9707 0.0000
vt 0.6758 0.8932 0.0000
vt 0.6421 0.8932 0.0000
vt 0.6421 0.9707 0.0000
vt 0.6372 0.8932 0.0000
vt 0.6255 0.9707 0.0000
vt 0.6929 0.8932 0.0000
vt 0.6929 0.9707 0.0000
vt 0.7095 0.8932 0.0000
vt 0.7095 0.9707 0.0000
vt 0.7603 0.8932 0.0000
vt 0.7603 0.9707 0.0000
vt 0.7432 0.8932 0.0000
vt 0.7432 0.9707 0.0000
vt 0.7383 0.8932 0.0000
vt 0.7266 0.9707 0.0000
vt 0.2515 0.2041 0.0000
vt 0.2805 0.2041 0.0000
vt 0.2805 0.1416 0.0000
vt 0.2515 0.1416 0.0000
vt 0.2227 0.2041 0.0000
vt 0.2227 0.1416 0.0000
vt 0.1937 0.2041 0.0000
vt 0.1937 0.1416 0.0000
vt 0.1648 0.2041 0.0000
vt 0.1648 0.1416 0.0000
vt 0.1360 0.2041 0.0000
vt 0.1360 0.1416 0.0000
vt 0.1071 0.2041 0.0000
vt 0.1071 0.1416 0.0000
vt 0.0781 0.2041 0.0000
vt 0.0781 0.1416 0.0000
vt 0.0492 0.2041 0.0000
vt 0.0492 0.1416 0.0000
vt 0.0203 0.2041 0.0000
vt 0.0203 0.1416 0.0000
vt 0.5698 0.2041 0.0000
vt 0.5986 0.2041 0.0000
vt 0.5986 0.1416 0.0000
vt 0.5698 0.1416 0.0000
vt 0.5405 0.2041 0.0000
vt 0.5405 0.1416 0.0000
vt 0.5117 0.2041 0.0000
vt 0.5117 0.1416 0.0000
vt 0.4829 0.2041 0.0000
vt 0.4829 0.1416 0.0000
vt 0.4541 0.2041 0.0000
vt 0.4541 0.1416 0.0000
vt 0.4250 0.2041 0.0000
vt 0.4250 0.1416 0.0000
vt 0.3962 0.2041 0.0000
vt 0.3962 0.1416 0.0000
vt 0.3672 0.2041 0.0000
vt 0.3672 0.1416 0.0000
vt 0.3384 0.2041 0.0000
vt 0.3384 0.1416 0.0000
vt 0.3093 0.2041 0.0000
vt 0.3093 0.1416 0.0000
vt 0.3672 0.0186 0.0000
vt 0.3384 0.0186 0.0000
vt 0.3384 0.1230 0.0000
vt 0.3672 0.1230 0.0000
vt 0.3962 0.0186 0.0000
vt 0.3962 0.1230 0.0000
vt 0.4250 0.0186 0.0000
vt 0.4250 0.1230 0.0000
vt 0.4541 0.0186 0.0000
vt 0.4541 0.1230 0.0000
vt 0.4829 0.0186 0.0000
vt 0.4829 0.1230 0.0000
vt 0.5117 0.0186 0.0000
vt 0.5117 0.1230 0.0000
vt 0.5405 0.0186 0.0000
vt 0.5405 0.1230 0.0000
vt 0.5698 0.0186 0.0000
vt 0.5698 0.1230 0.0000
vt 0.5986 0.0186 0.0000
vt 0.5986 0.1230 0.0000
vt 0.0492 0.0186 0.0000
vt 0.0203 0.0186 0.0000
vt 0.0203 0.1230 0.0000
vt 0.0492 0.1230 0.0000
vt 0.0781 0.0186 0.0000
vt 0.0781 0.1230 0.0000
vt 0.1071 0.0186 0.0000
vt 0.1071 0.1230 0.0000
vt 0.1360 0.0186 0.0000
vt 0.1360 0.1230 0.0000
vt 0.1648 0.0186 0.0000
vt 0.1648 0.1230 0.0000
vt 0.1937 0.0186 0.0000
vt 0.1937 0.1230 0.0000
vt 0.2227 0.0186 0.0000
vt 0.2227 0.1230 0.0000
vt 0.2515 0.0186 0.0000
vt 0.2515 0.1230 0.0000
vt 0.2805 0.0186 0.0000
vt 0.2805 0.1230 0.0000
vt 0.3093 0.0186 0.0000
vt 0.3093 0.1230 0.0000
vt 0.2537 0.3262 0.0000
vt 0.2825 0.3262 0.0000
vt 0.2825 0.2920 0.0000
vt 0.2537 0.2920 0.0000
vt 0.2250 0.3262 0.0000
vt 0.2250 0.2920 0.0000
vt 0.1962 0.3262 0.0000
vt 0.1962 0.2920 0.0000
vt 0.1674 0.3262 0.0000
vt 0.1674 0.2920 0.0000
vt 0.1385 0.3262 0.0000
vt 0.1385 0.2920 0.0000
vt 0.1097 0.3262 0.0000
vt 0.1097 0.2920 0.0000
vt 0.0809 0.3262 0.0000
vt 0.0809 0.2920 0.0000
vt 0.0521 0.3262 0.0000
vt 0.0521 0.2920 0.0000
vt 0.0233 0.3262 0.0000
vt 0.0233 0.2920 0.0000
vt 0.5708 0.3262 0.0000
vt 0.5996 0.3262 0.0000
vt 0.5996 0.2920 0.0000
vt 0.5708 0.2920 0.0000
vt 0.5420 0.3262 0.0000
vt 0.5420 0.2920 0.0000
vt 0.5132 0.3262 0.0000
vt 0.5132 0.2920 0.0000
vt 0.4844 0.3262 0.0000
vt 0.4844 0.2920 0.0000
vt 0.4556 0.3262 0.0000
vt 0.4556 0.2920 0.0000
vt 0.4268 0.3262 0.0000
vt 0.4268 0.2920 0.0000
vt 0.3979 0.3262 0.0000
vt 0.3979 0.2920 0.0000
vt 0.3691 0.3262 0.0000
vt 0.3691 0.2920 0.0000
vt 0.3403 0.3262 0.0000
vt 0.3403 0.2920 0.0000
vt 0.3113 0.3262 0.0000
vt 0.3113 0.2920 0.0000
vt 0.2825 0.2808 0.0000
vt 0.2537 0.2808 0.0000
vt 0.2250 0.2808 0.0000
vt 0.1962 0.2808 0.0000
vt 0.1674 0.2808 0.0000
vt 0.1385 0.2808 0.0000
vt 0.1097 0.2808 0.0000
vt 0.0809 0.2808 0.0000
vt 0.0521 0.2808 0.0000
vt 0.0233 0.2808 0.0000
vt 0.5996 0.2808 0.0000
vt 0.5708 0.2808 0.0000
vt 0.5420 0.2808 0.0000
vt 0.5132 0.2808 0.0000
vt 0.4844 0.2808 0.0000
vt 0.4556 0.2808 0.0000
vt 0.4268 0.2808 0.0000
vt 0.3979 0.2808 0.0000
vt 0.3691 0.2808 0.0000
vt 0.3403 0.2808 0.0000
vt 0.3113 0.2808 0.0000
vt 0.2825 0.2197 0.0000
vt 0.2537 0.2197 0.0000
vt 0.2250 0.2197 0.0000
vt 0.1962 0.2197 0.0000
vt 0.1674 0.2197 0.0000
vt 0.1385 0.2197 0.0000
vt 0.1097 0.2197 0.0000
vt 0.0809 0.2197 0.0000
vt 0.0521 0.2197 0.0000
vt 0.0233 0.2197 0.0000
vt 0.5996 0.2197 0.0000
vt 0.5708 0.2197 0.0000
vt 0.5420 0.2197 0.0000
vt 0.5132 0.2197 0.0000
vt 0.4844 0.2197 0.0000
vt 0.4556 0.2197 0.0000
vt 0.4268 0.2197 0.0000
vt 0.3979 0.2197 0.0000
vt 0.3691 0.2197 0.0000
vt 0.3403 0.2197 0.0000
vt 0.3113 0.2197 0.0000
vt 0.7451 0.2295 0.0000
vt 0.8027 0.2295 0.0000
vt 0.8027 0.1997 0.0000
vt 0.7451 0.1997 0.0000
vt 0.6885 0.2295 0.0000
vt 0.6860 0.1997 0.0000
vt 0.6670 0.1997 0.0000
vt 0.6753 0.2295 0.0000
vt 0.8604 0.2856 0.0000
vt 0.8604 0.2559 0.0000
vt 0.8027 0.2559 0.0000
vt 0.8027 0.2856 0.0000
vt 0.9170 0.2856 0.0000
vt 0.9189 0.2559 0.0000
vt 0.9385 0.2559 0.0000
vt 0.9302 0.2856 0.0000
vt 0.7451 0.2856 0.0000
vt 0.7451 0.2559 0.0000
vt 0.6885 0.2856 0.0000
vt 0.6860 0.2559 0.0000
vt 0.6670 0.2559 0.0000
vt 0.6753 0.2856 0.0000
vt 0.8604 0.1138 0.0000
vt 0.8604 0.0840 0.0000
vt 0.8027 0.0840 0.0000
vt 0.8027 0.1138 0.0000
vt 0.9170 0.1138 0.0000
vt 0.9189 0.0840 0.0000
vt 0.9385 0.0840 0.0000
vt 0.9302 0.1138 0.0000
vt 0.7451 0.1138 0.0000
vt 0.7451 0.0840 0.0000
vt 0.6885 0.1138 0.0000
vt 0.6860 0.0840 0.0000
vt 0.6670 0.0840 0.0000
vt 0.6753 0.1138 0.0000
vt 0.8604 0.0620 0.0000
vt 0.8604 0.0322 0.0000
vt 0.8027 0.0322 0.0000
vt 0.8027 0.0620 0.0000
vt 0.9170 0.0620 0.0000
vt 0.9189 0.0322 0.0000
vt 0.9385 0.0322 0.0000
vt 0.9302 0.0620 0.0000
vt 0.7451 0.0620 0.0000
vt 0.7451 0.0322 0.0000
vt 0.6885 0.0620 0.0000
vt 0.6860 0.0322 0.0000
vt 0.6670 0.0322 0.0000
vt 0.6753 0.0620 0.0000
vt 0.8604 0.1689 0.0000
vt 0.8604 0.1392 0.0000
vt 0.8027 0.1392 0.0000
vt 0.8027 0.1689 0.0000
vt 0.9170 0.1689 0.0000
vt 0.9189 0.1392 0.0000
vt 0.9385 0.1392 0.0000
vt 0.9302 0.1689 0.0000
vt 0.7451 0.1689 0.0000
vt 0.7451 0.1392 0.0000
vt 0.6885 0.1689 0.0000
vt 0.6860 0.1392 0.0000
vt 0.6670 0.1392 0.0000
vt 0.6753 0.1689 0.0000
vt 0.8604 0.2295 0.0000
vt 0.8604 0.1997 0.0000
vt 0.9170 0.2295 0.0000
vt 0.9189 0.1997 0.0000
vt 0.9385 0.1997 0.0000
vt 0.9302 0.2295 0.0000
vt 0.6699 0.2295 0.0000
vt 0.6582 0.1997 0.0000
vt 0.6626 0.2295 0.0000
vt 0.6470 0.1997 0.0000
vt 0.6411 0.2295 0.0000
vt 0.9355 0.2856 0.0000
vt 0.9473 0.2559 0.0000
vt 0.9424 0.2856 0.0000
vt 0.9585 0.2559 0.0000
vt 0.9644 0.2856 0.0000
vt 0.6699 0.2856 0.0000
vt 0.6582 0.2559 0.0000
vt 0.6626 0.2856 0.0000
vt 0.6470 0.2559 0.0000
vt 0.6411 0.2856 0.0000
vt 0.9355 0.1138 0.0000
vt 0.9473 0.0840 0.0000
vt 0.9424 0.1138 0.0000
vt 0.9585 0.0840 0.0000
vt 0.9644 0.1138 0.0000
vt 0.6699 0.1138 0.0000
vt 0.6582 0.0840 0.0000
vt 0.6626 0.1138 0.0000
vt 0.6470 0.0840 0.0000
vt 0.6411 0.1138 0.0000
vt 0.9355 0.0620 0.0000
vt 0.9473 0.0322 0.0000
vt 0.9424 0.0620 0.0000
vt 0.9585 0.0322 0.0000
vt 0.9644 0.0620 0.0000
vt 0.6699 0.0620 0.0000
vt 0.6582 0.0322 0.0000
vt 0.6626 0.0620 0.0000
vt 0.6470 0.0322 0.0000
vt 0.6411 0.0620 0.0000
vt 0.9355 0.1689 0.0000
vt 0.9473 0.1392 0.0000
vt 0.9424 0.1689 0.0000
vt 0.9585 0.1392 0.0000
vt 0.9644 0.1689 0.0000
vt 0.6699 0.1689 0.0000
vt 0.6582 0.1392 0.0000
vt 0.6626 0.1689 0.0000
vt 0.6470 0.1392 0.0000
vt 0.6411 0.1689 0.0000
vt 0.9355 0.2295 0.0000
vt 0.9473 0.1997 0.0000
vt 0.9424 0.2295 0.0000
vt 0.9585 0.1997 0.0000
vt 0.9644 0.2295 0.0000
vt 0.9746 0.5041 0.0000
vt 0.9668 0.4678 0.0000
vt 0.9502 0.4731 0.0000
vt 0.9575 0.5059 0.0000
vt 0.9746 0.5415 0.0000
vt 0.9575 0.5396 0.0000
vt 0.9668 0.5781 0.0000
vt 0.9502 0.5728 0.0000
vt 0.9297 0.6426 0.0000
vt 0.9170 0.6309 0.0000
vt 0.8916 0.6533 0.0000
vt 0.9019 0.6675 0.0000
vt 0.9517 0.6123 0.0000
vt 0.9365 0.6035 0.0000
vt 0.8340 0.3481 0.0000
vt 0.7969 0.3442 0.0000
vt 0.7969 0.3613 0.0000
vt 0.8306 0.3652 0.0000
vt 0.8696 0.3594 0.0000
vt 0.8623 0.3755 0.0000
vt 0.9019 0.3784 0.0000
vt 0.8916 0.3921 0.0000
vt 0.9517 0.4336 0.0000
vt 0.9365 0.4424 0.0000
vt 0.9297 0.4033 0.0000
vt 0.9170 0.4150 0.0000
vt 0.6421 0.4336 0.0000
vt 0.6270 0.4678 0.0000
vt 0.6431 0.4731 0.0000
vt 0.6572 0.4424 0.0000
vt 0.6641 0.4033 0.0000
vt 0.6768 0.4150 0.0000
vt 0.6919 0.3784 0.0000
vt 0.7021 0.3921 0.0000
vt 0.7598 0.3481 0.0000
vt 0.7632 0.3652 0.0000
vt 0.7241 0.3594 0.0000
vt 0.7310 0.3755 0.0000
vt 0.6641 0.6426 0.0000
vt 0.6919 0.6675 0.0000
vt 0.7021 0.6533 0.0000
vt 0.6768 0.6309 0.0000
vt 0.6421 0.6123 0.0000
vt 0.6572 0.6035 0.0000
vt 0.6270 0.5781 0.0000
vt 0.6431 0.5728 0.0000
vt 0.6191 0.5041 0.0000
vt 0.6362 0.5059 0.0000
vt 0.6191 0.5415 0.0000
vt 0.6362 0.5396 0.0000
vt 0.8696 0.6863 0.0000
vt 0.8623 0.6702 0.0000
vt 0.8340 0.6978 0.0000
vt 0.8306 0.6807 0.0000
vt 0.7969 0.7017 0.0000
vt 0.7969 0.6843 0.0000
vt 0.7241 0.6863 0.0000
vt 0.7310 0.6702 0.0000
vt 0.7598 0.6978 0.0000
vt 0.7632 0.6807 0.0000
vt 0.9194 0.5823 0.0000
vt 0.9219 0.5847 0.0000
vt 0.9331 0.5491 0.0000
vt 0.9302 0.5498 0.0000
vt 0.8628 0.4028 0.0000
vt 0.8623 0.4062 0.0000
vt 0.8901 0.4263 0.0000
vt 0.8931 0.4248 0.0000
vt 0.7793 0.4712 0.0000
vt 0.7319 0.4062 0.0000
vt 0.7046 0.4263 0.0000
vt 0.7520 0.4907 0.0000
vt 0.7407 0.5254 0.0000
vt 0.6646 0.5498 0.0000
vt 0.6748 0.5823 0.0000
vt 0.7510 0.5571 0.0000
vt 0.7788 0.6616 0.0000
vt 0.7764 0.6628 0.0000
vt 0.8184 0.6628 0.0000
vt 0.8159 0.6616 0.0000
vt 0.6133 0.8932 0.0000
vt 0.6611 0.5491 0.0000
vt 0.6729 0.5847 0.0000
vt 0.6592 0.5471 0.0000
vt 0.6724 0.5874 0.0000
vt 0.8154 0.4712 0.0000
vt 0.8423 0.4907 0.0000
vt 0.8613 0.4004 0.0000
vt 0.8955 0.4253 0.0000
vt 0.9165 0.8932 0.0000
vt 0.8433 0.5571 0.0000
vt 0.8535 0.5254 0.0000
vt 0.9224 0.5874 0.0000
vt 0.9355 0.5471 0.0000
vt 0.8154 0.8932 0.0000
vt 0.7808 0.5784 0.0000
vt 0.7803 0.6587 0.0000
vt 0.8145 0.6587 0.0000
vt 0.8140 0.5784 0.0000
vt 0.7144 0.8932 0.0000
vt 0.5630 0.4146 0.0000
vt 0.4961 0.3657 0.0000
vt 0.3809 0.5190 0.0000
vt 0.4529 0.5713 0.0000
vt 0.3420 0.4956 0.0000
vt 0.4424 0.3574 0.0000
vt 0.4902 0.6030 0.0000
vt 0.5903 0.4648 0.0000
vt 0.1724 0.3657 0.0000
vt 0.1051 0.4146 0.0000
vt 0.2155 0.5713 0.0000
vt 0.2874 0.5190 0.0000
vt 0.1809 0.6011 0.0000
vt 0.0806 0.4629 0.0000
vt 0.3291 0.4932 0.0000
vt 0.2288 0.3550 0.0000
vt 0.2140 0.7449 0.0000
vt 0.1865 0.6602 0.0000
vt 0.0051 0.7222 0.0000
vt 0.0308 0.8013 0.0000
vt 0.2316 0.7867 0.0000
vt 0.0692 0.8396 0.0000
vt 0.1749 0.6125 0.0000
vt 0.0126 0.6653 0.0000
vt 0.6377 0.8013 0.0000
vt 0.6631 0.7222 0.0000
vt 0.4817 0.6602 0.0000
vt 0.4543 0.7449 0.0000
vt 0.4922 0.6160 0.0000
vt 0.6543 0.6687 0.0000
vt 0.4355 0.7902 0.0000
vt 0.5977 0.8429 0.0000
vt 0.2925 0.9915 0.0000
vt 0.3757 0.9915 0.0000
vt 0.3787 0.7998 0.0000
vt 0.2896 0.7998 0.0000
vt 0.4241 0.7960 0.0000
vt 0.4241 0.9667 0.0000
vt 0.2408 0.7960 0.0000
vt 0.2408 0.9667 0.0000
vt 0.7319 0.4028 0.0000
vt 0.7017 0.4248 0.0000
vt 0.7329 0.4004 0.0000
vt 0.6987 0.4253 0.0000
# 1117 texture coords

o LlantaTraseraDerecha
g LlantaTraseraDerecha
usemtl 5b395f45_dds
s 1
f 1/1/1 2/2/2 3/3/3 
f 1/1/1 3/3/3 4/4/4 
f 2/2/2 5/5/5 6/6/6 
f 2/2/2 6/6/6 3/3/3 
f 7/7/7 6/6/6 5/5/5 
f 7/7/7 5/5/5 8/8/8 
f 4/4/4 3/3/3 9/9/9 
f 4/4/4 9/9/9 10/10/10 
f 3/3/3 6/6/6 11/11/11 
f 3/3/3 11/11/11 9/9/9 
f 12/12/12 11/11/11 6/6/6 
f 12/12/12 6/6/6 7/7/7 
f 9/9/9 13/13/13 14/14/14 
f 9/9/9 14/14/14 10/10/10 
f 11/11/11 15/15/15 13/13/13 
f 11/11/11 13/13/13 9/9/9 
f 16/16/16 15/15/15 11/11/11 
f 16/16/16 11/11/11 12/12/12 
f 17/17/17 18/18/18 19/19/19 
f 17/17/17 19/19/19 20/20/20 
f 20/20/20 19/19/19 21/21/21 
f 20/20/20 21/21/21 22/22/22 
f 7/7/7 8/8/8 22/22/22 
f 7/7/7 22/22/22 21/21/21 
f 18/18/18 23/23/23 24/24/24 
f 18/18/18 24/24/24 19/19/19 
f 19/19/19 24/24/24 25/25/25 
f 19/19/19 25/25/25 21/21/21 
f 12/12/12 7/7/7 21/21/21 
f 12/12/12 21/21/21 25/25/25 
f 24/24/24 23/23/23 26/26/26 
f 24/24/24 26/26/26 27/27/27 
f 25/25/25 24/24/24 27/27/27 
f 25/25/25 27/27/27 28/28/28 
f 16/16/16 12/12/12 25/25/25 
f 16/16/16 25/25/25 28/28/28 
f 29/29/29 30/30/30 31/31/31 
f 29/29/29 31/31/31 32/32/32 
f 30/30/30 33/33/33 34/34/34 
f 30/30/30 34/34/34 31/31/31 
f 35/35/35 34/34/34 33/33/33 
f 35/35/35 33/33/33 36/36/36 
f 32/32/32 31/31/31 37/37/37 
f 32/32/32 37/37/37 38/38/38 
f 31/31/31 34/34/34 39/39/39 
f 31/31/31 39/39/39 37/37/37 
f 40/40/40 39/39/39 34/34/34 
f 40/40/40 34/34/34 35/35/35 
f 37/37/37 41/41/41 42/42/42 
f 37/37/37 42/42/42 38/38/38 
f 39/39/39 43/43/43 41/41/41 
f 39/39/39 41/41/41 37/37/37 
f 44/44/44 43/43/43 39/39/39 
f 44/44/44 39/39/39 40/40/40 
f 1/1/1 4/4/4 45/45/45 
f 1/1/1 45/45/45 46/46/46 
f 46/46/46 45/45/45 47/47/47 
f 46/46/46 47/47/47 48/48/48 
f 35/35/35 36/36/36 48/48/48 
f 35/35/35 48/48/48 47/47/47 
f 4/4/4 10/10/10 49/49/49 
f 4/4/4 49/49/49 45/45/45 
f 45/45/45 49/49/49 50/50/50 
f 45/45/45 50/50/50 47/47/47 
f 40/40/40 35/35/35 47/47/47 
f 40/40/40 47/47/47 50/50/50 
f 49/49/49 10/10/10 14/14/14 
f 49/49/49 14/14/14 51/51/51 
f 50/50/50 49/49/49 51/51/51 
f 50/50/50 51/51/51 52/52/52 
f 44/44/44 40/40/40 50/50/50 
f 44/44/44 50/50/50 52/52/52 
f 53/53/53 54/54/54 55/55/55 
f 53/53/53 55/55/55 56/56/56 
f 54/54/54 57/57/57 58/58/58 
f 54/54/54 58/58/58 55/55/55 
f 59/59/59 58/58/58 57/57/57 
f 59/59/59 57/57/57 60/60/60 
f 56/56/56 55/55/55 61/61/61 
f 56/56/56 61/61/61 62/62/62 
f 55/55/55 58/58/58 63/63/63 
f 55/55/55 63/63/63 61/61/61 
f 64/64/64 63/63/63 58/58/58 
f 64/64/64 58/58/58 59/59/59 
f 61/61/61 65/65/65 66/66/66 
f 61/61/61 66/66/66 62/62/62 
f 63/63/63 67/67/67 65/65/65 
f 63/63/63 65/65/65 61/61/61 
f 68/68/68 67/67/67 63/63/63 
f 68/68/68 63/63/63 64/64/64 
f 29/29/29 32/32/32 69/69/69 
f 29/29/29 69/69/69 70/70/70 
f 70/70/70 69/69/69 71/71/71 
f 70/70/70 71/71/71 72/72/72 
f 59/59/59 60/60/60 72/72/72 
f 59/59/59 72/72/72 71/71/71 
f 32/32/32 38/38/38 73/73/73 
f 32/32/32 73/73/73 69/69/69 
f 69/69/69 73/73/73 74/74/74 
f 69/69/69 74/74/74 71/71/71 
f 64/64/64 59/59/59 71/71/71 
f 64/64/64 71/71/71 74/74/74 
f 73/73/73 38/38/38 42/42/42 
f 73/73/73 42/42/42 75/75/75 
f 74/74/74 73/73/73 75/75/75 
f 74/74/74 75/75/75 76/76/76 
f 68/68/68 64/64/64 74/74/74 
f 68/68/68 74/74/74 76/76/76 
f 77/77/77 78/78/78 79/79/79 
f 77/77/77 79/79/79 80/80/80 
f 78/78/78 81/81/81 82/82/82 
f 78/78/78 82/82/82 79/79/79 
f 83/83/83 82/82/82 81/81/81 
f 83/83/83 81/81/81 84/84/84 
f 80/80/80 79/79/79 85/85/85 
f 80/80/80 85/85/85 86/86/86 
f 79/79/79 82/82/82 87/87/87 
f 79/79/79 87/87/87 85/85/85 
f 88/88/88 87/87/87 82/82/82 
f 88/88/88 82/82/82 83/83/83 
f 85/85/85 89/89/89 90/90/90 
f 85/85/85 90/90/90 86/86/86 
f 87/87/87 91/91/91 89/89/89 
f 87/87/87 89/89/89 85/85/85 
f 92/92/92 91/91/91 87/87/87 
f 92/92/92 87/87/87 88/88/88 
f 53/53/53 56/56/56 93/93/93 
f 53/53/53 93/93/93 94/94/94 
f 94/95/95 93/96/96 95/97/97 
f 94/95/95 95/97/97 96/98/98 
f 83/83/83 84/84/84 96/98/98 
f 83/83/83 96/98/98 95/97/97 
f 56/56/56 62/62/62 97/99/99 
f 56/56/56 97/99/99 93/93/93 
f 93/96/96 97/100/100 98/101/101 
f 93/96/96 98/101/101 95/97/97 
f 88/88/88 83/83/83 95/97/97 
f 88/88/88 95/97/97 98/101/101 
f 97/99/99 62/62/62 66/66/66 
f 97/99/99 66/66/66 99/102/102 
f 98/101/101 97/100/100 99/103/103 
f 98/101/101 99/103/103 100/104/104 
f 92/92/92 88/88/88 98/101/101 
f 92/92/92 98/101/101 100/104/104 
f 17/17/17 101/105/105 102/106/106 
f 17/17/17 102/106/106 18/18/18 
f 101/105/105 103/107/107 104/108/108 
f 101/105/105 104/108/108 102/106/106 
f 105/109/109 104/108/108 103/107/107 
f 105/109/109 103/107/107 106/110/110 
f 18/18/18 102/106/106 107/111/111 
f 18/18/18 107/111/111 23/23/23 
f 102/106/106 104/108/108 108/112/112 
f 102/106/106 108/112/112 107/111/111 
f 109/113/113 108/112/112 104/108/108 
f 109/113/113 104/108/108 105/109/109 
f 107/111/111 110/114/114 26/26/26 
f 107/111/111 26/26/26 23/23/23 
f 108/112/112 111/115/115 110/114/114 
f 108/112/112 110/114/114 107/111/111 
f 112/116/116 111/115/115 108/112/112 
f 112/116/116 108/112/112 109/113/113 
f 77/77/77 80/80/80 113/117/117 
f 77/77/77 113/117/117 114/118/118 
f 114/118/118 113/117/117 115/119/119 
f 114/118/118 115/119/119 116/120/120 
f 105/109/109 106/110/110 116/120/120 
f 105/109/109 116/120/120 115/119/119 
f 80/80/80 86/86/86 117/121/121 
f 80/80/80 117/121/121 113/117/117 
f 113/117/117 117/121/121 118/122/122 
f 113/117/117 118/122/122 115/119/119 
f 109/113/113 105/109/109 115/119/119 
f 109/113/113 115/119/119 118/122/122 
f 117/121/121 86/86/86 90/90/90 
f 117/121/121 90/90/90 119/123/123 
f 118/122/122 117/121/121 119/123/123 
f 118/122/122 119/123/123 120/124/124 
f 112/116/116 109/113/113 118/122/122 
f 112/116/116 118/122/122 120/124/124 
f 121/125/125 122/126/126 123/127/127 
f 121/125/125 123/127/127 124/128/128 
f 124/128/128 123/127/127 125/129/129 
f 124/128/128 125/129/129 126/130/130 
f 127/131/131 128/132/132 126/130/130 
f 127/131/131 126/130/130 125/129/129 
f 122/126/126 129/133/133 130/134/134 
f 122/126/126 130/134/134 123/127/127 
f 123/127/127 130/134/134 131/135/135 
f 123/127/127 131/135/135 125/129/129 
f 132/136/136 127/131/131 125/129/129 
f 132/136/136 125/129/129 131/135/135 
f 130/134/134 129/133/133 133/137/137 
f 130/134/134 133/137/137 134/138/138 
f 131/135/135 130/134/134 134/138/138 
f 131/135/135 134/138/138 135/139/139 
f 136/140/140 132/136/136 131/135/135 
f 136/140/140 131/135/135 135/139/139 
f 137/141/141 138/142/142 139/143/143 
f 137/141/141 139/143/143 140/144/144 
f 138/142/142 141/145/145 142/146/146 
f 138/142/142 142/146/146 139/143/143 
f 127/131/131 142/146/146 141/145/145 
f 127/131/131 141/145/145 128/132/132 
f 140/144/144 139/143/143 143/147/147 
f 140/144/144 143/147/147 144/148/148 
f 139/143/143 142/146/146 145/149/149 
f 139/143/143 145/149/149 143/147/147 
f 132/136/136 145/149/149 142/146/146 
f 132/136/136 142/146/146 127/131/131 
f 143/147/147 146/150/150 147/151/151 
f 143/147/147 147/151/151 144/148/148 
f 145/149/149 148/152/152 146/150/150 
f 145/149/149 146/150/150 143/147/147 
f 136/140/140 148/152/152 145/149/149 
f 136/140/140 145/149/149 132/136/136 
f 149/153/153 150/154/154 151/155/155 
f 149/153/153 151/155/155 152/156/156 
f 152/156/156 151/155/155 153/157/157 
f 152/156/156 153/157/157 154/158/158 
f 155/159/159 156/160/160 154/158/158 
f 155/159/159 154/158/158 153/157/157 
f 150/154/154 157/161/161 158/162/162 
f 150/154/154 158/162/162 151/155/155 
f 151/155/155 158/162/162 159/163/163 
f 151/155/155 159/163/163 153/157/157 
f 160/164/164 155/159/159 153/157/157 
f 160/164/164 153/157/157 159/163/163 
f 158/162/162 157/161/161 161/165/165 
f 158/162/162 161/165/165 162/166/166 
f 159/163/163 158/162/162 162/166/166 
f 159/163/163 162/166/166 163/167/167 
f 164/168/168 160/164/164 159/163/163 
f 164/168/168 159/163/163 163/167/167 
f 121/125/125 165/169/169 166/170/170 
f 121/125/125 166/170/170 122/126/126 
f 165/169/169 167/171/171 168/172/172 
f 165/169/169 168/172/172 166/170/170 
f 155/159/159 168/172/172 167/171/171 
f 155/159/159 167/171/171 156/160/160 
f 122/126/126 166/170/170 169/173/173 
f 122/126/126 169/173/173 129/133/133 
f 166/170/170 168/172/172 170/174/174 
f 166/170/170 170/174/174 169/173/173 
f 160/164/164 170/174/174 168/172/172 
f 160/164/164 168/172/172 155/159/159 
f 169/173/173 171/175/175 133/137/137 
f 169/173/173 133/137/137 129/133/133 
f 170/174/174 172/176/176 171/175/175 
f 170/174/174 171/175/175 169/173/173 
f 164/168/168 172/176/176 170/174/174 
f 164/168/168 170/174/174 160/164/164 
f 173/177/177 174/178/178 175/179/179 
f 173/177/177 175/179/179 176/180/180 
f 176/180/180 175/179/179 177/181/181 
f 176/180/180 177/181/181 178/182/182 
f 179/183/183 180/184/184 178/182/182 
f 179/183/183 178/182/182 177/181/181 
f 174/178/178 181/185/185 182/186/186 
f 174/178/178 182/186/186 175/179/179 
f 175/179/179 182/186/186 183/187/187 
f 175/179/179 183/187/187 177/181/181 
f 184/188/188 179/183/183 177/181/181 
f 184/188/188 177/181/181 183/187/187 
f 182/186/186 181/185/185 185/189/189 
f 182/186/186 185/189/189 186/190/190 
f 183/187/187 182/186/186 186/190/190 
f 183/187/187 186/190/190 187/191/191 
f 188/192/192 184/188/188 183/187/187 
f 188/192/192 183/187/187 187/191/191 
f 149/153/153 189/193/193 190/194/194 
f 149/153/153 190/194/194 150/154/154 
f 189/193/193 191/195/195 192/196/196 
f 189/193/193 192/196/196 190/194/194 
f 179/183/183 192/196/196 191/195/195 
f 179/183/183 191/195/195 180/184/184 
f 150/154/154 190/194/194 193/197/197 
f 150/154/154 193/197/197 157/161/161 
f 190/194/194 192/196/196 194/198/198 
f 190/194/194 194/198/198 193/197/197 
f 184/188/188 194/198/198 192/196/196 
f 184/188/188 192/196/196 179/183/183 
f 193/197/197 195/199/199 161/165/165 
f 193/197/197 161/165/165 157/161/161 
f 194/198/198 196/200/200 195/199/199 
f 194/198/198 195/199/199 193/197/197 
f 188/192/192 196/200/200 194/198/198 
f 188/192/192 194/198/198 184/188/188 
f 197/201/201 198/202/202 199/203/203 
f 197/201/201 199/203/203 200/204/204 
f 200/204/204 199/203/203 201/205/205 
f 200/204/204 201/205/205 202/206/206 
f 203/207/207 204/208/208 202/206/206 
f 203/207/207 202/206/206 201/205/205 
f 198/202/202 205/209/209 206/210/210 
f 198/202/202 206/210/210 199/203/203 
f 199/203/203 206/210/210 207/211/211 
f 199/203/203 207/211/211 201/205/205 
f 208/212/212 203/207/207 201/205/205 
f 208/212/212 201/205/205 207/211/211 
f 206/210/210 205/209/209 209/213/213 
f 206/210/210 209/213/213 210/214/214 
f 207/211/211 206/210/210 210/214/214 
f 207/211/211 210/214/214 211/215/215 
f 212/216/216 208/212/212 207/211/211 
f 212/216/216 207/211/211 211/215/215 
f 173/177/177 213/217/217 214/218/218 
f 173/177/177 214/218/218 174/178/178 
f 213/219/219 215/220/220 216/221/221 
f 213/219/219 216/221/221 214/222/222 
f 203/207/207 216/221/221 215/220/220 
f 203/207/207 215/220/220 204/208/208 
f 174/178/178 214/218/218 217/223/223 
f 174/178/178 217/223/223 181/185/185 
f 214/222/222 216/221/221 218/224/224 
f 214/222/222 218/224/224 217/225/225 
f 208/212/212 218/224/224 216/221/221 
f 208/212/212 216/221/221 203/207/207 
f 217/223/223 219/226/226 185/189/189 
f 217/223/223 185/189/189 181/185/185 
f 218/224/224 220/227/227 219/228/228 
f 218/224/224 219/228/228 217/225/225 
f 212/216/216 220/227/227 218/224/224 
f 212/216/216 218/224/224 208/212/212 
f 137/141/141 140/144/144 221/229/229 
f 137/141/141 221/229/229 222/230/230 
f 222/230/230 221/229/229 223/231/231 
f 222/230/230 223/231/231 224/232/232 
f 225/233/233 226/234/234 224/232/232 
f 225/233/233 224/232/232 223/231/231 
f 140/144/144 144/148/148 227/235/235 
f 140/144/144 227/235/235 221/229/229 
f 221/229/229 227/235/235 228/236/236 
f 221/229/229 228/236/236 223/231/231 
f 229/237/237 225/233/233 223/231/231 
f 229/237/237 223/231/231 228/236/236 
f 227/235/235 144/148/148 147/151/151 
f 227/235/235 147/151/151 230/238/238 
f 228/236/236 227/235/235 230/238/238 
f 228/236/236 230/238/238 231/239/239 
f 232/240/240 229/237/237 228/236/236 
f 232/240/240 228/236/236 231/239/239 
f 197/201/201 233/241/241 234/242/242 
f 197/201/201 234/242/242 198/202/202 
f 233/241/241 235/243/243 236/244/244 
f 233/241/241 236/244/244 234/242/242 
f 225/233/233 236/244/244 235/243/243 
f 225/233/233 235/243/243 226/234/234 
f 198/202/202 234/242/242 237/245/245 
f 198/202/202 237/245/245 205/209/209 
f 234/242/242 236/244/244 238/246/246 
f 234/242/242 238/246/246 237/245/245 
f 229/237/237 238/246/246 236/244/244 
f 229/237/237 236/244/244 225/233/233 
f 237/245/245 239/247/247 209/213/213 
f 237/245/245 209/213/213 205/209/209 
f 238/246/246 240/248/248 239/247/247 
f 238/246/246 239/247/247 237/245/245 
f 232/240/240 240/248/248 238/246/246 
f 232/240/240 238/246/246 229/237/237 
f 2/2/2 1/1/1 121/125/125 
f 2/2/2 121/125/125 124/128/128 
f 5/5/5 2/2/2 124/128/128 
f 5/5/5 124/128/128 126/130/130 
f 8/8/8 5/5/5 126/130/130 
f 8/8/8 126/130/130 128/132/132 
f 20/20/20 138/142/142 137/141/141 
f 20/20/20 137/141/141 17/17/17 
f 22/22/22 141/145/145 138/142/142 
f 22/22/22 138/142/142 20/20/20 
f 8/8/8 128/132/132 141/145/145 
f 8/8/8 141/145/145 22/22/22 
f 30/30/30 29/29/29 149/153/153 
f 30/30/30 149/153/153 152/156/156 
f 33/33/33 30/30/30 152/156/156 
f 33/33/33 152/156/156 154/158/158 
f 36/36/36 33/33/33 154/158/158 
f 36/36/36 154/158/158 156/160/160 
f 46/46/46 165/169/169 121/125/125 
f 46/46/46 121/125/125 1/1/1 
f 48/48/48 167/171/171 165/169/169 
f 48/48/48 165/169/169 46/46/46 
f 36/36/36 156/160/160 167/171/171 
f 36/36/36 167/171/171 48/48/48 
f 54/54/54 53/53/53 173/177/177 
f 54/54/54 173/177/177 176/180/180 
f 57/57/57 54/54/54 176/180/180 
f 57/57/57 176/180/180 178/182/182 
f 60/60/60 57/57/57 178/182/182 
f 60/60/60 178/182/182 180/184/184 
f 70/70/70 189/193/193 149/153/153 
f 70/70/70 149/153/153 29/29/29 
f 72/72/72 191/195/195 189/193/193 
f 72/72/72 189/193/193 70/70/70 
f 60/60/60 180/184/184 191/195/195 
f 60/60/60 191/195/195 72/72/72 
f 78/78/78 77/77/77 197/201/201 
f 78/78/78 197/201/201 200/204/204 
f 81/81/81 78/78/78 200/204/204 
f 81/81/81 200/204/204 202/206/206 
f 84/84/84 81/81/81 202/206/206 
f 84/84/84 202/206/206 204/208/208 
f 94/94/94 213/217/217 173/177/177 
f 94/94/94 173/177/177 53/53/53 
f 96/98/98 215/220/220 213/219/219 
f 96/98/98 213/219/219 94/95/95 
f 84/84/84 204/208/208 215/220/220 
f 84/84/84 215/220/220 96/98/98 
f 101/105/105 17/17/17 137/141/141 
f 101/105/105 137/141/141 222/230/230 
f 103/107/107 101/105/105 222/230/230 
f 103/107/107 222/230/230 224/232/232 
f 106/110/110 103/107/107 224/232/232 
f 106/110/110 224/232/232 226/234/234 
f 114/118/118 233/241/241 197/201/201 
f 114/118/118 197/201/201 77/77/77 
f 116/120/120 235/243/243 233/241/241 
f 116/120/120 233/241/241 114/118/118 
f 106/110/110 226/234/234 235/243/243 
f 106/110/110 235/243/243 116/120/120 
f 241/249/249 242/250/250 243/251/251 
f 241/249/249 243/251/251 244/252/252 
f 244/252/252 243/251/251 245/253/253 
f 244/252/252 245/253/253 246/254/254 
f 246/254/254 245/253/253 247/255/255 
f 246/254/254 247/255/255 248/256/256 
f 248/256/256 247/255/255 249/257/257 
f 248/256/256 249/257/257 250/258/258 
f 250/258/258 249/257/257 251/259/259 
f 250/258/258 251/259/259 252/260/260 
f 252/260/260 251/259/259 242/250/250 
f 252/260/260 242/250/250 241/249/249 
f 251/259/259 249/257/257 247/255/255 
f 251/259/259 247/255/255 245/253/253 
f 251/259/259 245/253/253 243/251/251 
f 251/259/259 243/251/251 242/250/250 
f 253/261/261 254/262/261 255/263/261 
f 253/261/261 255/263/261 256/264/261 
f 256/264/262 255/263/262 257/265/262 
f 256/264/262 257/265/262 258/266/262 
f 258/266/263 257/265/264 259/267/264 
f 258/266/263 259/267/264 260/268/265 
f 260/268/266 259/267/267 261/269/266 
f 260/268/266 261/269/266 262/270/266 
f 262/270/268 261/269/268 263/271/268 
f 262/270/268 263/271/268 264/272/268 
f 264/272/269 263/271/269 254/273/269 
f 264/272/269 254/273/269 253/274/270 
f 259/275/271 257/276/272 255/277/271 
f 259/275/271 255/277/271 254/278/273 
f 263/279/273 261/280/274 259/275/271 
f 263/279/273 259/275/271 254/278/273 
f 265/249/249 266/250/275 267/251/276 
f 265/249/249 267/251/276 268/252/277 
f 268/252/277 267/251/276 269/253/278 
f 268/252/277 269/253/278 270/254/254 
f 270/254/254 269/253/278 271/255/279 
f 270/254/254 271/255/279 272/256/256 
f 272/256/256 271/255/279 273/257/280 
f 272/256/256 273/257/280 274/258/281 
f 274/258/281 273/257/280 275/259/282 
f 274/258/281 275/259/282 276/260/260 
f 276/260/260 275/259/282 266/250/275 
f 276/260/260 266/250/275 265/249/249 
f 267/251/276 271/255/279 269/253/278 
f 277/261/261 278/262/261 279/263/261 
f 277/261/261 279/263/261 280/264/261 
f 280/264/262 279/263/262 281/265/262 
f 280/264/262 281/265/262 282/266/262 
f 282/266/264 281/265/265 283/267/283 
f 282/266/264 283/267/283 284/268/264 
f 284/268/266 283/267/266 285/269/266 
f 284/268/266 285/269/266 286/270/284 
f 286/270/285 285/269/286 287/271/286 
f 286/270/285 287/271/286 288/272/285 
f 288/272/287 287/271/287 278/273/287 
f 288/272/287 278/273/287 277/274/287 
f 283/275/271 281/276/288 279/277/288 
f 283/275/271 279/277/288 278/278/288 
f 287/279/271 285/280/273 283/275/271 
f 287/279/271 283/275/271 278/278/288 
f 289/249/249 290/250/250 291/251/251 
f 289/249/249 291/251/251 292/252/252 
f 292/252/252 291/251/251 293/253/253 
f 292/252/252 293/253/253 294/254/254 
f 294/254/254 293/253/253 295/255/289 
f 294/254/254 295/255/289 296/256/256 
f 296/256/256 295/255/289 297/257/290 
f 296/256/256 297/257/290 298/258/291 
f 298/258/291 297/257/290 299/259/282 
f 298/258/291 299/259/282 300/260/260 
f 300/260/260 299/259/282 290/250/250 
f 300/260/260 290/250/250 289/249/249 
f 291/251/251 295/255/289 293/253/253 
f 301/261/292 302/262/261 303/263/261 
f 301/261/292 303/263/261 304/264/292 
f 304/264/293 303/263/293 305/265/293 
f 304/264/293 305/265/293 306/266/262 
f 306/266/263 305/265/263 307/267/263 
f 306/266/263 307/267/263 308/268/294 
f 308/268/266 307/267/295 309/269/295 
f 308/268/266 309/269/295 310/270/266 
f 310/270/286 309/269/268 311/271/286 
f 310/270/286 311/271/286 312/272/286 
f 312/272/269 311/271/287 302/273/269 
f 312/272/269 302/273/269 301/274/269 
f 307/275/271 305/276/273 303/277/271 
f 307/275/271 303/277/271 302/278/271 
f 311/279/271 309/280/288 307/275/271 
f 311/279/271 307/275/271 302/278/271 
f 313/249/296 314/250/250 315/251/251 
f 313/249/296 315/251/251 316/252/297 
f 316/252/297 315/251/251 317/253/253 
f 316/252/297 317/253/253 318/254/254 
f 318/254/254 317/253/253 319/255/298 
f 318/254/254 319/255/298 320/256/299 
f 320/256/299 319/255/298 321/257/300 
f 320/256/299 321/257/300 322/258/291 
f 322/258/291 321/257/300 323/259/301 
f 322/258/291 323/259/301 324/260/260 
f 324/260/260 323/259/301 314/250/250 
f 324/260/260 314/250/250 313/249/296 
f 315/251/251 319/255/298 317/253/253 
f 325/261/261 326/262/261 327/263/261 
f 325/261/261 327/263/261 328/264/261 
f 328/264/262 327/263/262 329/265/262 
f 328/264/262 329/265/262 330/266/262 
f 330/266/263 329/265/263 331/267/263 
f 330/266/263 331/267/263 332/268/302 
f 332/268/266 331/267/266 333/269/266 
f 332/268/266 333/269/266 334/270/267 
f 334/270/286 333/269/286 335/271/286 
f 334/270/286 335/271/286 336/272/268 
f 336/272/269 335/271/287 326/273/269 
f 336/272/269 326/273/269 325/274/269 
f 331/275/288 329/276/288 327/277/288 
f 331/275/288 327/277/288 326/278/288 
f 335/279/288 333/280/288 331/275/288 
f 335/279/288 331/275/288 326/278/288 
f 337/249/296 338/250/250 339/251/251 
f 337/249/296 339/251/251 340/252/297 
f 340/252/297 339/251/251 341/253/253 
f 340/252/297 341/253/253 342/254/303 
f 342/254/303 341/253/253 343/255/304 
f 342/254/303 343/255/304 344/256/305 
f 344/256/305 343/255/304 345/257/300 
f 344/256/305 345/257/300 346/258/306 
f 346/258/306 345/257/300 347/259/301 
f 346/258/306 347/259/301 348/260/260 
f 348/260/260 347/259/301 338/250/250 
f 348/260/260 338/250/250 337/249/296 
f 339/251/251 343/255/304 341/253/253 
f 349/261/261 350/262/261 351/263/261 
f 349/261/261 351/263/261 352/264/261 
f 352/264/262 351/263/307 353/265/293 
f 352/264/262 353/265/293 354/266/262 
f 354/266/264 353/265/264 355/267/264 
f 354/266/264 355/267/264 356/268/294 
f 356/268/266 355/267/266 357/269/266 
f 356/268/266 357/269/266 358/270/266 
f 358/270/286 357/269/286 359/271/286 
f 358/270/286 359/271/286 360/272/268 
f 360/272/287 359/271/287 350/273/287 
f 360/272/287 350/273/287 349/274/287 
f 355/275/271 353/276/272 351/277/271 
f 355/275/271 351/277/271 350/278/271 
f 359/279/271 357/280/273 355/275/271 
f 359/279/271 355/275/271 350/278/271 
f 361/249/308 362/250/309 363/251/259 
f 361/249/308 363/251/259 364/252/310 
f 364/252/310 363/251/259 365/253/250 
f 364/252/310 365/253/250 366/254/311 
f 366/254/311 365/253/250 367/255/251 
f 366/254/311 367/255/251 368/256/252 
f 368/256/252 367/255/251 369/257/312 
f 368/256/252 369/257/312 370/258/303 
f 370/258/303 369/257/312 371/259/279 
f 370/258/303 371/259/279 372/260/313 
f 372/260/313 371/259/279 362/250/309 
f 372/260/313 362/250/309 361/249/308 
f 371/259/279 369/257/312 367/255/251 
f 373/261/268 374/262/285 375/263/285 
f 373/261/268 375/263/285 376/264/286 
f 376/264/287 375/263/269 377/265/270 
f 376/264/287 377/265/270 378/266/287 
f 378/266/314 377/265/314 379/267/314 
f 378/266/314 379/267/314 380/268/314 
f 380/268/307 379/267/293 381/269/307 
f 380/268/307 381/269/307 382/270/307 
f 382/270/283 381/269/283 383/271/283 
f 382/270/283 383/271/283 384/272/264 
f 384/272/266 383/271/266 374/273/266 
f 384/272/266 374/273/266 373/274/266 
f 379/275/271 377/276/271 375/277/271 
f 379/275/271 375/277/271 374/278/271 
f 383/279/271 381/280/271 379/275/271 
f 383/279/271 379/275/271 374/278/271 
f 385/281/315 386/282/315 387/283/316 
f 385/281/315 387/283/316 388/284/317 
f 388/284/317 387/283/316 389/285/318 
f 388/284/317 389/285/318 390/286/319 
f 390/286/319 389/285/318 391/287/261 
f 390/286/319 391/287/261 392/288/261 
f 392/288/261 391/287/261 393/289/320 
f 392/288/261 393/289/320 394/290/321 
f 394/290/321 393/289/320 395/291/322 
f 394/290/321 395/291/322 396/292/323 
f 396/292/323 395/291/322 397/293/324 
f 396/292/323 397/293/324 398/294/325 
f 398/294/325 397/293/324 399/295/326 
f 398/294/325 399/295/326 400/296/327 
f 400/296/327 399/295/326 401/297/328 
f 400/296/327 401/297/328 402/298/329 
f 402/298/329 401/297/328 403/299/330 
f 402/298/329 403/299/330 404/300/331 
f 404/300/331 403/299/330 405/301/332 
f 404/300/331 405/301/332 406/302/333 
f 406/302/333 405/301/332 407/303/267 
f 406/302/333 407/303/267 408/304/267 
f 408/304/267 407/303/267 409/305/334 
f 408/304/267 409/305/334 410/306/335 
f 410/306/335 409/305/334 411/307/336 
f 410/306/335 411/307/336 412/308/337 
f 412/308/337 411/307/336 413/309/338 
f 412/308/337 413/309/338 414/310/339 
f 414/310/339 413/309/338 415/311/340 
f 414/310/339 415/311/340 416/312/341 
f 416/312/341 415/311/340 386/313/342 
f 416/312/341 386/313/342 385/314/342 
f 402/315/343 398/316/343 400/317/344 
f 412/318/343 388/319/343 390/320/345 
f 412/318/343 390/320/345 410/321/343 
f 401/322/288 399/323/274 397/324/288 
f 406/325/343 394/326/343 396/327/343 
f 406/325/343 396/327/343 404/328/343 
f 404/328/343 396/327/343 398/316/343 
f 404/328/343 398/316/343 402/315/343 
f 392/329/343 408/330/343 410/321/343 
f 392/329/343 410/321/343 390/320/345 
f 416/331/343 385/332/343 414/333/343 
f 385/332/343 388/319/343 412/318/343 
f 385/332/343 412/318/343 414/333/343 
f 392/329/343 394/326/343 406/325/343 
f 392/329/343 406/325/343 408/330/343 
f 405/334/288 403/335/288 395/336/288 
f 405/334/288 395/336/288 393/337/288 
f 403/335/288 401/322/288 397/324/288 
f 403/335/288 397/324/288 395/336/288 
f 409/338/288 407/339/288 391/340/288 
f 409/338/288 391/340/288 389/341/288 
f 407/339/288 405/334/288 393/337/288 
f 407/339/288 393/337/288 391/340/288 
f 415/342/271 413/343/288 386/344/271 
f 411/345/288 409/338/288 389/341/288 
f 411/345/288 389/341/288 387/346/288 
f 413/343/288 411/345/288 387/346/288 
f 413/343/288 387/346/288 386/344/271 
f 338/250/250 345/257/300 343/255/304 
f 338/250/250 343/255/304 339/251/251 
f 347/259/301 345/257/300 338/250/250 
f 314/250/250 321/257/300 319/255/298 
f 314/250/250 319/255/298 315/251/251 
f 323/259/301 321/257/300 314/250/250 
f 371/259/279 367/255/251 365/253/250 
f 371/259/279 365/253/250 362/250/309 
f 362/250/309 365/253/250 363/251/259 
f 290/250/250 297/257/290 295/255/289 
f 290/250/250 295/255/289 291/251/251 
f 299/259/282 297/257/290 290/250/250 
f 266/250/275 273/257/280 271/255/279 
f 266/250/275 271/255/279 267/251/276 
f 275/259/282 273/257/280 266/250/275 
usemtl 24fe1dbe_dds
f 27/347/346 26/348/347 417/349/348 
f 27/347/346 417/349/348 418/350/349 
f 28/351/350 27/347/346 418/350/349 
f 28/351/350 418/350/349 419/352/351 
f 420/353/352 421/354/353 28/351/350 
f 420/353/352 28/351/350 419/352/351 
f 13/355/354 422/356/354 423/357/355 
f 13/355/354 423/357/355 14/358/356 
f 15/359/357 424/360/358 422/356/354 
f 15/359/357 422/356/354 13/355/354 
f 420/353/352 424/360/358 15/359/357 
f 420/353/352 15/359/357 421/354/353 
f 51/361/359 14/358/356 423/357/355 
f 51/361/359 423/357/355 425/362/360 
f 52/363/361 51/361/359 425/362/360 
f 52/363/361 425/362/360 426/364/362 
f 427/365/363 44/366/364 52/363/361 
f 427/365/363 52/363/361 426/364/362 
f 41/367/365 428/368/366 429/369/367 
f 41/367/365 429/369/367 42/370/368 
f 43/371/369 430/372/370 428/368/366 
f 43/371/369 428/368/366 41/367/365 
f 427/365/363 430/372/370 43/371/369 
f 427/365/363 43/371/369 44/366/364 
f 75/373/371 42/370/368 429/369/367 
f 75/373/371 429/369/367 431/374/372 
f 76/375/373 75/373/371 431/374/372 
f 76/375/373 431/374/372 432/376/374 
f 433/377/375 68/378/376 76/375/373 
f 433/377/375 76/375/373 432/376/374 
f 65/379/377 434/380/378 435/381/379 
f 65/379/377 435/381/379 66/382/380 
f 67/383/381 436/384/382 434/380/378 
f 67/383/381 434/380/378 65/379/377 
f 433/377/375 436/384/382 67/383/381 
f 433/377/375 67/383/381 68/378/376 
f 99/385/383 66/382/380 435/381/379 
f 99/385/383 435/381/379 437/386/384 
f 100/387/385 99/385/383 437/386/384 
f 100/387/385 437/386/384 438/388/386 
f 439/389/387 92/390/388 100/387/385 
f 439/389/387 100/387/385 438/388/386 
f 89/391/389 440/392/390 441/393/391 
f 89/391/389 441/393/391 90/394/392 
f 91/395/393 442/396/394 440/392/390 
f 91/395/393 440/392/390 89/391/389 
f 439/389/387 442/396/394 91/395/393 
f 439/389/387 91/395/393 92/390/388 
f 443/397/395 90/394/392 441/393/391 
f 443/397/395 441/393/391 444/398/396 
f 120/399/397 443/397/395 444/398/396 
f 120/399/397 444/398/396 445/400/398 
f 446/401/399 112/402/400 120/399/397 
f 446/401/399 120/399/397 445/400/398 
f 110/403/401 447/404/402 417/349/348 
f 110/403/401 417/349/348 26/348/347 
f 111/405/403 448/406/404 447/404/402 
f 111/405/403 447/404/402 110/403/401 
f 446/401/399 448/406/404 111/405/403 
f 446/401/399 111/405/403 112/402/400 
f 417/349/405 449/407/406 450/408/407 
f 417/349/405 450/408/407 418/350/408 
f 418/350/408 450/408/407 451/409/409 
f 418/350/408 451/409/409 419/352/410 
f 452/410/411 453/411/412 420/353/413 
f 452/410/411 420/353/413 419/352/410 
f 454/412/414 455/413/415 456/414/416 
f 454/412/414 456/414/416 457/415/417 
f 450/408/407 449/407/406 458/416/418 
f 450/408/407 458/416/418 459/417/419 
f 451/409/409 450/408/407 459/417/419 
f 451/409/409 459/417/419 460/418/420 
f 452/410/411 451/409/409 460/418/420 
f 452/410/411 460/418/420 456/414/416 
f 452/410/411 456/414/416 455/413/415 
f 452/410/411 455/413/415 453/411/412 
f 452/410/411 419/352/410 451/409/409 
f 423/357/421 422/356/422 461/419/423 
f 423/357/421 461/419/423 462/420/424 
f 422/356/422 424/360/425 463/421/426 
f 422/356/422 463/421/426 461/419/423 
f 464/422/427 424/360/425 420/353/413 
f 464/422/427 420/353/413 453/411/412 
f 461/419/423 465/423/428 466/424/429 
f 461/419/423 466/424/429 462/420/424 
f 463/421/426 467/425/430 465/423/428 
f 463/421/426 465/423/428 461/419/423 
f 468/426/431 467/425/430 463/421/426 
f 468/426/431 463/421/426 464/422/427 
f 469/427/432 468/426/431 455/413/415 
f 469/427/432 455/413/415 454/412/414 
f 454/412/414 470/428/433 469/427/432 
f 471/429/434 470/428/433 472/430/435 
f 471/429/434 472/430/435 473/431/434 
f 468/426/431 464/422/427 453/411/412 
f 468/426/431 453/411/412 455/413/415 
f 464/422/427 463/421/426 424/360/425 
f 423/357/421 462/420/424 474/432/436 
f 423/357/421 474/432/436 425/362/437 
f 425/362/437 474/432/436 475/433/438 
f 425/362/437 475/433/438 426/364/439 
f 476/434/440 477/435/441 427/365/442 
f 476/434/440 427/365/442 426/364/439 
f 478/436/443 479/437/444 480/438/445 
f 478/436/443 480/438/445 481/439/446 
f 474/432/436 462/420/424 466/424/429 
f 474/432/436 466/424/429 482/440/447 
f 475/433/438 474/432/436 482/440/447 
f 475/433/438 482/440/447 483/441/448 
f 476/434/440 475/433/438 483/441/448 
f 476/434/440 483/441/448 480/438/445 
f 476/434/440 480/438/445 479/437/444 
f 476/434/440 479/437/444 477/435/441 
f 476/434/440 426/364/439 475/433/438 
f 429/369/449 428/368/450 484/442/451 
f 429/369/449 484/442/451 485/443/452 
f 428/368/450 430/372/453 486/444/454 
f 428/368/450 486/444/454 484/442/451 
f 487/445/455 430/372/453 427/365/442 
f 487/445/455 427/365/442 477/435/441 
f 484/442/451 488/446/456 489/447/457 
f 484/442/451 489/447/457 485/443/452 
f 486/444/454 490/448/458 488/446/456 
f 486/444/454 488/446/456 484/442/451 
f 491/449/459 490/448/458 486/444/454 
f 491/449/459 486/444/454 487/445/455 
f 492/450/460 491/449/459 479/437/444 
f 492/450/460 479/437/444 478/436/443 
f 493/451/461 492/450/460 478/436/443 
f 494/452/462 493/451/461 495/453/463 
f 494/452/462 495/453/463 496/454/464 
f 491/449/459 487/445/455 477/435/441 
f 491/449/459 477/435/441 479/437/444 
f 487/445/455 486/444/454 430/372/453 
f 429/369/449 485/443/452 497/455/465 
f 429/369/449 497/455/465 431/374/466 
f 431/374/466 497/455/465 498/456/467 
f 431/374/466 498/456/467 432/376/468 
f 499/457/469 500/458/470 433/377/471 
f 499/457/469 433/377/471 432/376/468 
f 501/459/472 502/460/473 503/461/474 
f 501/459/472 503/461/474 504/462/475 
f 497/455/465 485/443/452 489/447/457 
f 497/455/465 489/447/457 505/463/476 
f 498/456/467 497/455/465 505/463/476 
f 498/456/467 505/463/476 506/464/477 
f 499/457/469 498/456/467 506/464/477 
f 499/457/469 506/464/477 503/461/474 
f 499/457/469 503/461/474 502/460/473 
f 499/457/469 502/460/473 500/458/470 
f 499/457/469 432/376/468 498/456/467 
f 435/381/478 434/380/479 507/465/480 
f 435/381/478 507/465/480 508/466/481 
f 434/380/479 436/384/482 509/467/483 
f 434/380/479 509/467/483 507/465/480 
f 510/468/484 436/384/482 433/377/471 
f 510/468/484 433/377/471 500/458/470 
f 507/465/480 511/469/485 512/470/486 
f 507/465/480 512/470/486 508/466/481 
f 509/467/483 513/471/487 511/469/485 
f 509/467/483 511/469/485 507/465/480 
f 514/472/488 513/471/487 509/467/483 
f 514/472/488 509/467/483 510/468/484 
f 515/473/489 514/472/488 502/460/473 
f 515/473/489 502/460/473 501/459/472 
f 516/474/490 515/473/489 501/459/472 
f 517/475/491 516/474/490 518/476/492 
f 517/475/491 518/476/492 519/477/491 
f 514/472/488 510/468/484 500/458/470 
f 514/472/488 500/458/470 502/460/473 
f 510/468/484 509/467/483 436/384/482 
f 435/381/478 508/466/481 520/478/493 
f 435/381/478 520/478/493 437/386/494 
f 437/386/494 520/478/493 521/479/495 
f 437/386/494 521/479/495 438/388/496 
f 522/480/497 523/481/498 439/389/499 
f 522/480/497 439/389/499 438/388/496 
f 524/482/500 525/483/501 526/484/502 
f 524/482/500 526/484/502 527/485/503 
f 520/478/493 508/466/481 512/470/486 
f 520/478/493 512/470/486 528/486/504 
f 521/479/495 520/478/493 528/486/504 
f 521/479/495 528/486/504 529/487/505 
f 522/480/497 521/479/495 529/487/505 
f 522/480/497 529/487/505 526/484/502 
f 522/480/497 526/484/502 525/483/501 
f 522/480/497 525/483/501 523/481/498 
f 522/480/497 438/388/496 521/479/495 
f 441/393/506 440/392/507 530/488/508 
f 441/393/506 530/488/508 531/489/509 
f 440/392/507 442/396/510 532/490/511 
f 440/392/507 532/490/511 530/488/508 
f 533/491/512 442/396/510 439/389/499 
f 533/491/512 439/389/499 523/481/498 
f 530/488/508 534/492/513 535/493/514 
f 530/488/508 535/493/514 531/489/509 
f 532/490/511 536/494/515 534/492/513 
f 532/490/511 534/492/513 530/488/508 
f 537/495/516 536/494/515 532/490/511 
f 537/495/516 532/490/511 533/491/512 
f 538/496/517 537/495/516 525/483/501 
f 538/496/517 525/483/501 524/482/500 
f 539/497/518 538/496/517 524/482/500 
f 540/498/519 539/497/518 541/499/520 
f 540/498/519 541/499/520 542/500/519 
f 537/495/516 533/491/512 523/481/498 
f 537/495/516 523/481/498 525/483/501 
f 533/491/512 532/490/511 442/396/510 
f 441/393/506 531/489/509 543/501/521 
f 441/393/506 543/501/521 444/398/522 
f 444/398/522 543/501/521 544/502/523 
f 444/398/522 544/502/523 445/400/524 
f 545/503/525 546/504/526 446/401/527 
f 545/503/525 446/401/527 445/400/524 
f 547/505/528 548/506/529 549/507/530 
f 547/505/528 549/507/530 550/508/531 
f 543/501/521 531/489/509 535/493/514 
f 543/501/521 535/493/514 551/509/532 
f 544/502/523 543/501/521 551/509/532 
f 544/502/523 551/509/532 552/510/533 
f 545/503/525 544/502/523 552/510/533 
f 545/503/525 552/510/533 549/507/530 
f 545/503/525 549/507/530 548/506/529 
f 545/503/525 548/506/529 546/504/526 
f 545/503/525 445/400/524 544/502/523 
f 417/349/405 447/404/534 553/511/535 
f 417/349/405 553/511/535 449/407/406 
f 447/404/534 448/406/536 554/512/537 
f 447/404/534 554/512/537 553/511/535 
f 555/513/538 448/406/536 446/401/527 
f 555/513/538 446/401/527 546/504/526 
f 553/511/535 556/514/539 458/416/418 
f 553/511/535 458/416/418 449/407/406 
f 554/512/537 557/515/540 556/514/539 
f 554/512/537 556/514/539 553/511/535 
f 558/516/541 557/515/540 554/512/537 
f 558/516/541 554/512/537 555/513/538 
f 559/517/542 558/516/541 548/506/529 
f 559/517/542 548/506/529 547/505/528 
f 560/518/543 559/517/542 547/505/528 
f 561/519/544 560/518/543 562/520/545 
f 561/519/544 562/520/545 563/521/544 
f 558/516/541 555/513/538 546/504/526 
f 558/516/541 546/504/526 548/506/529 
f 555/513/538 554/512/537 448/406/536 
f 564/522/288 565/523/546 566/524/547 
f 564/522/288 566/524/547 567/525/548 
f 564/522/288 567/525/548 568/526/549 
f 564/522/288 568/526/549 569/527/550 
f 564/522/288 569/527/550 570/528/551 
f 564/522/288 570/528/551 571/529/552 
f 564/522/288 571/529/552 572/530/553 
f 564/522/288 572/530/553 573/531/554 
f 564/522/288 573/531/554 574/532/555 
f 564/522/288 574/532/555 575/533/556 
f 564/522/288 575/533/556 576/534/557 
f 564/522/288 576/534/557 577/535/558 
f 564/522/288 577/535/558 578/536/559 
f 564/522/288 578/536/559 579/537/560 
f 564/522/288 579/537/560 580/538/561 
f 564/522/288 580/538/561 581/539/562 
f 564/522/288 581/539/562 582/540/563 
f 564/522/288 582/540/563 583/541/564 
f 564/522/288 583/541/564 584/542/565 
f 564/522/288 584/542/565 565/523/546 
f 560/518/543 547/505/528 562/520/545 
f 562/520/545 547/505/528 550/508/531 
f 539/497/518 524/482/500 541/499/520 
f 541/499/520 524/482/500 527/485/503 
f 518/476/492 501/459/472 504/462/475 
f 516/474/490 501/459/472 518/476/492 
f 495/453/463 478/436/443 481/439/446 
f 493/451/461 478/436/443 495/453/463 
f 472/430/435 454/412/414 457/415/417 
f 472/430/435 470/428/433 454/412/414 
usemtl d121065c_dds
f 585/543/288 586/544/288 587/545/288 
f 585/543/288 587/545/288 588/546/271 
f 589/547/271 585/543/288 588/546/271 
f 589/547/271 588/546/271 590/548/271 
f 591/549/288 589/547/271 590/548/271 
f 591/549/288 590/548/271 592/550/288 
f 593/551/273 591/549/288 592/550/288 
f 593/551/273 592/550/288 594/552/271 
f 595/553/288 593/551/273 594/552/271 
f 595/553/288 594/552/271 596/554/271 
f 597/555/271 595/553/288 596/554/271 
f 597/555/271 596/554/271 598/556/288 
f 599/557/271 597/555/271 598/556/288 
f 599/557/271 598/556/288 600/558/271 
f 601/559/288 599/557/271 600/558/271 
f 601/559/288 600/558/271 602/560/288 
f 603/561/288 601/559/288 602/560/288 
f 603/561/288 602/560/288 604/562/288 
f 605/563/271 603/561/288 604/562/288 
f 605/563/271 604/562/288 606/564/271 
f 607/565/288 605/563/271 606/564/271 
f 607/565/288 606/564/271 608/566/288 
f 609/567/288 607/565/288 608/566/288 
f 609/567/288 608/566/288 610/568/288 
f 611/569/288 609/567/288 610/568/288 
f 611/569/288 610/568/288 612/570/288 
f 613/571/271 611/569/288 612/570/288 
f 613/571/271 612/570/288 614/572/271 
f 615/573/271 613/571/271 614/572/271 
f 615/573/271 614/572/271 616/574/288 
f 617/575/288 615/573/271 616/574/288 
f 617/575/288 616/574/288 618/576/288 
f 619/577/271 617/575/288 618/576/288 
f 619/577/271 618/576/288 620/578/288 
f 621/579/271 619/577/271 620/578/288 
f 621/579/271 620/578/288 622/580/271 
f 623/581/288 621/579/271 622/580/271 
f 623/581/288 622/580/271 624/582/271 
f 586/544/288 623/581/288 624/582/271 
f 586/544/288 624/582/271 587/545/288 
f 625/583/288 626/584/271 627/585/288 
f 625/583/288 627/585/288 628/586/288 
f 629/587/271 625/583/288 628/586/288 
f 629/587/271 628/586/288 630/588/271 
f 631/589/288 629/587/271 630/588/271 
f 631/589/288 630/588/271 632/590/288 
f 633/591/288 631/589/288 632/590/288 
f 633/591/288 632/590/288 634/592/288 
f 635/593/274 633/591/288 634/592/288 
f 635/593/274 634/592/288 636/594/288 
f 637/595/288 635/593/274 636/594/288 
f 637/595/288 636/594/288 638/596/288 
f 639/597/274 637/595/288 638/596/288 
f 639/597/274 638/596/288 640/598/288 
f 641/599/288 639/597/274 640/598/288 
f 641/599/288 640/598/288 642/600/288 
f 643/601/271 641/599/288 642/600/288 
f 643/601/271 642/600/288 644/602/271 
f 645/603/288 643/601/271 644/602/271 
f 645/603/288 644/602/271 646/604/288 
f 647/605/271 645/603/288 646/604/288 
f 647/605/271 646/604/288 648/606/271 
f 649/607/288 647/605/271 648/606/271 
f 649/607/288 648/606/271 650/608/288 
f 651/609/288 649/607/288 650/608/288 
f 651/609/288 650/608/288 652/610/271 
f 653/611/271 651/609/288 652/610/271 
f 653/611/271 652/610/271 654/612/271 
f 655/613/271 653/611/271 654/612/271 
f 655/613/271 654/612/271 656/614/271 
f 657/615/271 655/613/271 656/614/271 
f 657/615/271 656/614/271 658/616/271 
f 659/617/288 657/615/271 658/616/271 
f 659/617/288 658/616/271 660/618/288 
f 661/619/274 659/617/288 660/618/288 
f 661/619/274 660/618/288 662/620/274 
f 663/621/274 661/619/274 662/620/274 
f 663/621/274 662/620/274 664/622/274 
f 626/584/271 663/621/274 664/622/274 
f 626/584/271 664/622/274 627/585/288 
f 665/623/566 666/624/567 667/625/568 
f 665/623/566 667/625/568 668/626/569 
f 669/627/570 665/623/566 668/626/569 
f 669/627/570 668/626/569 670/628/571 
f 671/629/572 672/630/573 673/631/574 
f 671/629/572 673/631/574 674/632/575 
f 675/633/576 676/634/577 672/630/573 
f 675/633/576 672/630/573 671/629/572 
f 677/635/578 678/636/579 676/634/577 
f 677/635/578 676/634/577 675/633/576 
f 679/637/580 674/632/575 673/631/574 
f 679/637/580 673/631/574 680/638/581 
f 681/639/582 679/637/580 680/638/581 
f 681/639/582 680/638/581 682/640/583 
f 683/641/584 684/642/585 685/643/586 
f 683/641/584 685/643/586 686/644/586 
f 687/645/587 688/646/588 684/642/585 
f 687/645/587 684/642/585 683/641/584 
f 689/647/589 690/648/590 688/646/588 
f 689/647/589 688/646/588 687/645/587 
f 691/649/591 686/650/592 685/651/592 
f 691/649/591 685/651/592 692/652/593 
f 693/653/594 691/649/591 692/652/593 
f 693/653/594 692/652/593 694/654/595 
f 695/655/596 693/653/594 694/654/595 
f 695/655/596 694/654/595 696/656/597 
f 697/657/598 698/658/599 699/659/600 
f 697/657/598 699/659/600 700/660/601 
f 701/661/602 702/662/603 698/658/599 
f 701/661/602 698/658/599 697/657/598 
f 703/663/604 696/656/597 702/662/603 
f 703/663/604 702/662/603 701/661/602 
f 704/664/605 700/660/601 699/659/600 
f 704/664/605 699/659/600 705/665/606 
f 706/666/607 704/664/605 705/665/606 
f 706/666/607 705/665/606 707/667/608 
f 708/668/609 709/669/610 710/670/611 
f 708/668/609 710/670/611 711/671/612 
f 712/672/613 713/673/614 709/669/610 
f 712/672/613 709/669/610 708/668/609 
f 714/674/615 715/675/616 713/673/614 
f 714/674/615 713/673/614 712/672/613 
f 716/676/617 711/671/612 710/670/611 
f 716/676/617 710/670/611 717/677/618 
f 718/678/619 716/676/617 717/677/618 
f 718/678/619 717/677/618 719/679/620 
f 720/680/621 721/681/622 667/625/568 
f 720/680/621 667/625/568 666/624/567 
f 722/682/623 723/683/624 721/681/622 
f 722/682/623 721/681/622 720/680/621 
f 724/684/625 725/685/626 723/683/624 
f 724/684/625 723/683/624 722/682/623 
f 566/686/627 565/687/628 726/688/629 
f 566/686/627 726/688/629 727/689/630 
f 728/690/631 566/686/627 727/689/630 
f 728/690/631 727/689/630 729/691/632 
f 568/692/633 728/690/631 729/691/632 
f 568/692/633 729/691/632 730/693/634 
f 569/694/635 568/692/633 730/693/634 
f 569/694/635 730/693/634 731/695/635 
f 570/696/636 569/694/635 731/695/635 
f 570/696/636 731/695/635 732/697/637 
f 571/698/638 570/696/636 732/697/637 
f 571/698/638 732/697/637 733/699/639 
f 572/700/640 571/698/638 733/699/639 
f 572/700/640 733/699/639 734/701/641 
f 573/702/642 572/700/640 734/701/641 
f 573/702/642 734/701/641 735/703/643 
f 574/704/644 573/702/642 735/703/643 
f 574/704/644 735/703/643 736/705/644 
f 575/706/645 574/707/646 736/708/646 
f 575/706/645 736/708/646 737/709/647 
f 576/710/648 575/706/645 737/709/647 
f 576/710/648 737/709/647 738/711/649 
f 577/712/650 576/710/648 738/711/649 
f 577/712/650 738/711/649 739/713/651 
f 578/714/652 577/712/650 739/713/651 
f 578/714/652 739/713/651 740/715/653 
f 579/716/654 578/714/652 740/715/653 
f 579/716/654 740/715/653 741/717/654 
f 580/718/655 579/716/654 741/717/654 
f 580/718/655 741/717/654 742/719/656 
f 581/720/657 580/718/655 742/719/656 
f 581/720/657 742/719/656 743/721/658 
f 582/722/659 581/720/657 743/721/658 
f 582/722/659 743/721/658 744/723/660 
f 583/724/661 582/722/659 744/723/660 
f 583/724/661 744/723/660 745/725/662 
f 584/726/663 583/724/661 745/725/662 
f 584/726/663 745/725/662 746/727/664 
f 565/687/628 584/726/663 746/727/664 
f 565/687/628 746/727/664 726/688/629 
f 747/728/665 748/729/666 626/730/667 
f 747/728/665 626/730/667 625/731/668 
f 749/732/669 747/728/665 625/731/668 
f 749/732/669 625/731/668 629/733/670 
f 750/734/671 749/732/669 629/733/670 
f 750/734/671 629/733/670 631/735/672 
f 751/736/266 750/734/671 631/735/672 
f 751/736/266 631/735/672 633/737/266 
f 752/738/673 751/736/266 633/737/266 
f 752/738/673 633/737/266 635/739/674 
f 753/740/675 752/738/673 635/739/674 
f 753/740/675 635/739/674 637/741/676 
f 754/742/677 753/740/675 637/741/676 
f 754/742/677 637/741/676 639/743/678 
f 755/744/679 754/742/677 639/743/678 
f 755/744/679 639/743/678 641/745/680 
f 756/746/681 755/744/679 641/745/680 
f 756/746/681 641/745/680 643/747/682 
f 757/748/683 756/749/684 643/750/684 
f 757/748/683 643/750/684 645/751/685 
f 758/752/686 757/748/683 645/751/685 
f 758/752/686 645/751/685 647/753/687 
f 759/754/688 758/752/686 647/753/687 
f 759/754/688 647/753/687 649/755/689 
f 760/756/690 759/754/688 649/755/689 
f 760/756/690 649/755/689 651/757/575 
f 761/758/261 760/756/690 651/757/575 
f 761/758/261 651/757/575 653/759/261 
f 762/760/691 761/758/261 653/759/261 
f 762/760/691 653/759/261 655/761/692 
f 763/762/693 762/760/691 655/761/692 
f 763/762/693 655/761/692 657/763/694 
f 764/764/695 763/762/693 657/763/694 
f 764/764/695 657/763/694 659/765/696 
f 765/766/697 764/764/695 659/765/696 
f 765/766/697 659/765/696 661/767/698 
f 766/768/699 765/766/697 661/767/698 
f 766/768/699 661/767/698 663/769/700 
f 748/729/666 766/768/699 663/769/700 
f 748/729/666 663/769/700 626/730/667 
f 628/770/686 627/771/701 767/772/685 
f 628/770/686 767/772/685 768/773/687 
f 630/774/688 628/770/686 768/773/687 
f 630/774/688 768/773/687 769/775/689 
f 632/776/690 630/774/688 769/775/689 
f 632/776/690 769/775/689 770/777/702 
f 634/778/261 632/776/690 770/777/702 
f 634/778/261 770/777/702 771/779/261 
f 636/780/691 634/778/261 771/779/261 
f 636/780/691 771/779/261 772/781/692 
f 638/782/693 636/780/691 772/781/692 
f 638/782/693 772/781/692 773/783/694 
f 640/784/695 638/782/693 773/783/694 
f 640/784/695 773/783/694 774/785/696 
f 642/786/697 640/784/695 774/785/696 
f 642/786/697 774/785/696 775/787/698 
f 644/788/703 642/786/697 775/787/698 
f 644/788/703 775/787/698 776/789/703 
f 646/790/666 644/791/704 776/792/704 
f 646/790/666 776/792/704 777/793/705 
f 648/794/665 646/790/666 777/793/705 
f 648/794/665 777/793/705 778/795/668 
f 650/796/669 648/794/665 778/795/668 
f 650/796/669 778/795/668 779/797/670 
f 652/798/671 650/796/669 779/797/670 
f 652/798/671 779/797/670 780/799/672 
f 654/800/266 652/798/671 780/799/672 
f 654/800/266 780/799/672 781/801/266 
f 656/802/673 654/800/266 781/801/266 
f 656/802/673 781/801/266 782/803/674 
f 658/804/706 656/802/673 782/803/674 
f 658/804/706 782/803/674 783/805/676 
f 660/806/677 658/804/706 783/805/676 
f 660/806/677 783/805/676 784/807/678 
f 662/808/679 660/806/677 784/807/678 
f 662/808/679 784/807/678 785/809/680 
f 664/810/707 662/808/679 785/809/680 
f 664/810/707 785/809/680 786/811/708 
f 627/771/701 664/810/707 786/811/708 
f 627/771/701 786/811/708 767/772/685 
f 768/773/288 767/772/288 787/812/288 
f 768/773/288 787/812/288 788/813/288 
f 769/775/288 768/773/288 788/813/288 
f 769/775/288 788/813/288 789/814/288 
f 770/777/271 769/775/288 789/814/288 
f 770/777/271 789/814/288 790/815/271 
f 771/779/271 770/777/271 790/815/271 
f 771/779/271 790/815/271 791/816/271 
f 772/781/271 771/779/271 791/816/271 
f 772/781/271 791/816/271 792/817/271 
f 773/783/288 772/781/271 792/817/271 
f 773/783/288 792/817/271 793/818/288 
f 774/785/288 773/783/288 793/818/288 
f 774/785/288 793/818/288 794/819/288 
f 775/787/274 774/785/288 794/819/288 
f 775/787/274 794/819/288 795/820/274 
f 776/789/288 775/787/274 795/820/274 
f 776/789/288 795/820/274 796/821/288 
f 777/793/273 776/792/288 796/822/288 
f 777/793/273 796/822/288 797/823/273 
f 778/795/273 777/793/273 797/823/273 
f 778/795/273 797/823/273 798/824/273 
f 779/797/271 778/795/273 798/824/273 
f 779/797/271 798/824/273 799/825/288 
f 780/799/288 779/797/271 799/825/288 
f 780/799/288 799/825/288 800/826/288 
f 781/801/271 780/799/288 800/826/288 
f 781/801/271 800/826/288 801/827/271 
f 782/803/271 781/801/271 801/827/271 
f 782/803/271 801/827/271 802/828/271 
f 783/805/271 782/803/271 802/828/271 
f 783/805/271 802/828/271 803/829/271 
f 784/807/274 783/805/271 803/829/271 
f 784/807/274 803/829/271 804/830/274 
f 785/809/288 784/807/274 804/830/274 
f 785/809/288 804/830/274 805/831/271 
f 786/811/273 785/809/288 805/831/271 
f 786/811/273 805/831/271 806/832/273 
f 767/772/288 786/811/273 806/832/273 
f 767/772/288 806/832/273 787/812/288 
f 788/813/686 787/812/709 807/833/685 
f 788/813/686 807/833/685 808/834/687 
f 789/814/688 788/813/686 808/834/687 
f 789/814/688 808/834/687 809/835/689 
f 790/815/690 789/814/688 809/835/689 
f 790/815/690 809/835/689 810/836/702 
f 791/816/261 790/815/690 810/836/702 
f 791/816/261 810/836/702 811/837/261 
f 792/817/691 791/816/261 811/837/261 
f 792/817/691 811/837/261 812/838/692 
f 793/818/693 792/817/691 812/838/692 
f 793/818/693 812/838/692 813/839/694 
f 794/819/695 793/818/693 813/839/694 
f 794/819/695 813/839/694 814/840/696 
f 795/820/697 794/819/695 814/840/696 
f 795/820/697 814/840/696 815/841/698 
f 796/821/703 795/820/697 815/841/698 
f 796/821/703 815/841/698 816/842/703 
f 797/823/666 796/822/704 816/843/704 
f 797/823/666 816/843/704 817/844/667 
f 798/824/665 797/823/666 817/844/667 
f 798/824/665 817/844/667 818/845/668 
f 799/825/669 798/824/665 818/845/668 
f 799/825/669 818/845/668 819/846/670 
f 800/826/671 799/825/669 819/846/670 
f 800/826/671 819/846/670 820/847/672 
f 801/827/266 800/826/671 820/847/672 
f 801/827/266 820/847/672 821/848/266 
f 802/828/673 801/827/266 821/848/266 
f 802/828/673 821/848/266 822/849/674 
f 803/829/706 802/828/673 822/849/674 
f 803/829/706 822/849/674 823/850/676 
f 804/830/677 803/829/706 823/850/676 
f 804/830/677 823/850/676 824/851/678 
f 805/831/679 804/830/677 824/851/678 
f 805/831/679 824/851/678 825/852/680 
f 806/832/707 805/831/679 825/852/680 
f 806/832/707 825/852/680 826/853/710 
f 787/812/709 806/832/707 826/853/710 
f 787/812/709 826/853/710 807/833/685 
f 459/854/566 458/855/567 666/856/568 
f 459/854/566 666/856/568 665/857/711 
f 460/858/712 459/854/566 665/857/711 
f 460/858/712 665/857/711 669/859/713 
f 827/860/714 456/861/715 460/858/712 
f 827/860/714 460/858/712 669/859/713 
f 465/862/572 671/863/716 674/864/574 
f 465/862/572 674/864/574 466/865/575 
f 467/866/717 675/867/718 671/863/716 
f 467/866/717 671/863/716 465/862/572 
f 677/868/719 675/867/718 467/866/717 
f 677/868/719 467/866/717 468/869/720 
f 482/870/580 466/865/575 674/864/574 
f 482/870/580 674/864/574 679/871/721 
f 483/872/722 482/870/580 679/871/721 
f 483/872/722 679/871/721 681/873/723 
f 828/874/724 480/875/725 483/872/722 
f 828/874/724 483/872/722 681/873/723 
f 488/876/584 683/877/726 686/878/727 
f 488/876/584 686/878/727 489/879/728 
f 490/880/729 687/881/730 683/877/726 
f 490/880/729 683/877/726 488/876/584 
f 689/882/731 687/881/730 490/880/729 
f 689/882/731 490/880/729 491/883/732 
f 505/884/591 489/879/728 686/878/727 
f 505/884/591 686/878/727 691/885/733 
f 506/886/734 505/884/591 691/885/733 
f 506/886/734 691/885/733 693/887/735 
f 695/888/736 503/889/737 506/886/734 
f 695/888/736 506/886/734 693/887/735 
f 511/890/598 697/891/738 700/892/600 
f 511/890/598 700/892/600 512/893/601 
f 513/894/739 701/895/740 697/891/738 
f 513/894/739 697/891/738 511/890/598 
f 703/896/741 701/895/740 513/894/739 
f 703/896/741 513/894/739 514/897/742 
f 528/898/743 512/893/601 700/892/600 
f 528/898/743 700/892/600 704/899/605 
f 829/900/744 528/898/743 704/899/605 
f 829/900/744 704/899/605 706/901/745 
f 830/902/746 526/903/747 829/900/744 
f 830/902/746 829/900/744 706/901/745 
f 534/904/609 708/905/748 711/906/611 
f 534/904/609 711/906/611 535/907/612 
f 536/908/749 712/909/613 708/905/748 
f 536/908/749 708/905/748 534/904/609 
f 714/910/750 712/909/613 536/908/749 
f 714/910/750 536/908/749 537/911/751 
f 551/912/617 535/907/612 711/906/611 
f 551/912/617 711/906/611 716/913/752 
f 552/914/753 551/912/617 716/913/752 
f 552/914/753 716/913/752 718/915/754 
f 831/916/755 549/917/756 552/914/753 
f 831/916/755 552/914/753 718/915/754 
f 556/918/621 720/919/757 666/856/568 
f 556/918/621 666/856/568 458/855/567 
f 557/920/758 722/921/759 720/919/757 
f 557/920/758 720/919/757 556/918/621 
f 724/922/760 722/921/759 557/920/758 
f 724/922/760 557/920/758 558/923/761 
f 457/924/762 456/861/715 827/860/714 
f 457/924/762 827/860/714 832/925/763 
f 472/926/764 457/924/762 832/925/763 
f 472/926/764 832/925/763 833/927/765 
f 833/927/765 473/928/766 472/926/764 
f 834/929/767 835/930/768 677/868/719 
f 834/929/767 677/868/719 468/869/720 
f 470/931/769 836/932/770 835/930/768 
f 470/931/769 835/930/768 834/929/767 
f 836/932/770 470/931/769 471/933/771 
f 837/934/772 480/875/725 828/874/724 
f 837/934/772 828/874/724 838/935/773 
f 495/936/774 837/934/772 838/935/773 
f 495/936/774 838/935/773 839/937/775 
f 839/937/775 496/938/776 495/936/774 
f 492/939/777 840/940/778 689/882/731 
f 492/939/777 689/882/731 491/883/732 
f 493/941/779 841/942/780 840/940/778 
f 493/941/779 840/940/778 492/939/777 
f 841/942/780 493/941/779 494/943/781 
f 504/944/782 503/889/737 695/888/736 
f 504/944/782 695/888/736 842/945/783 
f 518/946/784 504/944/782 842/945/783 
f 518/946/784 842/945/783 843/947/785 
f 843/947/785 519/948/786 518/946/784 
f 515/949/787 844/950/788 703/896/741 
f 515/949/787 703/896/741 514/897/742 
f 516/951/789 845/952/790 844/950/788 
f 516/951/789 844/950/788 515/949/787 
f 845/952/790 516/951/789 846/953/791 
f 527/954/792 526/903/747 830/902/746 
f 527/954/792 830/902/746 847/955/793 
f 541/956/794 527/954/792 847/955/793 
f 541/956/794 847/955/793 848/957/795 
f 848/957/795 542/958/796 541/956/794 
f 538/959/797 849/960/798 714/910/750 
f 538/959/797 714/910/750 537/911/751 
f 539/961/799 850/962/800 849/960/798 
f 539/961/799 849/960/798 538/959/797 
f 850/962/800 539/961/799 540/963/801 
f 550/964/802 549/917/756 831/916/755 
f 550/964/802 831/916/755 851/965/803 
f 562/966/804 550/964/802 851/965/803 
f 562/966/804 851/965/803 852/967/805 
f 852/967/805 563/968/806 562/966/804 
f 559/969/807 853/970/808 724/922/760 
f 559/969/807 724/922/760 558/923/761 
f 854/971/809 855/972/810 853/970/808 
f 854/971/809 853/970/808 559/969/807 
f 855/972/810 854/971/809 561/973/811 
f 856/974/812 133/975/813 673/976/814 
f 856/974/812 673/976/814 672/977/815 
f 135/978/816 856/974/812 672/977/815 
f 135/978/816 672/977/815 676/979/816 
f 136/980/817 135/978/816 676/979/816 
f 136/980/817 676/979/816 678/981/817 
f 146/982/818 668/983/819 667/984/820 
f 146/982/818 667/984/820 147/985/821 
f 857/986/822 670/987/822 668/983/819 
f 857/986/822 668/983/819 146/982/818 
f 136/980/817 678/981/817 670/987/822 
f 136/980/817 670/987/822 857/986/822 
f 162/988/823 161/989/824 685/990/825 
f 162/988/823 685/990/825 684/991/826 
f 163/992/827 162/988/823 684/991/826 
f 163/992/827 684/991/826 688/993/827 
f 164/994/828 163/992/827 688/993/827 
f 164/994/828 688/993/827 690/995/828 
f 858/996/829 680/997/830 673/976/814 
f 858/996/829 673/976/814 133/975/813 
f 172/998/831 682/999/832 680/997/830 
f 172/998/831 680/997/830 858/996/829 
f 164/994/828 690/995/828 682/999/832 
f 164/994/828 682/999/832 172/998/831 
f 186/1000/833 185/1001/834 699/1002/835 
f 186/1000/833 699/1002/835 698/1003/836 
f 187/1004/837 186/1000/833 698/1003/836 
f 187/1004/837 698/1003/836 702/1005/837 
f 188/1006/838 187/1004/837 702/1005/837 
f 188/1006/838 702/1005/837 696/1007/838 
f 195/1008/839 692/1009/840 685/990/825 
f 195/1008/839 685/990/825 161/989/824 
f 196/1010/841 694/1011/841 692/1009/840 
f 196/1010/841 692/1009/840 195/1008/839 
f 188/1006/838 696/1007/838 694/1011/841 
f 188/1006/838 694/1011/841 196/1010/841 
f 210/1012/842 209/1013/843 710/1014/844 
f 210/1012/842 710/1014/844 709/1015/845 
f 211/1016/846 210/1012/842 709/1015/845 
f 211/1016/846 709/1015/845 713/1017/846 
f 212/1018/847 211/1016/846 713/1017/846 
f 212/1018/847 713/1017/846 715/1019/847 
f 219/1020/848 705/1021/849 699/1002/835 
f 219/1020/848 699/1002/835 185/1001/834 
f 220/1022/850 707/1023/850 705/1021/849 
f 220/1022/850 705/1021/849 219/1020/848 
f 212/1018/847 715/1019/847 707/1023/850 
f 212/1018/847 707/1023/850 220/1022/850 
f 859/1024/851 147/985/821 667/984/820 
f 859/1024/851 667/984/820 721/1025/852 
f 231/1026/853 859/1024/851 721/1025/852 
f 231/1026/853 721/1025/852 723/1027/853 
f 860/1028/854 231/1026/853 723/1027/853 
f 860/1028/854 723/1027/853 725/1029/854 
f 239/1030/855 717/1031/856 710/1014/844 
f 239/1030/855 710/1014/844 209/1013/843 
f 240/1032/857 719/1033/857 717/1031/856 
f 240/1032/857 717/1031/856 239/1030/855 
f 860/1028/854 725/1029/854 719/1033/857 
f 860/1028/854 719/1033/857 240/1032/857 
f 833/1034/858 832/1035/859 835/1036/860 
f 833/1034/858 835/1036/860 836/1037/858 
f 840/1038/861 841/1039/862 839/1040/863 
f 840/1038/861 839/1040/863 838/1041/864 
f 861/1042/865 843/1043/866 845/1044/867 
f 861/1042/865 845/1044/867 862/1045/865 
f 863/1046/868 848/1047/869 850/1048/869 
f 863/1046/868 850/1048/869 864/1049/868 
f 851/1050/870 831/1051/871 724/1052/871 
f 851/1050/870 724/1052/871 853/1053/872 
f 830/1054/873 706/666/607 707/667/608 
f 830/1054/873 707/667/608 715/675/616 
f 715/675/616 714/674/615 830/1054/873 
f 848/1047/869 847/1055/874 849/1056/875 
f 848/1047/869 849/1056/875 850/1048/869 
f 847/1055/874 830/1057/876 714/1058/877 
f 847/1055/874 714/1058/877 849/1056/875 
f 841/1039/862 865/1059/878 866/1060/878 
f 841/1039/862 866/1060/878 839/1040/863 
f 689/1061/879 840/1038/861 838/1041/864 
f 689/1061/879 838/1041/864 828/1062/880 
f 828/1063/881 681/639/582 682/640/583 
f 828/1063/881 682/640/583 690/648/590 
f 690/648/590 689/647/589 828/1063/881 
f 696/656/597 703/663/604 695/655/596 
f 867/1064/882 833/1034/858 836/1037/858 
f 867/1064/882 836/1037/858 868/1065/882 
f 832/1035/859 827/1066/883 677/1067/884 
f 832/1035/859 677/1067/884 835/1036/860 
f 827/1068/885 669/627/570 670/628/571 
f 827/1068/885 670/628/571 678/636/579 
f 678/636/579 677/635/578 827/1068/885 
f 869/1069/886 852/1070/887 855/1071/888 
f 869/1069/886 855/1071/888 870/1072/886 
f 852/1070/887 851/1050/870 853/1053/872 
f 852/1070/887 853/1053/872 855/1071/888 
f 725/685/626 724/684/625 831/1073/889 
f 831/1073/889 718/678/619 719/679/620 
f 831/1073/889 719/679/620 725/685/626 
f 846/1074/890 519/1075/890 871/1076/890 
f 846/1074/890 871/1076/890 872/1077/890 
f 861/1078/891 871/1076/892 519/1075/893 
f 861/1078/891 519/1075/893 843/1079/894 
f 862/1080/895 845/1081/896 846/1074/897 
f 862/1080/895 846/1074/897 872/1077/898 
f 494/1082/899 496/1083/899 873/1084/899 
f 494/1082/899 873/1084/899 874/1085/899 
f 866/1086/900 873/1084/901 496/1083/902 
f 866/1086/900 496/1083/902 839/1087/903 
f 865/1088/904 841/1089/905 494/1082/906 
f 865/1088/904 494/1082/906 874/1085/907 
f 875/1090/908 876/1091/908 471/1092/908 
f 875/1090/908 471/1092/908 473/1093/908 
f 867/1094/909 875/1090/685 473/1093/910 
f 867/1094/909 473/1093/910 833/1095/911 
f 868/1096/912 836/1097/913 471/1092/914 
f 868/1096/912 471/1092/914 876/1091/705 
f 540/1098/915 542/1099/915 877/1100/915 
f 540/1098/915 877/1100/915 878/1101/915 
f 863/1102/916 877/1100/917 542/1099/918 
f 863/1102/916 542/1099/918 848/1103/919 
f 864/1104/920 850/1105/921 540/1098/922 
f 864/1104/920 540/1098/922 878/1101/923 
f 561/1106/924 563/1107/924 879/1108/924 
f 561/1106/924 879/1108/924 880/1109/924 
f 869/1110/925 879/1108/926 563/1107/927 
f 869/1110/925 563/1107/927 852/1111/928 
f 870/1112/929 855/1113/930 561/1106/931 
f 870/1112/929 561/1106/931 880/1109/932 
f 843/1043/866 842/1114/933 844/1115/933 
f 843/1043/866 844/1115/933 845/1044/867 
f 842/1114/933 695/1116/934 703/1117/935 
f 842/1114/933 703/1117/935 844/1115/933 
# 1522 faces

