# 3ds Max Wavefront OBJ Exporter v0.99 - (c)2007 guruware
# File Created: 08.04.2025 22:57:39

mtllib slimeFuego.mtl

#
# object body_001
#

v  -18.4392 -17.5576 13.1136
v  -19.9951 -15.2029 13.8145
v  -21.8366 -15.4013 9.5965
v  -19.9899 -17.9268 9.2059
v  -20.9594 -12.2819 14.3911
v  -22.9191 -12.3503 9.9552
v  -21.2597 -8.9213 14.6272
v  -23.2106 -8.8806 10.1110
v  -20.8316 -5.2964 14.4064
v  -22.7017 -5.1403 9.9603
v  -19.7478 -1.6560 13.8406
v  -21.4434 -1.3381 9.6012
v  -18.0997 1.7668 13.1848
v  -19.4865 2.3201 9.2270
v  -22.9256 -15.5800 4.9178
v  -20.9481 -18.2263 4.7457
v  -24.0484 -12.4150 5.0893
v  -24.3175 -8.8340 5.1687
v  -23.7536 -4.9958 5.1182
v  -22.4046 -1.0953 4.9971
v  -20.3037 2.6818 4.8614
v  -23.2891 -15.6268 0.0048
v  -21.2833 -18.2877 0.0018
v  -24.4151 -12.4684 0.0487
v  -24.6698 -8.9347 0.1490
v  -24.0848 -5.1632 0.2918
v  -22.7160 -1.3025 0.4285
v  -20.5834 2.4653 0.4976
v  -22.9286 -15.4702 -4.8020
v  -20.9531 -18.0029 -4.7093
v  -24.0492 -12.4916 -4.8265
v  -24.3188 -9.1709 -4.6892
v  -23.7589 -5.6284 -4.3731
v  -22.4152 -1.9842 -4.0085
v  -20.3204 1.6045 -3.7285
v  -21.8428 -15.2261 -9.1947
v  -19.9987 -17.5579 -8.9864
v  -22.9228 -12.4665 -9.2841
v  -23.2168 -9.4018 -9.1168
v  -22.7159 -6.1392 -8.6501
v  -21.4669 -2.8118 -8.0471
v  -19.5134 0.4115 -7.5135
v  -20.0055 -14.9482 -12.9522
v  -18.4507 -17.0663 -12.5345
v  -20.9694 -12.4054 -13.1678
v  -21.2753 -9.5590 -13.0106
v  -20.8588 -6.5519 -12.4157
v  -19.7796 -3.5500 -11.5896
v  -18.1270 -0.7098 -10.7707
v  -15.1812 -18.7301 15.2045
v  -16.2158 -17.3397 16.2529
v  -16.2301 -19.3010 12.7417
v  -17.3304 -15.0902 17.3909
v  -18.1103 -12.2312 18.2013
v  -18.3882 -8.9173 18.5125
v  -18.0593 -5.3396 18.2255
v  -17.2069 -1.7416 17.4596
v  -16.0192 1.5353 16.3876
v  -14.9531 3.8162 15.3937
v  -15.8638 4.7020 12.8964
v  -16.8175 5.6504 9.1264
v  -17.4539 6.1813 4.8544
v  -17.6885 5.9262 0.5530
v  -17.4764 4.8718 -3.5572
v  -16.8485 3.3486 -7.2208
v  -15.8871 1.7500 -10.3125
v  -14.9523 0.5695 -12.3800
v  -16.0456 -1.3665 -13.3637
v  -17.2442 -3.9870 -14.5538
v  -18.0961 -6.8013 -15.5957
v  -18.4124 -9.6350 -16.3014
v  -18.1255 -12.3310 -16.4546
v  -17.3423 -14.7534 -16.0876
v  -16.2263 -16.7463 -15.3280
v  -16.2395 -18.6677 -12.3336
v  -15.1900 -18.0346 -14.5305
v  -17.3512 -19.3930 -8.9098
v  -18.1200 -19.9950 -4.6686
v  -18.4016 -20.3573 0.0040
v  -18.1148 -20.2887 4.6724
v  -17.3428 -19.8836 9.0275
v  -13.1100 -16.8343 -17.4530
v  -13.8065 -14.7479 -18.5876
v  -9.5839 -14.8456 -20.5141
v  -9.1970 -17.1024 -19.0994
v  -14.3785 -12.3139 -19.0765
v  -9.9403 -12.2956 -21.1218
v  -14.6121 -9.6387 -18.9106
v  -10.0948 -9.5328 -20.9639
v  -14.3896 -6.8268 -18.1149
v  -9.9428 -6.6347 -20.1065
v  -13.7979 -3.9971 -16.8487
v  -9.5807 -3.6760 -18.6554
v  -13.0374 -1.2529 -15.2433
v  -9.1683 -0.6997 -16.7139
v  -4.9007 -14.8977 -21.9033
v  -4.7316 -17.3218 -20.3517
v  -5.0687 -12.1888 -22.5554
v  -5.1420 -9.2764 -22.4142
v  -5.0601 -6.2473 -21.5347
v  -4.8820 -3.1522 -20.0072
v  -4.7001 -0.0107 -17.9070
v  4.7316 -17.3218 -20.3517
v  1.6219 -17.3896 -20.6869
v  1.6183 -14.8984 -22.2871
v  4.9007 -14.8977 -21.9033
v  1.6148 -12.1021 -22.9765
v  5.0687 -12.1888 -22.5554
v  1.6092 -9.0969 -22.8659
v  5.1420 -9.2764 -22.4142
v  1.6001 -5.9840 -22.0170
v  5.0601 -6.2473 -21.5347
v  1.5898 -2.8221 -20.5035
v  4.8820 -3.1522 -20.0072
v  1.5819 0.3694 -18.3895
v  4.7001 -0.0107 -17.9070
v  -12.7409 -18.5059 -15.5947
v  -12.5786 1.3049 -13.2316
v  -8.9340 2.2579 -14.2628
v  -4.6117 3.1637 -15.2474
v  1.5801 3.5806 -15.6866
v  1.5854 6.6752 -12.3575
v  4.6623 6.2288 -11.9908
v  4.6117 3.1637 -15.2474
v  4.6616 -19.3339 -17.8132
v  1.6273 -19.4365 -18.0794
v  -9.0237 -18.9703 -16.8091
v  -4.6616 -19.3339 -17.8132
v  1.6286 -15.5474 23.6511
v  4.9124 -15.4933 23.3818
v  5.0814 -12.2915 24.6835
v  1.6276 -12.3118 24.9741
v  5.1561 -8.6437 25.1603
v  1.6268 -8.6201 25.4633
v  5.0762 -4.6379 24.8330
v  1.6254 -4.5672 25.1359
v  4.9005 -0.4779 23.6825
v  1.6238 -0.3576 23.9714
v  4.7593 3.5885 21.6905
v  1.6239 3.7445 21.9530
v  -4.7553 -20.8343 -14.2851
v  -1.6326 -20.9490 -14.4807
v  -1.6365 -22.0334 -10.1329
v  -4.9417 -21.9206 -10.0093
v  -4.7412 -18.1713 21.2487
v  -4.9124 -15.4933 23.3818
v  -9.5893 -15.3254 22.1737
v  -9.2022 -17.8773 20.2093
v  -5.0814 -12.2915 24.6835
v  -9.9432 -12.2460 23.3824
v  -5.1561 -8.6437 25.1603
v  -10.0928 -8.7387 23.8160
v  -5.0762 -4.6379 24.8330
v  -9.9348 -4.8930 23.4853
v  -4.9005 -0.4779 23.6825
v  -9.5713 -0.9199 22.3997
v  -4.7593 3.5885 21.6905
v  -9.2443 2.9319 20.5508
v  -13.8003 -15.1566 20.1796
v  -13.1054 -17.5264 18.5563
v  -14.3676 -12.2215 21.2135
v  -14.5921 -8.8468 21.5906
v  -14.3582 -5.1782 21.2661
v  -13.7641 -1.4356 20.3169
v  -13.0592 2.0728 18.7820
v  4.7133 7.2200 18.8260
v  1.6358 7.4203 19.0550
v  -4.7133 7.2200 18.8260
v  -9.0815 6.3027 17.8790
v  -12.6515 4.9802 16.5702
v  -12.7360 -19.2857 16.2840
v  -9.0259 -19.8574 17.4532
v  -4.6677 -20.2606 18.2759
v  4.7587 -21.6993 14.4772
v  4.6677 -20.2606 18.2759
v  1.6329 -20.3643 18.4728
v  1.6360 -21.8109 14.6309
v  -13.1508 -19.7327 -12.8127
v  -9.2348 -20.3768 -13.6040
v  -9.6489 -21.4165 -9.6093
v  -13.8640 -20.6550 -9.1644
v  4.7553 -20.8343 -14.2851
v  4.9417 -21.9206 -10.0093
v  1.6365 -22.0334 -10.1329
v  1.6326 -20.9490 -14.4807
v  -10.0201 -22.1609 -4.9544
v  -14.4294 -21.3487 -4.7666
v  -5.1209 -22.6420 -5.1306
v  5.1209 -22.6420 -5.1306
v  1.6391 -22.7474 -5.1849
v  -10.1762 -22.5758 0.0034
v  -14.6503 -21.7446 0.0041
v  -5.2012 -23.0265 0.0046
v  5.2012 -23.0265 0.0046
v  1.6403 -23.1267 0.0053
v  -10.0192 -22.5679 4.9494
v  -14.4252 -21.7010 4.7638
v  -5.1224 -23.0278 5.1280
v  5.1224 -23.0278 5.1280
v  1.6403 -23.1246 5.1827
v  -9.6474 -22.1013 9.6480
v  -13.8574 -21.2424 9.2346
v  -4.9442 -22.5805 10.0198
v  4.9442 -22.5805 10.0198
v  1.6386 -22.6871 10.1263
v  -9.2340 -21.2336 13.8849
v  -13.1442 -20.4672 13.1528
v  -4.7587 -21.6993 14.4772
v  -1.6329 -20.3643 18.4728
v  -1.6303 -18.2544 21.4851
v  1.5973 9.4355 -8.4139
v  4.7914 8.9878 -8.1654
v  -4.6623 6.2288 -11.9908
v  -9.0607 5.0885 -11.2305
v  -9.3737 7.6407 -7.6863
v  -4.7914 8.9878 -8.1654
v  -12.8678 3.6221 -10.5770
v  -13.4463 5.7628 -7.3113
v  1.6112 11.6521 -3.8286
v  4.9202 11.2412 -3.7470
v  -9.6483 9.7556 -3.6296
v  -4.9202 11.2412 -3.7470
v  -13.8857 7.6057 -3.5454
v  1.6202 13.0223 1.1277
v  4.9795 12.6768 1.0563
v  -9.7608 11.1795 0.8608
v  -4.9795 12.6768 1.0563
v  -14.0469 8.8764 0.6805
v  1.6202 13.2198 6.0999
v  4.9215 12.8864 5.9800
v  -9.6361 11.4580 5.5508
v  -4.9215 12.8864 5.9800
v  -13.8635 9.1761 5.1074
v  1.6181 12.2560 10.9121
v  4.7972 11.9307 10.7527
v  -9.3557 10.5519 10.1712
v  -4.7972 11.9307 10.7527
v  -13.4134 8.4276 9.5156
v  1.6198 10.3142 15.3051
v  4.7127 10.0401 15.1085
v  -9.1295 8.8515 14.3529
v  -4.7127 10.0401 15.1085
v  -12.8883 7.0380 13.4403
v  -1.5801 3.5806 -15.6866
v  -1.5819 0.3694 -18.3895
v  18.4392 -17.5576 13.1136
v  19.9899 -17.9268 9.2059
v  21.8366 -15.4013 9.5965
v  19.9951 -15.2029 13.8145
v  22.9191 -12.3503 9.9552
v  20.9594 -12.2819 14.3911
v  23.2106 -8.8806 10.1110
v  21.2597 -8.9213 14.6272
v  22.7017 -5.1403 9.9603
v  20.8316 -5.2964 14.4064
v  21.4434 -1.3381 9.6012
v  19.7478 -1.6560 13.8406
v  19.4865 2.3201 9.2270
v  18.0997 1.7668 13.1848
v  20.9481 -18.2263 4.7457
v  22.9256 -15.5800 4.9178
v  24.0484 -12.4150 5.0893
v  24.3175 -8.8340 5.1687
v  23.7536 -4.9958 5.1182
v  22.4046 -1.0953 4.9971
v  20.3037 2.6818 4.8614
v  21.2833 -18.2877 0.0018
v  23.2891 -15.6268 0.0048
v  24.4151 -12.4684 0.0487
v  24.6698 -8.9347 0.1490
v  24.0848 -5.1632 0.2918
v  22.7160 -1.3025 0.4285
v  20.5834 2.4653 0.4976
v  20.9531 -18.0029 -4.7093
v  22.9286 -15.4702 -4.8020
v  24.0492 -12.4916 -4.8265
v  24.3188 -9.1709 -4.6892
v  23.7589 -5.6284 -4.3731
v  22.4152 -1.9842 -4.0085
v  20.3204 1.6045 -3.7285
v  19.9987 -17.5579 -8.9864
v  21.8428 -15.2261 -9.1947
v  22.9228 -12.4665 -9.2841
v  23.2168 -9.4018 -9.1168
v  22.7159 -6.1392 -8.6501
v  21.4669 -2.8118 -8.0471
v  19.5134 0.4115 -7.5135
v  18.4507 -17.0663 -12.5345
v  20.0055 -14.9482 -12.9522
v  20.9694 -12.4054 -13.1678
v  21.2753 -9.5590 -13.0106
v  20.8588 -6.5519 -12.4157
v  19.7796 -3.5500 -11.5896
v  18.1270 -0.7098 -10.7707
v  15.1812 -18.7301 15.2045
v  16.2301 -19.3010 12.7417
v  16.2158 -17.3397 16.2529
v  17.3304 -15.0902 17.3909
v  18.1103 -12.2312 18.2013
v  18.3882 -8.9173 18.5125
v  18.0593 -5.3396 18.2255
v  17.2069 -1.7416 17.4596
v  16.0192 1.5353 16.3876
v  15.8638 4.7020 12.8964
v  14.9531 3.8162 15.3937
v  16.8175 5.6504 9.1264
v  17.4539 6.1813 4.8544
v  17.6885 5.9262 0.5530
v  17.4764 4.8718 -3.5572
v  16.8485 3.3486 -7.2208
v  15.8871 1.7500 -10.3125
v  16.0456 -1.3665 -13.3637
v  14.9523 0.5695 -12.3800
v  17.2442 -3.9870 -14.5538
v  18.0961 -6.8013 -15.5957
v  18.4124 -9.6350 -16.3014
v  18.1255 -12.3310 -16.4546
v  17.3423 -14.7534 -16.0876
v  16.2263 -16.7463 -15.3280
v  16.2395 -18.6677 -12.3336
v  15.1900 -18.0346 -14.5305
v  17.3512 -19.3930 -8.9098
v  18.1200 -19.9950 -4.6686
v  18.4016 -20.3573 0.0040
v  18.1148 -20.2887 4.6724
v  17.3428 -19.8836 9.0275
v  13.1100 -16.8343 -17.4530
v  9.1970 -17.1024 -19.0994
v  9.5839 -14.8456 -20.5141
v  13.8065 -14.7479 -18.5876
v  9.9403 -12.2956 -21.1218
v  14.3785 -12.3139 -19.0765
v  10.0948 -9.5328 -20.9639
v  14.6121 -9.6387 -18.9106
v  9.9428 -6.6347 -20.1065
v  14.3896 -6.8268 -18.1149
v  9.5807 -3.6760 -18.6554
v  13.7979 -3.9971 -16.8487
v  9.1683 -0.6997 -16.7139
v  13.0374 -1.2529 -15.2433
v  -1.6148 -12.1021 -22.9765
v  -1.6183 -14.8984 -22.2871
v  -1.6092 -9.0969 -22.8659
v  -1.6001 -5.9840 -22.0170
v  -1.5898 -2.8221 -20.5035
v  1.6303 -18.2544 21.4851
v  4.7412 -18.1713 21.2487
v  12.7409 -18.5059 -15.5947
v  12.5786 1.3049 -13.2316
v  8.9340 2.2579 -14.2628
v  -1.6360 -21.8109 14.6309
v  -1.5854 6.6752 -12.3575
v  9.0237 -18.9703 -16.8091
v  -1.6286 -15.5474 23.6511
v  -1.6276 -12.3118 24.9741
v  -1.6268 -8.6201 25.4633
v  -1.6254 -4.5672 25.1359
v  -1.6238 -0.3576 23.9714
v  -1.6239 3.7445 21.9530
v  9.2022 -17.8773 20.2093
v  9.5893 -15.3254 22.1737
v  9.9432 -12.2460 23.3824
v  10.0928 -8.7387 23.8160
v  9.9348 -4.8930 23.4853
v  9.5713 -0.9199 22.3997
v  9.2443 2.9319 20.5508
v  13.1054 -17.5264 18.5563
v  13.8003 -15.1566 20.1796
v  14.3676 -12.2215 21.2135
v  14.5921 -8.8468 21.5906
v  14.3582 -5.1782 21.2661
v  13.7641 -1.4356 20.3169
v  13.0592 2.0728 18.7820
v  -1.6219 -17.3896 -20.6869
v  9.0815 6.3027 17.8790
v  12.6515 4.9802 16.5702
v  12.7360 -19.2857 16.2840
v  9.0259 -19.8574 17.4532
v  -1.6198 10.3142 15.3051
v  -1.6358 7.4203 19.0550
v  13.1508 -19.7327 -12.8127
v  13.8640 -20.6550 -9.1644
v  9.6489 -21.4165 -9.6093
v  9.2348 -20.3768 -13.6040
v  -1.6391 -22.7474 -5.1849
v  14.4294 -21.3487 -4.7666
v  10.0201 -22.1609 -4.9544
v  -1.6403 -23.1267 0.0053
v  14.6503 -21.7446 0.0041
v  10.1762 -22.5758 0.0034
v  -1.6403 -23.1246 5.1827
v  14.4252 -21.7010 4.7638
v  10.0192 -22.5679 4.9494
v  -1.6386 -22.6871 10.1263
v  13.8574 -21.2424 9.2346
v  9.6474 -22.1013 9.6480
v  13.1442 -20.4672 13.1528
v  9.2340 -21.2336 13.8849
v  -1.5973 9.4355 -8.4139
v  -1.6273 -19.4365 -18.0794
v  -1.6112 11.6521 -3.8286
v  9.3737 7.6407 -7.6863
v  9.0607 5.0885 -11.2305
v  13.4463 5.7628 -7.3113
v  12.8678 3.6221 -10.5770
v  -1.6202 13.0223 1.1277
v  9.6483 9.7556 -3.6296
v  13.8857 7.6057 -3.5454
v  -1.6202 13.2198 6.0999
v  9.7608 11.1795 0.8608
v  14.0469 8.8764 0.6805
v  -1.6181 12.2560 10.9121
v  9.6361 11.4580 5.5508
v  13.8635 9.1761 5.1074
v  9.3557 10.5519 10.1712
v  13.4134 8.4276 9.5156
v  9.1295 8.8515 14.3529
v  12.8883 7.0380 13.4403
v  -18.9348 -18.0869 13.4205
v  -20.5192 -18.4738 9.4076
v  -22.4913 -15.7735 9.8263
v  -20.5912 -15.5732 14.1718
v  -23.6470 -12.5248 10.1995
v  -21.6198 -12.4661 14.7784
v  -23.9588 -8.8628 10.3556
v  -21.9417 -8.9135 15.0206
v  -23.4302 -4.9580 10.1968
v  -21.4987 -5.1213 14.7862
v  -22.1295 -1.0240 9.8264
v  -20.3811 -1.3536 14.1976
v  -20.1130 2.7469 9.4398
v  -18.6892 2.1712 13.5147
v  -21.4953 -18.7839 4.8437
v  -23.6101 -15.9528 5.0294
v  -24.8092 -12.5813 5.2060
v  -25.0961 -8.8075 5.2829
v  -24.5106 -4.8077 5.2254
v  -23.1161 -0.7726 5.0951
v  -20.9496 3.1239 4.9472
v  -21.8333 -18.8510 -0.0110
v  -23.9811 -16.0025 -0.0002
v  -25.1852 -12.6327 0.0480
v  -25.4566 -8.9026 0.1454
v  -24.8475 -4.9678 0.2770
v  -23.4300 -0.9721 0.3956
v  -21.2264 2.9161 0.4402
v  -21.4903 -18.5655 -4.8315
v  -23.6071 -15.8499 -4.9264
v  -24.8084 -12.6587 -4.9513
v  -25.0948 -9.1335 -4.8177
v  -24.5053 -5.4208 -4.5138
v  -23.1056 -1.6431 -4.1731
v  -20.9329 2.0577 -3.9272
v  -20.5104 -18.1100 -9.2172
v  -22.4851 -15.6031 -9.4504
v  -23.6433 -12.6328 -9.5548
v  -23.9526 -9.3547 -9.3931
v  -23.4160 -5.9137 -8.9311
v  -22.1046 -2.4563 -8.3420
v  -20.0725 0.8644 -7.8334
v  -18.9232 -17.5917 -12.8819
v  -20.5808 -15.3083 -13.3513
v  -21.6098 -12.5599 -13.5991
v  -21.9261 -9.4949 -13.4493
v  -21.4715 -6.3057 -12.8447
v  -20.3335 -3.1817 -12.0109
v  -18.6184 -0.2609 -11.1914
v  -15.5262 -19.3500 15.5461
v  -16.5936 -19.9505 12.9987
v  -16.6388 -17.8573 16.6691
v  -17.8275 -15.4609 17.8762
v  -18.6593 -12.4228 18.7322
v  -18.9577 -8.9187 19.0563
v  -18.6215 -5.1747 18.7515
v  -17.7496 -1.4527 17.9516
v  -16.5380 1.9193 16.8386
v  -16.3854 5.2018 13.2095
v  -15.4441 4.2784 15.8003
v  -17.3619 6.1807 9.3321
v  -18.0096 6.7345 4.9265
v  -18.2339 6.4874 0.4656
v  -17.9871 5.4224 -3.7938
v  -17.3121 3.8793 -7.5721
v  -16.3029 2.2599 -10.7452
v  -16.4509 -0.9212 -13.8711
v  -15.3266 1.0589 -12.8703
v  -17.6882 -3.6096 -15.0833
v  -18.5838 -6.5361 -16.1541
v  -18.9336 -9.5474 -16.8851
v  -18.6440 -12.4622 -17.0325
v  -17.8156 -15.0900 -16.6192
v  -16.6284 -17.2433 -15.7876
v  -16.5843 -19.3101 -12.6310
v  -15.5175 -18.6389 -14.9148
v  -17.7066 -20.0652 -9.1142
v  -18.4846 -20.6832 -4.7849
v  -18.7737 -21.0509 -0.0170
v  -18.4898 -20.9766 4.7516
v  -17.7150 -20.5565 9.1969
v  -13.4148 -17.3340 -17.9796
v  -9.4164 -17.6167 -19.6537
v  -9.8389 -15.1619 -21.1885
v  -14.1646 -15.0699 -19.2105
v  -10.2144 -12.3863 -21.8543
v  -14.7659 -12.4211 -19.7535
v  -10.3714 -9.4112 -21.6911
v  -14.9984 -9.5292 -19.5880
v  -10.2119 -6.3507 -20.7898
v  -14.7535 -6.5480 -18.7551
v  -9.8421 -3.2871 -19.2881
v  -14.1368 -3.6124 -17.4463
v  -9.4250 -0.2417 -17.3007
v  -13.3564 -0.8021 -15.8045
v  -4.8577 -17.8446 -20.9268
v  -5.0464 -15.2091 -22.6117
v  -5.2266 -12.2701 -23.3225
v  -5.3088 -9.1522 -23.1737
v  -5.2351 -5.9657 -22.2488
v  -5.0651 -2.7632 -20.6669
v  -4.8892 0.4525 -18.5150
v  4.8577 -17.8446 -20.9268
v  5.0464 -15.2091 -22.6117
v  1.6606 -15.2081 -23.0098
v  1.6582 -17.9171 -21.2704
v  5.2266 -12.2701 -23.3225
v  1.6620 -12.1809 -23.7586
v  5.3088 -9.1522 -23.1737
v  1.6626 -8.9749 -23.6419
v  5.2351 -5.9657 -22.2488
v  1.6614 -5.7062 -22.7512
v  5.0651 -2.7632 -20.6669
v  1.6591 -2.4323 -21.1841
v  4.8892 0.4525 -18.5150
v  1.6566 0.8402 -19.0162
v  -12.9908 -19.1374 -15.9933
v  -12.8918 1.8084 -13.7496
v  -9.1910 2.7719 -14.8011
v  -4.8024 3.6895 -15.8016
v  1.6557 4.1206 -16.2547
v  4.8024 3.6895 -15.8016
v  4.8483 6.8178 -12.4790
v  1.6564 7.2834 -12.8525
v  4.7625 -20.0031 -18.2158
v  1.6560 -20.1131 -18.4811
v  -9.2007 -19.6245 -17.2100
v  -4.7625 -20.0031 -18.2158
v  1.6596 -15.9456 24.3297
v  1.6604 -12.5139 25.7344
v  5.2139 -12.4927 25.4332
v  5.0348 -15.8891 24.0515
v  1.6607 -8.6399 26.2498
v  5.2947 -8.6614 25.9352
v  1.6609 -4.4294 25.9103
v  5.2191 -4.4972 25.5944
v  1.6609 -0.0773 24.7063
v  5.0467 -0.1980 24.4038
v  1.6621 4.1642 22.6182
v  4.9080 4.0037 22.3428
v  -4.8340 -21.5748 -14.5409
v  -5.0055 -22.6892 -10.1681
v  -1.6528 -22.8056 -10.2861
v  -1.6540 -21.6951 -14.7315
v  -4.8481 -18.7394 21.7833
v  -9.4113 -18.4330 20.7265
v  -9.8336 -15.7147 22.8131
v  -5.0348 -15.8891 24.0515
v  -10.2115 -12.4455 24.0953
v  -5.2139 -12.4927 25.4332
v  -10.3734 -8.7524 24.5516
v  -5.2947 -8.6614 25.9352
v  -10.2199 -4.7468 24.2046
v  -5.2191 -4.4972 25.5944
v  -9.8579 -0.6415 23.0782
v  -5.0467 -0.1980 24.4038
v  -9.5329 3.3344 21.1630
v  -4.9080 4.0037 22.3428
v  -13.4193 -18.0606 19.0423
v  -14.1708 -15.5356 20.7619
v  -14.7768 -12.4180 21.8569
v  -15.0185 -8.8551 22.2525
v  -14.7849 -5.0236 21.9095
v  -14.1849 -1.1555 20.9206
v  -13.4714 2.4596 19.3302
v  1.6756 7.9798 19.6077
v  4.8669 7.7730 19.3652
v  -9.3759 6.8326 18.3815
v  -4.8669 7.7730 19.3652
v  -13.0614 5.4763 17.0238
v  -12.9956 -19.9365 16.6432
v  -9.1986 -20.5327 17.8195
v  -4.7564 -20.9502 18.6453
v  4.8306 -22.4518 14.6978
v  1.6546 -22.5677 14.8473
v  1.6564 -21.0595 18.8418
v  4.7564 -20.9502 18.6453
v  -13.3731 -20.4367 -13.0865
v  -14.0792 -21.3898 -9.3483
v  -9.7739 -22.1753 -9.7786
v  -9.3787 -21.1044 -13.8685
v  4.8340 -21.5748 -14.5409
v  1.6540 -21.6951 -14.7315
v  1.6528 -22.8056 -10.2861
v  5.0055 -22.6892 -10.1681
v  -14.6408 -22.0996 -4.8744
v  -10.1344 -22.9337 -5.0530
v  -5.1744 -23.4224 -5.2209
v  1.6520 -23.5300 -5.2707
v  5.1744 -23.4224 -5.2209
v  -14.8634 -22.5021 -0.0232
v  -10.2871 -23.3548 -0.0269
v  -5.2497 -23.8119 -0.0253
v  1.6517 -23.9135 -0.0235
v  5.2497 -23.8119 -0.0253
v  -14.6450 -22.4547 4.8244
v  -10.1353 -23.3454 4.9959
v  -5.1728 -23.8127 5.1664
v  1.6521 -23.9111 5.2181
v  5.1728 -23.8127 5.1664
v  -14.0859 -21.9819 9.3789
v  -9.7755 -22.8677 9.7754
v  -5.0030 -23.3571 10.1363
v  1.6531 -23.4665 10.2376
v  5.0030 -23.3571 10.1363
v  -13.3796 -21.1810 13.3874
v  -9.3795 -21.9732 14.1125
v  -4.8306 -22.4518 14.6978
v  -1.6564 -21.0595 18.8418
v  -1.6582 -18.8274 22.0245
v  4.9663 9.6420 -8.5672
v  1.6584 10.1106 -8.8146
v  -4.8483 6.8178 -12.4790
v  -4.9663 9.6420 -8.5672
v  -9.6450 8.2638 -8.0840
v  -9.3234 5.6564 -11.7085
v  -13.8094 6.3488 -7.6918
v  -13.2002 4.1695 -11.0352
v  5.0822 11.9564 -4.0338
v  1.6602 12.3862 -4.1092
v  -5.0822 11.9564 -4.0338
v  -9.9306 10.4324 -3.9164
v  -14.2817 8.2306 -3.8150
v  5.1356 13.4381 0.9295
v  1.6617 13.7991 1.0054
v  -5.1356 13.4381 0.9295
v  -10.0570 11.8978 0.7328
v  -14.4731 9.5285 0.5659
v  5.0809 13.6549 6.0431
v  1.6615 14.0036 6.1628
v  -5.0809 13.6549 6.0431
v  -9.9428 12.1806 5.6122
v  -14.3038 9.8258 5.1704
v  4.9605 12.6648 10.9861
v  1.6612 13.0054 11.1499
v  -4.9605 12.6648 10.9861
v  -9.6648 11.2412 10.3934
v  -13.8503 9.0480 9.7260
v  4.8730 10.7055 15.4976
v  1.6618 10.9904 15.7064
v  -4.8730 10.7055 15.4976
v  -9.4330 9.4820 14.7139
v  -13.3114 7.6151 13.7690
v  -1.6566 0.8402 -19.0162
v  -1.6557 4.1206 -16.2547
v  18.9348 -18.0869 13.4205
v  20.5912 -15.5732 14.1718
v  22.4913 -15.7735 9.8263
v  20.5192 -18.4738 9.4076
v  21.6198 -12.4661 14.7784
v  23.6470 -12.5248 10.1995
v  21.9417 -8.9135 15.0206
v  23.9588 -8.8628 10.3556
v  21.4987 -5.1213 14.7862
v  23.4302 -4.9580 10.1968
v  20.3811 -1.3536 14.1976
v  22.1295 -1.0240 9.8264
v  18.6892 2.1712 13.5147
v  20.1130 2.7469 9.4398
v  23.6101 -15.9528 5.0294
v  21.4953 -18.7839 4.8437
v  24.8092 -12.5813 5.2060
v  25.0961 -8.8075 5.2829
v  24.5106 -4.8077 5.2254
v  23.1161 -0.7726 5.0951
v  20.9496 3.1239 4.9472
v  23.9811 -16.0025 -0.0002
v  21.8333 -18.8510 -0.0110
v  25.1852 -12.6327 0.0480
v  25.4566 -8.9026 0.1454
v  24.8475 -4.9678 0.2770
v  23.4300 -0.9721 0.3956
v  21.2264 2.9161 0.4402
v  23.6071 -15.8499 -4.9264
v  21.4903 -18.5655 -4.8315
v  24.8084 -12.6587 -4.9513
v  25.0948 -9.1335 -4.8177
v  24.5053 -5.4208 -4.5138
v  23.1056 -1.6431 -4.1731
v  20.9329 2.0577 -3.9272
v  22.4851 -15.6031 -9.4504
v  20.5104 -18.1100 -9.2172
v  23.6433 -12.6328 -9.5548
v  23.9526 -9.3547 -9.3931
v  23.4160 -5.9137 -8.9311
v  22.1046 -2.4563 -8.3420
v  20.0725 0.8644 -7.8334
v  20.5808 -15.3083 -13.3513
v  18.9232 -17.5917 -12.8819
v  21.6098 -12.5599 -13.5991
v  21.9261 -9.4949 -13.4493
v  21.4715 -6.3057 -12.8447
v  20.3335 -3.1817 -12.0109
v  18.6184 -0.2609 -11.1914
v  15.5262 -19.3500 15.5461
v  16.6388 -17.8573 16.6691
v  16.5936 -19.9505 12.9987
v  17.8275 -15.4609 17.8762
v  18.6593 -12.4228 18.7322
v  18.9577 -8.9187 19.0563
v  18.6215 -5.1747 18.7515
v  17.7496 -1.4527 17.9516
v  16.5380 1.9193 16.8386
v  15.4441 4.2784 15.8003
v  16.3854 5.2018 13.2095
v  17.3619 6.1807 9.3321
v  18.0096 6.7345 4.9265
v  18.2339 6.4874 0.4656
v  17.9871 5.4224 -3.7938
v  17.3121 3.8793 -7.5721
v  16.3029 2.2599 -10.7452
v  15.3266 1.0589 -12.8703
v  16.4509 -0.9212 -13.8711
v  17.6882 -3.6096 -15.0833
v  18.5838 -6.5361 -16.1541
v  18.9336 -9.5474 -16.8851
v  18.6440 -12.4622 -17.0325
v  17.8156 -15.0900 -16.6192
v  16.6284 -17.2433 -15.7876
v  16.5843 -19.3101 -12.6310
v  15.5175 -18.6389 -14.9148
v  17.7066 -20.0652 -9.1142
v  18.4846 -20.6832 -4.7849
v  18.7737 -21.0509 -0.0170
v  18.4898 -20.9766 4.7516
v  17.7150 -20.5565 9.1969
v  13.4148 -17.3340 -17.9796
v  14.1646 -15.0699 -19.2105
v  9.8389 -15.1619 -21.1885
v  9.4164 -17.6167 -19.6537
v  14.7659 -12.4211 -19.7535
v  10.2144 -12.3863 -21.8543
v  14.9984 -9.5292 -19.5880
v  10.3714 -9.4112 -21.6911
v  14.7535 -6.5480 -18.7551
v  10.2119 -6.3507 -20.7898
v  14.1368 -3.6124 -17.4463
v  9.8421 -3.2871 -19.2881
v  13.3564 -0.8021 -15.8045
v  9.4250 -0.2417 -17.3007
v  -1.6606 -15.2081 -23.0098
v  -1.6620 -12.1809 -23.7586
v  -1.6626 -8.9749 -23.6419
v  -1.6614 -5.7062 -22.7512
v  -1.6591 -2.4323 -21.1841
v  1.6582 -18.8274 22.0245
v  4.8481 -18.7394 21.7833
v  12.9908 -19.1374 -15.9933
v  12.8918 1.8084 -13.7496
v  9.1910 2.7719 -14.8011
v  -1.6546 -22.5677 14.8473
v  -1.6564 7.2834 -12.8525
v  9.2007 -19.6245 -17.2100
v  -1.6596 -15.9456 24.3297
v  -1.6604 -12.5139 25.7344
v  -1.6607 -8.6399 26.2498
v  -1.6609 -4.4294 25.9103
v  -1.6609 -0.0773 24.7063
v  -1.6621 4.1642 22.6182
v  9.8336 -15.7147 22.8131
v  9.4113 -18.4330 20.7265
v  10.2115 -12.4455 24.0953
v  10.3734 -8.7524 24.5516
v  10.2199 -4.7468 24.2046
v  9.8579 -0.6415 23.0782
v  9.5329 3.3344 21.1630
v  14.1708 -15.5356 20.7619
v  13.4193 -18.0606 19.0423
v  14.7768 -12.4180 21.8569
v  15.0185 -8.8551 22.2525
v  14.7849 -5.0236 21.9095
v  14.1849 -1.1555 20.9206
v  13.4714 2.4596 19.3302
v  -1.6582 -17.9171 -21.2704
v  9.3759 6.8326 18.3815
v  13.0614 5.4763 17.0238
v  12.9956 -19.9365 16.6432
v  9.1986 -20.5327 17.8195
v  -1.6618 10.9904 15.7064
v  -1.6756 7.9798 19.6077
v  13.3731 -20.4367 -13.0865
v  9.3787 -21.1044 -13.8685
v  9.7739 -22.1753 -9.7786
v  14.0792 -21.3898 -9.3483
v  -1.6520 -23.5300 -5.2707
v  10.1344 -22.9337 -5.0530
v  14.6408 -22.0996 -4.8744
v  -1.6517 -23.9135 -0.0235
v  10.2871 -23.3548 -0.0269
v  14.8634 -22.5021 -0.0232
v  -1.6521 -23.9111 5.2181
v  10.1353 -23.3454 4.9959
v  14.6450 -22.4547 4.8244
v  -1.6531 -23.4665 10.2376
v  9.7755 -22.8677 9.7754
v  14.0859 -21.9819 9.3789
v  9.3795 -21.9732 14.1125
v  13.3796 -21.1810 13.3874
v  -1.6584 10.1106 -8.8146
v  -1.6560 -20.1131 -18.4811
v  -1.6602 12.3862 -4.1092
v  9.3234 5.6564 -11.7085
v  9.6450 8.2638 -8.0840
v  13.2002 4.1695 -11.0352
v  13.8094 6.3488 -7.6918
v  -1.6617 13.7991 1.0054
v  9.9306 10.4324 -3.9164
v  14.2817 8.2306 -3.8150
v  -1.6615 14.0036 6.1628
v  10.0570 11.8978 0.7328
v  14.4731 9.5285 0.5659
v  -1.6612 13.0054 11.1499
v  9.9428 12.1806 5.6122
v  14.3038 9.8258 5.1704
v  9.6648 11.2412 10.3934
v  13.8503 9.0480 9.7260
v  9.4330 9.4820 14.7139
v  13.3114 7.6151 13.7690
# 836 vertices

vn -0.6292 -0.6725 0.3897
vn -0.7569 -0.4704 0.4537
vn -0.8315 -0.4727 0.2918
vn -0.6720 -0.6949 0.2560
vn -0.8387 -0.2339 0.4917
vn -0.9245 -0.2216 0.3101
vn -0.8663 0.0101 0.4995
vn -0.9503 0.0229 0.3106
vn -0.8473 0.2226 0.4823
vn -0.9253 0.2317 0.3002
vn -0.8043 0.3843 0.4532
vn -0.8712 0.3990 0.2859
vn -0.7487 0.5137 0.4190
vn -0.7957 0.5420 0.2703
vn -0.8694 -0.4734 0.1417
vn -0.6949 -0.7083 0.1245
vn -0.9662 -0.2109 0.1483
vn -0.9889 0.0339 0.1450
vn -0.9614 0.2391 0.1361
vn -0.9036 0.4098 0.1246
vn -0.8203 0.5614 0.1091
vn -0.8789 -0.4770 -0.0062
vn -0.6984 -0.7155 -0.0162
vn -0.9781 -0.2083 -0.0008
vn -0.9991 0.0410 -0.0044
vn -0.9685 0.2482 -0.0187
vn -0.9068 0.4195 -0.0417
vn -0.8167 0.5724 -0.0729
vn -0.8617 -0.4822 -0.1578
vn -0.6819 -0.7148 -0.1552
vn -0.9643 -0.2121 -0.1584
vn -0.9855 0.0478 -0.1630
vn -0.9479 0.2638 -0.1784
vn -0.8768 0.4332 -0.2089
vn -0.7778 0.5756 -0.2524
vn -0.8156 -0.4791 -0.3245
vn -0.6495 -0.7016 -0.2931
vn -0.9151 -0.2112 -0.3436
vn -0.9345 0.0602 -0.3508
vn -0.8891 0.2867 -0.3567
vn -0.8097 0.4517 -0.3745
vn -0.7099 0.5753 -0.4064
vn -0.7305 -0.4578 -0.5067
vn -0.5998 -0.6677 -0.4410
vn -0.8133 -0.1965 -0.5477
vn -0.8265 0.0818 -0.5570
vn -0.7780 0.3131 -0.5447
vn -0.7033 0.4681 -0.5350
vn -0.6239 0.5703 -0.5344
vn -0.4379 -0.7875 0.4336
vn -0.5370 -0.6575 0.5284
vn -0.4613 -0.8250 0.3263
vn -0.6313 -0.4710 0.6162
vn -0.6972 -0.2434 0.6743
vn -0.7232 -0.0017 0.6906
vn -0.7140 0.2097 0.6680
vn -0.6891 0.3671 0.6248
vn -0.6590 0.4878 0.5726
vn -0.6237 0.5869 0.5163
vn -0.6626 0.6348 0.3976
vn -0.6914 0.6735 0.2613
vn -0.7058 0.7024 0.0917
vn -0.6927 0.7126 -0.1112
vn -0.6486 0.6992 -0.3007
vn -0.5887 0.6739 -0.4464
vn -0.5279 0.6475 -0.5496
vn -0.4752 0.6216 -0.6227
vn -0.5145 0.5657 -0.6444
vn -0.5636 0.4797 -0.6725
vn -0.6191 0.3374 -0.7091
vn -0.6617 0.1117 -0.7414
vn -0.6584 -0.1668 -0.7340
vn -0.6009 -0.4279 -0.6752
vn -0.5105 -0.6315 -0.5836
vn -0.4376 -0.8160 -0.3777
vn -0.4156 -0.7676 -0.4879
vn -0.4509 -0.8540 -0.2596
vn -0.4626 -0.8742 -0.1477
vn -0.4722 -0.8811 -0.0267
vn -0.4758 -0.8738 0.1006
vn -0.4722 -0.8548 0.2152
vn -0.3870 -0.6350 -0.6686
vn -0.4546 -0.4093 -0.7911
vn -0.3239 -0.4019 -0.8565
vn -0.2786 -0.6536 -0.7037
vn -0.4919 -0.1360 -0.8600
vn -0.3480 -0.1150 -0.9304
vn -0.4904 0.1396 -0.8603
vn -0.3511 0.1551 -0.9234
vn -0.4618 0.3546 -0.8130
vn -0.3418 0.3612 -0.8676
vn -0.4303 0.4888 -0.7589
vn -0.3319 0.4942 -0.8035
vn -0.4050 0.5726 -0.7128
vn -0.3260 0.5817 -0.7452
vn -0.1850 -0.3954 -0.8997
vn -0.1601 -0.6643 -0.7301
vn -0.2005 -0.1029 -0.9743
vn -0.2118 0.1581 -0.9644
vn -0.2223 0.3580 -0.9069
vn -0.2327 0.4942 -0.8376
vn -0.2404 0.5883 -0.7721
vn 0.1601 -0.6643 -0.7301
vn 0.0461 -0.6702 -0.7408
vn 0.0536 -0.3931 -0.9179
vn 0.1850 -0.3954 -0.8997
vn 0.0599 -0.0996 -0.9932
vn 0.2005 -0.1029 -0.9743
vn 0.0678 0.1552 -0.9856
vn 0.2118 0.1581 -0.9644
vn 0.0780 0.3531 -0.9323
vn 0.2223 0.3580 -0.9069
vn 0.0882 0.4951 -0.8643
vn 0.2327 0.4942 -0.8376
vn 0.0951 0.5979 -0.7959
vn 0.2404 0.5883 -0.7721
vn -0.3172 -0.8022 -0.5059
vn -0.3978 0.6394 -0.6579
vn -0.3264 0.6528 -0.6836
vn -0.2425 0.6677 -0.7038
vn 0.0962 0.6857 -0.7215
vn 0.0903 0.7724 -0.6287
vn 0.2365 0.7480 -0.6201
vn 0.2425 0.6677 -0.7038
vn 0.1281 -0.8502 -0.5106
vn 0.0364 -0.8596 -0.5097
vn -0.2247 -0.8311 -0.5087
vn -0.1281 -0.8502 -0.5106
vn 0.0392 -0.5057 0.8618
vn 0.1553 -0.5027 0.8504
vn 0.1682 -0.2554 0.9521
vn 0.0414 -0.2564 0.9657
vn 0.1758 -0.0223 0.9842
vn 0.0430 -0.0249 0.9988
vn 0.1814 0.1787 0.9670
vn 0.0449 0.1751 0.9835
vn 0.1855 0.3555 0.9161
vn 0.0470 0.3559 0.9334
vn 0.1887 0.5272 0.8285
vn 0.0484 0.5328 0.8449
vn -0.0999 -0.9406 -0.3245
vn -0.0272 -0.9477 -0.3181
vn -0.0206 -0.9807 -0.1944
vn -0.0810 -0.9761 -0.2016
vn -0.1357 -0.7217 0.6788
vn -0.1553 -0.5027 0.8504
vn -0.3102 -0.4946 0.8119
vn -0.2656 -0.7058 0.6567
vn -0.1682 -0.2554 0.9521
vn -0.3408 -0.2533 0.9054
vn -0.1758 -0.0223 0.9842
vn -0.3563 -0.0172 0.9342
vn -0.1814 0.1787 0.9670
vn -0.3621 0.1859 0.9134
vn -0.1855 0.3555 0.9161
vn -0.3641 0.3535 0.8617
vn -0.1887 0.5272 0.8285
vn -0.3666 0.5110 0.7775
vn -0.4705 -0.4815 0.7394
vn -0.3985 -0.6786 0.6170
vn -0.5196 -0.2496 0.8171
vn -0.5414 -0.0103 0.8407
vn -0.5419 0.1966 0.8171
vn -0.5344 0.3558 0.7667
vn -0.5236 0.4911 0.6961
vn 0.1949 0.7022 0.6848
vn 0.0502 0.7105 0.7019
vn -0.1949 0.7022 0.6848
vn -0.3740 0.6730 0.6382
vn -0.5208 0.6301 0.5760
vn -0.3296 -0.8267 0.4560
vn -0.2193 -0.8578 0.4648
vn -0.1126 -0.8761 0.4688
vn 0.0912 -0.9557 0.2797
vn 0.1126 -0.8761 0.4688
vn 0.0298 -0.8831 0.4683
vn 0.0236 -0.9613 0.2744
vn -0.2821 -0.8942 -0.3476
vn -0.1826 -0.9241 -0.3357
vn -0.1586 -0.9637 -0.2149
vn -0.2729 -0.9333 -0.2334
vn 0.0999 -0.9406 -0.3245
vn 0.0810 -0.9761 -0.2016
vn 0.0206 -0.9807 -0.1944
vn 0.0272 -0.9477 -0.3181
vn -0.1449 -0.9815 -0.1253
vn -0.2680 -0.9537 -0.1369
vn -0.0679 -0.9911 -0.1146
vn 0.0679 -0.9911 -0.1146
vn 0.0163 -0.9939 -0.1089
vn -0.1406 -0.9893 -0.0385
vn -0.2703 -0.9622 -0.0348
vn -0.0615 -0.9974 -0.0380
vn 0.0615 -0.9974 -0.0380
vn 0.0144 -0.9992 -0.0366
vn -0.1473 -0.9873 0.0590
vn -0.2789 -0.9573 0.0769
vn -0.0639 -0.9968 0.0488
vn 0.0639 -0.9968 0.0488
vn 0.0150 -0.9989 0.0450
vn -0.1625 -0.9734 0.1617
vn -0.2899 -0.9394 0.1831
vn -0.0746 -0.9862 0.1477
vn 0.0746 -0.9862 0.1477
vn 0.0183 -0.9898 0.1412
vn -0.1847 -0.9394 0.2887
vn -0.2988 -0.9067 0.2978
vn -0.0912 -0.9557 0.2797
vn -0.0298 -0.8831 0.4683
vn -0.0354 -0.7278 0.6849
vn 0.0776 0.8573 -0.5090
vn 0.2222 0.8307 -0.5104
vn -0.2365 0.7480 -0.6201
vn -0.3337 0.7212 -0.6071
vn -0.3445 0.7912 -0.5053
vn -0.2222 0.8307 -0.5104
vn -0.4221 0.6950 -0.5820
vn -0.4609 0.7442 -0.4835
vn 0.0621 0.9323 -0.3564
vn 0.2057 0.9082 -0.3644
vn -0.3585 0.8594 -0.3645
vn -0.2057 0.9082 -0.3644
vn -0.5029 0.7936 -0.3426
vn 0.0525 0.9865 -0.1554
vn 0.1980 0.9668 -0.1612
vn -0.3762 0.9122 -0.1627
vn -0.1980 0.9668 -0.1612
vn -0.5414 0.8281 -0.1457
vn 0.0522 0.9954 0.0800
vn 0.2023 0.9760 0.0801
vn -0.3895 0.9177 0.0781
vn -0.2023 0.9760 0.0801
vn -0.5593 0.8251 0.0801
vn 0.0545 0.9518 0.3020
vn 0.2073 0.9323 0.2965
vn -0.3926 0.8753 0.2822
vn -0.2073 0.9323 0.2965
vn -0.5550 0.7877 0.2673
vn 0.0532 0.8588 0.5095
vn 0.2034 0.8452 0.4942
vn -0.3856 0.8008 0.4583
vn -0.2034 0.8452 0.4942
vn -0.5375 0.7328 0.4173
vn -0.0962 0.6857 -0.7215
vn -0.0951 0.5979 -0.7959
vn 0.6292 -0.6725 0.3897
vn 0.6720 -0.6949 0.2560
vn 0.8315 -0.4727 0.2918
vn 0.7569 -0.4704 0.4537
vn 0.9245 -0.2216 0.3101
vn 0.8387 -0.2339 0.4917
vn 0.9503 0.0229 0.3106
vn 0.8663 0.0101 0.4995
vn 0.9253 0.2317 0.3002
vn 0.8473 0.2226 0.4823
vn 0.8712 0.3990 0.2859
vn 0.8043 0.3843 0.4532
vn 0.7957 0.5420 0.2703
vn 0.7487 0.5137 0.4190
vn 0.6949 -0.7083 0.1245
vn 0.8694 -0.4734 0.1417
vn 0.9662 -0.2109 0.1483
vn 0.9889 0.0339 0.1450
vn 0.9614 0.2391 0.1361
vn 0.9036 0.4098 0.1246
vn 0.8203 0.5614 0.1091
vn 0.6984 -0.7155 -0.0162
vn 0.8789 -0.4770 -0.0062
vn 0.9781 -0.2083 -0.0008
vn 0.9991 0.0410 -0.0044
vn 0.9685 0.2482 -0.0187
vn 0.9068 0.4195 -0.0417
vn 0.8167 0.5724 -0.0729
vn 0.6819 -0.7148 -0.1552
vn 0.8617 -0.4822 -0.1578
vn 0.9643 -0.2121 -0.1584
vn 0.9855 0.0478 -0.1630
vn 0.9479 0.2638 -0.1784
vn 0.8768 0.4332 -0.2089
vn 0.7778 0.5756 -0.2524
vn 0.6495 -0.7016 -0.2931
vn 0.8156 -0.4791 -0.3245
vn 0.9151 -0.2112 -0.3436
vn 0.9345 0.0602 -0.3508
vn 0.8891 0.2867 -0.3567
vn 0.8097 0.4517 -0.3745
vn 0.7099 0.5753 -0.4064
vn 0.5998 -0.6677 -0.4410
vn 0.7305 -0.4578 -0.5067
vn 0.8133 -0.1965 -0.5477
vn 0.8265 0.0818 -0.5570
vn 0.7780 0.3131 -0.5447
vn 0.7033 0.4681 -0.5350
vn 0.6239 0.5703 -0.5344
vn 0.4379 -0.7875 0.4336
vn 0.4613 -0.8250 0.3263
vn 0.5370 -0.6575 0.5284
vn 0.6313 -0.4710 0.6162
vn 0.6972 -0.2434 0.6743
vn 0.7232 -0.0017 0.6906
vn 0.7140 0.2097 0.6680
vn 0.6891 0.3671 0.6248
vn 0.6590 0.4878 0.5726
vn 0.6626 0.6348 0.3976
vn 0.6237 0.5869 0.5163
vn 0.6914 0.6735 0.2613
vn 0.7058 0.7024 0.0917
vn 0.6927 0.7126 -0.1112
vn 0.6486 0.6992 -0.3007
vn 0.5887 0.6739 -0.4464
vn 0.5279 0.6475 -0.5496
vn 0.5145 0.5657 -0.6444
vn 0.4752 0.6216 -0.6227
vn 0.5636 0.4797 -0.6725
vn 0.6191 0.3374 -0.7091
vn 0.6617 0.1117 -0.7414
vn 0.6584 -0.1668 -0.7340
vn 0.6009 -0.4279 -0.6752
vn 0.5105 -0.6315 -0.5836
vn 0.4376 -0.8160 -0.3777
vn 0.4156 -0.7676 -0.4879
vn 0.4509 -0.8540 -0.2596
vn 0.4626 -0.8742 -0.1477
vn 0.4722 -0.8811 -0.0267
vn 0.4758 -0.8738 0.1006
vn 0.4722 -0.8548 0.2152
vn 0.3870 -0.6350 -0.6686
vn 0.2786 -0.6536 -0.7037
vn 0.3239 -0.4019 -0.8565
vn 0.4546 -0.4093 -0.7911
vn 0.3480 -0.1150 -0.9304
vn 0.4919 -0.1360 -0.8600
vn 0.3511 0.1551 -0.9234
vn 0.4904 0.1396 -0.8603
vn 0.3418 0.3612 -0.8676
vn 0.4618 0.3546 -0.8130
vn 0.3319 0.4942 -0.8035
vn 0.4303 0.4888 -0.7589
vn 0.3260 0.5817 -0.7452
vn 0.4050 0.5726 -0.7128
vn -0.0599 -0.0996 -0.9932
vn -0.0536 -0.3931 -0.9179
vn -0.0678 0.1552 -0.9856
vn -0.0780 0.3531 -0.9323
vn -0.0882 0.4951 -0.8643
vn 0.0354 -0.7278 0.6849
vn 0.1357 -0.7217 0.6788
vn 0.3172 -0.8022 -0.5059
vn 0.3978 0.6394 -0.6579
vn 0.3264 0.6528 -0.6836
vn -0.0236 -0.9613 0.2744
vn -0.0903 0.7724 -0.6287
vn 0.2247 -0.8311 -0.5087
vn -0.0392 -0.5057 0.8618
vn -0.0414 -0.2564 0.9657
vn -0.0430 -0.0249 0.9988
vn -0.0449 0.1751 0.9835
vn -0.0470 0.3559 0.9334
vn -0.0484 0.5328 0.8449
vn 0.2656 -0.7058 0.6567
vn 0.3102 -0.4946 0.8119
vn 0.3408 -0.2533 0.9054
vn 0.3563 -0.0172 0.9342
vn 0.3621 0.1859 0.9134
vn 0.3641 0.3535 0.8617
vn 0.3666 0.5110 0.7775
vn 0.3985 -0.6786 0.6170
vn 0.4705 -0.4815 0.7394
vn 0.5196 -0.2496 0.8171
vn 0.5414 -0.0103 0.8407
vn 0.5419 0.1966 0.8171
vn 0.5344 0.3558 0.7667
vn 0.5236 0.4911 0.6961
vn -0.0461 -0.6702 -0.7408
vn 0.3740 0.6730 0.6382
vn 0.5208 0.6301 0.5760
vn 0.3296 -0.8267 0.4560
vn 0.2193 -0.8578 0.4648
vn -0.0532 0.8588 0.5095
vn -0.0502 0.7105 0.7019
vn 0.2821 -0.8942 -0.3476
vn 0.2729 -0.9333 -0.2334
vn 0.1586 -0.9637 -0.2149
vn 0.1826 -0.9241 -0.3357
vn -0.0163 -0.9939 -0.1089
vn 0.2680 -0.9537 -0.1369
vn 0.1449 -0.9815 -0.1253
vn -0.0144 -0.9992 -0.0366
vn 0.2703 -0.9622 -0.0348
vn 0.1406 -0.9893 -0.0385
vn -0.0150 -0.9989 0.0450
vn 0.2789 -0.9573 0.0769
vn 0.1473 -0.9873 0.0590
vn -0.0183 -0.9898 0.1412
vn 0.2899 -0.9394 0.1831
vn 0.1625 -0.9734 0.1617
vn 0.2988 -0.9067 0.2978
vn 0.1847 -0.9394 0.2887
vn -0.0776 0.8573 -0.5090
vn -0.0364 -0.8596 -0.5097
vn -0.0621 0.9323 -0.3564
vn 0.3445 0.7912 -0.5053
vn 0.3337 0.7212 -0.6071
vn 0.4609 0.7442 -0.4835
vn 0.4221 0.6950 -0.5820
vn -0.0525 0.9865 -0.1554
vn 0.3585 0.8594 -0.3645
vn 0.5029 0.7936 -0.3426
vn -0.0522 0.9954 0.0800
vn 0.3762 0.9122 -0.1627
vn 0.5414 0.8281 -0.1457
vn -0.0545 0.9518 0.3020
vn 0.3895 0.9177 0.0781
vn 0.5593 0.8251 0.0801
vn 0.3926 0.8753 0.2822
vn 0.5550 0.7877 0.2673
vn 0.3856 0.8008 0.4583
vn 0.5375 0.7328 0.4173
vn 0.6296 0.6720 -0.3899
vn 0.6724 0.6945 -0.2561
vn 0.8315 0.4726 -0.2919
vn 0.7570 0.4700 -0.4539
vn 0.9244 0.2218 -0.3103
vn 0.8386 0.2339 -0.4919
vn 0.9502 -0.0225 -0.3109
vn 0.8661 -0.0097 -0.4997
vn 0.9253 -0.2313 -0.3005
vn 0.8473 -0.2221 -0.4825
vn 0.8713 -0.3988 -0.2860
vn 0.8044 -0.3839 -0.4534
vn 0.7958 -0.5420 -0.2702
vn 0.7487 -0.5136 -0.4191
vn 0.6952 0.7080 -0.1244
vn 0.8693 0.4735 -0.1417
vn 0.9661 0.2114 -0.1483
vn 0.9889 -0.0335 -0.1451
vn 0.9615 -0.2388 -0.1362
vn 0.9036 -0.4099 -0.1245
vn 0.8202 -0.5616 -0.1089
vn 0.6987 0.7152 0.0162
vn 0.8788 0.4772 0.0063
vn 0.9779 0.2088 0.0009
vn 0.9992 -0.0405 0.0046
vn 0.9686 -0.2480 0.0187
vn 0.9067 -0.4196 0.0418
vn 0.8166 -0.5726 0.0730
vn 0.6824 0.7143 0.1552
vn 0.8618 0.4821 0.1580
vn 0.9642 0.2124 0.1587
vn 0.9854 -0.0473 0.1634
vn 0.9480 -0.2634 0.1787
vn 0.8768 -0.4331 0.2090
vn 0.7778 -0.5756 0.2522
vn 0.6502 0.7009 0.2932
vn 0.8158 0.4785 0.3247
vn 0.9150 0.2111 0.3439
vn 0.9344 -0.0596 0.3512
vn 0.8892 -0.2861 0.3570
vn 0.8099 -0.4514 0.3745
vn 0.7101 -0.5752 0.4061
vn 0.6005 0.6669 0.4412
vn 0.7309 0.4570 0.5069
vn 0.8133 0.1961 0.5478
vn 0.8264 -0.0811 0.5572
vn 0.7782 -0.3121 0.5449
vn 0.7037 -0.4674 0.5350
vn 0.6243 -0.5700 0.5342
vn 0.4384 0.7871 -0.4340
vn 0.4618 0.8247 -0.3264
vn 0.5373 0.6571 -0.5286
vn 0.6314 0.4706 -0.6163
vn 0.6973 0.2433 -0.6743
vn 0.7232 0.0021 -0.6906
vn 0.7141 -0.2091 -0.6681
vn 0.6892 -0.3667 -0.6249
vn 0.6589 -0.4877 -0.5727
vn 0.6625 -0.6348 -0.3977
vn 0.6236 -0.5869 -0.5164
vn 0.6914 -0.6737 -0.2611
vn 0.7057 -0.7026 -0.0914
vn 0.6926 -0.7128 0.1110
vn 0.6487 -0.6993 0.3003
vn 0.5890 -0.6740 0.4459
vn 0.5282 -0.6474 0.5494
vn 0.5150 -0.5654 0.6443
vn 0.4754 -0.6215 0.6226
vn 0.5642 -0.4790 0.6725
vn 0.6197 -0.3362 0.7092
vn 0.6620 -0.1108 0.7413
vn 0.6586 0.1666 0.7338
vn 0.6013 0.4271 0.6753
vn 0.5110 0.6309 0.5839
vn 0.4382 0.8157 0.3778
vn 0.4161 0.7671 0.4883
vn 0.4518 0.8535 0.2597
vn 0.4634 0.8737 0.1477
vn 0.4730 0.8807 0.0266
vn 0.4765 0.8734 -0.1006
vn 0.4729 0.8544 -0.2152
vn 0.3872 0.6343 0.6691
vn 0.2786 0.6529 0.7043
vn 0.3239 0.4017 0.8566
vn 0.4549 0.4087 0.7912
vn 0.3480 0.1156 0.9303
vn 0.4921 0.1362 0.8598
vn 0.3512 -0.1539 0.9235
vn 0.4908 -0.1385 0.8602
vn 0.3419 -0.3602 0.8679
vn 0.4624 -0.3535 0.8132
vn 0.3320 -0.4937 0.8037
vn 0.4307 -0.4883 0.7590
vn 0.3260 -0.5816 0.7453
vn 0.4053 -0.5724 0.7128
vn 0.1602 0.6637 0.7307
vn 0.1851 0.3956 0.8996
vn 0.2007 0.1037 0.9742
vn 0.2119 -0.1572 0.9646
vn 0.2222 -0.3573 0.9072
vn 0.2324 -0.4940 0.8379
vn 0.2399 -0.5883 0.7722
vn -0.1602 0.6637 0.7307
vn -0.1851 0.3956 0.8996
vn -0.0538 0.3934 0.9178
vn -0.0462 0.6696 0.7413
vn -0.2007 0.1037 0.9742
vn -0.0601 0.1003 0.9931
vn -0.2119 -0.1572 0.9646
vn -0.0679 -0.1546 0.9856
vn -0.2222 -0.3573 0.9072
vn -0.0779 -0.3527 0.9325
vn -0.2324 -0.4940 0.8379
vn -0.0879 -0.4950 0.8644
vn -0.2399 -0.5883 0.7722
vn -0.0947 -0.5979 0.7959
vn 0.3174 0.8018 0.5064
vn 0.3979 -0.6394 0.6579
vn 0.3264 -0.6528 0.6836
vn 0.2420 -0.6679 0.7038
vn -0.0958 -0.6858 0.7215
vn -0.2420 -0.6679 0.7038
vn -0.2360 -0.7482 0.6201
vn -0.0899 -0.7725 0.6287
vn -0.1282 0.8495 0.5118
vn -0.0365 0.8589 0.5108
vn 0.2248 0.8305 0.5096
vn 0.1282 0.8495 0.5118
vn -0.0395 0.5058 -0.8617
vn -0.0417 0.2568 -0.9656
vn -0.1685 0.2557 -0.9520
vn -0.1555 0.5026 -0.8504
vn -0.0433 0.0252 -0.9987
vn -0.1762 0.0226 -0.9841
vn -0.0453 -0.1750 -0.9835
vn -0.1817 -0.1786 -0.9670
vn -0.0474 -0.3560 -0.9333
vn -0.1858 -0.3556 -0.9160
vn -0.0487 -0.5330 -0.8447
vn -0.1891 -0.5275 -0.8283
vn 0.1001 0.9403 0.3252
vn 0.0811 0.9761 0.2019
vn 0.0207 0.9806 0.1947
vn 0.0273 0.9474 0.3189
vn 0.1359 0.7214 -0.6791
vn 0.2657 0.7054 -0.6571
vn 0.3103 0.4944 -0.8120
vn 0.1555 0.5026 -0.8504
vn 0.3409 0.2534 -0.9053
vn 0.1685 0.2557 -0.9520
vn 0.3565 0.0175 -0.9341
vn 0.1762 0.0226 -0.9841
vn 0.3622 -0.1857 -0.9134
vn 0.1817 -0.1786 -0.9670
vn 0.3641 -0.3535 -0.8617
vn 0.1858 -0.3556 -0.9160
vn 0.3664 -0.5113 -0.7774
vn 0.1891 -0.5275 -0.8283
vn 0.3987 0.6781 -0.6175
vn 0.4707 0.4811 -0.7395
vn 0.5198 0.2495 -0.8170
vn 0.5416 0.0107 -0.8406
vn 0.5421 -0.1962 -0.8171
vn 0.5344 -0.3556 -0.7668
vn 0.5235 -0.4912 -0.6962
vn -0.0507 -0.7106 -0.7018
vn -0.1952 -0.7023 -0.6846
vn 0.3738 -0.6731 -0.6382
vn 0.1952 -0.7023 -0.6846
vn 0.5204 -0.6302 -0.5762
vn 0.3298 0.8264 -0.4564
vn 0.2194 0.8574 -0.4655
vn 0.1128 0.8757 -0.4695
vn -0.0913 0.9555 -0.2804
vn -0.0237 0.9611 -0.2751
vn -0.0299 0.8827 -0.4690
vn -0.1127 0.8757 -0.4695
vn 0.2825 0.8940 0.3479
vn 0.2736 0.9331 0.2335
vn 0.1589 0.9636 0.2151
vn 0.1828 0.9238 0.3363
vn -0.1001 0.9403 0.3252
vn -0.0273 0.9474 0.3189
vn -0.0207 0.9806 0.1947
vn -0.0811 0.9761 0.2019
vn 0.2687 0.9534 0.1368
vn 0.1452 0.9814 0.1253
vn 0.0681 0.9911 0.1147
vn -0.0164 0.9939 0.1090
vn -0.0681 0.9911 0.1147
vn 0.2711 0.9619 0.0347
vn 0.1409 0.9893 0.0385
vn 0.0616 0.9974 0.0379
vn -0.0145 0.9992 0.0365
vn -0.0616 0.9974 0.0379
vn 0.2796 0.9570 -0.0769
vn 0.1476 0.9873 -0.0590
vn 0.0641 0.9967 -0.0489
vn -0.0151 0.9989 -0.0451
vn -0.0641 0.9967 -0.0489
vn 0.2905 0.9392 -0.1832
vn 0.1628 0.9733 -0.1618
vn 0.0747 0.9862 -0.1480
vn -0.0184 0.9898 -0.1415
vn -0.0747 0.9862 -0.1480
vn 0.2991 0.9065 -0.2980
vn 0.1849 0.9392 -0.2893
vn 0.0913 0.9555 -0.2804
vn 0.0299 0.8827 -0.4690
vn 0.0355 0.7276 -0.6851
vn -0.2221 -0.8309 0.5102
vn -0.0775 -0.8573 0.5089
vn 0.2360 -0.7482 0.6201
vn 0.2221 -0.8309 0.5102
vn 0.3446 -0.7914 0.5049
vn 0.3336 -0.7214 0.6069
vn 0.4612 -0.7443 0.4830
vn 0.4223 -0.6952 0.5818
vn -0.2059 -0.9083 0.3640
vn -0.0623 -0.9323 0.3562
vn 0.2059 -0.9083 0.3640
vn 0.3586 -0.8596 0.3639
vn 0.5031 -0.7937 0.3421
vn -0.1985 -0.9668 0.1609
vn -0.0529 -0.9865 0.1551
vn 0.1985 -0.9668 0.1609
vn 0.3762 -0.9122 0.1623
vn 0.5414 -0.8281 0.1454
vn -0.2026 -0.9760 -0.0800
vn -0.0526 -0.9954 -0.0799
vn 0.2026 -0.9760 -0.0800
vn 0.3894 -0.9178 -0.0778
vn 0.5591 -0.8252 -0.0798
vn -0.2075 -0.9322 -0.2964
vn -0.0548 -0.9517 -0.3020
vn 0.2075 -0.9322 -0.2964
vn 0.3924 -0.8755 -0.2821
vn 0.5548 -0.7879 -0.2670
vn -0.2037 -0.8451 -0.4943
vn -0.0536 -0.8587 -0.5096
vn 0.2037 -0.8451 -0.4943
vn 0.3853 -0.8008 -0.4586
vn 0.5371 -0.7329 -0.4175
vn 0.0947 -0.5979 0.7959
vn 0.0958 -0.6858 0.7215
vn -0.6296 0.6720 -0.3899
vn -0.7570 0.4700 -0.4539
vn -0.8315 0.4726 -0.2919
vn -0.6724 0.6945 -0.2561
vn -0.8386 0.2339 -0.4919
vn -0.9244 0.2218 -0.3103
vn -0.8661 -0.0097 -0.4997
vn -0.9502 -0.0225 -0.3109
vn -0.8473 -0.2221 -0.4825
vn -0.9253 -0.2313 -0.3005
vn -0.8044 -0.3839 -0.4534
vn -0.8713 -0.3988 -0.2860
vn -0.7487 -0.5136 -0.4191
vn -0.7958 -0.5420 -0.2702
vn -0.8693 0.4735 -0.1417
vn -0.6952 0.7080 -0.1244
vn -0.9661 0.2114 -0.1483
vn -0.9889 -0.0335 -0.1451
vn -0.9615 -0.2388 -0.1362
vn -0.9036 -0.4099 -0.1245
vn -0.8202 -0.5616 -0.1089
vn -0.8788 0.4772 0.0063
vn -0.6987 0.7152 0.0162
vn -0.9779 0.2088 0.0009
vn -0.9992 -0.0405 0.0046
vn -0.9686 -0.2480 0.0187
vn -0.9067 -0.4196 0.0418
vn -0.8166 -0.5726 0.0730
vn -0.8618 0.4821 0.1580
vn -0.6824 0.7143 0.1552
vn -0.9642 0.2124 0.1587
vn -0.9854 -0.0473 0.1634
vn -0.9480 -0.2634 0.1787
vn -0.8768 -0.4331 0.2090
vn -0.7778 -0.5756 0.2522
vn -0.8158 0.4785 0.3247
vn -0.6502 0.7009 0.2932
vn -0.9150 0.2111 0.3439
vn -0.9344 -0.0596 0.3512
vn -0.8892 -0.2861 0.3570
vn -0.8099 -0.4514 0.3745
vn -0.7101 -0.5752 0.4061
vn -0.7309 0.4570 0.5069
vn -0.6005 0.6669 0.4412
vn -0.8133 0.1961 0.5478
vn -0.8264 -0.0811 0.5572
vn -0.7782 -0.3121 0.5449
vn -0.7037 -0.4674 0.5350
vn -0.6243 -0.5700 0.5342
vn -0.4384 0.7871 -0.4340
vn -0.5373 0.6571 -0.5286
vn -0.4618 0.8247 -0.3264
vn -0.6314 0.4706 -0.6163
vn -0.6973 0.2433 -0.6743
vn -0.7232 0.0021 -0.6906
vn -0.7141 -0.2091 -0.6681
vn -0.6892 -0.3667 -0.6249
vn -0.6589 -0.4877 -0.5727
vn -0.6236 -0.5869 -0.5164
vn -0.6625 -0.6348 -0.3977
vn -0.6914 -0.6737 -0.2611
vn -0.7057 -0.7026 -0.0914
vn -0.6926 -0.7128 0.1110
vn -0.6487 -0.6993 0.3003
vn -0.5890 -0.6740 0.4459
vn -0.5282 -0.6474 0.5494
vn -0.4754 -0.6215 0.6226
vn -0.5150 -0.5654 0.6443
vn -0.5642 -0.4790 0.6725
vn -0.6197 -0.3362 0.7092
vn -0.6620 -0.1108 0.7413
vn -0.6586 0.1666 0.7338
vn -0.6013 0.4271 0.6753
vn -0.5110 0.6309 0.5839
vn -0.4382 0.8157 0.3778
vn -0.4161 0.7671 0.4883
vn -0.4518 0.8535 0.2597
vn -0.4634 0.8737 0.1477
vn -0.4730 0.8807 0.0266
vn -0.4765 0.8734 -0.1006
vn -0.4729 0.8544 -0.2152
vn -0.3872 0.6343 0.6691
vn -0.4549 0.4087 0.7912
vn -0.3239 0.4017 0.8566
vn -0.2786 0.6529 0.7043
vn -0.4921 0.1362 0.8598
vn -0.3480 0.1156 0.9303
vn -0.4908 -0.1385 0.8602
vn -0.3512 -0.1539 0.9235
vn -0.4624 -0.3535 0.8132
vn -0.3419 -0.3602 0.8679
vn -0.4307 -0.4883 0.7590
vn -0.3320 -0.4937 0.8037
vn -0.4053 -0.5724 0.7128
vn -0.3260 -0.5816 0.7453
vn 0.0538 0.3934 0.9178
vn 0.0601 0.1003 0.9931
vn 0.0679 -0.1546 0.9856
vn 0.0779 -0.3527 0.9325
vn 0.0879 -0.4950 0.8644
vn -0.0355 0.7276 -0.6851
vn -0.1359 0.7214 -0.6791
vn -0.3174 0.8018 0.5064
vn -0.3979 -0.6394 0.6579
vn -0.3264 -0.6528 0.6836
vn 0.0237 0.9611 -0.2751
vn 0.0899 -0.7725 0.6287
vn -0.2248 0.8305 0.5096
vn 0.0395 0.5058 -0.8617
vn 0.0417 0.2568 -0.9656
vn 0.0433 0.0252 -0.9987
vn 0.0453 -0.1750 -0.9835
vn 0.0474 -0.3560 -0.9333
vn 0.0487 -0.5330 -0.8447
vn -0.3103 0.4944 -0.8120
vn -0.2657 0.7054 -0.6571
vn -0.3409 0.2534 -0.9053
vn -0.3565 0.0175 -0.9341
vn -0.3622 -0.1857 -0.9134
vn -0.3641 -0.3535 -0.8617
vn -0.3664 -0.5113 -0.7774
vn -0.4707 0.4811 -0.7395
vn -0.3987 0.6781 -0.6175
vn -0.5198 0.2495 -0.8170
vn -0.5416 0.0107 -0.8406
vn -0.5421 -0.1962 -0.8171
vn -0.5344 -0.3556 -0.7668
vn -0.5235 -0.4912 -0.6962
vn 0.0462 0.6696 0.7413
vn -0.3738 -0.6731 -0.6382
vn -0.5204 -0.6302 -0.5762
vn -0.3298 0.8264 -0.4564
vn -0.2194 0.8574 -0.4655
vn 0.0536 -0.8587 -0.5096
vn 0.0507 -0.7106 -0.7018
vn -0.2825 0.8940 0.3479
vn -0.1828 0.9238 0.3363
vn -0.1589 0.9636 0.2151
vn -0.2736 0.9331 0.2335
vn 0.0164 0.9939 0.1090
vn -0.1452 0.9814 0.1253
vn -0.2687 0.9534 0.1368
vn 0.0145 0.9992 0.0365
vn -0.1409 0.9893 0.0385
vn -0.2711 0.9619 0.0347
vn 0.0151 0.9989 -0.0451
vn -0.1476 0.9873 -0.0590
vn -0.2796 0.9570 -0.0769
vn 0.0184 0.9898 -0.1415
vn -0.1628 0.9733 -0.1618
vn -0.2905 0.9392 -0.1832
vn -0.1849 0.9392 -0.2893
vn -0.2991 0.9065 -0.2980
vn 0.0775 -0.8573 0.5089
vn 0.0365 0.8589 0.5108
vn 0.0623 -0.9323 0.3562
vn -0.3336 -0.7214 0.6069
vn -0.3446 -0.7914 0.5049
vn -0.4223 -0.6952 0.5818
vn -0.4612 -0.7443 0.4830
vn 0.0529 -0.9865 0.1551
vn -0.3586 -0.8596 0.3639
vn -0.5031 -0.7937 0.3421
vn 0.0526 -0.9954 -0.0799
vn -0.3762 -0.9122 0.1623
vn -0.5414 -0.8281 0.1454
vn 0.0548 -0.9517 -0.3020
vn -0.3894 -0.9178 -0.0778
vn -0.5591 -0.8252 -0.0798
vn -0.3924 -0.8755 -0.2821
vn -0.5548 -0.7879 -0.2670
vn -0.3853 -0.8008 -0.4586
vn -0.5371 -0.7329 -0.4175
# 836 vertex normals

vt 0.9752 0.6986 0.0000
vt 0.9482 0.7025 0.0000
vt 0.9486 0.6605 0.0000
vt 0.9777 0.6600 0.0000
vt 0.9177 0.7053 0.0000
vt 0.9167 0.6610 0.0000
vt 0.8853 0.7052 0.0000
vt 0.8834 0.6601 0.0000
vt 0.8530 0.7012 0.0000
vt 0.8503 0.6568 0.0000
vt 0.8229 0.6946 0.0000
vt 0.8189 0.6522 0.0000
vt 0.8566 0.3272 0.0000
vt 0.8893 0.3108 0.0000
vt 0.9027 0.3364 0.0000
vt 0.8685 0.3569 0.0000
vt 0.9512 0.6149 0.0000
vt 0.9817 0.6167 0.0000
vt 0.9183 0.6135 0.0000
vt 0.8841 0.6118 0.0000
vt 0.8502 0.6094 0.0000
vt 0.8180 0.6071 0.0000
vt 0.7909 0.6482 0.0000
vt 0.7891 0.6054 0.0000
vt 0.9548 0.5677 0.0000
vt 0.9854 0.5712 0.0000
vt 0.9221 0.5651 0.0000
vt 0.8883 0.5636 0.0000
vt 0.8549 0.5631 0.0000
vt 0.8229 0.5633 0.0000
vt 0.7940 0.5635 0.0000
vt 0.9585 0.5221 0.0000
vt 0.9877 0.5264 0.0000
vt 0.9274 0.5189 0.0000
vt 0.8955 0.5179 0.0000
vt 0.8639 0.5191 0.0000
vt 0.8337 0.5215 0.0000
vt 0.8061 0.5237 0.0000
vt 0.9630 0.4809 0.0000
vt 0.9899 0.4862 0.0000
vt 0.9341 0.4772 0.0000
vt 0.9044 0.4766 0.0000
vt 0.8750 0.4794 0.0000
vt 0.8472 0.4842 0.0000
vt 0.5667 0.0020 0.0000
vt 0.6035 0.0176 0.0000
vt 0.5888 0.0397 0.0000
vt 0.5554 0.0261 0.0000
vt 0.9686 0.4463 0.0000
vt 0.9925 0.4533 0.0000
vt 0.9422 0.4416 0.0000
vt 0.9144 0.4410 0.0000
vt 0.4890 0.0181 0.0000
vt 0.5215 0.0190 0.0000
vt 0.5154 0.0499 0.0000
vt 0.4852 0.0501 0.0000
vt 0.5463 0.0548 0.0000
vt 0.5760 0.0649 0.0000
vt 0.9934 0.7222 0.0000
vt 0.9765 0.7306 0.0000
vt 0.9980 0.6980 0.0000
vt 0.9514 0.7392 0.0000
vt 0.9218 0.7446 0.0000
vt 0.8898 0.7453 0.0000
vt 0.7781 0.3072 0.0000
vt 0.8125 0.3010 0.0000
vt 0.8217 0.3392 0.0000
vt 0.7870 0.3467 0.0000
vt 0.8476 0.2918 0.0000
vt 0.8799 0.2812 0.0000
vt 0.9027 0.2725 0.0000
vt 0.9163 0.2884 0.0000
vt 0.9329 0.3090 0.0000
vt 0.9463 0.3291 0.0000
vt 0.9147 0.3586 0.0000
vt 0.6593 0.4229 0.0000
vt 0.6589 0.4470 0.0000
vt 0.6176 0.4412 0.0000
vt 0.6176 0.4165 0.0000
vt 0.5772 0.4406 0.0000
vt 0.5762 0.4160 0.0000
vt 0.6379 0.0404 0.0000
vt 0.6200 0.0607 0.0000
vt 0.6024 0.0817 0.0000
vt 0.5898 0.0984 0.0000
vt 0.5691 0.0935 0.0000
vt 0.5416 0.0888 0.0000
vt 0.5125 0.0867 0.0000
vt 0.4840 0.0881 0.0000
vt 0.4577 0.0551 0.0000
vt 0.4579 0.0927 0.0000
vt 0.4343 0.0644 0.0000
vt 0.4356 0.0998 0.0000
vt 0.9768 0.4185 0.0000
vt 0.9980 0.4283 0.0000
vt 0.0765 0.0593 0.0000
vt 0.0550 0.0526 0.0000
vt 0.0808 0.0296 0.0000
vt 0.0899 0.0399 0.0000
vt 0.0605 0.0902 0.0000
vt 0.0344 0.0838 0.0000
vt 0.0462 0.1292 0.0000
vt 0.0182 0.1229 0.0000
vt 0.0357 0.1730 0.0000
vt 0.0071 0.1669 0.0000
vt 0.0303 0.2175 0.0000
vt 0.0020 0.2122 0.0000
vt 0.0298 0.2596 0.0000
vt 0.0032 0.2558 0.0000
vt 0.0336 0.2962 0.0000
vt 0.0110 0.2952 0.0000
vt 0.4185 0.1438 0.0000
vt 0.4367 0.1405 0.0000
vt 0.4382 0.1851 0.0000
vt 0.4183 0.1846 0.0000
vt 0.4592 0.1358 0.0000
vt 0.4620 0.1827 0.0000
vt 0.4852 0.1316 0.0000
vt 0.4889 0.1791 0.0000
vt 0.5135 0.1290 0.0000
vt 0.5180 0.1755 0.0000
vt 0.5427 0.1279 0.0000
vt 0.5483 0.1716 0.0000
vt 0.5714 0.1271 0.0000
vt 0.5792 0.1663 0.0000
vt 0.4414 0.2317 0.0000
vt 0.4197 0.2288 0.0000
vt 0.4668 0.2310 0.0000
vt 0.4951 0.2281 0.0000
vt 0.5253 0.2237 0.0000
vt 0.5568 0.2177 0.0000
vt 0.5892 0.2096 0.0000
vt 0.4303 0.3126 0.0000
vt 0.4258 0.2863 0.0000
vt 0.4482 0.2909 0.0000
vt 0.4523 0.3186 0.0000
vt 0.4746 0.2919 0.0000
vt 0.4781 0.3210 0.0000
vt 0.5038 0.2897 0.0000
vt 0.5066 0.3194 0.0000
vt 0.5347 0.2846 0.0000
vt 0.5366 0.3137 0.0000
vt 0.5666 0.2770 0.0000
vt 0.5677 0.3046 0.0000
vt 0.5993 0.2673 0.0000
vt 0.5997 0.2935 0.0000
vt 0.1140 0.0148 0.0000
vt 0.1152 0.0343 0.0000
vt 0.4183 0.1081 0.0000
vt 0.5984 0.1222 0.0000
vt 0.6102 0.1575 0.0000
vt 0.6224 0.1987 0.0000
vt 0.4443 0.6130 0.0000
vt 0.4779 0.6133 0.0000
vt 0.4785 0.6436 0.0000
vt 0.4457 0.6428 0.0000
vt 0.2834 0.0436 0.0000
vt 0.2552 0.0360 0.0000
vt 0.2589 0.0097 0.0000
vt 0.2877 0.0181 0.0000
vt 0.1525 0.0295 0.0000
vt 0.1539 0.0061 0.0000
vt 0.1982 0.0020 0.0000
vt 0.1954 0.0277 0.0000
vt 0.6942 0.1195 0.0000
vt 0.6935 0.0912 0.0000
vt 0.7216 0.0811 0.0000
vt 0.7227 0.1107 0.0000
vt 0.7554 0.0742 0.0000
vt 0.7569 0.1045 0.0000
vt 0.7940 0.0712 0.0000
vt 0.7960 0.1007 0.0000
vt 0.8356 0.0717 0.0000
vt 0.8380 0.0997 0.0000
vt 0.8779 0.0751 0.0000
vt 0.8805 0.1019 0.0000
vt 0.1891 0.0620 0.0000
vt 0.2189 0.0655 0.0000
vt 0.2119 0.1071 0.0000
vt 0.1806 0.1026 0.0000
vt 0.6770 0.1877 0.0000
vt 0.6987 0.1783 0.0000
vt 0.7051 0.2238 0.0000
vt 0.6841 0.2304 0.0000
vt 0.7270 0.1712 0.0000
vt 0.7325 0.2188 0.0000
vt 0.7609 0.1657 0.0000
vt 0.7653 0.2144 0.0000
vt 0.7995 0.1613 0.0000
vt 0.8023 0.2095 0.0000
vt 0.8409 0.1588 0.0000
vt 0.8417 0.2053 0.0000
vt 0.8830 0.1597 0.0000
vt 0.8814 0.2044 0.0000
vt 0.7128 0.2680 0.0000
vt 0.6927 0.2704 0.0000
vt 0.7392 0.2658 0.0000
vt 0.7709 0.2624 0.0000
vt 0.8063 0.2570 0.0000
vt 0.8431 0.2506 0.0000
vt 0.8788 0.2456 0.0000
vt 0.9177 0.0813 0.0000
vt 0.9208 0.1076 0.0000
vt 0.9228 0.1651 0.0000
vt 0.9183 0.2084 0.0000
vt 0.9102 0.2464 0.0000
vt 0.7469 0.3099 0.0000
vt 0.7206 0.3093 0.0000
vt 0.9849 0.7557 0.0000
vt 0.9593 0.7693 0.0000
vt 0.0606 0.3357 0.0000
vt 0.0522 0.3559 0.0000
vt 0.0265 0.3287 0.0000
vt 0.0390 0.3211 0.0000
vt 0.0939 0.3533 0.0000
vt 0.0864 0.3783 0.0000
vt 0.1337 0.3686 0.0000
vt 0.1268 0.3958 0.0000
vt 0.2296 0.3492 0.0000
vt 0.2216 0.3844 0.0000
vt 0.1927 0.3811 0.0000
vt 0.2000 0.3453 0.0000
vt 0.1072 0.0608 0.0000
vt 0.1457 0.0605 0.0000
vt 0.1355 0.0981 0.0000
vt 0.0946 0.0946 0.0000
vt 0.2786 0.0781 0.0000
vt 0.2734 0.1193 0.0000
vt 0.2426 0.1127 0.0000
vt 0.2496 0.0711 0.0000
vt 0.1244 0.1416 0.0000
vt 0.0821 0.1354 0.0000
vt 0.1709 0.1485 0.0000
vt 0.2669 0.1658 0.0000
vt 0.2344 0.1595 0.0000
vt 0.1146 0.1881 0.0000
vt 0.0720 0.1801 0.0000
vt 0.1615 0.1968 0.0000
vt 0.2590 0.2144 0.0000
vt 0.2257 0.2084 0.0000
vt 0.1076 0.2349 0.0000
vt 0.0659 0.2253 0.0000
vt 0.1535 0.2451 0.0000
vt 0.2495 0.2624 0.0000
vt 0.2168 0.2570 0.0000
vt 0.1027 0.2795 0.0000
vt 0.0633 0.2681 0.0000
vt 0.1465 0.2911 0.0000
vt 0.2393 0.3078 0.0000
vt 0.2081 0.3033 0.0000
vt 0.0988 0.3197 0.0000
vt 0.0628 0.3059 0.0000
vt 0.1401 0.3330 0.0000
vt 0.1620 0.3756 0.0000
vt 0.1558 0.4034 0.0000
vt 0.5173 0.6145 0.0000
vt 0.5166 0.6457 0.0000
vt 0.4865 0.5540 0.0000
vt 0.4967 0.5139 0.0000
vt 0.5323 0.5119 0.0000
vt 0.5247 0.5539 0.0000
vt 0.6404 0.1435 0.0000
vt 0.6231 0.1084 0.0000
vt 0.6465 0.0898 0.0000
vt 0.6683 0.1261 0.0000
vt 0.5624 0.6168 0.0000
vt 0.5601 0.6489 0.0000
vt 0.5727 0.5110 0.0000
vt 0.5685 0.5547 0.0000
vt 0.5383 0.4751 0.0000
vt 0.5758 0.4726 0.0000
vt 0.6108 0.6201 0.0000
vt 0.6070 0.6525 0.0000
vt 0.6168 0.5127 0.0000
vt 0.6155 0.5573 0.0000
vt 0.6173 0.4736 0.0000
vt 0.6587 0.6244 0.0000
vt 0.6546 0.6562 0.0000
vt 0.6620 0.5178 0.0000
vt 0.6629 0.5621 0.0000
vt 0.6600 0.4790 0.0000
vt 0.7044 0.6296 0.0000
vt 0.7000 0.6602 0.0000
vt 0.7056 0.5254 0.0000
vt 0.7081 0.5683 0.0000
vt 0.7015 0.4879 0.0000
vt 0.7455 0.6352 0.0000
vt 0.7407 0.6650 0.0000
vt 0.7445 0.5328 0.0000
vt 0.7487 0.5747 0.0000
vt 0.7378 0.4976 0.0000
vt 0.6293 0.2271 0.0000
vt 0.5957 0.2390 0.0000
vt 0.6551 0.1845 0.0000
vt 0.5407 0.4447 0.0000
vt 0.6990 0.4574 0.0000
vt 0.9566 0.2740 0.0000
vt 0.9358 0.2572 0.0000
vt 0.9492 0.2183 0.0000
vt 0.9566 0.1749 0.0000
vt 0.7798 0.6413 0.0000
vt 0.7748 0.6708 0.0000
vt 0.2328 0.5217 0.0000
vt 0.2354 0.5605 0.0000
vt 0.2098 0.5579 0.0000
vt 0.2091 0.5158 0.0000
vt 0.1796 0.5550 0.0000
vt 0.1802 0.5107 0.0000
vt 0.1456 0.5533 0.0000
vt 0.1473 0.5082 0.0000
vt 0.1095 0.5538 0.0000
vt 0.1123 0.5095 0.0000
vt 0.0733 0.5557 0.0000
vt 0.0775 0.5135 0.0000
vt 0.0389 0.5571 0.0000
vt 0.0452 0.5180 0.0000
vt 0.2374 0.6040 0.0000
vt 0.2106 0.6037 0.0000
vt 0.1792 0.6026 0.0000
vt 0.1442 0.6016 0.0000
vt 0.1072 0.6011 0.0000
vt 0.0701 0.6006 0.0000
vt 0.0346 0.5996 0.0000
vt 0.2374 0.6497 0.0000
vt 0.2105 0.6510 0.0000
vt 0.1790 0.6511 0.0000
vt 0.1445 0.6499 0.0000
vt 0.1082 0.6476 0.0000
vt 0.0715 0.6447 0.0000
vt 0.0360 0.6418 0.0000
vt 0.2344 0.6945 0.0000
vt 0.2086 0.6967 0.0000
vt 0.1789 0.6975 0.0000
vt 0.1463 0.6960 0.0000
vt 0.1122 0.6921 0.0000
vt 0.0776 0.6871 0.0000
vt 0.0439 0.6823 0.0000
vt 0.2301 0.7346 0.0000
vt 0.2063 0.7379 0.0000
vt 0.1787 0.7394 0.0000
vt 0.1485 0.7377 0.0000
vt 0.1170 0.7324 0.0000
vt 0.0853 0.7252 0.0000
vt 0.0552 0.7182 0.0000
vt 0.2255 0.7673 0.0000
vt 0.2040 0.7725 0.0000
vt 0.1785 0.7752 0.0000
vt 0.1503 0.7736 0.0000
vt 0.1212 0.7672 0.0000
vt 0.0926 0.7580 0.0000
vt 0.0661 0.7484 0.0000
vt 0.3255 0.3727 0.0000
vt 0.3399 0.3514 0.0000
vt 0.3597 0.3580 0.0000
vt 0.3331 0.3839 0.0000
vt 0.2319 0.4895 0.0000
vt 0.2095 0.4791 0.0000
vt 0.1813 0.4715 0.0000
vt 0.1489 0.4683 0.0000
vt 0.1142 0.4703 0.0000
vt 0.0798 0.4765 0.0000
vt 0.0486 0.4854 0.0000
vt 0.0178 0.5185 0.0000
vt 0.0270 0.4938 0.0000
vt 0.0078 0.5553 0.0000
vt 0.0020 0.5968 0.0000
vt 0.0039 0.6385 0.0000
vt 0.5827 0.8101 0.0000
vt 0.5419 0.8044 0.0000
vt 0.5477 0.7745 0.0000
vt 0.5876 0.7794 0.0000
vt 0.5056 0.7942 0.0000
vt 0.5122 0.7664 0.0000
vt 0.4748 0.7789 0.0000
vt 0.4825 0.7557 0.0000
vt 0.4513 0.7571 0.0000
vt 0.4628 0.7459 0.0000
vt 0.4640 0.7965 0.0000
vt 0.4374 0.7698 0.0000
vt 0.1242 0.7955 0.0000
vt 0.0975 0.7844 0.0000
vt 0.1518 0.8030 0.0000
vt 0.1785 0.8045 0.0000
vt 0.2028 0.8005 0.0000
vt 0.2230 0.7923 0.0000
vt 0.3828 0.1145 0.0000
vt 0.3765 0.0915 0.0000
vt 0.3874 0.0848 0.0000
vt 0.4038 0.1153 0.0000
vt 0.3877 0.1491 0.0000
vt 0.4125 0.1519 0.0000
vt 0.3878 0.1907 0.0000
vt 0.4143 0.1942 0.0000
vt 0.3826 0.2354 0.0000
vt 0.4094 0.2393 0.0000
vt 0.3719 0.2789 0.0000
vt 0.3981 0.2835 0.0000
vt 0.3570 0.3185 0.0000
vt 0.3813 0.3238 0.0000
vt 0.3616 0.0594 0.0000
vt 0.3276 0.0374 0.0000
vt 0.3329 0.0231 0.0000
vt 0.3694 0.0484 0.0000
vt 0.4674 0.3850 0.0000
vt 0.4596 0.3548 0.0000
vt 0.4842 0.3588 0.0000
vt 0.4913 0.3905 0.0000
vt 0.5114 0.3580 0.0000
vt 0.5178 0.3904 0.0000
vt 0.5401 0.3517 0.0000
vt 0.5456 0.3837 0.0000
vt 0.5696 0.3413 0.0000
vt 0.5734 0.3720 0.0000
vt 0.5996 0.3288 0.0000
vt 0.6004 0.3577 0.0000
vt 0.2911 0.0020 0.0000
vt 0.4710 0.2632 0.0000
vt 0.4446 0.2623 0.0000
vt 0.5002 0.2611 0.0000
vt 0.5311 0.2561 0.0000
vt 0.5630 0.2486 0.0000
vt 0.1865 0.4089 0.0000
vt 0.2163 0.4119 0.0000
vt 0.2131 0.4313 0.0000
vt 0.1816 0.4283 0.0000
vt 0.3553 0.0775 0.0000
vt 0.3986 0.0782 0.0000
vt 0.2039 0.8215 0.0000
vt 0.1795 0.8266 0.0000
vt 0.4983 0.4141 0.0000
vt 0.5250 0.4144 0.0000
vt 0.5528 0.4072 0.0000
vt 0.5800 0.3941 0.0000
vt 0.4183 0.7348 0.0000
vt 0.4360 0.7266 0.0000
vt 0.4571 0.7218 0.0000
vt 0.4255 0.6881 0.0000
vt 0.4509 0.6855 0.0000
vt 0.4183 0.6440 0.0000
vt 0.1693 0.3398 0.0000
vt 0.6624 0.2129 0.0000
vt 0.3226 0.0601 0.0000
vt 0.6741 0.1594 0.0000
vt 0.6960 0.1482 0.0000
vt 0.7244 0.1395 0.0000
vt 0.7587 0.1332 0.0000
vt 0.7977 0.1294 0.0000
vt 0.8397 0.1285 0.0000
vt 0.8823 0.1306 0.0000
vt 0.2601 0.4096 0.0000
vt 0.2593 0.4278 0.0000
vt 0.6948 0.0538 0.0000
vt 0.7218 0.0425 0.0000
vt 0.7544 0.0353 0.0000
vt 0.7916 0.0331 0.0000
vt 0.8314 0.0353 0.0000
vt 0.8714 0.0401 0.0000
vt 0.2997 0.4005 0.0000
vt 0.3026 0.4160 0.0000
vt 0.6979 0.0233 0.0000
vt 0.7237 0.0108 0.0000
vt 0.7551 0.0033 0.0000
vt 0.7907 0.0020 0.0000
vt 0.8282 0.0061 0.0000
vt 0.8646 0.0135 0.0000
vt 0.4222 0.2576 0.0000
vt 0.9085 0.0469 0.0000
vt 0.7850 0.7194 0.0000
vt 0.7643 0.7550 0.0000
vt 0.7451 0.7466 0.0000
vt 0.7615 0.7125 0.0000
vt 0.0450 0.4597 0.0000
vt 0.0168 0.4803 0.0000
vt 0.0786 0.4460 0.0000
vt 0.1146 0.4378 0.0000
vt 0.1501 0.4354 0.0000
vt 0.1831 0.4393 0.0000
vt 0.2119 0.4493 0.0000
vt 0.2352 0.4648 0.0000
vt 0.3007 0.3789 0.0000
vt 0.2639 0.3839 0.0000
vt 0.7482 0.6043 0.0000
vt 0.7828 0.5806 0.0000
vt 0.7826 0.6101 0.0000
vt 0.3547 0.1054 0.0000
vt 0.3554 0.1415 0.0000
vt 0.3167 0.1307 0.0000
vt 0.3194 0.0917 0.0000
vt 0.2037 0.1540 0.0000
vt 0.3534 0.1842 0.0000
vt 0.3125 0.1755 0.0000
vt 0.1950 0.2029 0.0000
vt 0.3474 0.2297 0.0000
vt 0.3056 0.2225 0.0000
vt 0.1861 0.2515 0.0000
vt 0.3372 0.2741 0.0000
vt 0.2956 0.2688 0.0000
vt 0.1774 0.2977 0.0000
vt 0.3240 0.3151 0.0000
vt 0.2840 0.3121 0.0000
vt 0.3103 0.3504 0.0000
vt 0.2725 0.3510 0.0000
vt 0.4806 0.5828 0.0000
vt 0.5200 0.5839 0.0000
vt 0.2283 0.0042 0.0000
vt 0.2246 0.0305 0.0000
vt 0.5652 0.5860 0.0000
vt 0.5165 0.6909 0.0000
vt 0.4814 0.6870 0.0000
vt 0.5155 0.7317 0.0000
vt 0.4836 0.7250 0.0000
vt 0.6135 0.5892 0.0000
vt 0.5563 0.6954 0.0000
vt 0.5523 0.7378 0.0000
vt 0.6615 0.5935 0.0000
vt 0.6002 0.6993 0.0000
vt 0.5936 0.7421 0.0000
vt 0.7071 0.5987 0.0000
vt 0.6457 0.7022 0.0000
vt 0.6365 0.7442 0.0000
vt 0.6897 0.7045 0.0000
vt 0.6788 0.7446 0.0000
vt 0.7290 0.7076 0.0000
vt 0.7160 0.7443 0.0000
vt 0.6328 0.2554 0.0000
vt 0.6328 0.2810 0.0000
vt 0.6293 0.7809 0.0000
vt 0.6705 0.7792 0.0000
vt 0.7068 0.7743 0.0000
vt 0.7311 0.7686 0.0000
vt 0.9226 0.1366 0.0000
vt 0.6723 0.1306 0.0000
vt 0.4470 0.5825 0.0000
vt 0.6593 0.4253 0.0000
vt 0.6176 0.4189 0.0000
vt 0.6176 0.4436 0.0000
vt 0.6589 0.4495 0.0000
vt 0.5762 0.4185 0.0000
vt 0.5772 0.4430 0.0000
vt 0.4443 0.6154 0.0000
vt 0.4457 0.6453 0.0000
vt 0.4785 0.6460 0.0000
vt 0.4779 0.6157 0.0000
vt 0.5166 0.6482 0.0000
vt 0.5173 0.6169 0.0000
vt 0.4865 0.5564 0.0000
vt 0.5247 0.5563 0.0000
vt 0.5323 0.5143 0.0000
vt 0.4967 0.5163 0.0000
vt 0.5601 0.6513 0.0000
vt 0.5624 0.6192 0.0000
vt 0.5685 0.5571 0.0000
vt 0.5727 0.5135 0.0000
vt 0.5758 0.4750 0.0000
vt 0.5383 0.4775 0.0000
vt 0.6070 0.6549 0.0000
vt 0.6108 0.6225 0.0000
vt 0.6155 0.5597 0.0000
vt 0.6168 0.5151 0.0000
vt 0.6173 0.4760 0.0000
vt 0.6546 0.6586 0.0000
vt 0.6587 0.6268 0.0000
vt 0.6629 0.5645 0.0000
vt 0.6620 0.5203 0.0000
vt 0.6600 0.4814 0.0000
vt 0.7000 0.6626 0.0000
vt 0.7044 0.6320 0.0000
vt 0.7081 0.5708 0.0000
vt 0.7056 0.5278 0.0000
vt 0.7015 0.4903 0.0000
vt 0.7407 0.6674 0.0000
vt 0.7455 0.6377 0.0000
vt 0.7487 0.5771 0.0000
vt 0.7445 0.5352 0.0000
vt 0.7378 0.5000 0.0000
vt 0.5407 0.4472 0.0000
vt 0.6990 0.4598 0.0000
vt 0.7748 0.6732 0.0000
vt 0.7798 0.6437 0.0000
vt 0.5827 0.8126 0.0000
vt 0.5876 0.7819 0.0000
vt 0.5477 0.7769 0.0000
vt 0.5419 0.8069 0.0000
vt 0.5122 0.7688 0.0000
vt 0.5056 0.7966 0.0000
vt 0.4825 0.7581 0.0000
vt 0.4748 0.7813 0.0000
vt 0.4628 0.7483 0.0000
vt 0.4513 0.7595 0.0000
vt 0.4640 0.7989 0.0000
vt 0.4374 0.7722 0.0000
vt 0.4360 0.7290 0.0000
vt 0.4183 0.7372 0.0000
vt 0.4571 0.7243 0.0000
vt 0.4509 0.6879 0.0000
vt 0.4255 0.6905 0.0000
vt 0.4183 0.6465 0.0000
vt 0.7850 0.7218 0.0000
vt 0.7615 0.7149 0.0000
vt 0.7451 0.7491 0.0000
vt 0.7643 0.7574 0.0000
vt 0.7482 0.6068 0.0000
vt 0.7826 0.6125 0.0000
vt 0.7828 0.5830 0.0000
vt 0.4806 0.5852 0.0000
vt 0.5200 0.5863 0.0000
vt 0.5652 0.5884 0.0000
vt 0.4814 0.6894 0.0000
vt 0.5165 0.6934 0.0000
vt 0.4836 0.7274 0.0000
vt 0.5155 0.7341 0.0000
vt 0.6135 0.5916 0.0000
vt 0.5563 0.6978 0.0000
vt 0.5523 0.7402 0.0000
vt 0.6615 0.5959 0.0000
vt 0.6002 0.7017 0.0000
vt 0.5936 0.7445 0.0000
vt 0.7071 0.6011 0.0000
vt 0.6457 0.7046 0.0000
vt 0.6365 0.7466 0.0000
vt 0.6897 0.7069 0.0000
vt 0.6788 0.7470 0.0000
vt 0.7290 0.7100 0.0000
vt 0.7160 0.7467 0.0000
vt 0.6293 0.7834 0.0000
vt 0.6705 0.7816 0.0000
vt 0.7068 0.7767 0.0000
vt 0.7311 0.7711 0.0000
vt 0.4470 0.5850 0.0000
# 629 texture coords

o body_001
g body_001
usemtl 01___Default
s off
f 1/1/1 2/2/2 3/3/3 
f 3/3/3 4/4/4 1/1/1 
f 2/2/2 5/5/5 6/6/6 
f 6/6/6 3/3/3 2/2/2 
f 5/5/5 7/7/7 8/8/8 
f 8/8/8 6/6/6 5/5/5 
f 7/7/7 9/9/9 10/10/10 
f 10/10/10 8/8/8 7/7/7 
f 9/9/9 11/11/11 12/12/12 
f 12/12/12 10/10/10 9/9/9 
f 11/13/11 13/14/13 14/15/14 
f 14/15/14 12/16/12 11/13/11 
f 4/4/4 3/3/3 15/17/15 
f 15/17/15 16/18/16 4/4/4 
f 3/3/3 6/6/6 17/19/17 
f 17/19/17 15/17/15 3/3/3 
f 6/6/6 8/8/8 18/20/18 
f 18/20/18 17/19/17 6/6/6 
f 8/8/8 10/10/10 19/21/19 
f 19/21/19 18/20/18 8/8/8 
f 10/10/10 12/12/12 20/22/20 
f 20/22/20 19/21/19 10/10/10 
f 12/12/12 14/23/14 21/24/21 
f 21/24/21 20/22/20 12/12/12 
f 16/18/16 15/17/15 22/25/22 
f 22/25/22 23/26/23 16/18/16 
f 15/17/15 17/19/17 24/27/24 
f 24/27/24 22/25/22 15/17/15 
f 17/19/17 18/20/18 25/28/25 
f 25/28/25 24/27/24 17/19/17 
f 18/20/18 19/21/19 26/29/26 
f 26/29/26 25/28/25 18/20/18 
f 19/21/19 20/22/20 27/30/27 
f 27/30/27 26/29/26 19/21/19 
f 20/22/20 21/24/21 28/31/28 
f 28/31/28 27/30/27 20/22/20 
f 23/26/23 22/25/22 29/32/29 
f 29/32/29 30/33/30 23/26/23 
f 22/25/22 24/27/24 31/34/31 
f 31/34/31 29/32/29 22/25/22 
f 24/27/24 25/28/25 32/35/32 
f 32/35/32 31/34/31 24/27/24 
f 25/28/25 26/29/26 33/36/33 
f 33/36/33 32/35/32 25/28/25 
f 26/29/26 27/30/27 34/37/34 
f 34/37/34 33/36/33 26/29/26 
f 27/30/27 28/31/28 35/38/35 
f 35/38/35 34/37/34 27/30/27 
f 30/33/30 29/32/29 36/39/36 
f 36/39/36 37/40/37 30/33/30 
f 29/32/29 31/34/31 38/41/38 
f 38/41/38 36/39/36 29/32/29 
f 31/34/31 32/35/32 39/42/39 
f 39/42/39 38/41/38 31/34/31 
f 32/35/32 33/36/33 40/43/40 
f 40/43/40 39/42/39 32/35/32 
f 33/36/33 34/37/34 41/44/41 
f 41/44/41 40/43/40 33/36/33 
f 34/45/34 35/46/35 42/47/42 
f 42/47/42 41/48/41 34/45/34 
f 37/40/37 36/39/36 43/49/43 
f 43/49/43 44/50/44 37/40/37 
f 36/39/36 38/41/38 45/51/45 
f 45/51/45 43/49/43 36/39/36 
f 38/41/38 39/42/39 46/52/46 
f 46/52/46 45/51/45 38/41/38 
f 39/53/39 40/54/40 47/55/47 
f 47/55/47 46/56/46 39/53/39 
f 40/54/40 41/48/41 48/57/48 
f 48/57/48 47/55/47 40/54/40 
f 41/48/41 42/47/42 49/58/49 
f 49/58/49 48/57/48 41/48/41 
f 50/59/50 51/60/51 1/1/1 
f 1/1/1 52/61/52 50/59/50 
f 51/60/51 53/62/53 2/2/2 
f 2/2/2 1/1/1 51/60/51 
f 53/62/53 54/63/54 5/5/5 
f 5/5/5 2/2/2 53/62/53 
f 54/63/54 55/64/55 7/7/7 
f 7/7/7 5/5/5 54/63/54 
f 55/65/55 56/66/56 9/67/9 
f 9/67/9 7/68/7 55/65/55 
f 56/66/56 57/69/57 11/13/11 
f 11/13/11 9/67/9 56/66/56 
f 57/69/57 58/70/58 13/14/13 
f 13/14/13 11/13/11 57/69/57 
f 58/70/58 59/71/59 60/72/60 
f 60/72/60 13/14/13 58/70/58 
f 13/14/13 60/72/60 61/73/61 
f 61/73/61 14/15/14 13/14/13 
f 14/15/14 61/73/61 62/74/62 
f 62/74/62 21/75/21 14/15/14 
f 21/76/21 62/77/62 63/78/63 
f 63/78/63 28/79/28 21/76/21 
f 28/79/28 63/78/63 64/80/64 
f 64/80/64 35/81/35 28/79/28 
f 35/46/35 64/82/64 65/83/65 
f 65/83/65 42/47/42 35/46/35 
f 42/47/42 65/83/65 66/84/66 
f 66/84/66 49/58/49 42/47/42 
f 49/58/49 66/84/66 67/85/67 
f 67/85/67 68/86/68 49/58/49 
f 48/57/48 49/58/49 68/86/68 
f 68/86/68 69/87/69 48/57/48 
f 47/55/47 48/57/48 69/87/69 
f 69/87/69 70/88/70 47/55/47 
f 46/56/46 47/55/47 70/88/70 
f 70/88/70 71/89/71 46/56/46 
f 45/90/45 46/56/46 71/89/71 
f 71/89/71 72/91/72 45/90/45 
f 43/92/43 45/90/45 72/91/72 
f 72/91/72 73/93/73 43/92/43 
f 44/50/44 43/49/43 73/94/73 
f 73/94/73 74/95/74 44/50/44 
f 75/96/75 44/97/44 74/98/74 
f 74/98/74 76/99/76 75/96/75 
f 77/100/77 37/101/37 44/97/44 
f 44/97/44 75/96/75 77/100/77 
f 78/102/78 30/103/30 37/101/37 
f 37/101/37 77/100/77 78/102/78 
f 79/104/79 23/105/23 30/103/30 
f 30/103/30 78/102/78 79/104/79 
f 80/106/80 16/107/16 23/105/23 
f 23/105/23 79/104/79 80/106/80 
f 81/108/81 4/109/4 16/107/16 
f 16/107/16 80/106/80 81/108/81 
f 52/110/52 1/111/1 4/109/4 
f 4/109/4 81/108/81 52/110/52 
f 82/112/82 83/113/83 84/114/84 
f 84/114/84 85/115/85 82/112/82 
f 83/113/83 86/116/86 87/117/87 
f 87/117/87 84/114/84 83/113/83 
f 86/116/86 88/118/88 89/119/89 
f 89/119/89 87/117/87 86/116/86 
f 88/118/88 90/120/90 91/121/91 
f 91/121/91 89/119/89 88/118/88 
f 90/120/90 92/122/92 93/123/93 
f 93/123/93 91/121/91 90/120/90 
f 92/122/92 94/124/94 95/125/95 
f 95/125/95 93/123/93 92/122/92 
f 85/115/85 84/114/84 96/126/96 
f 96/126/96 97/127/97 85/115/85 
f 84/114/84 87/117/87 98/128/98 
f 98/128/98 96/126/96 84/114/84 
f 87/117/87 89/119/89 99/129/99 
f 99/129/99 98/128/98 87/117/87 
f 89/119/89 91/121/91 100/130/100 
f 100/130/100 99/129/99 89/119/89 
f 91/121/91 93/123/93 101/131/101 
f 101/131/101 100/130/100 91/121/91 
f 93/123/93 95/125/95 102/132/102 
f 102/132/102 101/131/101 93/123/93 
f 103/133/103 104/134/104 105/135/105 
f 105/135/105 106/136/106 103/133/103 
f 106/136/106 105/135/105 107/137/107 
f 107/137/107 108/138/108 106/136/106 
f 108/138/108 107/137/107 109/139/109 
f 109/139/109 110/140/110 108/138/108 
f 110/140/110 109/139/109 111/141/111 
f 111/141/111 112/142/112 110/140/110 
f 112/142/112 111/141/111 113/143/113 
f 113/143/113 114/144/114 112/142/112 
f 114/144/114 113/143/113 115/145/115 
f 115/145/115 116/146/116 114/144/114 
f 76/99/76 74/98/74 82/147/82 
f 82/147/82 117/148/117 76/99/76 
f 74/149/74 73/93/73 83/113/83 
f 83/113/83 82/112/82 74/149/74 
f 73/93/73 72/91/72 86/116/86 
f 86/116/86 83/113/83 73/93/73 
f 72/91/72 71/89/71 88/118/88 
f 88/118/88 86/116/86 72/91/72 
f 71/89/71 70/88/70 90/120/90 
f 90/120/90 88/118/88 71/89/71 
f 70/88/70 69/87/69 92/122/92 
f 92/122/92 90/120/90 70/88/70 
f 69/87/69 68/86/68 94/124/94 
f 94/124/94 92/122/92 69/87/69 
f 68/86/68 67/85/67 118/150/118 
f 118/150/118 94/124/94 68/86/68 
f 94/124/94 118/150/118 119/151/119 
f 119/151/119 95/125/95 94/124/94 
f 95/125/95 119/151/119 120/152/120 
f 120/152/120 102/132/102 95/125/95 
f 121/153/121 122/154/122 123/155/123 
f 123/155/123 124/156/124 121/153/121 
f 125/157/125 126/158/126 104/159/104 
f 104/159/104 103/160/103 125/157/125 
f 127/161/127 85/162/85 97/163/97 
f 97/163/97 128/164/128 127/161/127 
f 117/148/117 82/147/82 85/162/85 
f 85/162/85 127/161/127 117/148/117 
f 129/165/129 130/166/130 131/167/131 
f 131/167/131 132/168/132 129/165/129 
f 132/168/132 131/167/131 133/169/133 
f 133/169/133 134/170/134 132/168/132 
f 134/170/134 133/169/133 135/171/135 
f 135/171/135 136/172/136 134/170/134 
f 136/172/136 135/171/135 137/173/137 
f 137/173/137 138/174/138 136/172/136 
f 138/174/138 137/173/137 139/175/139 
f 139/175/139 140/176/140 138/174/138 
f 141/177/141 142/178/142 143/179/143 
f 143/179/143 144/180/144 141/177/141 
f 145/181/145 146/182/146 147/183/147 
f 147/183/147 148/184/148 145/181/145 
f 146/182/146 149/185/149 150/186/150 
f 150/186/150 147/183/147 146/182/146 
f 149/185/149 151/187/151 152/188/152 
f 152/188/152 150/186/150 149/185/149 
f 151/187/151 153/189/153 154/190/154 
f 154/190/154 152/188/152 151/187/151 
f 153/189/153 155/191/155 156/192/156 
f 156/192/156 154/190/154 153/189/153 
f 155/191/155 157/193/157 158/194/158 
f 158/194/158 156/192/156 155/191/155 
f 148/184/148 147/183/147 159/195/159 
f 159/195/159 160/196/160 148/184/148 
f 147/183/147 150/186/150 161/197/161 
f 161/197/161 159/195/159 147/183/147 
f 150/186/150 152/188/152 162/198/162 
f 162/198/162 161/197/161 150/186/150 
f 152/188/152 154/190/154 163/199/163 
f 163/199/163 162/198/162 152/188/152 
f 154/190/154 156/192/156 164/200/164 
f 164/200/164 163/199/163 154/190/154 
f 156/192/156 158/194/158 165/201/165 
f 165/201/165 164/200/164 156/192/156 
f 140/176/140 139/175/139 166/202/166 
f 166/202/166 167/203/167 140/176/140 
f 157/193/157 168/204/168 169/205/169 
f 169/205/169 158/194/158 157/193/157 
f 158/194/158 169/205/169 170/206/170 
f 170/206/170 165/201/165 158/194/158 
f 165/201/165 170/206/170 59/71/59 
f 59/71/59 58/70/58 165/201/165 
f 164/200/164 165/201/165 58/70/58 
f 58/70/58 57/69/57 164/200/164 
f 163/199/163 164/200/164 57/69/57 
f 57/69/57 56/66/56 163/199/163 
f 162/198/162 163/199/163 56/66/56 
f 56/66/56 55/65/55 162/198/162 
f 161/197/161 162/198/162 55/65/55 
f 55/65/55 54/207/54 161/197/161 
f 159/195/159 161/197/161 54/207/54 
f 54/207/54 53/208/53 159/195/159 
f 160/209/160 159/210/159 53/62/53 
f 53/62/53 51/60/51 160/209/160 
f 171/211/171 160/212/160 51/213/51 
f 51/213/51 50/214/50 171/211/171 
f 172/215/172 148/216/148 160/212/160 
f 160/212/160 171/211/171 172/215/172 
f 173/217/173 145/218/145 148/216/148 
f 148/216/148 172/215/172 173/217/173 
f 174/219/174 175/220/175 176/221/176 
f 176/221/176 177/222/177 174/219/174 
f 178/223/178 179/224/179 180/225/180 
f 180/225/180 181/226/181 178/223/178 
f 179/224/179 141/177/141 144/180/144 
f 144/180/144 180/225/180 179/224/179 
f 182/227/182 183/228/183 184/229/184 
f 184/229/184 185/230/185 182/227/182 
f 181/226/181 180/225/180 186/231/186 
f 186/231/186 187/232/187 181/226/181 
f 180/225/180 144/180/144 188/233/188 
f 188/233/188 186/231/186 180/225/180 
f 183/228/183 189/234/189 190/235/190 
f 190/235/190 184/229/184 183/228/183 
f 187/232/187 186/231/186 191/236/191 
f 191/236/191 192/237/192 187/232/187 
f 186/231/186 188/233/188 193/238/193 
f 193/238/193 191/236/191 186/231/186 
f 189/234/189 194/239/194 195/240/195 
f 195/240/195 190/235/190 189/234/189 
f 192/237/192 191/236/191 196/241/196 
f 196/241/196 197/242/197 192/237/192 
f 191/236/191 193/238/193 198/243/198 
f 198/243/198 196/241/196 191/236/191 
f 194/239/194 199/244/199 200/245/200 
f 200/245/200 195/240/195 194/239/194 
f 197/242/197 196/241/196 201/246/201 
f 201/246/201 202/247/202 197/242/197 
f 196/241/196 198/243/198 203/248/203 
f 203/248/203 201/246/201 196/241/196 
f 199/244/199 204/249/204 205/250/205 
f 205/250/205 200/245/200 199/244/199 
f 202/247/202 201/246/201 206/251/206 
f 206/251/206 207/252/207 202/247/202 
f 201/246/201 203/248/203 208/253/208 
f 208/253/208 206/251/206 201/246/201 
f 204/249/204 174/219/174 177/222/177 
f 177/222/177 205/250/205 204/249/204 
f 76/99/76 117/148/117 178/223/178 
f 178/223/178 75/96/75 76/99/76 
f 117/148/117 127/161/127 179/224/179 
f 179/224/179 178/223/178 117/148/117 
f 127/161/127 128/164/128 141/177/141 
f 141/177/141 179/224/179 127/161/127 
f 125/157/125 182/227/182 185/230/185 
f 185/230/185 126/158/126 125/157/125 
f 209/254/209 210/255/210 145/218/145 
f 145/218/145 173/217/173 209/254/209 
f 206/251/206 208/253/208 173/217/173 
f 173/217/173 172/215/172 206/251/206 
f 207/252/207 206/251/206 172/215/172 
f 172/215/172 171/211/171 207/252/207 
f 52/110/52 207/252/207 171/211/171 
f 171/211/171 50/214/50 52/110/52 
f 81/108/81 202/247/202 207/252/207 
f 207/252/207 52/110/52 81/108/81 
f 80/106/80 197/242/197 202/247/202 
f 202/247/202 81/108/81 80/106/80 
f 79/104/79 192/237/192 197/242/197 
f 197/242/197 80/106/80 79/104/79 
f 78/102/78 187/232/187 192/237/192 
f 192/237/192 79/104/79 78/102/78 
f 77/100/77 181/226/181 187/232/187 
f 187/232/187 78/102/78 77/100/77 
f 75/96/75 178/223/178 181/226/181 
f 181/226/181 77/100/77 75/96/75 
f 122/154/122 211/256/211 212/257/212 
f 212/257/212 123/155/123 122/154/122 
f 213/258/213 214/259/214 215/260/215 
f 215/260/215 216/261/216 213/258/213 
f 214/262/214 217/263/217 218/264/218 
f 218/264/218 215/265/215 214/262/214 
f 211/256/211 219/266/219 220/267/220 
f 220/267/220 212/257/212 211/256/211 
f 216/261/216 215/260/215 221/268/221 
f 221/268/221 222/269/222 216/261/216 
f 215/260/215 218/270/218 223/271/223 
f 223/271/223 221/268/221 215/260/215 
f 219/266/219 224/272/224 225/273/225 
f 225/273/225 220/267/220 219/266/219 
f 222/269/222 221/268/221 226/274/226 
f 226/274/226 227/275/227 222/269/222 
f 221/268/221 223/271/223 228/276/228 
f 228/276/228 226/274/226 221/268/221 
f 224/272/224 229/277/229 230/278/230 
f 230/278/230 225/273/225 224/272/224 
f 227/275/227 226/274/226 231/279/231 
f 231/279/231 232/280/232 227/275/227 
f 226/274/226 228/276/228 233/281/233 
f 233/281/233 231/279/231 226/274/226 
f 229/277/229 234/282/234 235/283/235 
f 235/283/235 230/278/230 229/277/229 
f 232/280/232 231/279/231 236/284/236 
f 236/284/236 237/285/237 232/280/232 
f 231/279/231 233/281/233 238/286/238 
f 238/286/238 236/284/236 231/279/231 
f 234/282/234 239/287/239 240/288/240 
f 240/288/240 235/283/235 234/282/234 
f 237/285/237 236/284/236 241/289/241 
f 241/289/241 242/290/242 237/285/237 
f 236/284/236 238/286/238 243/291/243 
f 243/291/243 241/289/241 236/284/236 
f 102/132/102 120/152/120 244/292/244 
f 244/292/244 245/293/245 102/132/102 
f 120/152/120 119/151/119 214/262/214 
f 214/262/214 213/294/213 120/152/120 
f 119/151/119 118/150/118 217/263/217 
f 217/263/217 214/262/214 119/151/119 
f 118/150/118 67/85/67 66/84/66 
f 66/84/66 217/263/217 118/150/118 
f 217/263/217 66/84/66 65/83/65 
f 65/83/65 218/264/218 217/263/217 
f 218/270/218 65/295/65 64/80/64 
f 64/80/64 223/271/223 218/270/218 
f 223/271/223 64/80/64 63/78/63 
f 63/78/63 228/276/228 223/271/223 
f 228/276/228 63/78/63 62/77/62 
f 62/77/62 233/281/233 228/276/228 
f 233/281/233 62/77/62 61/296/61 
f 61/296/61 238/286/238 233/281/233 
f 238/297/238 61/73/61 60/72/60 
f 60/72/60 243/298/243 238/297/238 
f 243/298/243 60/72/60 59/71/59 
f 59/71/59 170/206/170 243/298/243 
f 241/299/241 243/298/243 170/206/170 
f 170/206/170 169/205/169 241/299/241 
f 242/300/242 241/299/241 169/205/169 
f 169/205/169 168/204/168 242/300/242 
f 239/287/239 167/301/167 166/302/166 
f 166/302/166 240/288/240 239/287/239 
f 246/303/246 247/304/247 248/305/248 
f 248/305/248 249/306/249 246/303/246 
f 249/306/249 248/305/248 250/307/250 
f 250/307/250 251/308/251 249/306/249 
f 251/308/251 250/307/250 252/309/252 
f 252/309/252 253/310/253 251/308/251 
f 253/310/253 252/309/252 254/311/254 
f 254/311/254 255/312/255 253/310/253 
f 255/312/255 254/311/254 256/313/256 
f 256/313/256 257/314/257 255/312/255 
f 257/314/257 256/313/256 258/315/258 
f 258/315/258 259/316/259 257/314/257 
f 247/304/247 260/317/260 261/318/261 
f 261/318/261 248/305/248 247/304/247 
f 248/305/248 261/318/261 262/319/262 
f 262/319/262 250/307/250 248/305/248 
f 250/307/250 262/319/262 263/320/263 
f 263/320/263 252/309/252 250/307/250 
f 252/309/252 263/320/263 264/321/264 
f 264/321/264 254/311/254 252/309/252 
f 254/311/254 264/321/264 265/322/265 
f 265/322/265 256/313/256 254/311/254 
f 256/313/256 265/322/265 266/323/266 
f 266/323/266 258/315/258 256/313/256 
f 260/317/260 267/324/267 268/325/268 
f 268/325/268 261/318/261 260/317/260 
f 261/318/261 268/325/268 269/326/269 
f 269/326/269 262/319/262 261/318/261 
f 262/319/262 269/326/269 270/327/270 
f 270/327/270 263/320/263 262/319/262 
f 263/320/263 270/327/270 271/328/271 
f 271/328/271 264/321/264 263/320/263 
f 264/321/264 271/328/271 272/329/272 
f 272/329/272 265/322/265 264/321/264 
f 265/322/265 272/329/272 273/330/273 
f 273/330/273 266/323/266 265/322/265 
f 267/324/267 274/331/274 275/332/275 
f 275/332/275 268/325/268 267/324/267 
f 268/325/268 275/332/275 276/333/276 
f 276/333/276 269/326/269 268/325/268 
f 269/326/269 276/333/276 277/334/277 
f 277/334/277 270/327/270 269/326/269 
f 270/327/270 277/334/277 278/335/278 
f 278/335/278 271/328/271 270/327/270 
f 271/328/271 278/335/278 279/336/279 
f 279/336/279 272/329/272 271/328/271 
f 272/329/272 279/336/279 280/337/280 
f 280/337/280 273/330/273 272/329/272 
f 274/331/274 281/338/281 282/339/282 
f 282/339/282 275/332/275 274/331/274 
f 275/332/275 282/339/282 283/340/283 
f 283/340/283 276/333/276 275/332/275 
f 276/333/276 283/340/283 284/341/284 
f 284/341/284 277/334/277 276/333/276 
f 277/334/277 284/341/284 285/342/285 
f 285/342/285 278/335/278 277/334/277 
f 278/335/278 285/342/285 286/343/286 
f 286/343/286 279/336/279 278/335/278 
f 279/336/279 286/343/286 287/344/287 
f 287/344/287 280/337/280 279/336/279 
f 281/338/281 288/345/288 289/346/289 
f 289/346/289 282/339/282 281/338/281 
f 282/339/282 289/346/289 290/347/290 
f 290/347/290 283/340/283 282/339/282 
f 283/340/283 290/347/290 291/348/291 
f 291/348/291 284/341/284 283/340/283 
f 284/341/284 291/348/291 292/349/292 
f 292/349/292 285/342/285 284/341/284 
f 285/342/285 292/349/292 293/350/293 
f 293/350/293 286/343/286 285/342/285 
f 286/343/286 293/350/293 294/351/294 
f 294/351/294 287/344/287 286/343/286 
f 295/352/295 296/353/296 246/354/246 
f 246/354/246 297/355/297 295/352/295 
f 297/356/297 246/303/246 249/306/249 
f 249/306/249 298/357/298 297/356/297 
f 298/357/298 249/306/249 251/308/251 
f 251/308/251 299/358/299 298/357/298 
f 299/358/299 251/308/251 253/310/253 
f 253/310/253 300/359/300 299/358/299 
f 300/359/300 253/310/253 255/312/255 
f 255/312/255 301/360/301 300/359/300 
f 301/360/301 255/312/255 257/314/257 
f 257/314/257 302/361/302 301/360/301 
f 302/361/302 257/314/257 259/316/259 
f 259/316/259 303/362/303 302/361/302 
f 303/362/303 259/316/259 304/363/304 
f 304/363/304 305/364/305 303/362/303 
f 259/316/259 258/315/258 306/365/306 
f 306/365/306 304/363/304 259/316/259 
f 258/315/258 266/323/266 307/366/307 
f 307/366/307 306/365/306 258/315/258 
f 266/323/266 273/330/273 308/367/308 
f 308/367/308 307/366/307 266/323/266 
f 273/368/273 280/369/280 309/370/309 
f 309/370/309 308/371/308 273/368/273 
f 280/369/280 287/372/287 310/373/310 
f 310/373/310 309/370/309 280/369/280 
f 287/372/287 294/374/294 311/375/311 
f 311/375/311 310/373/310 287/372/287 
f 294/374/294 312/376/312 313/377/313 
f 313/377/313 311/375/311 294/374/294 
f 293/378/293 314/379/314 312/376/312 
f 312/376/312 294/374/294 293/378/293 
f 292/349/292 315/380/315 314/381/314 
f 314/381/314 293/350/293 292/349/292 
f 291/348/291 316/382/316 315/380/315 
f 315/380/315 292/349/292 291/348/291 
f 290/347/290 317/383/317 316/382/316 
f 316/382/316 291/348/291 290/347/290 
f 289/346/289 318/384/318 317/383/317 
f 317/383/317 290/347/290 289/346/289 
f 288/345/288 319/385/319 318/384/318 
f 318/384/318 289/346/289 288/345/288 
f 320/386/320 321/387/321 319/388/319 
f 319/388/319 288/389/288 320/386/320 
f 322/390/322 320/386/320 288/389/288 
f 288/389/288 281/391/281 322/390/322 
f 323/392/323 322/390/322 281/391/281 
f 281/391/281 274/393/274 323/392/323 
f 324/394/324 323/392/323 274/393/274 
f 274/393/274 267/395/267 324/394/324 
f 325/396/325 324/394/324 267/395/267 
f 267/395/267 260/397/260 325/396/325 
f 326/398/326 325/396/325 260/397/260 
f 260/397/260 247/399/247 326/398/326 
f 296/353/296 326/398/326 247/399/247 
f 247/399/247 246/354/246 296/353/296 
f 327/400/327 328/401/328 329/402/329 
f 329/402/329 330/403/330 327/400/327 
f 330/404/330 329/405/329 331/406/331 
f 331/406/331 332/407/332 330/404/330 
f 332/407/332 331/406/331 333/408/333 
f 333/408/333 334/409/334 332/407/332 
f 334/409/334 333/408/333 335/410/335 
f 335/410/335 336/411/336 334/409/334 
f 336/411/336 335/410/335 337/412/337 
f 337/412/337 338/413/338 336/411/336 
f 338/413/338 337/412/337 339/414/339 
f 339/414/339 340/415/340 338/413/338 
f 328/401/328 103/160/103 106/416/106 
f 106/416/106 329/402/329 328/401/328 
f 329/405/329 106/136/106 108/138/108 
f 108/138/108 331/406/331 329/405/329 
f 331/406/331 108/138/108 110/140/110 
f 110/140/110 333/408/333 331/406/331 
f 333/408/333 110/140/110 112/142/112 
f 112/142/112 335/410/335 333/408/333 
f 335/410/335 112/142/112 114/144/114 
f 114/144/114 337/412/337 335/410/335 
f 337/412/337 114/144/114 116/146/116 
f 116/146/116 339/414/339 337/412/337 
f 96/126/96 98/128/98 341/417/341 
f 341/417/341 342/418/342 96/126/96 
f 98/128/98 99/129/99 343/419/343 
f 343/419/343 341/417/341 98/128/98 
f 99/129/99 100/130/100 344/420/344 
f 344/420/344 343/419/343 99/129/99 
f 100/130/100 101/131/101 345/421/345 
f 345/421/345 344/420/344 100/130/100 
f 101/131/101 102/132/102 245/293/245 
f 245/293/245 345/421/345 101/131/101 
f 346/422/346 347/423/347 130/424/130 
f 130/424/130 129/425/129 346/422/346 
f 321/387/321 348/426/348 327/400/327 
f 327/400/327 319/388/319 321/387/321 
f 319/388/319 327/400/327 330/403/330 
f 330/403/330 318/427/318 319/388/319 
f 318/384/318 330/428/330 332/429/332 
f 332/429/332 317/383/317 318/384/318 
f 317/430/317 332/407/332 334/409/334 
f 334/409/334 316/431/316 317/430/317 
f 316/431/316 334/409/334 336/411/336 
f 336/411/336 315/432/315 316/431/316 
f 315/432/315 336/411/336 338/413/338 
f 338/413/338 314/433/314 315/432/315 
f 314/379/314 338/434/338 340/435/340 
f 340/435/340 312/376/312 314/379/314 
f 312/376/312 340/435/340 349/436/349 
f 349/436/349 313/377/313 312/376/312 
f 340/435/340 339/437/339 350/438/350 
f 350/438/350 349/436/349 340/435/340 
f 339/437/339 116/439/116 124/156/124 
f 124/156/124 350/438/350 339/437/339 
f 208/253/208 351/440/351 209/254/209 
f 209/254/209 173/217/173 208/253/208 
f 244/292/244 120/152/120 213/294/213 
f 213/294/213 352/441/352 244/292/244 
f 353/442/353 125/157/125 103/160/103 
f 103/160/103 328/401/328 353/442/353 
f 348/426/348 353/442/353 328/401/328 
f 328/401/328 327/400/327 348/426/348 
f 210/443/210 354/444/354 146/182/146 
f 146/182/146 145/181/145 210/443/210 
f 354/444/354 355/445/355 149/185/149 
f 149/185/149 146/182/146 354/444/354 
f 355/445/355 356/446/356 151/187/151 
f 151/187/151 149/185/149 355/445/355 
f 356/446/356 357/447/357 153/189/153 
f 153/189/153 151/187/151 356/446/356 
f 357/447/357 358/448/358 155/191/155 
f 155/191/155 153/189/153 357/447/357 
f 358/448/358 359/449/359 157/193/157 
f 157/193/157 155/191/155 358/448/358 
f 347/423/347 360/450/360 361/451/361 
f 361/451/361 130/424/130 347/423/347 
f 130/166/130 361/452/361 362/453/362 
f 362/453/362 131/167/131 130/166/130 
f 131/167/131 362/453/362 363/454/363 
f 363/454/363 133/169/133 131/167/131 
f 133/169/133 363/454/363 364/455/364 
f 364/455/364 135/171/135 133/169/133 
f 135/171/135 364/455/364 365/456/365 
f 365/456/365 137/173/137 135/171/135 
f 137/173/137 365/456/365 366/457/366 
f 366/457/366 139/175/139 137/173/137 
f 360/450/360 367/458/367 368/459/368 
f 368/459/368 361/451/361 360/450/360 
f 361/452/361 368/460/368 369/461/369 
f 369/461/369 362/453/362 361/452/361 
f 362/453/362 369/461/369 370/462/370 
f 370/462/370 363/454/363 362/453/362 
f 363/454/363 370/462/370 371/463/371 
f 371/463/371 364/455/364 363/454/363 
f 364/455/364 371/463/371 372/464/372 
f 372/464/372 365/456/365 364/455/364 
f 365/456/365 372/464/372 373/465/373 
f 373/465/373 366/457/366 365/456/365 
f 97/127/97 96/126/96 342/418/342 
f 342/418/342 374/466/374 97/127/97 
f 139/175/139 366/457/366 375/467/375 
f 375/467/375 166/202/166 139/175/139 
f 366/468/366 373/469/373 376/470/376 
f 376/470/376 375/471/375 366/468/366 
f 373/472/373 303/362/303 305/364/305 
f 305/364/305 376/473/376 373/472/373 
f 372/474/372 302/361/302 303/362/303 
f 303/362/303 373/472/373 372/474/372 
f 371/475/371 301/360/301 302/361/302 
f 302/361/302 372/474/372 371/475/371 
f 370/476/370 300/359/300 301/360/301 
f 301/360/301 371/475/371 370/476/370 
f 369/477/369 299/358/299 300/359/300 
f 300/359/300 370/476/370 369/477/369 
f 368/478/368 298/357/298 299/358/299 
f 299/358/299 369/477/369 368/478/368 
f 367/479/367 297/356/297 298/357/298 
f 298/357/298 368/478/368 367/479/367 
f 377/480/377 295/352/295 297/355/297 
f 297/355/297 367/458/367 377/480/377 
f 378/481/378 377/480/377 367/458/367 
f 367/458/367 360/450/360 378/481/378 
f 175/220/175 378/481/378 360/450/360 
f 360/450/360 347/423/347 175/220/175 
f 379/482/379 242/290/242 168/483/168 
f 168/483/168 380/484/380 379/482/379 
f 381/485/381 382/486/382 383/487/383 
f 383/487/383 384/488/384 381/485/381 
f 384/488/384 383/487/383 183/228/183 
f 183/228/183 182/227/182 384/488/384 
f 144/180/144 143/179/143 385/489/385 
f 385/489/385 188/233/188 144/180/144 
f 382/486/382 386/490/386 387/491/387 
f 387/491/387 383/487/383 382/486/382 
f 383/487/383 387/491/387 189/234/189 
f 189/234/189 183/228/183 383/487/383 
f 188/233/188 385/489/385 388/492/388 
f 388/492/388 193/238/193 188/233/188 
f 386/490/386 389/493/389 390/494/390 
f 390/494/390 387/491/387 386/490/386 
f 387/491/387 390/494/390 194/239/194 
f 194/239/194 189/234/189 387/491/387 
f 193/238/193 388/492/388 391/495/391 
f 391/495/391 198/243/198 193/238/193 
f 389/493/389 392/496/392 393/497/393 
f 393/497/393 390/494/390 389/493/389 
f 390/494/390 393/497/393 199/244/199 
f 199/244/199 194/239/194 390/494/390 
f 198/243/198 391/495/391 394/498/394 
f 394/498/394 203/248/203 198/243/198 
f 392/496/392 395/499/395 396/500/396 
f 396/500/396 393/497/393 392/496/392 
f 393/497/393 396/500/396 204/249/204 
f 204/249/204 199/244/199 393/497/393 
f 203/248/203 394/498/394 351/440/351 
f 351/440/351 208/253/208 203/248/203 
f 395/499/395 397/501/397 398/502/398 
f 398/502/398 396/500/396 395/499/395 
f 396/500/396 398/502/398 174/219/174 
f 174/219/174 204/249/204 396/500/396 
f 352/503/352 213/258/213 216/261/216 
f 216/261/216 399/504/399 352/503/352 
f 321/387/321 320/386/320 381/485/381 
f 381/485/381 348/426/348 321/387/321 
f 348/426/348 381/485/381 384/488/384 
f 384/488/384 353/442/353 348/426/348 
f 353/442/353 384/488/384 182/227/182 
f 182/227/182 125/157/125 353/442/353 
f 128/164/128 97/163/97 374/505/374 
f 374/505/374 400/506/400 128/164/128 
f 176/221/176 175/220/175 347/423/347 
f 347/423/347 346/422/346 176/221/176 
f 398/502/398 378/481/378 175/220/175 
f 175/220/175 174/219/174 398/502/398 
f 397/501/397 377/480/377 378/481/378 
f 378/481/378 398/502/398 397/501/397 
f 296/353/296 295/352/295 377/480/377 
f 377/480/377 397/501/397 296/353/296 
f 326/398/326 296/353/296 397/501/397 
f 397/501/397 395/499/395 326/398/326 
f 325/396/325 326/398/326 395/499/395 
f 395/499/395 392/496/392 325/396/325 
f 324/394/324 325/396/325 392/496/392 
f 392/496/392 389/493/389 324/394/324 
f 323/392/323 324/394/324 389/493/389 
f 389/493/389 386/490/386 323/392/323 
f 322/390/322 323/392/323 386/490/386 
f 386/490/386 382/486/382 322/390/322 
f 320/386/320 322/390/322 382/486/382 
f 382/486/382 381/485/381 320/386/320 
f 399/504/399 216/261/216 222/269/222 
f 222/269/222 401/507/401 399/504/399 
f 123/155/123 212/257/212 402/508/402 
f 402/508/402 403/509/403 123/155/123 
f 403/509/403 402/508/402 404/510/404 
f 404/510/404 405/511/405 403/509/403 
f 401/507/401 222/269/222 227/275/227 
f 227/275/227 406/512/406 401/507/401 
f 212/257/212 220/267/220 407/513/407 
f 407/513/407 402/508/402 212/257/212 
f 402/508/402 407/513/407 408/514/408 
f 408/514/408 404/510/404 402/508/402 
f 406/512/406 227/275/227 232/280/232 
f 232/280/232 409/515/409 406/512/406 
f 220/267/220 225/273/225 410/516/410 
f 410/516/410 407/513/407 220/267/220 
f 407/513/407 410/516/410 411/517/411 
f 411/517/411 408/514/408 407/513/407 
f 409/515/409 232/280/232 237/285/237 
f 237/285/237 412/518/412 409/515/409 
f 225/273/225 230/278/230 413/519/413 
f 413/519/413 410/516/410 225/273/225 
f 410/516/410 413/519/413 414/520/414 
f 414/520/414 411/517/411 410/516/410 
f 412/518/412 237/285/237 242/290/242 
f 242/290/242 379/482/379 412/518/412 
f 230/278/230 235/283/235 415/521/415 
f 415/521/415 413/519/413 230/278/230 
f 413/519/413 415/521/415 416/522/416 
f 416/522/416 414/520/414 413/519/413 
f 235/283/235 240/288/240 417/523/417 
f 417/523/417 415/521/415 235/283/235 
f 415/521/415 417/523/417 418/524/418 
f 418/524/418 416/522/416 415/521/415 
f 116/146/116 115/145/115 121/525/121 
f 121/525/121 124/526/124 116/146/116 
f 124/156/124 123/155/123 403/509/403 
f 403/509/403 350/438/350 124/156/124 
f 350/438/350 403/509/403 405/511/405 
f 405/511/405 349/436/349 350/438/350 
f 349/436/349 405/511/405 311/375/311 
f 311/375/311 313/377/313 349/436/349 
f 405/511/405 404/510/404 310/373/310 
f 310/373/310 311/375/311 405/511/405 
f 404/510/404 408/514/408 309/370/309 
f 309/370/309 310/373/310 404/510/404 
f 408/514/408 411/517/411 308/371/308 
f 308/371/308 309/370/309 408/514/408 
f 411/517/411 414/520/414 307/527/307 
f 307/527/307 308/371/308 411/517/411 
f 414/520/414 416/522/416 306/528/306 
f 306/528/306 307/527/307 414/520/414 
f 416/522/416 418/524/418 304/529/304 
f 304/529/304 306/528/306 416/522/416 
f 418/524/418 376/470/376 305/530/305 
f 305/530/305 304/529/304 418/524/418 
f 417/523/417 375/471/375 376/470/376 
f 376/470/376 418/524/418 417/523/417 
f 240/288/240 166/302/166 375/471/375 
f 375/471/375 417/523/417 240/288/240 
f 359/449/359 380/531/380 168/204/168 
f 168/204/168 157/193/157 359/449/359 
f 374/466/374 342/418/342 105/135/105 
f 105/135/105 104/134/104 374/466/374 
f 342/418/342 341/417/341 107/137/107 
f 107/137/107 105/135/105 342/418/342 
f 341/417/341 343/419/343 109/139/109 
f 109/139/109 107/137/107 341/417/341 
f 343/419/343 344/420/344 111/141/111 
f 111/141/111 109/139/109 343/419/343 
f 344/420/344 345/421/345 113/143/113 
f 113/143/113 111/141/111 344/420/344 
f 345/421/345 245/293/245 115/145/115 
f 115/145/115 113/143/113 345/421/345 
f 121/525/121 115/145/115 245/293/245 
f 245/293/245 244/292/244 121/525/121 
f 400/506/400 374/505/374 104/159/104 
f 104/159/104 126/158/126 400/506/400 
f 346/532/346 129/165/129 354/444/354 
f 354/444/354 210/443/210 346/532/346 
f 129/165/129 132/168/132 355/445/355 
f 355/445/355 354/444/354 129/165/129 
f 132/168/132 134/170/134 356/446/356 
f 356/446/356 355/445/355 132/168/132 
f 134/170/134 136/172/136 357/447/357 
f 357/447/357 356/446/356 134/170/134 
f 136/172/136 138/174/138 358/448/358 
f 358/448/358 357/447/357 136/172/136 
f 138/174/138 140/176/140 359/449/359 
f 359/449/359 358/448/358 138/174/138 
f 380/531/380 359/449/359 140/176/140 
f 140/176/140 167/203/167 380/531/380 
f 176/221/176 346/422/346 210/255/210 
f 210/255/210 209/254/209 176/221/176 
f 185/230/185 184/229/184 143/179/143 
f 143/179/143 142/178/142 185/230/185 
f 184/229/184 190/235/190 385/489/385 
f 385/489/385 143/179/143 184/229/184 
f 190/235/190 195/240/195 388/492/388 
f 388/492/388 385/489/385 190/235/190 
f 195/240/195 200/245/200 391/495/391 
f 391/495/391 388/492/388 195/240/195 
f 200/245/200 205/250/205 394/498/394 
f 394/498/394 391/495/391 200/245/200 
f 205/250/205 177/222/177 351/440/351 
f 351/440/351 394/498/394 205/250/205 
f 126/158/126 185/230/185 142/178/142 
f 142/178/142 400/506/400 126/158/126 
f 209/254/209 351/440/351 177/222/177 
f 177/222/177 176/221/176 209/254/209 
f 352/503/352 399/504/399 211/256/211 
f 211/256/211 122/154/122 352/503/352 
f 399/504/399 401/507/401 219/266/219 
f 219/266/219 211/256/211 399/504/399 
f 401/507/401 406/512/406 224/272/224 
f 224/272/224 219/266/219 401/507/401 
f 406/512/406 409/515/409 229/277/229 
f 229/277/229 224/272/224 406/512/406 
f 409/515/409 412/518/412 234/282/234 
f 234/282/234 229/277/229 409/515/409 
f 412/518/412 379/482/379 239/287/239 
f 239/287/239 234/282/234 412/518/412 
f 244/533/244 352/503/352 122/154/122 
f 122/154/122 121/153/121 244/533/244 
f 167/301/167 239/287/239 379/482/379 
f 379/482/379 380/484/380 167/301/167 
f 128/164/128 400/506/400 142/178/142 
f 142/178/142 141/177/141 128/164/128 
f 419/1/419 420/4/420 421/3/421 
f 421/3/421 422/2/422 419/1/419 
f 422/2/422 421/3/421 423/6/423 
f 423/6/423 424/5/424 422/2/422 
f 424/5/424 423/6/423 425/8/425 
f 425/8/425 426/7/426 424/5/424 
f 426/7/426 425/8/425 427/10/427 
f 427/10/427 428/9/428 426/7/426 
f 428/9/428 427/10/427 429/12/429 
f 429/12/429 430/11/430 428/9/428 
f 430/13/430 429/16/429 431/15/431 
f 431/15/431 432/14/432 430/13/430 
f 420/4/420 433/18/433 434/17/434 
f 434/17/434 421/3/421 420/4/420 
f 421/3/421 434/17/434 435/19/435 
f 435/19/435 423/6/423 421/3/421 
f 423/6/423 435/19/435 436/20/436 
f 436/20/436 425/8/425 423/6/423 
f 425/8/425 436/20/436 437/21/437 
f 437/21/437 427/10/427 425/8/425 
f 427/10/427 437/21/437 438/22/438 
f 438/22/438 429/12/429 427/10/427 
f 429/12/429 438/22/438 439/24/439 
f 439/24/439 431/23/431 429/12/429 
f 433/18/433 440/26/440 441/25/441 
f 441/25/441 434/17/434 433/18/433 
f 434/17/434 441/25/441 442/27/442 
f 442/27/442 435/19/435 434/17/434 
f 435/19/435 442/27/442 443/28/443 
f 443/28/443 436/20/436 435/19/435 
f 436/20/436 443/28/443 444/29/444 
f 444/29/444 437/21/437 436/20/436 
f 437/21/437 444/29/444 445/30/445 
f 445/30/445 438/22/438 437/21/437 
f 438/22/438 445/30/445 446/31/446 
f 446/31/446 439/24/439 438/22/438 
f 440/26/440 447/33/447 448/32/448 
f 448/32/448 441/25/441 440/26/440 
f 441/25/441 448/32/448 449/34/449 
f 449/34/449 442/27/442 441/25/441 
f 442/27/442 449/34/449 450/35/450 
f 450/35/450 443/28/443 442/27/442 
f 443/28/443 450/35/450 451/36/451 
f 451/36/451 444/29/444 443/28/443 
f 444/29/444 451/36/451 452/37/452 
f 452/37/452 445/30/445 444/29/444 
f 445/30/445 452/37/452 453/38/453 
f 453/38/453 446/31/446 445/30/445 
f 447/33/447 454/40/454 455/39/455 
f 455/39/455 448/32/448 447/33/447 
f 448/32/448 455/39/455 456/41/456 
f 456/41/456 449/34/449 448/32/448 
f 449/34/449 456/41/456 457/42/457 
f 457/42/457 450/35/450 449/34/449 
f 450/35/450 457/42/457 458/43/458 
f 458/43/458 451/36/451 450/35/450 
f 451/36/451 458/43/458 459/44/459 
f 459/44/459 452/37/452 451/36/451 
f 452/45/452 459/48/459 460/47/460 
f 460/47/460 453/46/453 452/45/452 
f 454/40/454 461/50/461 462/49/462 
f 462/49/462 455/39/455 454/40/454 
f 455/39/455 462/49/462 463/51/463 
f 463/51/463 456/41/456 455/39/455 
f 456/41/456 463/51/463 464/52/464 
f 464/52/464 457/42/457 456/41/456 
f 457/53/457 464/56/464 465/55/465 
f 465/55/465 458/54/458 457/53/457 
f 458/54/458 465/55/465 466/57/466 
f 466/57/466 459/48/459 458/54/458 
f 459/48/459 466/57/466 467/58/467 
f 467/58/467 460/47/460 459/48/459 
f 468/59/468 469/61/469 419/1/419 
f 419/1/419 470/60/470 468/59/468 
f 470/60/470 419/1/419 422/2/422 
f 422/2/422 471/62/471 470/60/470 
f 471/62/471 422/2/422 424/5/424 
f 424/5/424 472/63/472 471/62/471 
f 472/63/472 424/5/424 426/7/426 
f 426/7/426 473/64/473 472/63/472 
f 473/65/473 426/68/426 428/67/428 
f 428/67/428 474/66/474 473/65/473 
f 474/66/474 428/67/428 430/13/430 
f 430/13/430 475/69/475 474/66/474 
f 475/69/475 430/13/430 432/14/432 
f 432/14/432 476/70/476 475/69/475 
f 476/70/476 432/14/432 477/72/477 
f 477/72/477 478/71/478 476/70/476 
f 432/14/432 431/15/431 479/73/479 
f 479/73/479 477/72/477 432/14/432 
f 431/15/431 439/75/439 480/74/480 
f 480/74/480 479/73/479 431/15/431 
f 439/534/439 446/535/446 481/536/481 
f 481/536/481 480/537/480 439/534/439 
f 446/535/446 453/538/453 482/539/482 
f 482/539/482 481/536/481 446/535/446 
f 453/46/453 460/47/460 483/83/483 
f 483/83/483 482/82/482 453/46/453 
f 460/47/460 467/58/467 484/84/484 
f 484/84/484 483/83/483 460/47/460 
f 467/58/467 485/86/485 486/85/486 
f 486/85/486 484/84/484 467/58/467 
f 466/57/466 487/87/487 485/86/485 
f 485/86/485 467/58/467 466/57/466 
f 465/55/465 488/88/488 487/87/487 
f 487/87/487 466/57/466 465/55/465 
f 464/56/464 489/89/489 488/88/488 
f 488/88/488 465/55/465 464/56/464 
f 463/90/463 490/91/490 489/89/489 
f 489/89/489 464/56/464 463/90/463 
f 462/92/462 491/93/491 490/91/490 
f 490/91/490 463/90/463 462/92/462 
f 461/50/461 492/95/492 491/94/491 
f 491/94/491 462/49/462 461/50/461 
f 493/96/493 494/99/494 492/98/492 
f 492/98/492 461/97/461 493/96/493 
f 495/100/495 493/96/493 461/97/461 
f 461/97/461 454/101/454 495/100/495 
f 496/102/496 495/100/495 454/101/454 
f 454/101/454 447/103/447 496/102/496 
f 497/104/497 496/102/496 447/103/447 
f 447/103/447 440/105/440 497/104/497 
f 498/106/498 497/104/497 440/105/440 
f 440/105/440 433/107/433 498/106/498 
f 499/108/499 498/106/498 433/107/433 
f 433/107/433 420/109/420 499/108/499 
f 469/110/469 499/108/499 420/109/420 
f 420/109/420 419/111/419 469/110/469 
f 500/112/500 501/115/501 502/114/502 
f 502/114/502 503/113/503 500/112/500 
f 503/113/503 502/114/502 504/117/504 
f 504/117/504 505/116/505 503/113/503 
f 505/116/505 504/117/504 506/119/506 
f 506/119/506 507/118/507 505/116/505 
f 507/118/507 506/119/506 508/121/508 
f 508/121/508 509/120/509 507/118/507 
f 509/120/509 508/121/508 510/123/510 
f 510/123/510 511/122/511 509/120/509 
f 511/122/511 510/123/510 512/125/512 
f 512/125/512 513/124/513 511/122/511 
f 501/115/501 514/127/514 515/126/515 
f 515/126/515 502/114/502 501/115/501 
f 502/114/502 515/126/515 516/128/516 
f 516/128/516 504/117/504 502/114/502 
f 504/117/504 516/128/516 517/129/517 
f 517/129/517 506/119/506 504/117/504 
f 506/119/506 517/129/517 518/130/518 
f 518/130/518 508/121/508 506/119/506 
f 508/121/508 518/130/518 519/131/519 
f 519/131/519 510/123/510 508/121/508 
f 510/123/510 519/131/519 520/132/520 
f 520/132/520 512/125/512 510/123/510 
f 521/133/521 522/136/522 523/135/523 
f 523/135/523 524/134/524 521/133/521 
f 522/136/522 525/138/525 526/137/526 
f 526/137/526 523/135/523 522/136/522 
f 525/138/525 527/140/527 528/139/528 
f 528/139/528 526/137/526 525/138/525 
f 527/140/527 529/142/529 530/141/530 
f 530/141/530 528/139/528 527/140/527 
f 529/142/529 531/144/531 532/143/532 
f 532/143/532 530/141/530 529/142/529 
f 531/144/531 533/146/533 534/145/534 
f 534/145/534 532/143/532 531/144/531 
f 494/99/494 535/148/535 500/147/500 
f 500/147/500 492/98/492 494/99/494 
f 492/149/492 500/112/500 503/113/503 
f 503/113/503 491/93/491 492/149/492 
f 491/93/491 503/113/503 505/116/505 
f 505/116/505 490/91/490 491/93/491 
f 490/91/490 505/116/505 507/118/507 
f 507/118/507 489/89/489 490/91/490 
f 489/89/489 507/118/507 509/120/509 
f 509/120/509 488/88/488 489/89/489 
f 488/88/488 509/120/509 511/122/511 
f 511/122/511 487/87/487 488/88/488 
f 487/87/487 511/122/511 513/124/513 
f 513/124/513 485/86/485 487/87/487 
f 485/86/485 513/124/513 536/150/536 
f 536/150/536 486/85/486 485/86/485 
f 513/124/513 512/125/512 537/151/537 
f 537/151/537 536/150/536 513/124/513 
f 512/125/512 520/132/520 538/152/538 
f 538/152/538 537/151/537 512/125/512 
f 539/540/539 540/541/540 541/542/541 
f 541/542/541 542/543/542 539/540/539 
f 543/157/543 521/160/521 524/159/524 
f 524/159/524 544/158/544 543/157/543 
f 545/161/545 546/164/546 514/163/514 
f 514/163/514 501/162/501 545/161/545 
f 535/148/535 545/161/545 501/162/501 
f 501/162/501 500/147/500 535/148/535 
f 547/165/547 548/168/548 549/167/549 
f 549/167/549 550/166/550 547/165/547 
f 548/168/548 551/170/551 552/169/552 
f 552/169/552 549/167/549 548/168/548 
f 551/170/551 553/172/553 554/171/554 
f 554/171/554 552/169/552 551/170/551 
f 553/172/553 555/174/555 556/173/556 
f 556/173/556 554/171/554 553/172/553 
f 555/174/555 557/176/557 558/175/558 
f 558/175/558 556/173/556 555/174/555 
f 559/177/559 560/180/560 561/179/561 
f 561/179/561 562/178/562 559/177/559 
f 563/181/563 564/184/564 565/183/565 
f 565/183/565 566/182/566 563/181/563 
f 566/182/566 565/183/565 567/186/567 
f 567/186/567 568/185/568 566/182/566 
f 568/185/568 567/186/567 569/188/569 
f 569/188/569 570/187/570 568/185/568 
f 570/187/570 569/188/569 571/190/571 
f 571/190/571 572/189/572 570/187/570 
f 572/189/572 571/190/571 573/192/573 
f 573/192/573 574/191/574 572/189/572 
f 574/191/574 573/192/573 575/194/575 
f 575/194/575 576/193/576 574/191/574 
f 564/184/564 577/196/577 578/195/578 
f 578/195/578 565/183/565 564/184/564 
f 565/183/565 578/195/578 579/197/579 
f 579/197/579 567/186/567 565/183/565 
f 567/186/567 579/197/579 580/198/580 
f 580/198/580 569/188/569 567/186/567 
f 569/188/569 580/198/580 581/199/581 
f 581/199/581 571/190/571 569/188/569 
f 571/190/571 581/199/581 582/200/582 
f 582/200/582 573/192/573 571/190/571 
f 573/192/573 582/200/582 583/201/583 
f 583/201/583 575/194/575 573/192/573 
f 557/176/557 584/203/584 585/202/585 
f 585/202/585 558/175/558 557/176/557 
f 576/193/576 575/194/575 586/205/586 
f 586/205/586 587/204/587 576/193/576 
f 575/194/575 583/201/583 588/206/588 
f 588/206/588 586/205/586 575/194/575 
f 583/201/583 476/70/476 478/71/478 
f 478/71/478 588/206/588 583/201/583 
f 582/200/582 475/69/475 476/70/476 
f 476/70/476 583/201/583 582/200/582 
f 581/199/581 474/66/474 475/69/475 
f 475/69/475 582/200/582 581/199/581 
f 580/198/580 473/65/473 474/66/474 
f 474/66/474 581/199/581 580/198/580 
f 579/197/579 472/207/472 473/65/473 
f 473/65/473 580/198/580 579/197/579 
f 578/195/578 471/208/471 472/207/472 
f 472/207/472 579/197/579 578/195/578 
f 577/209/577 470/60/470 471/62/471 
f 471/62/471 578/210/578 577/209/577 
f 589/211/589 468/214/468 470/213/470 
f 470/213/470 577/212/577 589/211/589 
f 590/215/590 589/211/589 577/212/577 
f 577/212/577 564/216/564 590/215/590 
f 591/217/591 590/215/590 564/216/564 
f 564/216/564 563/218/563 591/217/591 
f 592/219/592 593/222/593 594/221/594 
f 594/221/594 595/220/595 592/219/592 
f 596/223/596 597/226/597 598/225/598 
f 598/225/598 599/224/599 596/223/596 
f 599/224/599 598/225/598 560/180/560 
f 560/180/560 559/177/559 599/224/599 
f 600/227/600 601/230/601 602/229/602 
f 602/229/602 603/228/603 600/227/600 
f 597/226/597 604/232/604 605/231/605 
f 605/231/605 598/225/598 597/226/597 
f 598/225/598 605/231/605 606/233/606 
f 606/233/606 560/180/560 598/225/598 
f 603/228/603 602/229/602 607/235/607 
f 607/235/607 608/234/608 603/228/603 
f 604/232/604 609/237/609 610/236/610 
f 610/236/610 605/231/605 604/232/604 
f 605/231/605 610/236/610 611/238/611 
f 611/238/611 606/233/606 605/231/605 
f 608/234/608 607/235/607 612/240/612 
f 612/240/612 613/239/613 608/234/608 
f 609/237/609 614/242/614 615/241/615 
f 615/241/615 610/236/610 609/237/609 
f 610/236/610 615/241/615 616/243/616 
f 616/243/616 611/238/611 610/236/610 
f 613/239/613 612/240/612 617/245/617 
f 617/245/617 618/244/618 613/239/613 
f 614/242/614 619/247/619 620/246/620 
f 620/246/620 615/241/615 614/242/614 
f 615/241/615 620/246/620 621/248/621 
f 621/248/621 616/243/616 615/241/615 
f 618/244/618 617/245/617 622/250/622 
f 622/250/622 623/249/623 618/244/618 
f 619/247/619 624/252/624 625/251/625 
f 625/251/625 620/246/620 619/247/619 
f 620/246/620 625/251/625 626/253/626 
f 626/253/626 621/248/621 620/246/620 
f 623/249/623 622/250/622 593/222/593 
f 593/222/593 592/219/592 623/249/623 
f 494/99/494 493/96/493 596/223/596 
f 596/223/596 535/148/535 494/99/494 
f 535/148/535 596/223/596 599/224/599 
f 599/224/599 545/161/545 535/148/535 
f 545/161/545 599/224/599 559/177/559 
f 559/177/559 546/164/546 545/161/545 
f 543/157/543 544/158/544 601/230/601 
f 601/230/601 600/227/600 543/157/543 
f 627/254/627 591/217/591 563/218/563 
f 563/218/563 628/255/628 627/254/627 
f 625/251/625 590/215/590 591/217/591 
f 591/217/591 626/253/626 625/251/625 
f 624/252/624 589/211/589 590/215/590 
f 590/215/590 625/251/625 624/252/624 
f 469/110/469 468/214/468 589/211/589 
f 589/211/589 624/252/624 469/110/469 
f 499/108/499 469/110/469 624/252/624 
f 624/252/624 619/247/619 499/108/499 
f 498/106/498 499/108/499 619/247/619 
f 619/247/619 614/242/614 498/106/498 
f 497/104/497 498/106/498 614/242/614 
f 614/242/614 609/237/609 497/104/497 
f 496/102/496 497/104/497 609/237/609 
f 609/237/609 604/232/604 496/102/496 
f 495/100/495 496/102/496 604/232/604 
f 604/232/604 597/226/597 495/100/495 
f 493/96/493 495/100/495 597/226/597 
f 597/226/597 596/223/596 493/96/493 
f 542/543/542 541/542/541 629/544/629 
f 629/544/629 630/545/630 542/543/542 
f 631/546/631 632/547/632 633/548/633 
f 633/548/633 634/549/634 631/546/631 
f 634/262/634 633/265/633 635/264/635 
f 635/264/635 636/263/636 634/262/634 
f 630/545/630 629/544/629 637/550/637 
f 637/550/637 638/551/638 630/545/630 
f 632/547/632 639/552/639 640/553/640 
f 640/553/640 633/548/633 632/547/632 
f 633/548/633 640/553/640 641/554/641 
f 641/554/641 635/555/635 633/548/633 
f 638/551/638 637/550/637 642/556/642 
f 642/556/642 643/557/643 638/551/638 
f 639/552/639 644/558/644 645/559/645 
f 645/559/645 640/553/640 639/552/639 
f 640/553/640 645/559/645 646/560/646 
f 646/560/646 641/554/641 640/553/640 
f 643/557/643 642/556/642 647/561/647 
f 647/561/647 648/562/648 643/557/643 
f 644/558/644 649/563/649 650/564/650 
f 650/564/650 645/559/645 644/558/644 
f 645/559/645 650/564/650 651/565/651 
f 651/565/651 646/560/646 645/559/645 
f 648/562/648 647/561/647 652/566/652 
f 652/566/652 653/567/653 648/562/648 
f 649/563/649 654/568/654 655/569/655 
f 655/569/655 650/564/650 649/563/649 
f 650/564/650 655/569/655 656/570/656 
f 656/570/656 651/565/651 650/564/650 
f 653/567/653 652/566/652 657/571/657 
f 657/571/657 658/572/658 653/567/653 
f 654/568/654 659/573/659 660/574/660 
f 660/574/660 655/569/655 654/568/654 
f 655/569/655 660/574/660 661/575/661 
f 661/575/661 656/570/656 655/569/655 
f 520/132/520 662/293/662 663/292/663 
f 663/292/663 538/152/538 520/132/520 
f 538/152/538 631/294/631 634/262/634 
f 634/262/634 537/151/537 538/152/538 
f 537/151/537 634/262/634 636/263/636 
f 636/263/636 536/150/536 537/151/537 
f 536/150/536 636/263/636 484/84/484 
f 484/84/484 486/85/486 536/150/536 
f 636/263/636 635/264/635 483/83/483 
f 483/83/483 484/84/484 636/263/636 
f 635/555/635 641/554/641 482/539/482 
f 482/539/482 483/576/483 635/555/635 
f 641/554/641 646/560/646 481/536/481 
f 481/536/481 482/539/482 641/554/641 
f 646/560/646 651/565/651 480/537/480 
f 480/537/480 481/536/481 646/560/646 
f 651/565/651 656/570/656 479/577/479 
f 479/577/479 480/537/480 651/565/651 
f 656/297/656 661/298/661 477/72/477 
f 477/72/477 479/73/479 656/297/656 
f 661/298/661 588/206/588 478/71/478 
f 478/71/478 477/72/477 661/298/661 
f 660/299/660 586/205/586 588/206/588 
f 588/206/588 661/298/661 660/299/660 
f 659/300/659 587/204/587 586/205/586 
f 586/205/586 660/299/660 659/300/659 
f 658/572/658 657/571/657 585/578/585 
f 585/578/585 584/579/584 658/572/658 
f 664/303/664 665/306/665 666/305/666 
f 666/305/666 667/304/667 664/303/664 
f 665/306/665 668/308/668 669/307/669 
f 669/307/669 666/305/666 665/306/665 
f 668/308/668 670/310/670 671/309/671 
f 671/309/671 669/307/669 668/308/668 
f 670/310/670 672/312/672 673/311/673 
f 673/311/673 671/309/671 670/310/670 
f 672/312/672 674/314/674 675/313/675 
f 675/313/675 673/311/673 672/312/672 
f 674/314/674 676/316/676 677/315/677 
f 677/315/677 675/313/675 674/314/674 
f 667/304/667 666/305/666 678/318/678 
f 678/318/678 679/317/679 667/304/667 
f 666/305/666 669/307/669 680/319/680 
f 680/319/680 678/318/678 666/305/666 
f 669/307/669 671/309/671 681/320/681 
f 681/320/681 680/319/680 669/307/669 
f 671/309/671 673/311/673 682/321/682 
f 682/321/682 681/320/681 671/309/671 
f 673/311/673 675/313/675 683/322/683 
f 683/322/683 682/321/682 673/311/673 
f 675/313/675 677/315/677 684/323/684 
f 684/323/684 683/322/683 675/313/675 
f 679/317/679 678/318/678 685/325/685 
f 685/325/685 686/324/686 679/317/679 
f 678/318/678 680/319/680 687/326/687 
f 687/326/687 685/325/685 678/318/678 
f 680/319/680 681/320/681 688/327/688 
f 688/327/688 687/326/687 680/319/680 
f 681/320/681 682/321/682 689/328/689 
f 689/328/689 688/327/688 681/320/681 
f 682/321/682 683/322/683 690/329/690 
f 690/329/690 689/328/689 682/321/682 
f 683/322/683 684/323/684 691/330/691 
f 691/330/691 690/329/690 683/322/683 
f 686/324/686 685/325/685 692/332/692 
f 692/332/692 693/331/693 686/324/686 
f 685/325/685 687/326/687 694/333/694 
f 694/333/694 692/332/692 685/325/685 
f 687/326/687 688/327/688 695/334/695 
f 695/334/695 694/333/694 687/326/687 
f 688/327/688 689/328/689 696/335/696 
f 696/335/696 695/334/695 688/327/688 
f 689/328/689 690/329/690 697/336/697 
f 697/336/697 696/335/696 689/328/689 
f 690/329/690 691/330/691 698/337/698 
f 698/337/698 697/336/697 690/329/690 
f 693/331/693 692/332/692 699/339/699 
f 699/339/699 700/338/700 693/331/693 
f 692/332/692 694/333/694 701/340/701 
f 701/340/701 699/339/699 692/332/692 
f 694/333/694 695/334/695 702/341/702 
f 702/341/702 701/340/701 694/333/694 
f 695/334/695 696/335/696 703/342/703 
f 703/342/703 702/341/702 695/334/695 
f 696/335/696 697/336/697 704/343/704 
f 704/343/704 703/342/703 696/335/696 
f 697/336/697 698/337/698 705/344/705 
f 705/344/705 704/343/704 697/336/697 
f 700/338/700 699/339/699 706/346/706 
f 706/346/706 707/345/707 700/338/700 
f 699/339/699 701/340/701 708/347/708 
f 708/347/708 706/346/706 699/339/699 
f 701/340/701 702/341/702 709/348/709 
f 709/348/709 708/347/708 701/340/701 
f 702/341/702 703/342/703 710/349/710 
f 710/349/710 709/348/709 702/341/702 
f 703/342/703 704/343/704 711/350/711 
f 711/350/711 710/349/710 703/342/703 
f 704/343/704 705/344/705 712/351/712 
f 712/351/712 711/350/711 704/343/704 
f 713/352/713 714/355/714 664/354/664 
f 664/354/664 715/353/715 713/352/713 
f 714/356/714 716/357/716 665/306/665 
f 665/306/665 664/303/664 714/356/714 
f 716/357/716 717/358/717 668/308/668 
f 668/308/668 665/306/665 716/357/716 
f 717/358/717 718/359/718 670/310/670 
f 670/310/670 668/308/668 717/358/717 
f 718/359/718 719/360/719 672/312/672 
f 672/312/672 670/310/670 718/359/718 
f 719/360/719 720/361/720 674/314/674 
f 674/314/674 672/312/672 719/360/719 
f 720/361/720 721/362/721 676/316/676 
f 676/316/676 674/314/674 720/361/720 
f 721/362/721 722/364/722 723/363/723 
f 723/363/723 676/316/676 721/362/721 
f 676/316/676 723/363/723 724/365/724 
f 724/365/724 677/315/677 676/316/676 
f 677/315/677 724/365/724 725/366/725 
f 725/366/725 684/323/684 677/315/677 
f 684/323/684 725/366/725 726/367/726 
f 726/367/726 691/330/691 684/323/684 
f 691/580/691 726/581/726 727/582/727 
f 727/582/727 698/583/698 691/580/691 
f 698/583/698 727/582/727 728/584/728 
f 728/584/728 705/585/705 698/583/698 
f 705/585/705 728/584/728 729/586/729 
f 729/586/729 712/587/712 705/585/705 
f 712/587/712 729/586/729 730/588/730 
f 730/588/730 731/589/731 712/587/712 
f 711/590/711 712/587/712 731/589/731 
f 731/589/731 732/591/732 711/590/711 
f 710/349/710 711/350/711 732/381/732 
f 732/381/732 733/380/733 710/349/710 
f 709/348/709 710/349/710 733/380/733 
f 733/380/733 734/382/734 709/348/709 
f 708/347/708 709/348/709 734/382/734 
f 734/382/734 735/383/735 708/347/708 
f 706/346/706 708/347/708 735/383/735 
f 735/383/735 736/384/736 706/346/706 
f 707/345/707 706/346/706 736/384/736 
f 736/384/736 737/385/737 707/345/707 
f 738/386/738 707/389/707 737/388/737 
f 737/388/737 739/387/739 738/386/738 
f 740/390/740 700/391/700 707/389/707 
f 707/389/707 738/386/738 740/390/740 
f 741/392/741 693/393/693 700/391/700 
f 700/391/700 740/390/740 741/392/741 
f 742/394/742 686/395/686 693/393/693 
f 693/393/693 741/392/741 742/394/742 
f 743/396/743 679/397/679 686/395/686 
f 686/395/686 742/394/742 743/396/743 
f 744/398/744 667/399/667 679/397/679 
f 679/397/679 743/396/743 744/398/744 
f 715/353/715 664/354/664 667/399/667 
f 667/399/667 744/398/744 715/353/715 
f 745/400/745 746/403/746 747/402/747 
f 747/402/747 748/401/748 745/400/745 
f 746/404/746 749/407/749 750/406/750 
f 750/406/750 747/405/747 746/404/746 
f 749/407/749 751/409/751 752/408/752 
f 752/408/752 750/406/750 749/407/749 
f 751/409/751 753/411/753 754/410/754 
f 754/410/754 752/408/752 751/409/751 
f 753/411/753 755/413/755 756/412/756 
f 756/412/756 754/410/754 753/411/753 
f 755/413/755 757/415/757 758/414/758 
f 758/414/758 756/412/756 755/413/755 
f 748/401/748 747/402/747 522/416/522 
f 522/416/522 521/160/521 748/401/748 
f 747/405/747 750/406/750 525/138/525 
f 525/138/525 522/136/522 747/405/747 
f 750/406/750 752/408/752 527/140/527 
f 527/140/527 525/138/525 750/406/750 
f 752/408/752 754/410/754 529/142/529 
f 529/142/529 527/140/527 752/408/752 
f 754/410/754 756/412/756 531/144/531 
f 531/144/531 529/142/529 754/410/754 
f 756/412/756 758/414/758 533/146/533 
f 533/146/533 531/144/531 756/412/756 
f 515/126/515 759/418/759 760/417/760 
f 760/417/760 516/128/516 515/126/515 
f 516/128/516 760/417/760 761/419/761 
f 761/419/761 517/129/517 516/128/516 
f 517/129/517 761/419/761 762/420/762 
f 762/420/762 518/130/518 517/129/517 
f 518/130/518 762/420/762 763/421/763 
f 763/421/763 519/131/519 518/130/518 
f 519/131/519 763/421/763 662/293/662 
f 662/293/662 520/132/520 519/131/519 
f 764/422/764 547/425/547 550/424/550 
f 550/424/550 765/423/765 764/422/764 
f 739/387/739 737/388/737 745/400/745 
f 745/400/745 766/426/766 739/387/739 
f 737/388/737 736/427/736 746/403/746 
f 746/403/746 745/400/745 737/388/737 
f 736/384/736 735/383/735 749/429/749 
f 749/429/749 746/428/746 736/384/736 
f 735/430/735 734/431/734 751/409/751 
f 751/409/751 749/407/749 735/430/735 
f 734/431/734 733/432/733 753/411/753 
f 753/411/753 751/409/751 734/431/734 
f 733/432/733 732/433/732 755/413/755 
f 755/413/755 753/411/753 733/432/733 
f 732/591/732 731/589/731 757/592/757 
f 757/592/757 755/593/755 732/591/732 
f 731/589/731 730/588/730 767/594/767 
f 767/594/767 757/592/757 731/589/731 
f 757/592/757 767/594/767 768/595/768 
f 768/595/768 758/596/758 757/592/757 
f 758/596/758 768/595/768 540/541/540 
f 540/541/540 533/597/533 758/596/758 
f 626/253/626 591/217/591 627/254/627 
f 627/254/627 769/440/769 626/253/626 
f 663/292/663 770/441/770 631/294/631 
f 631/294/631 538/152/538 663/292/663 
f 771/442/771 748/401/748 521/160/521 
f 521/160/521 543/157/543 771/442/771 
f 766/426/766 745/400/745 748/401/748 
f 748/401/748 771/442/771 766/426/766 
f 628/443/628 563/181/563 566/182/566 
f 566/182/566 772/444/772 628/443/628 
f 772/444/772 566/182/566 568/185/568 
f 568/185/568 773/445/773 772/444/772 
f 773/445/773 568/185/568 570/187/570 
f 570/187/570 774/446/774 773/445/773 
f 774/446/774 570/187/570 572/189/572 
f 572/189/572 775/447/775 774/446/774 
f 775/447/775 572/189/572 574/191/574 
f 574/191/574 776/448/776 775/447/775 
f 776/448/776 574/191/574 576/193/576 
f 576/193/576 777/449/777 776/448/776 
f 765/423/765 550/424/550 778/451/778 
f 778/451/778 779/450/779 765/423/765 
f 550/166/550 549/167/549 780/453/780 
f 780/453/780 778/452/778 550/166/550 
f 549/167/549 552/169/552 781/454/781 
f 781/454/781 780/453/780 549/167/549 
f 552/169/552 554/171/554 782/455/782 
f 782/455/782 781/454/781 552/169/552 
f 554/171/554 556/173/556 783/456/783 
f 783/456/783 782/455/782 554/171/554 
f 556/173/556 558/175/558 784/457/784 
f 784/457/784 783/456/783 556/173/556 
f 779/450/779 778/451/778 785/459/785 
f 785/459/785 786/458/786 779/450/779 
f 778/452/778 780/453/780 787/461/787 
f 787/461/787 785/460/785 778/452/778 
f 780/453/780 781/454/781 788/462/788 
f 788/462/788 787/461/787 780/453/780 
f 781/454/781 782/455/782 789/463/789 
f 789/463/789 788/462/788 781/454/781 
f 782/455/782 783/456/783 790/464/790 
f 790/464/790 789/463/789 782/455/782 
f 783/456/783 784/457/784 791/465/791 
f 791/465/791 790/464/790 783/456/783 
f 514/127/514 792/466/792 759/418/759 
f 759/418/759 515/126/515 514/127/514 
f 558/175/558 585/202/585 793/467/793 
f 793/467/793 784/457/784 558/175/558 
f 784/598/784 793/599/793 794/600/794 
f 794/600/794 791/601/791 784/598/784 
f 791/472/791 794/473/794 722/364/722 
f 722/364/722 721/362/721 791/472/791 
f 790/474/790 791/472/791 721/362/721 
f 721/362/721 720/361/720 790/474/790 
f 789/475/789 790/474/790 720/361/720 
f 720/361/720 719/360/719 789/475/789 
f 788/476/788 789/475/789 719/360/719 
f 719/360/719 718/359/718 788/476/788 
f 787/477/787 788/476/788 718/359/718 
f 718/359/718 717/358/717 787/477/787 
f 785/478/785 787/477/787 717/358/717 
f 717/358/717 716/357/716 785/478/785 
f 786/479/786 785/478/785 716/357/716 
f 716/357/716 714/356/714 786/479/786 
f 795/480/795 786/458/786 714/355/714 
f 714/355/714 713/352/713 795/480/795 
f 796/481/796 779/450/779 786/458/786 
f 786/458/786 795/480/795 796/481/796 
f 595/220/595 765/423/765 779/450/779 
f 779/450/779 796/481/796 595/220/595 
f 797/602/797 798/603/798 587/604/587 
f 587/604/587 659/573/659 797/602/797 
f 799/485/799 800/488/800 801/487/801 
f 801/487/801 802/486/802 799/485/799 
f 800/488/800 600/227/600 603/228/603 
f 603/228/603 801/487/801 800/488/800 
f 560/180/560 606/233/606 803/489/803 
f 803/489/803 561/179/561 560/180/560 
f 802/486/802 801/487/801 804/491/804 
f 804/491/804 805/490/805 802/486/802 
f 801/487/801 603/228/603 608/234/608 
f 608/234/608 804/491/804 801/487/801 
f 606/233/606 611/238/611 806/492/806 
f 806/492/806 803/489/803 606/233/606 
f 805/490/805 804/491/804 807/494/807 
f 807/494/807 808/493/808 805/490/805 
f 804/491/804 608/234/608 613/239/613 
f 613/239/613 807/494/807 804/491/804 
f 611/238/611 616/243/616 809/495/809 
f 809/495/809 806/492/806 611/238/611 
f 808/493/808 807/494/807 810/497/810 
f 810/497/810 811/496/811 808/493/808 
f 807/494/807 613/239/613 618/244/618 
f 618/244/618 810/497/810 807/494/807 
f 616/243/616 621/248/621 812/498/812 
f 812/498/812 809/495/809 616/243/616 
f 811/496/811 810/497/810 813/500/813 
f 813/500/813 814/499/814 811/496/811 
f 810/497/810 618/244/618 623/249/623 
f 623/249/623 813/500/813 810/497/810 
f 621/248/621 626/253/626 769/440/769 
f 769/440/769 812/498/812 621/248/621 
f 814/499/814 813/500/813 815/502/815 
f 815/502/815 816/501/816 814/499/814 
f 813/500/813 623/249/623 592/219/592 
f 592/219/592 815/502/815 813/500/813 
f 770/605/770 817/606/817 632/547/632 
f 632/547/632 631/546/631 770/605/770 
f 739/387/739 766/426/766 799/485/799 
f 799/485/799 738/386/738 739/387/739 
f 766/426/766 771/442/771 800/488/800 
f 800/488/800 799/485/799 766/426/766 
f 771/442/771 543/157/543 600/227/600 
f 600/227/600 800/488/800 771/442/771 
f 546/164/546 818/506/818 792/505/792 
f 792/505/792 514/163/514 546/164/546 
f 594/221/594 764/422/764 765/423/765 
f 765/423/765 595/220/595 594/221/594 
f 815/502/815 592/219/592 595/220/595 
f 595/220/595 796/481/796 815/502/815 
f 816/501/816 815/502/815 796/481/796 
f 796/481/796 795/480/795 816/501/816 
f 715/353/715 816/501/816 795/480/795 
f 795/480/795 713/352/713 715/353/715 
f 744/398/744 814/499/814 816/501/816 
f 816/501/816 715/353/715 744/398/744 
f 743/396/743 811/496/811 814/499/814 
f 814/499/814 744/398/744 743/396/743 
f 742/394/742 808/493/808 811/496/811 
f 811/496/811 743/396/743 742/394/742 
f 741/392/741 805/490/805 808/493/808 
f 808/493/808 742/394/742 741/392/741 
f 740/390/740 802/486/802 805/490/805 
f 805/490/805 741/392/741 740/390/740 
f 738/386/738 799/485/799 802/486/802 
f 802/486/802 740/390/740 738/386/738 
f 817/606/817 819/607/819 639/552/639 
f 639/552/639 632/547/632 817/606/817 
f 541/542/541 820/608/820 821/609/821 
f 821/609/821 629/544/629 541/542/541 
f 820/608/820 822/610/822 823/611/823 
f 823/611/823 821/609/821 820/608/820 
f 819/607/819 824/612/824 644/558/644 
f 644/558/644 639/552/639 819/607/819 
f 629/544/629 821/609/821 825/613/825 
f 825/613/825 637/550/637 629/544/629 
f 821/609/821 823/611/823 826/614/826 
f 826/614/826 825/613/825 821/609/821 
f 824/612/824 827/615/827 649/563/649 
f 649/563/649 644/558/644 824/612/824 
f 637/550/637 825/613/825 828/616/828 
f 828/616/828 642/556/642 637/550/637 
f 825/613/825 826/614/826 829/617/829 
f 829/617/829 828/616/828 825/613/825 
f 827/615/827 830/618/830 654/568/654 
f 654/568/654 649/563/649 827/615/827 
f 642/556/642 828/616/828 831/619/831 
f 831/619/831 647/561/647 642/556/642 
f 828/616/828 829/617/829 832/620/832 
f 832/620/832 831/619/831 828/616/828 
f 830/618/830 797/602/797 659/573/659 
f 659/573/659 654/568/654 830/618/830 
f 647/561/647 831/619/831 833/621/833 
f 833/621/833 652/566/652 647/561/647 
f 831/619/831 832/620/832 834/622/834 
f 834/622/834 833/621/833 831/619/831 
f 652/566/652 833/621/833 835/623/835 
f 835/623/835 657/571/657 652/566/652 
f 833/621/833 834/622/834 836/624/836 
f 836/624/836 835/623/835 833/621/833 
f 533/146/533 540/526/540 539/525/539 
f 539/525/539 534/145/534 533/146/533 
f 540/541/540 768/595/768 820/608/820 
f 820/608/820 541/542/541 540/541/540 
f 768/595/768 767/594/767 822/610/822 
f 822/610/822 820/608/820 768/595/768 
f 767/594/767 730/588/730 729/586/729 
f 729/586/729 822/610/822 767/594/767 
f 822/610/822 729/586/729 728/584/728 
f 728/584/728 823/611/823 822/610/822 
f 823/611/823 728/584/728 727/582/727 
f 727/582/727 826/614/826 823/611/823 
f 826/614/826 727/582/727 726/581/726 
f 726/581/726 829/617/829 826/614/826 
f 829/617/829 726/581/726 725/625/725 
f 725/625/725 832/620/832 829/617/829 
f 832/620/832 725/625/725 724/626/724 
f 724/626/724 834/622/834 832/620/832 
f 834/622/834 724/626/724 723/627/723 
f 723/627/723 836/624/836 834/622/834 
f 836/624/836 723/627/723 722/628/722 
f 722/628/722 794/600/794 836/624/836 
f 835/623/835 836/624/836 794/600/794 
f 794/600/794 793/599/793 835/623/835 
f 657/571/657 835/623/835 793/599/793 
f 793/599/793 585/578/585 657/571/657 
f 777/449/777 576/193/576 587/204/587 
f 587/204/587 798/531/798 777/449/777 
f 792/466/792 524/134/524 523/135/523 
f 523/135/523 759/418/759 792/466/792 
f 759/418/759 523/135/523 526/137/526 
f 526/137/526 760/417/760 759/418/759 
f 760/417/760 526/137/526 528/139/528 
f 528/139/528 761/419/761 760/417/760 
f 761/419/761 528/139/528 530/141/530 
f 530/141/530 762/420/762 761/419/761 
f 762/420/762 530/141/530 532/143/532 
f 532/143/532 763/421/763 762/420/762 
f 763/421/763 532/143/532 534/145/534 
f 534/145/534 662/293/662 763/421/763 
f 539/525/539 663/292/663 662/293/662 
f 662/293/662 534/145/534 539/525/539 
f 818/506/818 544/158/544 524/159/524 
f 524/159/524 792/505/792 818/506/818 
f 764/532/764 628/443/628 772/444/772 
f 772/444/772 547/165/547 764/532/764 
f 547/165/547 772/444/772 773/445/773 
f 773/445/773 548/168/548 547/165/547 
f 548/168/548 773/445/773 774/446/774 
f 774/446/774 551/170/551 548/168/548 
f 551/170/551 774/446/774 775/447/775 
f 775/447/775 553/172/553 551/170/551 
f 553/172/553 775/447/775 776/448/776 
f 776/448/776 555/174/555 553/172/553 
f 555/174/555 776/448/776 777/449/777 
f 777/449/777 557/176/557 555/174/555 
f 798/531/798 584/203/584 557/176/557 
f 557/176/557 777/449/777 798/531/798 
f 594/221/594 627/254/627 628/255/628 
f 628/255/628 764/422/764 594/221/594 
f 601/230/601 562/178/562 561/179/561 
f 561/179/561 602/229/602 601/230/601 
f 602/229/602 561/179/561 803/489/803 
f 803/489/803 607/235/607 602/229/602 
f 607/235/607 803/489/803 806/492/806 
f 806/492/806 612/240/612 607/235/607 
f 612/240/612 806/492/806 809/495/809 
f 809/495/809 617/245/617 612/240/612 
f 617/245/617 809/495/809 812/498/812 
f 812/498/812 622/250/622 617/245/617 
f 622/250/622 812/498/812 769/440/769 
f 769/440/769 593/222/593 622/250/622 
f 544/158/544 818/506/818 562/178/562 
f 562/178/562 601/230/601 544/158/544 
f 627/254/627 594/221/594 593/222/593 
f 593/222/593 769/440/769 627/254/627 
f 770/605/770 542/543/542 630/545/630 
f 630/545/630 817/606/817 770/605/770 
f 817/606/817 630/545/630 638/551/638 
f 638/551/638 819/607/819 817/606/817 
f 819/607/819 638/551/638 643/557/643 
f 643/557/643 824/612/824 819/607/819 
f 824/612/824 643/557/643 648/562/648 
f 648/562/648 827/615/827 824/612/824 
f 827/615/827 648/562/648 653/567/653 
f 653/567/653 830/618/830 827/615/827 
f 830/618/830 653/567/653 658/572/658 
f 658/572/658 797/602/797 830/618/830 
f 663/629/663 539/540/539 542/543/542 
f 542/543/542 770/605/770 663/629/663 
f 584/579/584 798/603/798 797/602/797 
f 797/602/797 658/572/658 584/579/584 
f 546/164/546 559/177/559 562/178/562 
f 562/178/562 818/506/818 546/164/546 
# 1664 faces

#
# object corn_001
#

v  -15.8319 8.3755 20.9457
v  -15.6222 9.2021 20.8693
v  -15.6960 9.2959 20.4330
v  -15.9242 8.4861 20.4662
v  -15.3462 9.8378 20.7564
v  -15.3970 9.9303 20.3710
v  -15.6099 9.3536 20.0190
v  -15.8256 8.5839 20.0106
v  -15.3289 9.9456 20.0118
v  -15.6136 7.3427 21.4162
v  -15.5412 8.2642 21.3586
v  -15.9454 7.4741 20.9625
v  -15.3799 9.0969 21.2389
v  -15.1704 9.7244 21.0681
v  -14.9970 10.0609 20.9142
v  -15.0479 10.2156 20.6601
v  -15.0665 10.3184 20.3081
v  -15.0293 10.2916 19.9909
v  -14.9747 10.2101 19.8069
v  -15.1491 9.9348 19.7502
v  -15.3711 9.3896 19.7001
v  -15.5462 8.6607 19.6576
v  -15.9443 7.7506 19.9492
v  -15.6303 7.8597 19.5675
v  -16.0525 7.6161 20.4423
v  -15.0684 8.7017 19.4413
v  -14.9615 9.4083 19.5012
v  -14.4282 9.3782 19.4392
v  -14.4459 8.6906 19.3818
v  -14.8230 9.9494 19.5874
v  -14.3859 9.9149 19.5284
v  -13.8954 9.2828 19.5335
v  -13.8194 8.6210 19.4969
v  -13.9524 9.8004 19.6026
v  -15.0934 7.9288 19.3399
v  -14.7243 10.2663 19.7241
v  -14.3559 10.2431 19.6779
v  -13.9911 10.1044 19.7248
v  -13.7456 9.9380 19.8172
v  -13.6259 9.6553 19.7813
v  -13.4793 9.1455 19.7641
v  -13.3266 8.4946 19.7646
v  -13.6913 7.8998 19.4230
v  -13.1292 7.7821 19.7228
v  -14.3961 7.9463 19.2870
v  -13.0257 8.3358 20.1641
v  -13.2252 9.0083 20.1163
v  -13.1282 8.8890 20.5578
v  -12.9111 8.1824 20.6529
v  -13.4280 9.5608 20.0640
v  -13.3477 9.4867 20.4474
v  -13.2012 8.7945 21.0033
v  -12.9945 8.0617 21.1355
v  -13.4061 9.4051 20.8492
v  -12.7804 7.6121 20.1650
v  -13.6658 9.9619 20.0074
v  -13.6122 9.9455 20.3493
v  -13.6445 9.8537 20.7250
v  -13.7190 9.7422 20.9837
v  -13.5943 9.3742 21.1537
v  -13.4431 8.7620 21.3516
v  -13.2750 8.0019 21.5120
v  -12.7366 7.2730 21.2206
v  -13.0523 7.1733 21.6235
v  -12.6457 7.4309 20.6997
v  -13.7650 8.0148 21.7307
v  -13.8618 8.8156 21.5517
v  -14.4048 8.9104 21.5989
v  -14.3997 8.0749 21.7779
v  -13.9287 9.4665 21.3142
v  -14.3772 9.5883 21.3516
v  -14.9534 9.0035 21.4890
v  -15.0396 8.1618 21.6462
v  -14.8314 9.6636 21.2646
v  -13.6066 7.1446 21.8531
v  -13.9690 9.9101 21.0288
v  -14.3511 10.0632 21.0387
v  -14.7393 10.1031 20.9850
v  -15.0446 7.2374 21.7386
v  -14.3228 7.1689 21.8934
v  -12.6468 2.0499 16.6311
v  -11.7227 2.3428 16.8742
v  -11.5330 1.5480 17.6436
v  -12.5339 1.2826 17.3323
v  -10.8669 2.7184 17.3550
v  -10.6282 2.0112 18.1061
v  -11.4507 0.9537 18.5518
v  -12.4147 0.7483 18.2186
v  -10.5992 1.4312 18.9272
v  -13.3367 2.5658 16.3239
v  -12.7905 2.8009 16.2576
v  -13.4185 1.9903 16.6240
v  -11.9762 3.1163 16.4309
v  -11.1817 3.3704 16.8961
v  -10.6663 3.4981 17.3857
v  -10.3042 3.1100 17.8760
v  -10.0335 2.5371 18.5981
v  -10.0550 1.9856 19.2960
v  -10.2455 1.6482 19.7352
v  -10.7033 1.1785 19.6326
v  -11.4976 0.7263 19.3835
v  -12.3959 0.5671 19.0362
v  -13.2507 0.8243 18.0870
v  -13.0515 0.6486 18.7465
v  -13.4081 1.3003 17.2598
v  -13.9768 10.2420 19.9436
v  -14.3451 10.4086 19.9173
v  -14.3407 10.4515 20.2619
v  -13.9536 10.2696 20.2867
v  -14.7098 10.4266 19.9448
v  -14.7187 10.4729 20.2697
v  -14.3414 10.3423 20.6610
v  -13.9619 10.1623 20.6784
v  -14.7195 10.3641 20.6424
v  -10.8311 1.3604 20.2225
v  -11.0969 1.9087 20.7775
v  -12.0632 1.5206 20.6604
v  -11.6987 0.9266 20.0592
v  -11.5482 2.7236 21.2470
v  -12.5436 2.4277 21.1761
v  -13.0851 1.3540 20.2803
v  -12.6460 0.7601 19.6813
v  -13.5730 2.3046 20.8275
v  -10.2156 1.9085 20.1244
v  -10.3845 2.4167 20.6036
v  -10.8020 3.1260 21.0261
v  -11.3496 3.9396 21.3502
v  -12.0844 3.6530 21.5948
v  -13.0481 3.4609 21.5648
v  -14.0347 3.4044 21.2686
v  -14.8348 3.5114 20.7485
v  -14.4150 2.3954 20.2448
v  -13.9334 1.4374 19.6672
v  -13.4289 0.8491 19.1158
v  -12.5833 4.5581 21.8115
v  -13.0101 5.4255 21.9127
v  -13.8658 5.3731 21.9301
v  -13.4970 4.4477 21.8103
v  -13.3544 6.2800 21.9197
v  -14.1443 6.2694 21.9499
v  -14.7319 5.4038 21.7186
v  -14.4266 4.4442 21.5614
v  -14.9412 6.3213 21.7688
v  -11.8790 4.7522 21.5603
v  -12.3466 5.5507 21.6648
v  -12.7414 6.3525 21.6801
v  -15.5731 6.4337 21.4079
v  -15.4238 5.5221 21.3132
v  -15.1750 4.5614 21.1032
v  -10.1417 3.5547 18.2521
v  -10.2750 4.0590 18.5917
v  -9.9797 3.5463 19.4153
v  -9.8475 3.0316 19.0250
v  -10.6282 4.5891 18.9658
v  -10.3571 4.1232 19.7935
v  -10.0165 2.9723 20.1276
v  -9.8841 2.4577 19.7007
v  -10.4122 3.6043 20.5209
v  -10.6870 3.8860 17.5115
v  -10.8571 4.3904 17.7891
v  -11.1935 4.8956 18.1850
v  -11.6289 5.4035 18.6243
v  -11.1029 5.1351 19.3418
v  -10.8691 4.7413 20.1308
v  -10.9499 4.3130 20.8417
v  -11.5892 5.6985 19.6630
v  -12.0443 6.2879 19.9102
v  -11.8683 6.0249 20.5741
v  -11.3878 5.3749 20.3937
v  -12.4489 6.9213 20.0797
v  -12.2939 6.7061 20.6750
v  -11.9698 5.7584 21.1985
v  -11.4845 5.0338 21.0673
v  -12.3920 6.5006 21.2457
v  -12.0729 5.9299 19.0196
v  -12.4859 6.4893 19.3415
v  -12.8459 7.1026 19.5806
v  -13.0688 3.3904 16.2285
v  -13.4427 3.9573 16.5099
v  -12.5714 4.2904 16.6607
v  -12.2531 3.7350 16.3878
v  -13.8393 4.5609 17.0682
v  -12.9417 4.8450 17.1708
v  -11.6598 4.4560 17.1147
v  -11.4115 3.9246 16.8560
v  -12.0044 4.9739 17.5642
v  -13.6815 2.9262 16.3694
v  -14.1231 3.4954 16.6840
v  -14.5424 4.1756 17.2843
v  -14.9136 4.9074 17.9904
v  -14.2185 5.1931 17.7387
v  -13.3303 5.4045 17.7755
v  -12.4103 5.4888 18.0862
v  -14.5543 5.8356 18.3302
v  -14.8240 6.4943 18.7945
v  -14.0074 6.5827 18.7583
v  -13.6949 5.9789 18.3194
v  -15.0094 7.1874 19.1303
v  -14.2475 7.2352 19.0833
v  -13.1735 6.5886 18.9498
v  -12.8116 6.0213 18.5606
v  -13.4740 7.2116 19.2421
v  -15.2253 5.6350 18.5947
v  -15.4593 6.3555 19.0528
v  -15.5991 7.0896 19.3730
v  -13.8944 1.1345 18.3310
v  -14.4551 1.7633 18.8487
v  -14.6487 2.2836 17.9582
v  -14.0838 1.6365 17.4774
v  -14.9310 2.7063 19.4678
v  -15.1151 3.1738 18.6049
v  -14.5305 2.9092 17.1888
v  -14.0093 2.2994 16.7860
v  -14.9751 3.6993 17.8251
v  -15.3197 3.7798 20.0458
v  -15.4860 4.1543 19.2544
v  -15.3409 4.5558 18.5225
v  -15.6238 4.7889 20.4760
v  -15.8347 5.7142 20.7537
v  -15.9705 5.9445 20.1157
v  -15.7740 5.0820 19.7635
v  -15.9445 6.5936 20.9063
v  -16.0661 6.7751 20.3336
v  -15.8399 6.1708 19.5132
v  -15.6334 5.3820 19.0957
v  -15.9472 6.9492 19.7912
v  15.8319 8.3755 20.9457
v  15.9242 8.4861 20.4662
v  15.6960 9.2959 20.4330
v  15.6222 9.2021 20.8693
v  15.3970 9.9303 20.3710
v  15.3462 9.8378 20.7564
v  15.8256 8.5839 20.0106
v  15.6099 9.3536 20.0190
v  15.3289 9.9456 20.0118
v  15.6136 7.3427 21.4162
v  15.9454 7.4741 20.9625
v  15.5412 8.2642 21.3586
v  15.3799 9.0969 21.2389
v  15.1704 9.7244 21.0681
v  15.0479 10.2156 20.6601
v  14.9970 10.0609 20.9142
v  15.0665 10.3184 20.3081
v  15.0293 10.2916 19.9909
v  15.1491 9.9348 19.7502
v  14.9747 10.2101 19.8069
v  15.3711 9.3896 19.7001
v  15.5462 8.6607 19.6576
v  15.9443 7.7506 19.9492
v  15.6303 7.8597 19.5675
v  16.0525 7.6161 20.4423
v  15.0684 8.7017 19.4413
v  14.4459 8.6906 19.3818
v  14.4282 9.3782 19.4392
v  14.9615 9.4083 19.5012
v  14.3859 9.9149 19.5284
v  14.8230 9.9494 19.5874
v  13.8194 8.6210 19.4969
v  13.8954 9.2828 19.5335
v  13.9524 9.8004 19.6026
v  15.0934 7.9288 19.3399
v  14.7243 10.2663 19.7241
v  14.3559 10.2431 19.6779
v  13.9911 10.1044 19.7248
v  13.6259 9.6553 19.7813
v  13.7456 9.9380 19.8172
v  13.4793 9.1455 19.7641
v  13.3266 8.4946 19.7646
v  13.6913 7.8998 19.4230
v  13.1292 7.7821 19.7228
v  14.3961 7.9463 19.2870
v  13.0257 8.3358 20.1641
v  12.9111 8.1824 20.6528
v  13.1282 8.8890 20.5578
v  13.2252 9.0083 20.1163
v  13.3477 9.4867 20.4474
v  13.4280 9.5608 20.0640
v  12.9945 8.0617 21.1355
v  13.2012 8.7945 21.0033
v  13.4061 9.4051 20.8492
v  12.7804 7.6121 20.1650
v  13.6658 9.9619 20.0074
v  13.6122 9.9455 20.3493
v  13.6445 9.8537 20.7250
v  13.5943 9.3742 21.1537
v  13.7190 9.7422 20.9837
v  13.4431 8.7620 21.3516
v  13.2750 8.0019 21.5120
v  12.7366 7.2730 21.2206
v  13.0523 7.1733 21.6235
v  12.6457 7.4309 20.6997
v  13.7650 8.0148 21.7307
v  14.3997 8.0749 21.7779
v  14.4048 8.9104 21.5989
v  13.8618 8.8156 21.5517
v  14.3772 9.5883 21.3516
v  13.9287 9.4665 21.3142
v  15.0396 8.1618 21.6462
v  14.9534 9.0035 21.4890
v  14.8314 9.6636 21.2646
v  13.6066 7.1446 21.8531
v  13.9690 9.9101 21.0288
v  14.3511 10.0632 21.0387
v  14.7393 10.1031 20.9850
v  15.0446 7.2374 21.7386
v  14.3228 7.1689 21.8934
v  12.6468 2.0499 16.6311
v  12.5339 1.2826 17.3323
v  11.5330 1.5480 17.6436
v  11.7227 2.3428 16.8742
v  10.6282 2.0112 18.1061
v  10.8669 2.7184 17.3550
v  12.4147 0.7483 18.2186
v  11.4507 0.9537 18.5518
v  10.5992 1.4312 18.9272
v  13.3367 2.5658 16.3239
v  13.4185 1.9903 16.6240
v  12.7905 2.8009 16.2576
v  11.9762 3.1163 16.4309
v  11.1817 3.3704 16.8961
v  10.3042 3.1100 17.8760
v  10.6663 3.4981 17.3857
v  10.0335 2.5371 18.5981
v  10.0550 1.9856 19.2960
v  10.7033 1.1785 19.6326
v  10.2455 1.6482 19.7352
v  11.4976 0.7263 19.3835
v  12.3959 0.5671 19.0362
v  13.2507 0.8243 18.0870
v  13.0515 0.6486 18.7465
v  13.4081 1.3003 17.2598
v  13.9768 10.2420 19.9436
v  13.9536 10.2696 20.2867
v  14.3407 10.4515 20.2619
v  14.3451 10.4086 19.9173
v  14.7187 10.4729 20.2697
v  14.7098 10.4266 19.9448
v  13.9619 10.1623 20.6784
v  14.3414 10.3423 20.6610
v  14.7195 10.3641 20.6424
v  10.8311 1.3604 20.2225
v  11.6987 0.9266 20.0592
v  12.0632 1.5206 20.6604
v  11.0969 1.9087 20.7775
v  12.5436 2.4277 21.1761
v  11.5482 2.7236 21.2470
v  12.6460 0.7601 19.6813
v  13.0851 1.3540 20.2803
v  13.5730 2.3046 20.8275
v  10.2156 1.9085 20.1244
v  10.3845 2.4167 20.6036
v  10.8020 3.1260 21.0261
v  12.0844 3.6530 21.5948
v  11.3496 3.9396 21.3502
v  13.0481 3.4609 21.5648
v  14.0347 3.4044 21.2686
v  14.4150 2.3954 20.2448
v  14.8348 3.5114 20.7485
v  13.9334 1.4374 19.6672
v  13.4289 0.8491 19.1158
v  12.5833 4.5581 21.8115
v  13.4970 4.4477 21.8103
v  13.8658 5.3731 21.9301
v  13.0101 5.4255 21.9127
v  14.1443 6.2694 21.9499
v  13.3544 6.2800 21.9197
v  14.4266 4.4442 21.5614
v  14.7319 5.4038 21.7186
v  14.9412 6.3213 21.7688
v  11.8790 4.7522 21.5603
v  12.3466 5.5507 21.6648
v  12.7414 6.3525 21.6801
v  15.5731 6.4337 21.4079
v  15.4238 5.5221 21.3132
v  15.1750 4.5614 21.1032
v  10.1417 3.5547 18.2521
v  9.8475 3.0316 19.0250
v  9.9797 3.5463 19.4153
v  10.2750 4.0590 18.5917
v  10.3571 4.1232 19.7935
v  10.6282 4.5891 18.9658
v  9.8841 2.4577 19.7007
v  10.0165 2.9723 20.1276
v  10.4122 3.6043 20.5209
v  10.6870 3.8860 17.5115
v  10.8571 4.3904 17.7891
v  11.1935 4.8956 18.1850
v  11.1029 5.1351 19.3418
v  11.6289 5.4035 18.6243
v  10.8691 4.7413 20.1308
v  10.9499 4.3130 20.8417
v  11.5892 5.6985 19.6630
v  11.3878 5.3749 20.3937
v  11.8683 6.0249 20.5741
v  12.0443 6.2879 19.9102
v  12.2939 6.7061 20.6750
v  12.4489 6.9213 20.0797
v  11.4845 5.0338 21.0673
v  11.9698 5.7584 21.1985
v  12.3920 6.5006 21.2457
v  12.0729 5.9299 19.0196
v  12.4859 6.4893 19.3415
v  12.8459 7.1026 19.5806
v  13.0688 3.3904 16.2285
v  12.2531 3.7350 16.3878
v  12.5714 4.2904 16.6607
v  13.4427 3.9573 16.5099
v  12.9417 4.8450 17.1708
v  13.8393 4.5609 17.0682
v  11.4115 3.9246 16.8560
v  11.6598 4.4560 17.1147
v  12.0044 4.9739 17.5642
v  13.6815 2.9262 16.3694
v  14.1231 3.4954 16.6840
v  14.5424 4.1756 17.2843
v  14.2185 5.1931 17.7387
v  14.9136 4.9074 17.9904
v  13.3303 5.4045 17.7755
v  12.4103 5.4888 18.0862
v  14.5543 5.8356 18.3302
v  13.6949 5.9789 18.3194
v  14.0074 6.5827 18.7583
v  14.8240 6.4943 18.7945
v  14.2475 7.2352 19.0833
v  15.0094 7.1874 19.1303
v  12.8116 6.0213 18.5606
v  13.1735 6.5886 18.9498
v  13.4740 7.2116 19.2421
v  15.2253 5.6350 18.5947
v  15.4593 6.3555 19.0528
v  15.5991 7.0896 19.3730
v  13.8944 1.1345 18.3310
v  14.0838 1.6365 17.4774
v  14.6487 2.2836 17.9582
v  14.4551 1.7633 18.8487
v  15.1151 3.1738 18.6049
v  14.9310 2.7063 19.4678
v  14.0093 2.2994 16.7860
v  14.5305 2.9092 17.1888
v  14.9751 3.6993 17.8251
v  15.3197 3.7798 20.0458
v  15.4860 4.1543 19.2544
v  15.3409 4.5558 18.5225
v  15.6238 4.7889 20.4760
v  15.7740 5.0820 19.7635
v  15.9705 5.9445 20.1157
v  15.8347 5.7142 20.7537
v  16.0661 6.7751 20.3336
v  15.9445 6.5936 20.9063
v  15.6334 5.3820 19.0957
v  15.8399 6.1708 19.5132
v  15.9472 6.9492 19.7912
v  -16.5301 8.5242 21.2780
v  -16.6941 8.6489 20.4934
v  -16.4325 9.5724 20.4665
v  -16.2869 9.4700 21.1955
v  -16.0530 10.3641 20.4105
v  -15.9402 10.2520 21.0656
v  -16.5362 8.7453 19.7123
v  -16.2991 9.6097 19.7373
v  -15.9575 10.3450 19.7561
v  -16.1388 7.3665 22.0024
v  -16.6611 7.5103 21.2887
v  -16.0491 8.3935 21.9463
v  -15.8592 9.3403 21.8143
v  -15.5955 10.1011 21.6134
v  -15.4610 10.8118 20.9666
v  -15.3392 10.5718 21.4060
v  -15.5258 10.9563 20.3537
v  -15.4796 10.8899 19.7473
v  -15.6169 10.2606 19.2071
v  -15.3615 10.6947 19.3216
v  -15.8687 9.5920 19.1244
v  -16.0464 8.7980 19.0653
v  -16.6614 7.8455 19.6381
v  -16.1276 7.9850 18.9700
v  -16.8373 7.6786 20.4574
v  -15.2846 8.8042 18.6911
v  -14.4106 8.7759 18.5999
v  -14.3947 9.4809 18.6592
v  -15.1848 9.5472 18.7590
v  -14.3320 10.1573 18.7812
v  -15.0279 10.2179 18.8761
v  -13.5400 8.7208 18.7676
v  -13.6085 9.3876 18.8077
v  -13.6478 10.0206 18.9107
v  -15.3018 8.0738 18.5945
v  -14.8863 10.7846 19.1539
v  -14.2468 10.7497 19.0850
v  -13.6357 10.5575 19.1878
v  -13.0768 9.8939 19.2700
v  -13.2195 10.3223 19.3750
v  -12.9347 9.2958 19.2155
v  -12.7900 8.6475 19.2089
v  -13.4123 8.0966 18.7135
v  -12.6029 8.0342 19.1942
v  -14.3549 8.1096 18.5178
v  -12.3151 8.5499 19.9011
v  -12.1653 8.4305 20.7006
v  -12.3837 9.1427 20.5949
v  -12.5130 9.2196 19.8554
v  -12.6373 9.8241 20.4851
v  -12.7364 9.8570 19.8315
v  -12.3313 8.3095 21.4801
v  -12.5326 9.0634 21.3207
v  -12.7578 9.7494 21.1340
v  -12.0893 7.9081 19.9313
v  -13.0628 10.4242 19.8010
v  -13.0009 10.4398 20.3931
v  -13.0841 10.3370 20.9939
v  -13.1075 9.7141 21.6709
v  -13.2461 10.1821 21.4342
v  -12.9636 9.0202 21.9203
v  -12.8170 8.2155 22.1158
v  -12.0975 7.5442 21.5923
v  -12.6216 7.3746 22.2512
v  -11.9226 7.7334 20.7745
v  -13.5695 8.1797 22.4754
v  -14.4383 8.2064 22.5533
v  -14.4126 9.1305 22.3549
v  -13.6347 9.0500 22.2683
v  -14.3400 9.9446 22.0528
v  -13.6706 9.8113 21.9734
v  -15.3039 8.2818 22.3782
v  -15.1900 9.2260 22.2063
v  -15.0191 10.0230 21.9396
v  -13.4381 7.2661 22.6127
v  -13.6578 10.4114 21.5503
v  -14.2515 10.6038 21.6025
v  -14.8714 10.6483 21.5375
v  -15.3280 7.2708 22.4725
v  -14.3843 7.2343 22.6756
v  -12.4854 1.6274 15.9866
v  -12.3810 0.6940 16.8322
v  -11.1560 1.0429 17.1717
v  -11.3544 1.9982 16.2695
v  -10.0873 1.6132 17.6948
v  -10.3463 2.4657 16.8210
v  -12.2921 0.0317 17.9160
v  -11.1025 0.3062 18.2698
v  -10.0719 0.8972 18.6888
v  -13.4773 2.3261 15.5872
v  -13.5960 1.5547 15.9925
v  -12.6952 2.6334 15.4941
v  -11.6664 3.0271 15.7125
v  -10.7067 3.3607 16.2683
v  -9.6439 3.0364 17.4534
v  -10.0762 3.5532 16.8673
v  -9.3335 2.3192 18.3106
v  -9.3612 1.6286 19.1904
v  -10.2417 0.5464 19.7186
v  -9.6275 1.1713 19.8385
v  -11.2440 -0.0171 19.4384
v  -12.3740 -0.2198 19.0524
v  -13.4595 0.1076 17.8366
v  -13.2462 -0.1139 18.7183
v  -13.6090 0.6959 16.7968
v  -13.5608 10.8664 19.7048
v  -13.5229 10.9271 20.3339
v  -14.1613 11.2167 20.3087
v  -14.1822 11.1257 19.6359
v  -14.8594 11.2462 20.3168
v  -14.8535 11.1514 19.6727
v  -13.5756 10.7798 20.9774
v  -14.1859 11.0391 20.9930
v  -14.8438 11.0687 20.9711
v  -10.4844 0.8132 20.6702
v  -11.5967 0.2673 20.4775
v  -12.0745 1.0306 21.2767
v  -10.8502 1.5304 21.4225
v  -12.6080 2.0658 21.8725
v  -11.3678 2.4800 21.9737
v  -12.7871 0.0627 20.0185
v  -13.3345 0.8071 20.7890
v  -13.8666 1.8780 21.4206
v  -9.6093 1.5600 20.4862
v  -9.8547 2.2402 21.1587
v  -10.3484 3.0898 21.6687
v  -11.9328 3.5054 22.3532
v  -10.9347 3.9923 22.0173
v  -13.1331 3.1913 22.2998
v  -14.3427 3.0634 21.9080
v  -14.9398 1.9591 20.6376
v  -15.3718 3.1477 21.1950
v  -14.4135 0.8931 19.9725
v  -13.8011 0.1742 19.2767
v  -12.4419 4.4928 22.5833
v  -13.5880 4.2648 22.5708
v  -13.9539 5.2818 22.7072
v  -12.8689 5.4378 22.6872
v  -14.2222 6.2642 22.7334
v  -13.2043 6.3563 22.6888
v  -14.7376 4.1859 22.2371
v  -15.0395 5.2423 22.4251
v  -15.2391 6.2617 22.4952
v  -11.4781 4.8666 22.2283
v  -11.9477 5.7129 22.3240
v  -12.3326 6.5440 22.3252
v  -16.1099 6.3455 21.9771
v  -15.9655 5.3225 21.8486
v  -15.7157 4.2685 21.5949
v  -9.4281 3.7450 17.9789
v  -9.0666 3.0748 18.9342
v  -9.2433 3.8132 19.4961
v  -9.6115 4.4579 18.4483
v  -9.6917 4.5102 19.9590
v  -10.0270 5.0931 18.8991
v  -9.1191 2.3293 19.8359
v  -9.3054 3.0446 20.4580
v  -9.7784 3.8116 20.9396
v  -10.1106 4.1805 17.0631
v  -10.3430 4.8731 17.4388
v  -10.7392 5.4730 17.9017
v  -10.5260 5.6684 19.2896
v  -11.1947 5.9989 18.3468
v  -10.2363 5.1720 20.3153
v  -10.3563 4.5870 21.2805
v  -11.0025 6.2178 19.5850
v  -10.7537 5.8093 20.5648
v  -11.2149 6.4399 20.7188
v  -11.4298 6.7645 19.7869
v  -11.6079 7.0764 20.7858
v  -11.7954 7.3220 19.8999
v  -10.9004 5.3371 21.4996
v  -11.3796 6.0716 21.6151
v  -11.7822 6.8027 21.6417
v  -11.6273 6.4951 18.7003
v  -12.0142 6.9879 18.9556
v  -12.3430 7.4929 19.1172
v  -13.1353 3.5236 15.4553
v  -12.0647 3.9716 15.6608
v  -12.4978 4.7555 16.0296
v  -13.6395 4.2962 15.8269
v  -12.9242 5.4020 16.6146
v  -14.0838 4.9995 16.4616
v  -11.0167 4.2227 16.2434
v  -11.3524 4.9631 16.5968
v  -11.7580 5.5703 17.1130
v  -14.0236 2.8663 15.6627
v  -14.5990 3.6050 16.0663
v  -15.0667 4.3859 16.7357
v  -14.4622 5.6430 17.1401
v  -15.4385 5.1427 17.4527
v  -13.3218 5.9650 17.2225
v  -12.1810 6.0925 17.6355
v  -14.7828 6.2395 17.6941
v  -13.6756 6.4870 17.7182
v  -13.9750 6.9997 18.0911
v  -15.0391 6.8215 18.1114
v  -14.2064 7.5288 18.3539
v  -15.2171 7.4210 18.4076
v  -12.5728 6.5795 18.0592
v  -12.9173 7.0608 18.3741
v  -13.2016 7.5560 18.5885
v  -15.7376 5.8482 18.0361
v  -15.9612 6.5336 18.4729
v  -16.0961 7.2346 18.7798
v  -14.3971 0.5358 18.2372
v  -14.6153 1.1575 17.1487
v  -15.3352 1.9541 17.7578
v  -15.0903 1.3000 18.8921
v  -15.8537 2.9332 18.4766
v  -15.6158 2.3383 19.5926
v  -14.5071 2.0012 16.2538
v  -15.1768 2.7664 16.7623
v  -15.6735 3.6488 17.4650
v  -16.0201 3.4658 20.2211
v  -16.2419 3.9542 19.1621
v  -16.0507 4.5387 18.1821
v  -16.3331 4.5258 20.6943
v  -16.5400 4.9123 19.6967
v  -16.7483 5.8280 20.0782
v  -16.5533 5.5288 21.0168
v  -16.8526 6.7401 20.3261
v  -16.6671 6.5137 21.2088
v  -16.3440 5.3730 18.7566
v  -16.5528 6.1784 19.1790
v  -16.6638 6.9922 19.4677
v  16.5301 8.5242 21.2780
v  16.2869 9.4700 21.1955
v  16.4325 9.5724 20.4665
v  16.6941 8.6489 20.4934
v  15.9402 10.2520 21.0656
v  16.0530 10.3641 20.4105
v  16.2991 9.6097 19.7373
v  16.5362 8.7453 19.7123
v  15.9575 10.3450 19.7561
v  16.1388 7.3665 22.0024
v  16.0491 8.3935 21.9463
v  16.6611 7.5103 21.2887
v  15.8592 9.3403 21.8143
v  15.5955 10.1011 21.6134
v  15.3392 10.5718 21.4060
v  15.4610 10.8118 20.9666
v  15.5258 10.9563 20.3537
v  15.4796 10.8899 19.7473
v  15.3615 10.6947 19.3216
v  15.6169 10.2606 19.2071
v  15.8687 9.5920 19.1244
v  16.0464 8.7980 19.0653
v  16.6614 7.8455 19.6381
v  16.1276 7.9850 18.9700
v  16.8373 7.6786 20.4574
v  15.2846 8.8042 18.6911
v  15.1848 9.5472 18.7590
v  14.3947 9.4809 18.6592
v  14.4106 8.7759 18.5999
v  15.0279 10.2179 18.8761
v  14.3320 10.1573 18.7812
v  13.6085 9.3876 18.8077
v  13.5400 8.7208 18.7676
v  13.6478 10.0206 18.9107
v  15.3018 8.0738 18.5945
v  14.8863 10.7846 19.1539
v  14.2468 10.7497 19.0850
v  13.6357 10.5575 19.1878
v  13.2195 10.3223 19.3750
v  13.0768 9.8939 19.2700
v  12.9347 9.2958 19.2155
v  12.7900 8.6475 19.2089
v  13.4123 8.0966 18.7135
v  12.6029 8.0342 19.1942
v  14.3549 8.1096 18.5178
v  12.3151 8.5499 19.9011
v  12.5130 9.2196 19.8554
v  12.3837 9.1427 20.5949
v  12.1653 8.4305 20.7006
v  12.7364 9.8570 19.8315
v  12.6373 9.8241 20.4851
v  12.5326 9.0634 21.3207
v  12.3313 8.3095 21.4801
v  12.7578 9.7494 21.1340
v  12.0893 7.9081 19.9313
v  13.0628 10.4242 19.8010
v  13.0008 10.4398 20.3931
v  13.0841 10.3370 20.9939
v  13.2461 10.1821 21.4342
v  13.1075 9.7141 21.6709
v  12.9636 9.0202 21.9203
v  12.8170 8.2155 22.1158
v  12.0975 7.5442 21.5923
v  12.6216 7.3746 22.2512
v  11.9226 7.7334 20.7745
v  13.5695 8.1797 22.4754
v  13.6347 9.0500 22.2683
v  14.4126 9.1305 22.3549
v  14.4383 8.2064 22.5533
v  13.6706 9.8113 21.9734
v  14.3400 9.9446 22.0528
v  15.1900 9.2260 22.2063
v  15.3039 8.2818 22.3782
v  15.0191 10.0230 21.9396
v  13.4381 7.2661 22.6127
v  13.6578 10.4114 21.5503
v  14.2515 10.6038 21.6025
v  14.8714 10.6483 21.5375
v  15.3280 7.2708 22.4725
v  14.3843 7.2343 22.6756
v  12.4854 1.6274 15.9866
v  11.3545 1.9982 16.2695
v  11.1560 1.0429 17.1717
v  12.3810 0.6940 16.8322
v  10.3463 2.4657 16.8210
v  10.0873 1.6132 17.6948
v  11.1025 0.3062 18.2698
v  12.2921 0.0317 17.9160
v  10.0719 0.8972 18.6888
v  13.4773 2.3261 15.5872
v  12.6952 2.6334 15.4941
v  13.5960 1.5547 15.9925
v  11.6664 3.0271 15.7125
v  10.7067 3.3607 16.2683
v  10.0762 3.5532 16.8673
v  9.6439 3.0364 17.4534
v  9.3335 2.3192 18.3106
v  9.3612 1.6286 19.1904
v  9.6275 1.1713 19.8385
v  10.2417 0.5464 19.7186
v  11.2440 -0.0171 19.4384
v  12.3740 -0.2198 19.0524
v  13.4595 0.1076 17.8366
v  13.2462 -0.1139 18.7183
v  13.6090 0.6959 16.7968
v  13.5608 10.8664 19.7048
v  14.1822 11.1257 19.6359
v  14.1613 11.2167 20.3087
v  13.5229 10.9271 20.3339
v  14.8535 11.1514 19.6727
v  14.8594 11.2462 20.3168
v  14.1859 11.0391 20.9930
v  13.5756 10.7798 20.9774
v  14.8438 11.0687 20.9711
v  10.4844 0.8132 20.6702
v  10.8502 1.5304 21.4225
v  12.0745 1.0306 21.2767
v  11.5967 0.2673 20.4775
v  11.3678 2.4800 21.9737
v  12.6080 2.0658 21.8725
v  13.3345 0.8071 20.7890
v  12.7871 0.0627 20.0185
v  13.8666 1.8780 21.4206
v  9.6093 1.5600 20.4862
v  9.8547 2.2402 21.1587
v  10.3484 3.0898 21.6687
v  10.9347 3.9923 22.0173
v  11.9328 3.5054 22.3532
v  13.1331 3.1913 22.2998
v  14.3427 3.0634 21.9080
v  15.3718 3.1477 21.1950
v  14.9398 1.9591 20.6376
v  14.4135 0.8931 19.9725
v  13.8011 0.1742 19.2767
v  12.4419 4.4928 22.5833
v  12.8689 5.4378 22.6872
v  13.9539 5.2818 22.7072
v  13.5880 4.2648 22.5708
v  13.2043 6.3563 22.6888
v  14.2222 6.2642 22.7334
v  15.0395 5.2423 22.4251
v  14.7376 4.1859 22.2371
v  15.2391 6.2617 22.4952
v  11.4781 4.8666 22.2283
v  11.9477 5.7129 22.3240
v  12.3326 6.5440 22.3252
v  16.1099 6.3455 21.9771
v  15.9655 5.3225 21.8486
v  15.7157 4.2685 21.5949
v  9.4281 3.7450 17.9789
v  9.6115 4.4579 18.4483
v  9.2433 3.8132 19.4961
v  9.0666 3.0748 18.9342
v  10.0270 5.0931 18.8991
v  9.6917 4.5102 19.9590
v  9.3054 3.0446 20.4580
v  9.1191 2.3293 19.8359
v  9.7784 3.8116 20.9396
v  10.1106 4.1805 17.0631
v  10.3430 4.8731 17.4388
v  10.7392 5.4730 17.9017
v  11.1947 5.9989 18.3468
v  10.5260 5.6684 19.2896
v  10.2364 5.1720 20.3153
v  10.3563 4.5870 21.2805
v  11.0025 6.2178 19.5850
v  11.4298 6.7645 19.7869
v  11.2149 6.4399 20.7188
v  10.7537 5.8093 20.5648
v  11.7954 7.3220 19.8999
v  11.6079 7.0764 20.7858
v  11.3796 6.0716 21.6151
v  10.9004 5.3371 21.4996
v  11.7822 6.8027 21.6417
v  11.6273 6.4951 18.7003
v  12.0142 6.9879 18.9556
v  12.3430 7.4929 19.1172
v  13.1353 3.5236 15.4553
v  13.6395 4.2962 15.8269
v  12.4978 4.7555 16.0296
v  12.0647 3.9716 15.6608
v  14.0838 4.9995 16.4616
v  12.9242 5.4020 16.6146
v  11.3524 4.9631 16.5968
v  11.0167 4.2227 16.2434
v  11.7580 5.5703 17.1130
v  14.0236 2.8663 15.6627
v  14.5990 3.6050 16.0663
v  15.0667 4.3859 16.7357
v  15.4385 5.1427 17.4527
v  14.4622 5.6430 17.1401
v  13.3218 5.9650 17.2225
v  12.1810 6.0925 17.6355
v  14.7828 6.2395 17.6941
v  15.0391 6.8215 18.1114
v  13.9750 6.9997 18.0911
v  13.6756 6.4870 17.7182
v  15.2171 7.4210 18.4076
v  14.2064 7.5288 18.3539
v  12.9173 7.0608 18.3741
v  12.5728 6.5795 18.0592
v  13.2016 7.5560 18.5885
v  15.7376 5.8482 18.0361
v  15.9612 6.5336 18.4729
v  16.0961 7.2346 18.7798
v  14.3971 0.5358 18.2372
v  15.0903 1.3000 18.8921
v  15.3352 1.9541 17.7578
v  14.6153 1.1575 17.1487
v  15.6158 2.3383 19.5926
v  15.8537 2.9332 18.4766
v  15.1768 2.7664 16.7623
v  14.5071 2.0012 16.2538
v  15.6735 3.6488 17.4650
v  16.0201 3.4658 20.2211
v  16.2419 3.9542 19.1621
v  16.0507 4.5387 18.1821
v  16.3331 4.5258 20.6943
v  16.5533 5.5288 21.0168
v  16.7483 5.8280 20.0782
v  16.5400 4.9123 19.6967
v  16.6671 6.5137 21.2088
v  16.8526 6.7401 20.3261
v  16.5528 6.1784 19.1790
v  16.3440 5.3730 18.7566
v  16.6638 6.9922 19.4677
# 904 vertices

vn -0.8870 0.1885 0.4215
vn -0.8449 0.3393 0.4135
vn -0.9356 0.3503 0.0438
vn -0.9778 0.2067 0.0350
vn -0.7557 0.5228 0.3944
vn -0.8364 0.5457 0.0525
vn -0.8763 0.3243 -0.3562
vn -0.9026 0.2051 -0.3785
vn -0.8015 0.5024 -0.3244
vn -0.6643 0.0301 0.7469
vn -0.6424 0.1635 0.7487
vn -0.9092 0.0460 0.4139
vn -0.6070 0.3075 0.7328
vn -0.5390 0.4756 0.6952
vn -0.4360 0.6444 0.6282
vn -0.5264 0.7526 0.3957
vn -0.5886 0.8060 0.0624
vn -0.5781 0.7551 -0.3092
vn -0.4952 0.6064 -0.6222
vn -0.5949 0.4083 -0.6924
vn -0.6283 0.2553 -0.7348
vn -0.6301 0.1744 -0.7567
vn -0.9103 0.1210 -0.3959
vn -0.6256 0.1604 -0.7635
vn -0.9967 0.0795 0.0190
vn -0.2661 0.1292 -0.9552
vn -0.2770 0.1724 -0.9453
vn 0.0426 0.1263 -0.9911
vn 0.0458 0.1080 -0.9931
vn -0.2610 0.3292 -0.9075
vn 0.0661 0.2919 -0.9542
vn 0.3589 0.1297 -0.9243
vn 0.3494 0.1264 -0.9284
vn 0.3860 0.2685 -0.8826
vn -0.2564 0.1851 -0.9487
vn -0.2097 0.6490 -0.7314
vn 0.0725 0.4090 -0.9097
vn 0.4555 0.5697 -0.6841
vn 0.6692 0.4853 -0.5628
vn 0.6992 0.3006 -0.6486
vn 0.6896 0.1901 -0.6988
vn 0.6787 0.1952 -0.7080
vn 0.3503 0.2501 -0.9026
vn 0.6664 0.3212 -0.6729
vn 0.0536 0.2084 -0.9766
vn 0.9024 0.2738 -0.3326
vn 0.9052 0.2689 -0.3291
vn 0.9453 0.3226 0.0472
vn 0.9468 0.3163 0.0592
vn 0.8798 0.3749 -0.2922
vn 0.9030 0.4267 0.0500
vn 0.8507 0.3417 0.3995
vn 0.8440 0.3159 0.4335
vn 0.8246 0.4365 0.3599
vn 0.8777 0.3772 -0.2956
vn 0.7710 0.5843 -0.2533
vn 0.7789 0.6243 0.0594
vn 0.7136 0.6117 0.3415
vn 0.6027 0.5552 0.5731
vn 0.6193 0.4305 0.6566
vn 0.6086 0.3273 0.7228
vn 0.5811 0.2711 0.7674
vn 0.8135 0.3459 0.4675
vn 0.5468 0.2556 0.7973
vn 0.9182 0.3852 0.0929
vn 0.2446 0.2080 0.9470
vn 0.2852 0.2963 0.9115
vn -0.0100 0.2778 0.9606
vn -0.0489 0.1660 0.9849
vn 0.3269 0.4358 0.8386
vn 0.0468 0.4486 0.8925
vn -0.2969 0.2806 0.9127
vn -0.3314 0.1515 0.9313
vn -0.2369 0.4530 0.8595
vn 0.2110 0.1530 0.9654
vn 0.3985 0.6342 0.6626
vn 0.1282 0.6829 0.7192
vn -0.1668 0.6883 0.7060
vn -0.3555 0.0425 0.9337
vn -0.0775 0.0828 0.9935
vn 0.2115 -0.5366 -0.8169
vn 0.4698 -0.4400 -0.7653
vn 0.4803 -0.6397 -0.6000
vn 0.2012 -0.7457 -0.6351
vn 0.6606 -0.3234 -0.6775
vn 0.6846 -0.5061 -0.5246
vn 0.4439 -0.8184 -0.3649
vn 0.1590 -0.9082 -0.3872
vn 0.6695 -0.6751 -0.3099
vn -0.1761 -0.3067 -0.9354
vn 0.1249 -0.2150 -0.9686
vn -0.2225 -0.5540 -0.8022
vn 0.3965 -0.1172 -0.9105
vn 0.6054 -0.0147 -0.7958
vn 0.7492 0.0672 -0.6589
vn 0.8370 -0.0952 -0.5389
vn 0.8861 -0.2797 -0.3697
vn 0.8797 -0.4543 -0.1404
vn 0.7840 -0.6078 0.1262
vn 0.6376 -0.7494 -0.1786
vn 0.4226 -0.8802 -0.2159
vn 0.0275 -0.9994 0.0194
vn -0.2646 -0.9105 -0.3179
vn -0.2472 -0.9683 -0.0359
vn 0.0358 -0.7647 -0.6434
vn 0.5351 0.7918 -0.2946
vn 0.2119 0.9112 -0.3534
vn 0.2347 0.9698 0.0656
vn 0.5521 0.8312 0.0654
vn -0.1840 0.9201 -0.3459
vn -0.1771 0.9820 0.0650
vn 0.2026 0.8818 0.4258
vn 0.4953 0.7802 0.3820
vn -0.1565 0.8919 0.4242
vn 0.1936 0.8047 -0.5612
vn 0.4374 -0.6938 0.5721
vn 0.3073 -0.4795 0.8220
vn -0.0175 -0.6192 0.7851
vn 0.1264 -0.8346 0.5361
vn 0.2241 -0.3103 0.9239
vn -0.0831 -0.4586 0.8847
vn -0.3173 -0.6918 0.6486
vn -0.1823 -0.8831 0.4323
vn -0.3716 -0.5406 0.7548
vn 0.7701 -0.4421 0.4599
vn 0.4924 -0.7897 0.3660
vn 0.4691 -0.3778 0.7982
vn 0.3852 -0.2143 0.8976
vn 0.5265 0.0673 0.8475
vn 0.1888 -0.1892 0.9636
vn -0.1087 -0.3423 0.9333
vn -0.3893 -0.4325 0.8132
vn -0.6818 -0.4616 0.5675
vn -0.6666 -0.5532 0.4995
vn -0.6109 -0.6894 0.3893
vn -0.4760 -0.8546 0.2073
vn 0.1991 -0.9226 0.3304
vn 0.1766 -0.0845 0.9806
vn 0.1767 0.0144 0.9842
vn -0.1118 -0.1159 0.9870
vn -0.1158 -0.2324 0.9657
vn 0.1880 0.0958 0.9775
vn -0.0984 -0.0064 0.9951
vn -0.3878 -0.2046 0.8988
vn -0.3929 -0.3276 0.8593
vn -0.3745 -0.0750 0.9242
vn 0.5094 0.1457 0.8481
vn 0.5071 0.2063 0.8369
vn 0.5194 0.2433 0.8191
vn -0.6796 -0.1121 0.7249
vn -0.6867 -0.2536 0.6813
vn -0.6861 -0.3720 0.6252
vn 0.9057 0.2428 -0.3474
vn 0.8409 0.5103 -0.1804
vn 0.9333 0.3441 0.1029
vn 0.9915 0.0564 -0.1169
vn 0.7624 0.6417 -0.0840
vn 0.8435 0.4949 0.2089
vn 0.9026 0.0973 0.4192
vn 0.9721 -0.1622 0.1692
vn 0.8049 0.2682 0.5293
vn 0.7316 0.3766 -0.5682
vn 0.6512 0.6160 -0.4432
vn 0.5757 0.7345 -0.3593
vn 0.5508 0.7562 -0.3531
vn 0.7326 0.6774 -0.0665
vn 0.8032 0.5488 0.2318
vn 0.7552 0.3516 0.5533
vn 0.7241 0.1298 0.6773
vn 0.8218 -0.0523 0.5673
vn 0.7454 0.6592 -0.0993
vn 0.7808 0.6048 -0.1566
vn 0.8301 0.5275 0.1810
vn 0.8054 0.5526 0.2145
vn 0.8303 0.5086 -0.2276
vn 0.8714 0.4706 0.1382
vn 0.7517 0.4001 0.5243
vn 0.7437 0.3883 0.5442
vn 0.7766 0.3855 0.4983
vn 0.5655 0.7175 -0.4066
vn 0.5984 0.6328 -0.4913
vn 0.6376 0.4955 -0.5899
vn -0.0837 0.1712 -0.9817
vn -0.2491 0.4355 -0.8650
vn 0.0928 0.5956 -0.7979
vn 0.2399 0.3032 -0.9222
vn -0.3069 0.5609 -0.7689
vn 0.0232 0.7096 -0.7043
vn 0.3886 0.6479 -0.6551
vn 0.5014 0.3809 -0.7768
vn 0.3115 0.7587 -0.5722
vn -0.4361 -0.0747 -0.8968
vn -0.6066 0.1411 -0.7824
vn -0.4744 0.4485 -0.7575
vn -0.4627 0.4663 -0.7540
vn -0.3042 0.5746 -0.7598
vn 0.0123 0.7125 -0.7016
vn 0.2901 0.7665 -0.5730
vn -0.2842 0.5160 -0.8080
vn -0.2666 0.4185 -0.8682
vn 0.0425 0.5298 -0.8470
vn 0.0259 0.6455 -0.7633
vn -0.2564 0.2989 -0.9192
vn 0.0535 0.3734 -0.9261
vn 0.3236 0.5988 -0.7326
vn 0.3018 0.7083 -0.6381
vn 0.3432 0.4369 -0.8315
vn -0.6478 0.2729 -0.7112
vn -0.6334 0.2285 -0.7393
vn -0.6259 0.1863 -0.7574
vn -0.6416 -0.7582 -0.1164
vn -0.8084 -0.5860 0.0556
vn -0.8734 -0.4167 -0.2520
vn -0.6790 -0.6059 -0.4146
vn -0.8706 -0.4661 0.1573
vn -0.9383 -0.3054 -0.1622
vn -0.8235 -0.1819 -0.5374
vn -0.6358 -0.3777 -0.6732
vn -0.8883 -0.0661 -0.4545
vn -0.8903 -0.3983 0.2208
vn -0.9599 -0.2547 -0.1173
vn -0.9021 -0.0237 -0.4308
vn -0.8128 0.1213 -0.5697
vn -0.8069 0.0728 -0.5861
vn -0.5089 -0.7091 -0.4880
vn -0.9014 -0.3342 0.2752
vn -0.9132 -0.2357 0.3325
vn -0.9877 -0.1483 -0.0486
vn -0.9726 -0.2160 -0.0854
vn -0.9180 -0.1016 0.3833
vn -0.9990 -0.0445 -0.0104
vn -0.9053 0.0091 -0.4247
vn -0.9027 -0.0127 -0.4300
vn -0.9096 0.0548 -0.4119
vn 0.8870 0.1885 0.4215
vn 0.9778 0.2067 0.0350
vn 0.9356 0.3503 0.0438
vn 0.8449 0.3393 0.4135
vn 0.8364 0.5457 0.0525
vn 0.7557 0.5228 0.3944
vn 0.9026 0.2051 -0.3785
vn 0.8763 0.3243 -0.3562
vn 0.8015 0.5024 -0.3244
vn 0.6643 0.0301 0.7469
vn 0.9092 0.0460 0.4139
vn 0.6424 0.1635 0.7488
vn 0.6070 0.3075 0.7328
vn 0.5390 0.4756 0.6952
vn 0.5264 0.7526 0.3957
vn 0.4360 0.6444 0.6282
vn 0.5886 0.8060 0.0624
vn 0.5781 0.7551 -0.3092
vn 0.5949 0.4083 -0.6924
vn 0.4952 0.6064 -0.6222
vn 0.6284 0.2553 -0.7348
vn 0.6301 0.1744 -0.7567
vn 0.9103 0.1210 -0.3959
vn 0.6256 0.1604 -0.7635
vn 0.9967 0.0795 0.0190
vn 0.2661 0.1292 -0.9552
vn -0.0458 0.1080 -0.9931
vn -0.0426 0.1263 -0.9911
vn 0.2770 0.1724 -0.9453
vn -0.0661 0.2919 -0.9542
vn 0.2610 0.3292 -0.9075
vn -0.3494 0.1264 -0.9284
vn -0.3589 0.1297 -0.9243
vn -0.3860 0.2685 -0.8826
vn 0.2564 0.1851 -0.9487
vn 0.2097 0.6490 -0.7314
vn -0.0725 0.4090 -0.9097
vn -0.4555 0.5697 -0.6841
vn -0.6992 0.3006 -0.6486
vn -0.6692 0.4853 -0.5627
vn -0.6896 0.1901 -0.6988
vn -0.6787 0.1952 -0.7080
vn -0.3503 0.2501 -0.9026
vn -0.6664 0.3212 -0.6729
vn -0.0536 0.2084 -0.9766
vn -0.9024 0.2738 -0.3326
vn -0.9468 0.3163 0.0592
vn -0.9453 0.3226 0.0472
vn -0.9052 0.2689 -0.3291
vn -0.9030 0.4267 0.0500
vn -0.8798 0.3749 -0.2922
vn -0.8440 0.3159 0.4335
vn -0.8507 0.3417 0.3995
vn -0.8246 0.4365 0.3599
vn -0.8777 0.3772 -0.2956
vn -0.7710 0.5843 -0.2533
vn -0.7789 0.6243 0.0594
vn -0.7136 0.6117 0.3415
vn -0.6193 0.4305 0.6566
vn -0.6027 0.5552 0.5731
vn -0.6086 0.3273 0.7228
vn -0.5811 0.2711 0.7674
vn -0.8135 0.3459 0.4675
vn -0.5468 0.2556 0.7973
vn -0.9182 0.3852 0.0929
vn -0.2446 0.2080 0.9470
vn 0.0489 0.1660 0.9849
vn 0.0100 0.2778 0.9606
vn -0.2852 0.2963 0.9115
vn -0.0468 0.4486 0.8925
vn -0.3269 0.4358 0.8386
vn 0.3314 0.1515 0.9313
vn 0.2969 0.2806 0.9127
vn 0.2369 0.4530 0.8595
vn -0.2110 0.1530 0.9654
vn -0.3985 0.6342 0.6626
vn -0.1282 0.6829 0.7192
vn 0.1668 0.6883 0.7060
vn 0.3555 0.0425 0.9337
vn 0.0775 0.0828 0.9935
vn -0.2115 -0.5366 -0.8169
vn -0.2012 -0.7457 -0.6351
vn -0.4803 -0.6397 -0.6000
vn -0.4698 -0.4400 -0.7653
vn -0.6846 -0.5061 -0.5246
vn -0.6606 -0.3234 -0.6775
vn -0.1590 -0.9082 -0.3872
vn -0.4439 -0.8184 -0.3649
vn -0.6695 -0.6751 -0.3099
vn 0.1761 -0.3067 -0.9354
vn 0.2225 -0.5540 -0.8022
vn -0.1249 -0.2150 -0.9686
vn -0.3965 -0.1172 -0.9105
vn -0.6054 -0.0147 -0.7958
vn -0.8370 -0.0952 -0.5389
vn -0.7492 0.0672 -0.6589
vn -0.8861 -0.2797 -0.3697
vn -0.8797 -0.4543 -0.1404
vn -0.6376 -0.7494 -0.1786
vn -0.7840 -0.6078 0.1262
vn -0.4226 -0.8802 -0.2159
vn -0.0275 -0.9994 0.0194
vn 0.2646 -0.9105 -0.3179
vn 0.2472 -0.9683 -0.0359
vn -0.0358 -0.7647 -0.6434
vn -0.5351 0.7918 -0.2946
vn -0.5521 0.8312 0.0654
vn -0.2347 0.9698 0.0656
vn -0.2119 0.9112 -0.3534
vn 0.1771 0.9820 0.0650
vn 0.1840 0.9201 -0.3459
vn -0.4953 0.7802 0.3820
vn -0.2026 0.8818 0.4258
vn 0.1565 0.8919 0.4242
vn -0.1936 0.8047 -0.5612
vn -0.4374 -0.6938 0.5721
vn -0.1264 -0.8346 0.5361
vn 0.0175 -0.6192 0.7851
vn -0.3073 -0.4795 0.8220
vn 0.0831 -0.4586 0.8847
vn -0.2241 -0.3103 0.9239
vn 0.1823 -0.8831 0.4323
vn 0.3173 -0.6918 0.6486
vn 0.3716 -0.5406 0.7548
vn -0.4924 -0.7897 0.3660
vn -0.7701 -0.4421 0.4599
vn -0.4691 -0.3778 0.7982
vn -0.3852 -0.2143 0.8976
vn -0.1888 -0.1892 0.9636
vn -0.5265 0.0673 0.8475
vn 0.1087 -0.3423 0.9333
vn 0.3893 -0.4325 0.8132
vn 0.6666 -0.5532 0.4995
vn 0.6818 -0.4616 0.5675
vn 0.6109 -0.6894 0.3893
vn 0.4760 -0.8546 0.2073
vn -0.1991 -0.9226 0.3304
vn -0.1766 -0.0845 0.9806
vn 0.1158 -0.2324 0.9657
vn 0.1118 -0.1159 0.9870
vn -0.1767 0.0144 0.9842
vn 0.0984 -0.0064 0.9951
vn -0.1880 0.0958 0.9775
vn 0.3929 -0.3276 0.8593
vn 0.3878 -0.2046 0.8988
vn 0.3745 -0.0750 0.9242
vn -0.5094 0.1457 0.8481
vn -0.5071 0.2063 0.8369
vn -0.5194 0.2433 0.8191
vn 0.6796 -0.1121 0.7249
vn 0.6867 -0.2536 0.6813
vn 0.6861 -0.3720 0.6252
vn -0.9057 0.2428 -0.3474
vn -0.9915 0.0564 -0.1169
vn -0.9333 0.3441 0.1029
vn -0.8409 0.5103 -0.1804
vn -0.8435 0.4949 0.2089
vn -0.7624 0.6417 -0.0840
vn -0.9721 -0.1622 0.1692
vn -0.9026 0.0973 0.4192
vn -0.8049 0.2682 0.5293
vn -0.7316 0.3766 -0.5682
vn -0.6512 0.6160 -0.4432
vn -0.5757 0.7345 -0.3593
vn -0.7326 0.6774 -0.0665
vn -0.5508 0.7562 -0.3531
vn -0.8032 0.5488 0.2318
vn -0.7552 0.3516 0.5533
vn -0.7241 0.1298 0.6773
vn -0.8218 -0.0523 0.5673
vn -0.7454 0.6592 -0.0993
vn -0.8054 0.5526 0.2145
vn -0.8301 0.5275 0.1810
vn -0.7808 0.6048 -0.1566
vn -0.8714 0.4706 0.1382
vn -0.8303 0.5086 -0.2276
vn -0.7437 0.3883 0.5442
vn -0.7517 0.4001 0.5243
vn -0.7766 0.3855 0.4983
vn -0.5655 0.7175 -0.4066
vn -0.5984 0.6328 -0.4913
vn -0.6376 0.4955 -0.5899
vn 0.0837 0.1712 -0.9817
vn -0.2399 0.3032 -0.9222
vn -0.0928 0.5956 -0.7979
vn 0.2491 0.4355 -0.8650
vn -0.0232 0.7096 -0.7043
vn 0.3069 0.5609 -0.7689
vn -0.5014 0.3809 -0.7768
vn -0.3886 0.6479 -0.6551
vn -0.3115 0.7587 -0.5722
vn 0.4361 -0.0747 -0.8968
vn 0.6066 0.1411 -0.7824
vn 0.4744 0.4485 -0.7575
vn 0.3042 0.5746 -0.7598
vn 0.4627 0.4663 -0.7540
vn -0.0123 0.7125 -0.7016
vn -0.2901 0.7665 -0.5730
vn 0.2842 0.5160 -0.8080
vn -0.0259 0.6455 -0.7633
vn -0.0425 0.5298 -0.8470
vn 0.2666 0.4185 -0.8682
vn -0.0535 0.3734 -0.9261
vn 0.2564 0.2989 -0.9192
vn -0.3018 0.7083 -0.6381
vn -0.3236 0.5988 -0.7326
vn -0.3432 0.4369 -0.8315
vn 0.6478 0.2729 -0.7112
vn 0.6334 0.2285 -0.7393
vn 0.6259 0.1863 -0.7574
vn 0.6416 -0.7582 -0.1164
vn 0.6790 -0.6059 -0.4146
vn 0.8734 -0.4167 -0.2520
vn 0.8084 -0.5860 0.0556
vn 0.9383 -0.3054 -0.1622
vn 0.8706 -0.4661 0.1573
vn 0.6358 -0.3777 -0.6732
vn 0.8235 -0.1819 -0.5374
vn 0.8883 -0.0661 -0.4545
vn 0.8903 -0.3983 0.2208
vn 0.9599 -0.2547 -0.1173
vn 0.9021 -0.0237 -0.4308
vn 0.8069 0.0728 -0.5861
vn 0.8128 0.1213 -0.5697
vn 0.5089 -0.7091 -0.4880
vn 0.9014 -0.3342 0.2752
vn 0.9726 -0.2160 -0.0854
vn 0.9877 -0.1483 -0.0486
vn 0.9132 -0.2357 0.3325
vn 0.9990 -0.0445 -0.0104
vn 0.9180 -0.1016 0.3833
vn 0.9027 -0.0127 -0.4300
vn 0.9053 0.0091 -0.4247
vn 0.9096 0.0548 -0.4119
vn 0.8865 -0.1890 -0.4224
vn 0.9778 -0.2069 -0.0342
vn 0.9351 -0.3520 -0.0418
vn 0.8437 -0.3410 -0.4146
vn 0.8308 -0.5545 -0.0488
vn 0.7534 -0.5285 -0.3914
vn 0.9023 -0.2049 0.3793
vn 0.8747 -0.3260 0.3587
vn 0.7962 -0.5103 0.3249
vn 0.6689 -0.0304 -0.7428
vn 0.9089 -0.0460 -0.4145
vn 0.6466 -0.1648 -0.7448
vn 0.6098 -0.3102 -0.7293
vn 0.5404 -0.4803 -0.6908
vn 0.5233 -0.7599 -0.3856
vn 0.4336 -0.6517 -0.6223
vn 0.5801 -0.8126 -0.0555
vn 0.5681 -0.7626 0.3094
vn 0.5933 -0.4178 0.6881
vn 0.4889 -0.6205 0.6131
vn 0.6339 -0.2586 0.7289
vn 0.6384 -0.1745 0.7497
vn 0.9109 -0.1203 0.3946
vn 0.6352 -0.1583 0.7559
vn 0.9967 -0.0794 -0.0194
vn 0.2797 -0.1308 0.9511
vn -0.0441 -0.1082 0.9932
vn -0.0425 -0.1337 0.9901
vn 0.2875 -0.1796 0.9408
vn -0.0697 -0.3169 0.9459
vn 0.2595 -0.3482 0.9008
vn -0.3578 -0.1264 0.9252
vn -0.3671 -0.1359 0.9202
vn -0.3875 -0.2867 0.8762
vn 0.2702 -0.1830 0.9452
vn 0.2036 -0.6631 0.7203
vn -0.1380 -0.6481 0.7489
vn -0.4488 -0.5792 0.6805
vn -0.6964 -0.3056 0.6493
vn -0.6673 -0.4910 0.5600
vn -0.6924 -0.1915 0.6956
vn -0.6827 -0.1926 0.7049
vn -0.3566 -0.2485 0.9006
vn -0.6696 -0.3187 0.6708
vn -0.0511 -0.2059 0.9772
vn -0.9024 -0.2702 0.3356
vn -0.9474 -0.3140 -0.0610
vn -0.9457 -0.3217 -0.0468
vn -0.9041 -0.2679 0.3329
vn -0.9017 -0.4298 -0.0467
vn -0.8773 -0.3771 0.2969
vn -0.8414 -0.3139 -0.4400
vn -0.8484 -0.3410 -0.4050
vn -0.8228 -0.4377 -0.3624
vn -0.8778 -0.3750 0.2980
vn -0.7629 -0.5892 0.2661
vn -0.7746 -0.6301 -0.0533
vn -0.7105 -0.6154 -0.3413
vn -0.6178 -0.4321 -0.6570
vn -0.5995 -0.5607 -0.5711
vn -0.6092 -0.3281 -0.7219
vn -0.5822 -0.2713 -0.7664
vn -0.8104 -0.3434 -0.4748
vn -0.5472 -0.2556 -0.7970
vn -0.9185 -0.3836 -0.0961
vn -0.2506 -0.2104 -0.9450
vn 0.0491 -0.1677 -0.9846
vn 0.0098 -0.2809 -0.9597
vn -0.2904 -0.2989 -0.9090
vn -0.0474 -0.4553 -0.8891
vn -0.3284 -0.4398 -0.8359
vn 0.3386 -0.1531 -0.9284
vn 0.3029 -0.2841 -0.9097
vn 0.2391 -0.4588 -0.8557
vn -0.2160 -0.1551 -0.9640
vn -0.3935 -0.6383 -0.6616
vn -0.1254 -0.6891 -0.7137
vn 0.1682 -0.6951 -0.6990
vn 0.3629 -0.0424 -0.9309
vn 0.0785 -0.0833 -0.9934
vn -0.2004 0.5365 0.8198
vn -0.1892 0.7489 0.6351
vn -0.4775 0.6429 0.5989
vn -0.4661 0.4358 0.7700
vn -0.6886 0.5050 0.5204
vn -0.6616 0.3189 0.6786
vn -0.1530 0.9114 0.3820
vn -0.4409 0.8251 0.3534
vn -0.6698 0.6802 0.2978
vn 0.1802 0.3027 0.9359
vn 0.2275 0.5526 0.8018
vn -0.1181 0.2111 0.9703
vn -0.3912 0.1104 0.9137
vn -0.6018 0.0104 0.7986
vn -0.8398 0.0922 0.5349
vn -0.7494 -0.0723 0.6582
vn -0.8909 0.2749 0.3617
vn -0.8821 0.4529 0.1296
vn -0.5856 0.8028 -0.1124
vn -0.7853 0.6042 -0.1347
vn -0.4077 0.8919 0.1955
vn -0.0281 0.9994 -0.0216
vn 0.2656 0.9101 0.3181
vn 0.2474 0.9683 0.0354
vn -0.0141 0.7726 0.6347
vn -0.5238 -0.7945 0.3072
vn -0.5437 -0.8374 -0.0568
vn -0.2236 -0.9731 -0.0561
vn -0.2036 -0.9106 0.3598
vn 0.1797 -0.9821 -0.0568
vn 0.1817 -0.9206 0.3456
vn -0.4877 -0.7868 -0.3783
vn -0.1945 -0.8868 -0.4193
vn 0.1586 -0.8966 -0.4134
vn -0.4426 0.6955 -0.5660
vn -0.1320 0.8390 -0.5279
vn 0.0120 0.6247 -0.7807
vn -0.3177 0.4814 -0.8169
vn 0.0807 0.4604 -0.8840
vn -0.2329 0.3088 -0.9222
vn 0.1768 0.8875 -0.4255
vn 0.3162 0.6967 -0.6439
vn 0.3738 0.5430 -0.7519
vn -0.7702 0.4429 -0.4589
vn -0.6747 0.2256 -0.7028
vn -0.5775 0.0470 -0.8150
vn -0.1951 0.1863 -0.9629
vn -0.5273 -0.0664 -0.8471
vn 0.1074 0.3424 -0.9334
vn 0.3924 0.4337 -0.8111
vn 0.6663 0.5548 -0.4981
vn 0.6822 0.4621 -0.5666
vn 0.6089 0.6927 -0.3866
vn 0.4705 0.8590 -0.2021
vn -0.2139 0.9213 -0.3247
vn -0.1819 0.0818 -0.9799
vn 0.1153 0.2322 -0.9658
vn 0.1120 0.1161 -0.9869
vn -0.1813 -0.0164 -0.9833
vn 0.0993 0.0068 -0.9950
vn -0.1924 -0.0976 -0.9764
vn 0.3967 0.3284 -0.8572
vn 0.3929 0.2056 -0.8963
vn 0.3811 0.0761 -0.9214
vn -0.5090 -0.1450 -0.8484
vn -0.5065 -0.2056 -0.8374
vn -0.5191 -0.2430 -0.8195
vn 0.6833 0.1120 -0.7215
vn 0.6890 0.2533 -0.6791
vn 0.6873 0.3718 -0.6240
vn -0.9067 -0.2405 0.3466
vn -0.9920 -0.0535 0.1143
vn -0.9366 -0.3350 -0.1023
vn -0.8440 -0.5040 0.1833
vn -0.8465 -0.4888 -0.2112
vn -0.7646 -0.6389 0.0854
vn -0.9711 0.1639 -0.1732
vn -0.9034 -0.0877 -0.4197
vn -0.8051 -0.2595 -0.5333
vn -0.7323 -0.3721 0.5703
vn -0.6541 -0.6107 0.4463
vn -0.5780 -0.7322 0.3603
vn -0.7329 -0.6772 0.0661
vn -0.5519 -0.7561 0.3517
vn -0.8040 -0.5457 -0.2362
vn -0.7531 -0.3451 -0.5602
vn -0.7449 -0.6599 0.0986
vn -0.8052 -0.5509 -0.2194
vn -0.8295 -0.5266 -0.1859
vn -0.7800 -0.6060 0.1563
vn -0.8710 -0.4703 -0.1425
vn -0.8296 -0.5094 0.2285
vn -0.7406 -0.3830 -0.5522
vn -0.7481 -0.3961 -0.5323
vn -0.7730 -0.3826 -0.5061
vn -0.5665 -0.7181 0.4043
vn -0.5996 -0.6339 0.4886
vn -0.6395 -0.4959 0.5875
vn 0.0850 -0.1675 0.9822
vn -0.2389 -0.2984 0.9241
vn -0.0940 -0.5869 0.8042
vn 0.2505 -0.4265 0.8691
vn -0.0218 -0.7056 0.7083
vn 0.3130 -0.5539 0.7716
vn -0.5011 -0.3769 0.7790
vn -0.3919 -0.6411 0.6598
vn -0.3142 -0.7563 0.5738
vn 0.4330 0.0771 0.8981
vn 0.6027 -0.1376 0.7860
vn 0.6657 -0.2660 0.6973
vn 0.3130 -0.5690 0.7604
vn 0.6676 -0.2978 0.6824
vn -0.0097 -0.7113 0.7028
vn -0.2922 -0.7667 0.5716
vn 0.2942 -0.5107 0.8079
vn -0.0234 -0.6451 0.7637
vn -0.0403 -0.5294 0.8474
vn 0.2776 -0.4135 0.8672
vn -0.0512 -0.3720 0.9268
vn 0.2689 -0.2947 0.9170
vn -0.3043 -0.7095 0.6356
vn -0.3270 -0.6005 0.7297
vn -0.3479 -0.4375 0.8292
vn 0.6523 -0.2694 0.7084
vn 0.6400 -0.2244 0.7348
vn 0.6346 -0.1827 0.7509
vn 0.6361 0.7621 0.1211
vn 0.6721 0.6101 0.4197
vn 0.8706 0.4199 0.2564
vn 0.8054 0.5902 -0.0549
vn 0.9380 0.3057 0.1636
vn 0.8690 0.4684 -0.1595
vn 0.6297 0.3795 0.6778
vn 0.8187 0.1812 0.5449
vn 0.8859 0.0629 0.4595
vn 0.8891 0.3991 -0.2240
vn 0.9601 0.2538 0.1172
vn 0.9010 0.0203 0.4334
vn 0.5007 0.7065 0.5001
vn 0.9004 0.3340 -0.2787
vn 0.9730 0.2149 0.0844
vn 0.9880 0.1474 0.0469
vn 0.9123 0.2351 -0.3354
vn 0.9990 0.0441 0.0089
vn 0.9174 0.1013 -0.3848
vn 0.9022 0.0105 0.4312
vn 0.9055 -0.0100 0.4243
vn 0.9103 -0.0546 0.4103
vn -0.8865 -0.1890 -0.4224
vn -0.8437 -0.3410 -0.4146
vn -0.9351 -0.3520 -0.0418
vn -0.9778 -0.2069 -0.0342
vn -0.7534 -0.5285 -0.3914
vn -0.8308 -0.5545 -0.0488
vn -0.8747 -0.3260 0.3587
vn -0.9023 -0.2049 0.3793
vn -0.7962 -0.5103 0.3249
vn -0.6689 -0.0304 -0.7428
vn -0.6466 -0.1648 -0.7448
vn -0.9089 -0.0460 -0.4145
vn -0.6098 -0.3102 -0.7293
vn -0.5404 -0.4803 -0.6908
vn -0.4336 -0.6517 -0.6223
vn -0.5233 -0.7599 -0.3856
vn -0.5801 -0.8126 -0.0555
vn -0.5681 -0.7626 0.3094
vn -0.4889 -0.6205 0.6131
vn -0.5933 -0.4178 0.6881
vn -0.6339 -0.2586 0.7289
vn -0.6384 -0.1745 0.7497
vn -0.9109 -0.1203 0.3946
vn -0.6352 -0.1583 0.7559
vn -0.9967 -0.0794 -0.0194
vn -0.2797 -0.1308 0.9511
vn -0.2875 -0.1796 0.9408
vn 0.0426 -0.1337 0.9901
vn 0.0441 -0.1082 0.9932
vn -0.2595 -0.3482 0.9008
vn 0.0697 -0.3169 0.9459
vn 0.3671 -0.1359 0.9202
vn 0.3578 -0.1264 0.9252
vn 0.3875 -0.2867 0.8762
vn -0.2702 -0.1830 0.9452
vn -0.2036 -0.6631 0.7203
vn 0.1380 -0.6481 0.7489
vn 0.4488 -0.5792 0.6805
vn 0.6673 -0.4910 0.5600
vn 0.6964 -0.3056 0.6493
vn 0.6924 -0.1915 0.6956
vn 0.6827 -0.1926 0.7049
vn 0.3566 -0.2485 0.9006
vn 0.6696 -0.3187 0.6708
vn 0.0511 -0.2059 0.9772
vn 0.9024 -0.2702 0.3356
vn 0.9041 -0.2679 0.3329
vn 0.9457 -0.3217 -0.0468
vn 0.9474 -0.3140 -0.0610
vn 0.8773 -0.3771 0.2969
vn 0.9017 -0.4298 -0.0467
vn 0.8484 -0.3410 -0.4050
vn 0.8414 -0.3139 -0.4400
vn 0.8228 -0.4377 -0.3624
vn 0.8778 -0.3750 0.2980
vn 0.7629 -0.5892 0.2661
vn 0.7746 -0.6301 -0.0533
vn 0.7105 -0.6154 -0.3413
vn 0.5995 -0.5607 -0.5711
vn 0.6178 -0.4321 -0.6570
vn 0.6092 -0.3281 -0.7219
vn 0.5822 -0.2713 -0.7664
vn 0.8104 -0.3434 -0.4748
vn 0.5472 -0.2556 -0.7970
vn 0.9185 -0.3836 -0.0961
vn 0.2506 -0.2104 -0.9450
vn 0.2904 -0.2989 -0.9090
vn -0.0098 -0.2809 -0.9597
vn -0.0491 -0.1677 -0.9846
vn 0.3284 -0.4398 -0.8359
vn 0.0474 -0.4553 -0.8891
vn -0.3029 -0.2841 -0.9097
vn -0.3386 -0.1531 -0.9284
vn -0.2392 -0.4588 -0.8557
vn 0.2160 -0.1551 -0.9640
vn 0.3935 -0.6383 -0.6616
vn 0.1254 -0.6891 -0.7137
vn -0.1682 -0.6951 -0.6990
vn -0.3629 -0.0424 -0.9309
vn -0.0785 -0.0833 -0.9934
vn 0.2004 0.5365 0.8198
vn 0.4661 0.4358 0.7700
vn 0.4775 0.6429 0.5989
vn 0.1892 0.7489 0.6351
vn 0.6616 0.3189 0.6786
vn 0.6886 0.5050 0.5204
vn 0.4409 0.8251 0.3534
vn 0.1530 0.9114 0.3820
vn 0.6698 0.6802 0.2978
vn -0.1802 0.3027 0.9359
vn 0.1181 0.2111 0.9703
vn -0.2275 0.5526 0.8018
vn 0.3912 0.1104 0.9137
vn 0.6018 0.0104 0.7986
vn 0.7494 -0.0723 0.6582
vn 0.8398 0.0922 0.5349
vn 0.8909 0.2749 0.3617
vn 0.8821 0.4529 0.1296
vn 0.7853 0.6042 -0.1347
vn 0.5856 0.8028 -0.1124
vn 0.4077 0.8919 0.1955
vn 0.0281 0.9994 -0.0216
vn -0.2656 0.9101 0.3181
vn -0.2474 0.9683 0.0354
vn 0.0141 0.7726 0.6347
vn 0.5238 -0.7945 0.3072
vn 0.2036 -0.9106 0.3598
vn 0.2236 -0.9731 -0.0561
vn 0.5437 -0.8374 -0.0568
vn -0.1817 -0.9206 0.3456
vn -0.1797 -0.9821 -0.0568
vn 0.1945 -0.8868 -0.4193
vn 0.4877 -0.7868 -0.3783
vn -0.1586 -0.8966 -0.4134
vn 0.4426 0.6955 -0.5660
vn 0.3177 0.4814 -0.8169
vn -0.0120 0.6247 -0.7807
vn 0.1320 0.8390 -0.5279
vn 0.2329 0.3088 -0.9222
vn -0.0807 0.4604 -0.8840
vn -0.3162 0.6967 -0.6439
vn -0.1768 0.8875 -0.4255
vn -0.3738 0.5430 -0.7519
vn 0.7702 0.4429 -0.4589
vn 0.6747 0.2256 -0.7028
vn 0.5775 0.0470 -0.8150
vn 0.5273 -0.0664 -0.8471
vn 0.1951 0.1863 -0.9629
vn -0.1074 0.3424 -0.9334
vn -0.3924 0.4337 -0.8111
vn -0.6822 0.4621 -0.5666
vn -0.6663 0.5548 -0.4981
vn -0.6089 0.6927 -0.3866
vn -0.4705 0.8590 -0.2021
vn 0.2139 0.9213 -0.3247
vn 0.1819 0.0818 -0.9799
vn 0.1813 -0.0164 -0.9833
vn -0.1120 0.1161 -0.9869
vn -0.1153 0.2322 -0.9658
vn 0.1924 -0.0976 -0.9764
vn -0.0993 0.0068 -0.9950
vn -0.3929 0.2056 -0.8963
vn -0.3967 0.3284 -0.8572
vn -0.3811 0.0761 -0.9214
vn 0.5090 -0.1450 -0.8484
vn 0.5065 -0.2056 -0.8374
vn 0.5191 -0.2430 -0.8195
vn -0.6833 0.1120 -0.7215
vn -0.6890 0.2533 -0.6791
vn -0.6873 0.3718 -0.6240
vn 0.9067 -0.2405 0.3466
vn 0.8440 -0.5040 0.1833
vn 0.9366 -0.3350 -0.1023
vn 0.9920 -0.0535 0.1143
vn 0.7646 -0.6389 0.0854
vn 0.8465 -0.4888 -0.2112
vn 0.9034 -0.0877 -0.4197
vn 0.9711 0.1639 -0.1732
vn 0.8051 -0.2595 -0.5333
vn 0.7323 -0.3721 0.5703
vn 0.6541 -0.6107 0.4463
vn 0.5780 -0.7322 0.3603
vn 0.5519 -0.7561 0.3517
vn 0.7329 -0.6772 0.0661
vn 0.8040 -0.5457 -0.2362
vn 0.7531 -0.3451 -0.5602
vn 0.7449 -0.6599 0.0986
vn 0.7800 -0.6060 0.1563
vn 0.8295 -0.5266 -0.1859
vn 0.8052 -0.5509 -0.2194
vn 0.8296 -0.5094 0.2285
vn 0.8710 -0.4703 -0.1425
vn 0.7481 -0.3961 -0.5323
vn 0.7406 -0.3830 -0.5522
vn 0.7730 -0.3826 -0.5061
vn 0.5665 -0.7181 0.4043
vn 0.5996 -0.6339 0.4886
vn 0.6395 -0.4959 0.5875
vn -0.0850 -0.1675 0.9822
vn -0.2505 -0.4265 0.8691
vn 0.0940 -0.5869 0.8042
vn 0.2389 -0.2984 0.9241
vn -0.3130 -0.5539 0.7716
vn 0.0218 -0.7056 0.7083
vn 0.3919 -0.6411 0.6598
vn 0.5011 -0.3769 0.7790
vn 0.3142 -0.7563 0.5738
vn -0.4330 0.0771 0.8981
vn -0.6027 -0.1376 0.7860
vn -0.6657 -0.2660 0.6973
vn -0.6676 -0.2978 0.6824
vn -0.3130 -0.5690 0.7604
vn 0.0097 -0.7113 0.7028
vn 0.2922 -0.7667 0.5716
vn -0.2942 -0.5107 0.8079
vn -0.2776 -0.4135 0.8672
vn 0.0403 -0.5294 0.8474
vn 0.0234 -0.6451 0.7637
vn -0.2689 -0.2947 0.9170
vn 0.0512 -0.3720 0.9268
vn 0.3270 -0.6005 0.7297
vn 0.3043 -0.7095 0.6356
vn 0.3479 -0.4375 0.8292
vn -0.6523 -0.2694 0.7084
vn -0.6400 -0.2244 0.7348
vn -0.6346 -0.1827 0.7509
vn -0.6361 0.7620 0.1211
vn -0.8054 0.5902 -0.0549
vn -0.8706 0.4199 0.2564
vn -0.6721 0.6101 0.4197
vn -0.8690 0.4684 -0.1595
vn -0.9380 0.3057 0.1636
vn -0.8187 0.1812 0.5449
vn -0.6297 0.3795 0.6778
vn -0.8859 0.0629 0.4595
vn -0.8891 0.3991 -0.2240
vn -0.9601 0.2538 0.1172
vn -0.9010 0.0203 0.4334
vn -0.5007 0.7065 0.5001
vn -0.9004 0.3340 -0.2787
vn -0.9123 0.2351 -0.3354
vn -0.9880 0.1474 0.0469
vn -0.9730 0.2149 0.0844
vn -0.9174 0.1013 -0.3848
vn -0.9990 0.0441 0.0089
vn -0.9055 -0.0100 0.4243
vn -0.9022 0.0105 0.4312
vn -0.9103 -0.0546 0.4103
# 924 vertex normals

vt 0.1992 0.1086 0.0000
vt 0.2273 0.0786 0.0000
vt 0.2576 0.0947 0.0000
vt 0.2324 0.1241 0.0000
vt 0.2566 0.0491 0.0000
vt 0.2846 0.0660 0.0000
vt 0.2873 0.1106 0.0000
vt 0.2635 0.1389 0.0000
vt 0.3124 0.0828 0.0000
vt 0.1327 0.1227 0.0000
vt 0.1647 0.0925 0.0000
vt 0.1741 0.1399 0.0000
vt 0.1967 0.0624 0.0000
vt 0.2286 0.0323 0.0000
vt 0.2606 0.0021 0.0000
vt 0.2864 0.0198 0.0000
vt 0.3122 0.0375 0.0000
vt 0.3381 0.0552 0.0000
vt 0.3639 0.0728 0.0000
vt 0.3402 0.0996 0.0000
vt 0.3166 0.1263 0.0000
vt 0.2930 0.1531 0.0000
vt 0.2441 0.1685 0.0000
vt 0.2693 0.1798 0.0000
vt 0.2108 0.1548 0.0000
vt 0.8168 0.7100 0.0000
vt 0.7870 0.6903 0.0000
vt 0.7899 0.6590 0.0000
vt 0.8183 0.6734 0.0000
vt 0.7572 0.6706 0.0000
vt 0.7615 0.6446 0.0000
vt 0.7927 0.6277 0.0000
vt 0.8197 0.6369 0.0000
vt 0.7657 0.6185 0.0000
vt 0.8467 0.7714 0.0000
vt 0.8154 0.7465 0.0000
vt 0.8467 0.7296 0.0000
vt 0.7842 0.7216 0.0000
vt 0.7529 0.6966 0.0000
vt 0.7216 0.6717 0.0000
vt 0.7274 0.6509 0.0000
vt 0.7331 0.6301 0.0000
vt 0.7388 0.6094 0.0000
vt 0.7445 0.5886 0.0000
vt 0.7700 0.5925 0.0000
vt 0.7956 0.5964 0.0000
vt 0.8211 0.6003 0.0000
vt 0.8467 0.6460 0.0000
vt 0.8467 0.6042 0.0000
vt 0.8467 0.6878 0.0000
vt 0.8038 0.2010 0.0000
vt 0.7891 0.1740 0.0000
vt 0.8238 0.1677 0.0000
vt 0.8396 0.1958 0.0000
vt 0.7743 0.1476 0.0000
vt 0.8081 0.1406 0.0000
vt 0.8585 0.1611 0.0000
vt 0.8770 0.1900 0.0000
vt 0.8403 0.1330 0.0000
vt 0.7841 0.2319 0.0000
vt 0.7692 0.2060 0.0000
vt 0.8153 0.2286 0.0000
vt 0.7543 0.1800 0.0000
vt 0.7394 0.1541 0.0000
vt 0.7244 0.1281 0.0000
vt 0.7620 0.1223 0.0000
vt 0.7949 0.1148 0.0000
vt 0.8250 0.1063 0.0000
vt 0.8490 0.0956 0.0000
vt 0.8711 0.1250 0.0000
vt 0.8932 0.1543 0.0000
vt 0.9153 0.1836 0.0000
vt 0.8938 0.2205 0.0000
vt 0.9374 0.2130 0.0000
vt 0.8532 0.2250 0.0000
vt 0.4703 0.1797 0.0000
vt 0.4564 0.1429 0.0000
vt 0.4885 0.1208 0.0000
vt 0.5073 0.1580 0.0000
vt 0.4412 0.1064 0.0000
vt 0.4680 0.0840 0.0000
vt 0.5213 0.0986 0.0000
vt 0.5465 0.1359 0.0000
vt 0.4948 0.0616 0.0000
vt 0.4449 0.2371 0.0000
vt 0.4348 0.2010 0.0000
vt 0.4807 0.2174 0.0000
vt 0.4247 0.1649 0.0000
vt 0.4146 0.1288 0.0000
vt 0.4044 0.0927 0.0000
vt 0.4255 0.0700 0.0000
vt 0.4466 0.0474 0.0000
vt 0.4677 0.0248 0.0000
vt 0.4888 0.0021 0.0000
vt 0.5216 0.0393 0.0000
vt 0.5544 0.0764 0.0000
vt 0.5873 0.1135 0.0000
vt 0.5675 0.1739 0.0000
vt 0.6201 0.1506 0.0000
vt 0.5223 0.1960 0.0000
vt 0.4653 0.6930 0.0000
vt 0.5410 0.7065 0.0000
vt 0.5416 0.7884 0.0000
vt 0.4620 0.7794 0.0000
vt 0.6167 0.7200 0.0000
vt 0.6212 0.7974 0.0000
vt 0.5422 0.8702 0.0000
vt 0.4587 0.8657 0.0000
vt 0.6256 0.8747 0.0000
vt 0.3968 0.5886 0.0000
vt 0.4686 0.6066 0.0000
vt 0.3896 0.6795 0.0000
vt 0.5404 0.6246 0.0000
vt 0.6123 0.6426 0.0000
vt 0.6841 0.6606 0.0000
vt 0.6924 0.7335 0.0000
vt 0.7007 0.8064 0.0000
vt 0.7090 0.8792 0.0000
vt 0.7174 0.9521 0.0000
vt 0.6301 0.9521 0.0000
vt 0.5428 0.9521 0.0000
vt 0.4555 0.9521 0.0000
vt 0.3753 0.8612 0.0000
vt 0.3682 0.9521 0.0000
vt 0.3825 0.7704 0.0000
vt 0.7543 0.0989 0.0000
vt 0.7494 0.0764 0.0000
vt 0.7799 0.0674 0.0000
vt 0.7859 0.0906 0.0000
vt 0.7455 0.0544 0.0000
vt 0.7754 0.0448 0.0000
vt 0.8100 0.0582 0.0000
vt 0.8158 0.0816 0.0000
vt 0.8052 0.0351 0.0000
vt 0.7215 0.1067 0.0000
vt 0.7186 0.0854 0.0000
vt 0.7156 0.0640 0.0000
vt 0.7127 0.0426 0.0000
vt 0.7421 0.0325 0.0000
vt 0.7715 0.0224 0.0000
vt 0.8009 0.0122 0.0000
vt 0.8303 0.0021 0.0000
vt 0.8350 0.0255 0.0000
vt 0.8397 0.0489 0.0000
vt 0.8444 0.0722 0.0000
vt 0.4608 0.5331 0.0000
vt 0.4683 0.4824 0.0000
vt 0.5413 0.4712 0.0000
vt 0.5399 0.5274 0.0000
vt 0.4753 0.4326 0.0000
vt 0.5423 0.4166 0.0000
vt 0.6146 0.4595 0.0000
vt 0.6190 0.5216 0.0000
vt 0.6098 0.3986 0.0000
vt 0.3682 0.5843 0.0000
vt 0.3817 0.5388 0.0000
vt 0.4532 0.5843 0.0000
vt 0.3953 0.4932 0.0000
vt 0.4089 0.4476 0.0000
vt 0.4224 0.4021 0.0000
vt 0.4811 0.3850 0.0000
vt 0.5423 0.3654 0.0000
vt 0.6044 0.3425 0.0000
vt 0.6674 0.3104 0.0000
vt 0.6776 0.3789 0.0000
vt 0.6879 0.4474 0.0000
vt 0.6982 0.5158 0.0000
vt 0.6234 0.5843 0.0000
vt 0.7084 0.5843 0.0000
vt 0.5383 0.5843 0.0000
vt 0.4841 0.3404 0.0000
vt 0.4853 0.2981 0.0000
vt 0.5374 0.2762 0.0000
vt 0.5407 0.3190 0.0000
vt 0.4848 0.2570 0.0000
vt 0.5319 0.2354 0.0000
vt 0.5903 0.2536 0.0000
vt 0.5980 0.2956 0.0000
vt 0.5811 0.2131 0.0000
vt 0.4281 0.3608 0.0000
vt 0.4337 0.3196 0.0000
vt 0.4393 0.2783 0.0000
vt 0.6319 0.1906 0.0000
vt 0.6437 0.2305 0.0000
vt 0.6556 0.2705 0.0000
vt 0.7891 0.4449 0.0000
vt 0.7995 0.4114 0.0000
vt 0.8614 0.4321 0.0000
vt 0.8530 0.4719 0.0000
vt 0.8089 0.3783 0.0000
vt 0.8685 0.3931 0.0000
vt 0.9238 0.4526 0.0000
vt 0.9169 0.4988 0.0000
vt 0.9296 0.4071 0.0000
vt 0.7127 0.4455 0.0000
vt 0.7253 0.4180 0.0000
vt 0.7783 0.4787 0.0000
vt 0.7379 0.3905 0.0000
vt 0.7504 0.3630 0.0000
vt 0.7630 0.3355 0.0000
vt 0.8162 0.3462 0.0000
vt 0.8726 0.3558 0.0000
vt 0.9318 0.3639 0.0000
vt 0.9979 0.3673 0.0000
vt 0.9922 0.4201 0.0000
vt 0.9865 0.4729 0.0000
vt 0.9808 0.5256 0.0000
vt 0.9095 0.5452 0.0000
vt 0.9752 0.5784 0.0000
vt 0.8439 0.5119 0.0000
vt 0.8199 0.3155 0.0000
vt 0.8210 0.2858 0.0000
vt 0.8691 0.2876 0.0000
vt 0.8726 0.3208 0.0000
vt 0.8202 0.2569 0.0000
vt 0.8629 0.2557 0.0000
vt 0.9181 0.2890 0.0000
vt 0.9269 0.3252 0.0000
vt 0.9072 0.2539 0.0000
vt 0.7683 0.3096 0.0000
vt 0.7736 0.2837 0.0000
vt 0.7789 0.2578 0.0000
vt 0.9525 0.2516 0.0000
vt 0.9676 0.2902 0.0000
vt 0.9828 0.3287 0.0000
vt 0.0891 0.8840 0.0000
vt 0.1023 0.8342 0.0000
vt 0.1671 0.8460 0.0000
vt 0.1584 0.8889 0.0000
vt 0.1151 0.7858 0.0000
vt 0.1754 0.8045 0.0000
vt 0.2321 0.8571 0.0000
vt 0.2278 0.8938 0.0000
vt 0.2361 0.8214 0.0000
vt 0.0021 0.9358 0.0000
vt 0.0198 0.8790 0.0000
vt 0.0759 0.9342 0.0000
vt 0.0375 0.8222 0.0000
vt 0.0552 0.7654 0.0000
vt 0.0729 0.7087 0.0000
vt 0.1270 0.7418 0.0000
vt 0.1828 0.7662 0.0000
vt 0.2393 0.7876 0.0000
vt 0.2971 0.8066 0.0000
vt 0.2971 0.8373 0.0000
vt 0.2971 0.8680 0.0000
vt 0.2971 0.8987 0.0000
vt 0.2234 0.9309 0.0000
vt 0.2971 0.9293 0.0000
vt 0.1496 0.9325 0.0000
vt 0.1371 0.7064 0.0000
vt 0.1463 0.6755 0.0000
vt 0.1944 0.7018 0.0000
vt 0.1890 0.7324 0.0000
vt 0.1551 0.6459 0.0000
vt 0.1993 0.6727 0.0000
vt 0.2426 0.7275 0.0000
vt 0.2413 0.7566 0.0000
vt 0.2436 0.6993 0.0000
vt 0.0856 0.6788 0.0000
vt 0.0983 0.6490 0.0000
vt 0.1109 0.6191 0.0000
vt 0.1236 0.5893 0.0000
vt 0.1639 0.6167 0.0000
vt 0.2042 0.6442 0.0000
vt 0.2444 0.6716 0.0000
vt 0.2847 0.6991 0.0000
vt 0.2878 0.7260 0.0000
vt 0.2909 0.7529 0.0000
vt 0.2940 0.7798 0.0000
vt 0.0958 0.4996 0.0000
vt 0.0995 0.4276 0.0000
vt 0.1725 0.4272 0.0000
vt 0.1774 0.4929 0.0000
vt 0.1043 0.3581 0.0000
vt 0.1692 0.3646 0.0000
vt 0.2450 0.4256 0.0000
vt 0.2590 0.4860 0.0000
vt 0.2322 0.3674 0.0000
vt 0.0021 0.5850 0.0000
vt 0.0142 0.5062 0.0000
vt 0.0926 0.5725 0.0000
vt 0.0262 0.4274 0.0000
vt 0.0382 0.3485 0.0000
vt 0.0502 0.2697 0.0000
vt 0.1115 0.2964 0.0000
vt 0.1691 0.3088 0.0000
vt 0.2236 0.3148 0.0000
vt 0.2704 0.3118 0.0000
vt 0.2937 0.3676 0.0000
vt 0.3171 0.4233 0.0000
vt 0.3405 0.4791 0.0000
vt 0.2734 0.5474 0.0000
vt 0.3639 0.5349 0.0000
vt 0.1830 0.5600 0.0000
vt 0.1229 0.2493 0.0000
vt 0.1373 0.2101 0.0000
vt 0.1825 0.2232 0.0000
vt 0.1738 0.2625 0.0000
vt 0.1540 0.1739 0.0000
vt 0.1945 0.1877 0.0000
vt 0.2265 0.2349 0.0000
vt 0.2228 0.2719 0.0000
vt 0.2329 0.2006 0.0000
vt 0.0708 0.2330 0.0000
vt 0.0914 0.1962 0.0000
vt 0.1121 0.1594 0.0000
vt 0.2696 0.2128 0.0000
vt 0.2698 0.2458 0.0000
vt 0.2701 0.2788 0.0000
# 310 texture coords

o corn_001
g corn_001
usemtl 02___Default
s off
f 837/630/837 838/631/838 839/632/839 
f 839/632/839 840/633/840 837/630/837 
f 838/631/838 841/634/841 842/635/842 
f 842/635/842 839/632/839 838/631/838 
f 840/633/840 839/632/839 843/636/843 
f 843/636/843 844/637/844 840/633/840 
f 839/632/839 842/635/842 845/638/845 
f 845/638/845 843/636/843 839/632/839 
f 846/639/846 847/640/847 837/630/837 
f 837/630/837 848/641/848 846/639/846 
f 847/640/847 849/642/849 838/631/838 
f 838/631/838 837/630/837 847/640/847 
f 849/642/849 850/643/850 841/634/841 
f 841/634/841 838/631/838 849/642/849 
f 850/643/850 851/644/851 852/645/852 
f 852/645/852 841/634/841 850/643/850 
f 841/634/841 852/645/852 853/646/853 
f 853/646/853 842/635/842 841/634/841 
f 842/635/842 853/646/853 854/647/854 
f 854/647/854 845/638/845 842/635/842 
f 845/638/845 854/647/854 855/648/855 
f 855/648/855 856/649/856 845/638/845 
f 843/636/843 845/638/845 856/649/856 
f 856/649/856 857/650/857 843/636/843 
f 844/637/844 843/636/843 857/650/857 
f 857/650/857 858/651/858 844/637/844 
f 859/652/859 844/637/844 858/651/858 
f 858/651/858 860/653/860 859/652/859 
f 861/654/861 840/633/840 844/637/844 
f 844/637/844 859/652/859 861/654/861 
f 848/641/848 837/630/837 840/633/840 
f 840/633/840 861/654/861 848/641/848 
f 862/655/862 863/656/863 864/657/864 
f 864/657/864 865/658/865 862/655/862 
f 863/656/863 866/659/866 867/660/867 
f 867/660/867 864/657/864 863/656/863 
f 865/658/865 864/657/864 868/661/868 
f 868/661/868 869/662/869 865/658/865 
f 864/657/864 867/660/867 870/663/870 
f 870/663/870 868/661/868 864/657/864 
f 860/664/860 858/665/858 862/655/862 
f 862/655/862 871/666/871 860/664/860 
f 858/665/858 857/667/857 863/656/863 
f 863/656/863 862/655/862 858/665/858 
f 857/667/857 856/668/856 866/659/866 
f 866/659/866 863/656/863 857/667/857 
f 856/668/856 855/669/855 872/670/872 
f 872/670/872 866/659/866 856/668/856 
f 866/659/866 872/670/872 873/671/873 
f 873/671/873 867/660/867 866/659/866 
f 867/660/867 873/671/873 874/672/874 
f 874/672/874 870/663/870 867/660/867 
f 870/663/870 874/672/874 875/673/875 
f 875/673/875 876/674/876 870/663/870 
f 868/661/868 870/663/870 876/674/876 
f 876/674/876 877/675/877 868/661/868 
f 869/662/869 868/661/868 877/675/877 
f 877/675/877 878/676/878 869/662/869 
f 879/677/879 869/662/869 878/676/878 
f 878/676/878 880/678/880 879/677/879 
f 881/679/881 865/658/865 869/662/869 
f 869/662/869 879/677/879 881/679/881 
f 871/666/871 862/655/862 865/658/865 
f 865/658/865 881/679/881 871/666/871 
f 882/680/882 883/681/883 884/682/884 
f 884/682/884 885/683/885 882/680/882 
f 883/681/883 886/684/886 887/685/887 
f 887/685/887 884/682/884 883/681/883 
f 885/683/885 884/682/884 888/686/888 
f 888/686/888 889/687/889 885/683/885 
f 884/682/884 887/685/887 890/688/890 
f 890/688/890 888/686/888 884/682/884 
f 880/689/880 878/690/878 882/680/882 
f 882/680/882 891/691/891 880/689/880 
f 878/690/878 877/692/877 883/681/883 
f 883/681/883 882/680/882 878/690/878 
f 877/692/877 876/693/876 886/684/886 
f 886/684/886 883/681/883 877/692/877 
f 876/693/876 875/694/875 892/695/892 
f 892/695/892 886/684/886 876/693/876 
f 886/684/886 892/695/892 893/696/893 
f 893/696/893 887/685/887 886/684/886 
f 887/685/887 893/696/893 894/697/894 
f 894/697/894 890/688/890 887/685/887 
f 890/688/890 894/697/894 895/698/895 
f 895/698/895 896/699/896 890/688/890 
f 888/686/888 890/688/890 896/699/896 
f 896/699/896 897/700/897 888/686/888 
f 889/687/889 888/686/888 897/700/897 
f 897/700/897 898/701/898 889/687/889 
f 899/702/899 889/687/889 898/701/898 
f 898/701/898 900/703/900 899/702/899 
f 901/704/901 885/683/885 889/687/889 
f 889/687/889 899/702/899 901/704/901 
f 891/691/891 882/680/882 885/683/885 
f 885/683/885 901/704/901 891/691/891 
f 902/705/902 903/706/903 904/707/904 
f 904/707/904 905/708/905 902/705/902 
f 903/706/903 906/709/906 907/710/907 
f 907/710/907 904/707/904 903/706/903 
f 905/708/905 904/707/904 908/711/908 
f 908/711/908 909/712/909 905/708/905 
f 904/707/904 907/710/907 910/713/910 
f 910/713/910 908/711/908 904/707/904 
f 900/714/900 898/715/898 902/705/902 
f 902/705/902 911/716/911 900/714/900 
f 898/715/898 897/717/897 903/706/903 
f 903/706/903 902/705/902 898/715/898 
f 897/717/897 896/718/896 906/709/906 
f 906/709/906 903/706/903 897/717/897 
f 896/718/896 895/719/895 912/720/912 
f 912/720/912 906/709/906 896/718/896 
f 906/709/906 912/720/912 913/721/913 
f 913/721/913 907/710/907 906/709/906 
f 907/710/907 913/721/913 914/722/914 
f 914/722/914 910/713/910 907/710/907 
f 910/713/910 914/722/914 851/723/851 
f 851/723/851 850/724/850 910/713/910 
f 908/711/908 910/713/910 850/724/850 
f 850/724/850 849/725/849 908/711/908 
f 909/712/909 908/711/908 849/725/849 
f 849/725/849 847/726/847 909/712/909 
f 915/727/915 909/712/909 847/726/847 
f 847/726/847 846/728/846 915/727/915 
f 916/729/916 905/708/905 909/712/909 
f 909/712/909 915/727/915 916/729/916 
f 911/716/911 902/705/902 905/708/905 
f 905/708/905 916/729/916 911/716/911 
f 917/730/917 918/731/918 919/732/919 
f 919/732/919 920/733/920 917/730/917 
f 918/731/918 921/734/921 922/735/922 
f 922/735/922 919/732/919 918/731/918 
f 920/733/920 919/732/919 923/736/923 
f 923/736/923 924/737/924 920/733/920 
f 919/732/919 922/735/922 925/738/925 
f 925/738/925 923/736/923 919/732/919 
f 926/739/926 927/740/927 917/730/917 
f 917/730/917 928/741/928 926/739/926 
f 927/740/927 929/742/929 918/731/918 
f 918/731/918 917/730/917 927/740/927 
f 929/742/929 930/743/930 921/734/921 
f 921/734/921 918/731/918 929/742/929 
f 930/743/930 931/744/931 932/745/932 
f 932/745/932 921/734/921 930/743/930 
f 921/734/921 932/745/932 933/746/933 
f 933/746/933 922/735/922 921/734/921 
f 922/735/922 933/746/933 934/747/934 
f 934/747/934 925/738/925 922/735/922 
f 925/738/925 934/747/934 935/748/935 
f 935/748/935 936/749/936 925/738/925 
f 923/736/923 925/738/925 936/749/936 
f 936/749/936 937/750/937 923/736/923 
f 924/737/924 923/736/923 937/750/937 
f 937/750/937 938/751/938 924/737/924 
f 939/752/939 924/737/924 938/751/938 
f 938/751/938 940/753/940 939/752/939 
f 941/754/941 920/733/920 924/737/924 
f 924/737/924 939/752/939 941/754/941 
f 928/741/928 917/730/917 920/733/920 
f 920/733/920 941/754/941 928/741/928 
f 942/755/942 943/756/943 944/757/944 
f 944/757/944 945/758/945 942/755/942 
f 943/756/943 946/759/946 947/760/947 
f 947/760/947 944/757/944 943/756/943 
f 945/758/945 944/757/944 948/761/948 
f 948/761/948 949/762/949 945/758/945 
f 944/757/944 947/760/947 950/763/950 
f 950/763/950 948/761/948 944/757/944 
f 875/694/875 874/764/874 942/755/942 
f 942/755/942 892/695/892 875/694/875 
f 874/764/874 873/765/951 943/756/943 
f 943/756/943 942/755/942 874/764/874 
f 873/765/951 872/766/872 946/759/946 
f 946/759/946 943/756/943 873/765/951 
f 872/766/872 855/767/855 854/768/854 
f 854/768/854 946/759/946 872/766/872 
f 946/759/946 854/768/854 853/769/853 
f 853/769/853 947/760/947 946/759/946 
f 947/760/947 853/769/853 852/770/852 
f 852/770/852 950/763/950 947/760/947 
f 950/763/950 852/770/852 851/771/851 
f 851/771/851 914/772/914 950/763/950 
f 948/761/948 950/763/950 914/772/914 
f 914/772/914 913/773/913 948/761/948 
f 949/762/949 948/761/948 913/773/913 
f 913/773/913 912/774/912 949/762/949 
f 894/697/894 949/762/949 912/774/912 
f 912/774/912 895/698/895 894/697/894 
f 893/696/893 945/758/945 949/762/949 
f 949/762/949 894/697/894 893/696/893 
f 892/695/892 942/755/942 945/758/945 
f 945/758/945 893/696/893 892/695/892 
f 951/775/952 952/776/953 953/777/954 
f 953/777/954 954/778/955 951/775/952 
f 952/776/953 955/779/956 956/780/957 
f 956/780/957 953/777/954 952/776/953 
f 954/778/955 953/777/954 957/781/958 
f 957/781/958 958/782/959 954/778/955 
f 953/777/954 956/780/957 959/783/960 
f 959/783/960 957/781/958 953/777/954 
f 935/784/935 960/785/961 951/775/952 
f 951/775/952 936/786/962 935/784/935 
f 960/785/961 961/787/963 952/776/953 
f 952/776/953 951/775/952 960/785/961 
f 961/787/963 962/788/964 955/779/956 
f 955/779/956 952/776/953 961/787/963 
f 962/788/964 963/789/965 964/790/966 
f 964/790/966 955/779/956 962/788/964 
f 955/779/956 964/790/966 965/791/967 
f 965/791/967 956/780/957 955/779/956 
f 956/780/957 965/791/967 966/792/968 
f 966/792/968 959/783/960 956/780/957 
f 959/783/960 966/792/968 967/793/969 
f 967/793/969 968/794/970 959/783/960 
f 957/781/958 959/783/960 968/794/970 
f 968/794/970 969/795/971 957/781/958 
f 958/782/959 957/781/958 969/795/971 
f 969/795/971 970/796/972 958/782/959 
f 938/797/938 958/782/959 970/796/972 
f 970/796/972 940/798/940 938/797/938 
f 937/799/973 954/778/955 958/782/959 
f 958/782/959 938/797/938 937/799/973 
f 936/786/962 951/775/952 954/778/955 
f 954/778/955 937/799/973 936/786/962 
f 971/800/974 972/801/975 973/802/976 
f 973/802/976 974/803/977 971/800/974 
f 972/801/975 975/804/978 976/805/979 
f 976/805/979 973/802/976 972/801/975 
f 974/803/977 973/802/976 977/806/980 
f 977/806/980 978/807/981 974/803/977 
f 973/802/976 976/805/979 979/808/982 
f 979/808/982 977/806/980 973/802/976 
f 963/789/965 980/809/983 971/800/974 
f 971/800/974 964/790/966 963/789/965 
f 980/809/983 981/810/984 972/801/975 
f 972/801/975 971/800/974 980/809/983 
f 981/810/984 982/811/985 975/804/978 
f 975/804/978 972/801/975 981/810/984 
f 982/811/985 900/714/900 911/716/911 
f 911/716/911 975/804/978 982/811/985 
f 975/804/978 911/716/911 916/729/916 
f 916/729/916 976/805/979 975/804/978 
f 976/805/979 916/729/916 915/727/915 
f 915/727/915 979/808/982 976/805/979 
f 979/808/982 915/727/915 846/728/846 
f 846/728/846 983/812/986 979/808/982 
f 977/806/980 979/808/982 983/812/986 
f 983/812/986 984/813/987 977/806/980 
f 978/807/981 977/806/980 984/813/987 
f 984/813/987 985/814/988 978/807/981 
f 966/792/968 978/807/981 985/814/988 
f 985/814/988 967/793/969 966/792/968 
f 965/791/967 974/803/977 978/807/981 
f 978/807/981 966/792/968 965/791/967 
f 964/790/966 971/800/974 974/803/977 
f 974/803/977 965/791/967 964/790/966 
f 986/815/989 987/816/990 988/817/991 
f 988/817/991 989/818/992 986/815/989 
f 987/816/990 990/819/993 991/820/994 
f 991/820/994 988/817/991 987/816/990 
f 989/818/992 988/817/991 992/821/995 
f 992/821/995 993/822/996 989/818/992 
f 988/817/991 991/820/994 994/823/997 
f 994/823/997 992/821/995 988/817/991 
f 931/824/931 995/825/998 986/815/989 
f 986/815/989 932/826/932 931/824/931 
f 995/825/998 996/827/999 987/816/990 
f 987/816/990 986/815/989 995/825/998 
f 996/827/999 997/828/1000 990/819/993 
f 990/819/993 987/816/990 996/827/999 
f 997/828/1000 998/829/1001 999/830/1002 
f 999/830/1002 990/819/993 997/828/1000 
f 990/819/993 999/830/1002 1000/831/1003 
f 1000/831/1003 991/820/994 990/819/993 
f 991/820/994 1000/831/1003 1001/832/1004 
f 1001/832/1004 994/823/997 991/820/994 
f 994/823/997 1001/832/1004 963/833/965 
f 963/833/965 962/834/1005 994/823/997 
f 992/821/995 994/823/997 962/834/1005 
f 962/834/1005 961/835/1006 992/821/995 
f 993/822/996 992/821/995 961/835/1006 
f 961/835/1006 960/836/961 993/822/996 
f 934/837/934 993/822/996 960/836/961 
f 960/836/961 935/838/935 934/837/934 
f 933/839/933 989/818/992 993/822/996 
f 993/822/996 934/837/934 933/839/933 
f 932/826/932 986/815/989 989/818/992 
f 989/818/992 933/839/933 932/826/932 
f 1002/840/1007 1003/841/1008 1004/842/1009 
f 1004/842/1009 1005/843/1010 1002/840/1007 
f 1003/841/1008 1006/844/1011 1007/845/1012 
f 1007/845/1012 1004/842/1009 1003/841/1008 
f 1005/843/1010 1004/842/1009 1008/846/1013 
f 1008/846/1013 1009/847/1014 1005/843/1010 
f 1004/842/1009 1007/845/1012 1010/848/1015 
f 1010/848/1015 1008/846/1013 1004/842/1009 
f 998/829/1001 1011/849/1016 1002/840/1007 
f 1002/840/1007 999/830/1002 998/829/1001 
f 1011/849/1016 1012/850/1017 1003/841/1008 
f 1003/841/1008 1002/840/1007 1011/849/1016 
f 1012/850/1017 1013/851/1018 1006/844/1011 
f 1006/844/1011 1003/841/1008 1012/850/1017 
f 1013/851/1018 880/689/880 891/691/891 
f 891/691/891 1006/844/1011 1013/851/1018 
f 1006/844/1011 891/691/891 901/704/901 
f 901/704/901 1007/845/1012 1006/844/1011 
f 1007/845/1012 901/704/901 899/702/899 
f 899/702/899 1010/848/1015 1007/845/1012 
f 1010/848/1015 899/702/899 900/703/900 
f 900/703/900 982/852/985 1010/848/1015 
f 1008/846/1013 1010/848/1015 982/852/985 
f 982/852/985 981/853/984 1008/846/1013 
f 1009/847/1014 1008/846/1013 981/853/984 
f 981/853/984 980/854/983 1009/847/1014 
f 1001/832/1004 1009/847/1014 980/854/983 
f 980/854/983 963/833/965 1001/832/1004 
f 1000/831/1003 1005/843/1010 1009/847/1014 
f 1009/847/1014 1001/832/1004 1000/831/1003 
f 999/830/1002 1002/840/1007 1005/843/1010 
f 1005/843/1010 1000/831/1003 999/830/1002 
f 1014/855/1019 1015/856/1020 1016/857/1021 
f 1016/857/1021 1017/858/1022 1014/855/1019 
f 1015/856/1020 1018/859/1023 1019/860/1024 
f 1019/860/1024 1016/857/1021 1015/856/1020 
f 1017/858/1022 1016/857/1021 1020/861/1025 
f 1020/861/1025 1021/862/1026 1017/858/1022 
f 1016/857/1021 1019/860/1024 1022/863/1027 
f 1022/863/1027 1020/861/1025 1016/857/1021 
f 926/864/926 1023/865/1028 1014/855/1019 
f 1014/855/1019 927/866/927 926/864/926 
f 1023/865/1028 1024/867/1029 1015/856/1020 
f 1015/856/1020 1014/855/1019 1023/865/1028 
f 1024/867/1029 1025/868/1030 1018/859/1023 
f 1018/859/1023 1015/856/1020 1024/867/1029 
f 1025/868/1030 1026/869/1031 1027/870/1032 
f 1027/870/1032 1018/859/1023 1025/868/1030 
f 1018/859/1023 1027/870/1032 1028/871/1033 
f 1028/871/1033 1019/860/1024 1018/859/1023 
f 1019/860/1024 1028/871/1033 1029/872/1034 
f 1029/872/1034 1022/863/1027 1019/860/1024 
f 1022/863/1027 1029/872/1034 998/873/1001 
f 998/873/1001 997/874/1000 1022/863/1027 
f 1020/861/1025 1022/863/1027 997/874/1000 
f 997/874/1000 996/875/999 1020/861/1025 
f 1021/862/1026 1020/861/1025 996/875/999 
f 996/875/999 995/876/998 1021/862/1026 
f 930/877/930 1021/862/1026 995/876/998 
f 995/876/998 931/878/931 930/877/930 
f 929/879/929 1017/858/1022 1021/862/1026 
f 1021/862/1026 930/877/930 929/879/929 
f 927/866/927 1014/855/1019 1017/858/1022 
f 1017/858/1022 929/879/929 927/866/927 
f 1030/880/1035 1031/881/1036 1032/882/1037 
f 1032/882/1037 1033/883/1038 1030/880/1035 
f 1031/881/1036 1034/884/1039 1035/885/1040 
f 1035/885/1040 1032/882/1037 1031/881/1036 
f 1033/883/1038 1032/882/1037 1036/886/1041 
f 1036/886/1041 1037/887/1042 1033/883/1038 
f 1032/882/1037 1035/885/1040 1038/888/1043 
f 1038/888/1043 1036/886/1041 1032/882/1037 
f 1026/869/1031 1039/889/1044 1030/880/1035 
f 1030/880/1035 1027/870/1032 1026/869/1031 
f 1039/889/1044 1040/890/1045 1031/881/1036 
f 1031/881/1036 1030/880/1035 1039/889/1044 
f 1040/890/1045 1041/891/1046 1034/884/1039 
f 1034/884/1039 1031/881/1036 1040/890/1045 
f 1041/891/1046 860/892/860 871/893/871 
f 871/893/871 1034/884/1039 1041/891/1046 
f 1034/884/1039 871/893/871 881/894/881 
f 881/894/881 1035/885/1040 1034/884/1039 
f 1035/885/1040 881/894/881 879/895/879 
f 879/895/879 1038/888/1043 1035/885/1040 
f 1038/888/1043 879/895/879 880/896/880 
f 880/896/880 1013/897/1018 1038/888/1043 
f 1036/886/1041 1038/888/1043 1013/897/1018 
f 1013/897/1018 1012/898/1017 1036/886/1041 
f 1037/887/1042 1036/886/1041 1012/898/1017 
f 1012/898/1017 1011/899/1016 1037/887/1042 
f 1029/872/1034 1037/887/1042 1011/899/1016 
f 1011/899/1016 998/873/1001 1029/872/1034 
f 1028/871/1033 1033/883/1038 1037/887/1042 
f 1037/887/1042 1029/872/1034 1028/871/1033 
f 1027/870/1032 1030/880/1035 1033/883/1038 
f 1033/883/1038 1028/871/1033 1027/870/1032 
f 1042/900/1047 1043/901/1048 1044/902/1049 
f 1044/902/1049 1045/903/1050 1042/900/1047 
f 1043/901/1048 1046/904/1051 1047/905/1052 
f 1047/905/1052 1044/902/1049 1043/901/1048 
f 1045/903/1050 1044/902/1049 1048/906/1053 
f 1048/906/1053 1049/907/1054 1045/903/1050 
f 1044/902/1049 1047/905/1052 1050/908/1055 
f 1050/908/1055 1048/906/1053 1044/902/1049 
f 940/909/940 970/910/972 1042/900/1047 
f 1042/900/1047 939/911/939 940/909/940 
f 970/910/972 969/912/971 1043/901/1048 
f 1043/901/1048 1042/900/1047 970/910/972 
f 969/912/971 968/913/970 1046/904/1051 
f 1046/904/1051 1043/901/1048 969/912/971 
f 968/913/970 967/914/969 1051/915/1056 
f 1051/915/1056 1046/904/1051 968/913/970 
f 1046/904/1051 1051/915/1056 1052/916/1057 
f 1052/916/1057 1047/905/1052 1046/904/1051 
f 1047/905/1052 1052/916/1057 1053/917/1058 
f 1053/917/1058 1050/908/1055 1047/905/1052 
f 1050/908/1055 1053/917/1058 1026/918/1059 
f 1026/918/1059 1025/919/1060 1050/908/1055 
f 1048/906/1053 1050/908/1055 1025/919/1060 
f 1025/919/1060 1024/920/1029 1048/906/1053 
f 1049/907/1054 1048/906/1053 1024/920/1029 
f 1024/920/1029 1023/921/1028 1049/907/1054 
f 928/922/928 1049/907/1054 1023/921/1028 
f 1023/921/1028 926/923/926 928/922/928 
f 941/924/1061 1045/903/1050 1049/907/1054 
f 1049/907/1054 928/922/928 941/924/1061 
f 939/911/939 1042/900/1047 1045/903/1050 
f 1045/903/1050 941/924/1061 939/911/939 
f 1054/925/1062 1055/926/1063 1056/927/1064 
f 1056/927/1064 1057/928/1065 1054/925/1062 
f 1055/926/1063 1058/929/1066 1059/930/1067 
f 1059/930/1067 1056/927/1064 1055/926/1063 
f 1057/928/1065 1056/927/1064 1060/931/1068 
f 1060/931/1068 1061/932/1069 1057/928/1065 
f 1056/927/1064 1059/930/1067 1062/933/1070 
f 1062/933/1070 1060/931/1068 1056/927/1064 
f 967/914/969 985/934/988 1054/925/1062 
f 1054/925/1062 1051/915/1056 967/914/969 
f 985/934/988 984/935/987 1055/926/1063 
f 1055/926/1063 1054/925/1062 985/934/988 
f 984/935/987 983/936/986 1058/929/1066 
f 1058/929/1066 1055/926/1063 984/935/987 
f 983/936/986 846/639/846 848/641/848 
f 848/641/848 1058/929/1066 983/936/986 
f 1058/929/1066 848/641/848 861/654/861 
f 861/654/861 1059/930/1067 1058/929/1066 
f 1059/930/1067 861/654/861 859/652/859 
f 859/652/859 1062/933/1070 1059/930/1067 
f 1062/933/1070 859/652/859 860/653/860 
f 860/653/860 1041/937/1046 1062/933/1070 
f 1060/931/1068 1062/933/1070 1041/937/1046 
f 1041/937/1046 1040/938/1045 1060/931/1068 
f 1061/932/1069 1060/931/1068 1040/938/1045 
f 1040/938/1045 1039/939/1044 1061/932/1069 
f 1053/917/1058 1061/932/1069 1039/939/1044 
f 1039/939/1044 1026/918/1059 1053/917/1058 
f 1052/916/1057 1057/928/1065 1061/932/1069 
f 1061/932/1069 1053/917/1058 1052/916/1057 
f 1051/915/1056 1054/925/1062 1057/928/1065 
f 1057/928/1065 1052/916/1057 1051/915/1056 
f 1063/630/1071 1064/633/1072 1065/632/1073 
f 1065/632/1073 1066/631/1074 1063/630/1071 
f 1066/631/1074 1065/632/1073 1067/635/1075 
f 1067/635/1075 1068/634/1076 1066/631/1074 
f 1064/633/1072 1069/637/1077 1070/636/1078 
f 1070/636/1078 1065/632/1073 1064/633/1072 
f 1065/632/1073 1070/636/1078 1071/638/1079 
f 1071/638/1079 1067/635/1075 1065/632/1073 
f 1072/639/1080 1073/641/1081 1063/630/1071 
f 1063/630/1071 1074/640/1082 1072/639/1080 
f 1074/640/1082 1063/630/1071 1066/631/1074 
f 1066/631/1074 1075/642/1083 1074/640/1082 
f 1075/642/1083 1066/631/1074 1068/634/1076 
f 1068/634/1076 1076/643/1084 1075/642/1083 
f 1076/643/1084 1068/634/1076 1077/645/1085 
f 1077/645/1085 1078/644/1086 1076/643/1084 
f 1068/634/1076 1067/635/1075 1079/646/1087 
f 1079/646/1087 1077/645/1085 1068/634/1076 
f 1067/635/1075 1071/638/1079 1080/647/1088 
f 1080/647/1088 1079/646/1087 1067/635/1075 
f 1071/638/1079 1081/649/1089 1082/648/1090 
f 1082/648/1090 1080/647/1088 1071/638/1079 
f 1070/636/1078 1083/650/1091 1081/649/1089 
f 1081/649/1089 1071/638/1079 1070/636/1078 
f 1069/637/1077 1084/651/1092 1083/650/1091 
f 1083/650/1091 1070/636/1078 1069/637/1077 
f 1085/652/1093 1086/653/1094 1084/651/1092 
f 1084/651/1092 1069/637/1077 1085/652/1093 
f 1087/654/1095 1085/652/1093 1069/637/1077 
f 1069/637/1077 1064/633/1072 1087/654/1095 
f 1073/641/1081 1087/654/1095 1064/633/1072 
f 1064/633/1072 1063/630/1071 1073/641/1081 
f 1088/655/1096 1089/658/1097 1090/657/1098 
f 1090/657/1098 1091/656/1099 1088/655/1096 
f 1091/656/1099 1090/657/1098 1092/660/1100 
f 1092/660/1100 1093/659/1101 1091/656/1099 
f 1089/658/1097 1094/662/1102 1095/661/1103 
f 1095/661/1103 1090/657/1098 1089/658/1097 
f 1090/657/1098 1095/661/1103 1096/663/1104 
f 1096/663/1104 1092/660/1100 1090/657/1098 
f 1086/664/1094 1097/666/1105 1088/655/1096 
f 1088/655/1096 1084/665/1092 1086/664/1094 
f 1084/665/1092 1088/655/1096 1091/656/1099 
f 1091/656/1099 1083/667/1091 1084/665/1092 
f 1083/667/1091 1091/656/1099 1093/659/1101 
f 1093/659/1101 1081/668/1089 1083/667/1091 
f 1081/668/1089 1093/659/1101 1098/670/1106 
f 1098/670/1106 1082/669/1090 1081/668/1089 
f 1093/659/1101 1092/660/1100 1099/671/1107 
f 1099/671/1107 1098/670/1106 1093/659/1101 
f 1092/660/1100 1096/663/1104 1100/672/1108 
f 1100/672/1108 1099/671/1107 1092/660/1100 
f 1096/663/1104 1101/674/1109 1102/673/1110 
f 1102/673/1110 1100/672/1108 1096/663/1104 
f 1095/661/1103 1103/675/1111 1101/674/1109 
f 1101/674/1109 1096/663/1104 1095/661/1103 
f 1094/662/1102 1104/676/1112 1103/675/1111 
f 1103/675/1111 1095/661/1103 1094/662/1102 
f 1105/677/1113 1106/678/1114 1104/676/1112 
f 1104/676/1112 1094/662/1102 1105/677/1113 
f 1107/679/1115 1105/677/1113 1094/662/1102 
f 1094/662/1102 1089/658/1097 1107/679/1115 
f 1097/666/1105 1107/679/1115 1089/658/1097 
f 1089/658/1097 1088/655/1096 1097/666/1105 
f 1108/680/1116 1109/683/1117 1110/682/1118 
f 1110/682/1118 1111/681/1119 1108/680/1116 
f 1111/681/1119 1110/682/1118 1112/685/1120 
f 1112/685/1120 1113/684/1121 1111/681/1119 
f 1109/683/1117 1114/687/1122 1115/686/1123 
f 1115/686/1123 1110/682/1118 1109/683/1117 
f 1110/682/1118 1115/686/1123 1116/688/1124 
f 1116/688/1124 1112/685/1120 1110/682/1118 
f 1106/689/1114 1117/691/1125 1108/680/1116 
f 1108/680/1116 1104/690/1112 1106/689/1114 
f 1104/690/1112 1108/680/1116 1111/681/1119 
f 1111/681/1119 1103/692/1111 1104/690/1112 
f 1103/692/1111 1111/681/1119 1113/684/1121 
f 1113/684/1121 1101/693/1109 1103/692/1111 
f 1101/693/1109 1113/684/1121 1118/695/1126 
f 1118/695/1126 1102/694/1110 1101/693/1109 
f 1113/684/1121 1112/685/1120 1119/696/1127 
f 1119/696/1127 1118/695/1126 1113/684/1121 
f 1112/685/1120 1116/688/1124 1120/697/1128 
f 1120/697/1128 1119/696/1127 1112/685/1120 
f 1116/688/1124 1121/699/1129 1122/698/1130 
f 1122/698/1130 1120/697/1128 1116/688/1124 
f 1115/686/1123 1123/700/1131 1121/699/1129 
f 1121/699/1129 1116/688/1124 1115/686/1123 
f 1114/687/1122 1124/701/1132 1123/700/1131 
f 1123/700/1131 1115/686/1123 1114/687/1122 
f 1125/702/1133 1126/703/1134 1124/701/1132 
f 1124/701/1132 1114/687/1122 1125/702/1133 
f 1127/704/1135 1125/702/1133 1114/687/1122 
f 1114/687/1122 1109/683/1117 1127/704/1135 
f 1117/691/1125 1127/704/1135 1109/683/1117 
f 1109/683/1117 1108/680/1116 1117/691/1125 
f 1128/705/1136 1129/708/1137 1130/707/1138 
f 1130/707/1138 1131/706/1139 1128/705/1136 
f 1131/706/1139 1130/707/1138 1132/710/1140 
f 1132/710/1140 1133/709/1141 1131/706/1139 
f 1129/708/1137 1134/712/1142 1135/711/1143 
f 1135/711/1143 1130/707/1138 1129/708/1137 
f 1130/707/1138 1135/711/1143 1136/713/1144 
f 1136/713/1144 1132/710/1140 1130/707/1138 
f 1126/714/1134 1137/716/1145 1128/705/1136 
f 1128/705/1136 1124/715/1132 1126/714/1134 
f 1124/715/1132 1128/705/1136 1131/706/1139 
f 1131/706/1139 1123/717/1131 1124/715/1132 
f 1123/717/1131 1131/706/1139 1133/709/1141 
f 1133/709/1141 1121/718/1129 1123/717/1131 
f 1121/718/1129 1133/709/1141 1138/720/1146 
f 1138/720/1146 1122/719/1130 1121/718/1129 
f 1133/709/1141 1132/710/1140 1139/721/1147 
f 1139/721/1147 1138/720/1146 1133/709/1141 
f 1132/710/1140 1136/713/1144 1140/722/1148 
f 1140/722/1148 1139/721/1147 1132/710/1140 
f 1136/713/1144 1076/724/1084 1078/723/1086 
f 1078/723/1086 1140/722/1148 1136/713/1144 
f 1135/711/1143 1075/725/1083 1076/724/1084 
f 1076/724/1084 1136/713/1144 1135/711/1143 
f 1134/712/1142 1074/726/1082 1075/725/1083 
f 1075/725/1083 1135/711/1143 1134/712/1142 
f 1141/727/1149 1072/728/1080 1074/726/1082 
f 1074/726/1082 1134/712/1142 1141/727/1149 
f 1142/729/1150 1141/727/1149 1134/712/1142 
f 1134/712/1142 1129/708/1137 1142/729/1150 
f 1137/716/1145 1142/729/1150 1129/708/1137 
f 1129/708/1137 1128/705/1136 1137/716/1145 
f 1143/730/1151 1144/733/1152 1145/732/1153 
f 1145/732/1153 1146/731/1154 1143/730/1151 
f 1146/731/1154 1145/732/1153 1147/735/1155 
f 1147/735/1155 1148/734/1156 1146/731/1154 
f 1144/733/1152 1149/737/1157 1150/736/1158 
f 1150/736/1158 1145/732/1153 1144/733/1152 
f 1145/732/1153 1150/736/1158 1151/738/1159 
f 1151/738/1159 1147/735/1155 1145/732/1153 
f 1152/739/1160 1153/741/1161 1143/730/1151 
f 1143/730/1151 1154/740/1162 1152/739/1160 
f 1154/740/1162 1143/730/1151 1146/731/1154 
f 1146/731/1154 1155/742/1163 1154/740/1162 
f 1155/742/1163 1146/731/1154 1148/734/1156 
f 1148/734/1156 1156/743/1164 1155/742/1163 
f 1156/743/1164 1148/734/1156 1157/745/1165 
f 1157/745/1165 1158/744/1166 1156/743/1164 
f 1148/734/1156 1147/735/1155 1159/746/1167 
f 1159/746/1167 1157/745/1165 1148/734/1156 
f 1147/735/1155 1151/738/1159 1160/747/1168 
f 1160/747/1168 1159/746/1167 1147/735/1155 
f 1151/738/1159 1161/749/1169 1162/748/1170 
f 1162/748/1170 1160/747/1168 1151/738/1159 
f 1150/736/1158 1163/750/1171 1161/749/1169 
f 1161/749/1169 1151/738/1159 1150/736/1158 
f 1149/737/1157 1164/751/1172 1163/750/1171 
f 1163/750/1171 1150/736/1158 1149/737/1157 
f 1165/752/1173 1166/753/1174 1164/751/1172 
f 1164/751/1172 1149/737/1157 1165/752/1173 
f 1167/754/1175 1165/752/1173 1149/737/1157 
f 1149/737/1157 1144/733/1152 1167/754/1175 
f 1153/741/1161 1167/754/1175 1144/733/1152 
f 1144/733/1152 1143/730/1151 1153/741/1161 
f 1168/755/1176 1169/758/1177 1170/757/1178 
f 1170/757/1178 1171/756/1179 1168/755/1176 
f 1171/756/1179 1170/757/1178 1172/760/1180 
f 1172/760/1180 1173/759/1181 1171/756/1179 
f 1169/758/1177 1174/762/1182 1175/761/1183 
f 1175/761/1183 1170/757/1178 1169/758/1177 
f 1170/757/1178 1175/761/1183 1176/763/1184 
f 1176/763/1184 1172/760/1180 1170/757/1178 
f 1102/694/1110 1118/695/1126 1168/755/1176 
f 1168/755/1176 1100/764/1108 1102/694/1110 
f 1100/764/1108 1168/755/1176 1171/756/1179 
f 1171/756/1179 1099/765/1185 1100/764/1108 
f 1099/765/1185 1171/756/1179 1173/759/1181 
f 1173/759/1181 1098/766/1106 1099/765/1185 
f 1098/766/1106 1173/759/1181 1080/768/1088 
f 1080/768/1088 1082/767/1090 1098/766/1106 
f 1173/759/1181 1172/760/1180 1079/769/1087 
f 1079/769/1087 1080/768/1088 1173/759/1181 
f 1172/760/1180 1176/763/1184 1077/770/1085 
f 1077/770/1085 1079/769/1087 1172/760/1180 
f 1176/763/1184 1140/772/1148 1078/771/1086 
f 1078/771/1086 1077/770/1085 1176/763/1184 
f 1175/761/1183 1139/773/1147 1140/772/1148 
f 1140/772/1148 1176/763/1184 1175/761/1183 
f 1174/762/1182 1138/774/1146 1139/773/1147 
f 1139/773/1147 1175/761/1183 1174/762/1182 
f 1120/697/1128 1122/698/1130 1138/774/1146 
f 1138/774/1146 1174/762/1182 1120/697/1128 
f 1119/696/1127 1120/697/1128 1174/762/1182 
f 1174/762/1182 1169/758/1177 1119/696/1127 
f 1118/695/1126 1119/696/1127 1169/758/1177 
f 1169/758/1177 1168/755/1176 1118/695/1126 
f 1177/775/1186 1178/778/1187 1179/777/1188 
f 1179/777/1188 1180/776/1189 1177/775/1186 
f 1180/776/1189 1179/777/1188 1181/780/1190 
f 1181/780/1190 1182/779/1191 1180/776/1189 
f 1178/778/1187 1183/782/1192 1184/781/1193 
f 1184/781/1193 1179/777/1188 1178/778/1187 
f 1179/777/1188 1184/781/1193 1185/783/1194 
f 1185/783/1194 1181/780/1190 1179/777/1188 
f 1162/784/1170 1161/786/1195 1177/775/1186 
f 1177/775/1186 1186/785/1196 1162/784/1170 
f 1186/785/1196 1177/775/1186 1180/776/1189 
f 1180/776/1189 1187/787/1197 1186/785/1196 
f 1187/787/1197 1180/776/1189 1182/779/1191 
f 1182/779/1191 1188/788/1198 1187/787/1197 
f 1188/788/1198 1182/779/1191 1189/790/1199 
f 1189/790/1199 1190/789/1200 1188/788/1198 
f 1182/779/1191 1181/780/1190 1191/791/1201 
f 1191/791/1201 1189/790/1199 1182/779/1191 
f 1181/780/1190 1185/783/1194 1192/792/1202 
f 1192/792/1202 1191/791/1201 1181/780/1190 
f 1185/783/1194 1193/794/1203 1194/793/1204 
f 1194/793/1204 1192/792/1202 1185/783/1194 
f 1184/781/1193 1195/795/1205 1193/794/1203 
f 1193/794/1203 1185/783/1194 1184/781/1193 
f 1183/782/1192 1196/796/1206 1195/795/1205 
f 1195/795/1205 1184/781/1193 1183/782/1192 
f 1164/797/1172 1166/798/1174 1196/796/1206 
f 1196/796/1206 1183/782/1192 1164/797/1172 
f 1163/799/1207 1164/797/1172 1183/782/1192 
f 1183/782/1192 1178/778/1187 1163/799/1207 
f 1161/786/1195 1163/799/1207 1178/778/1187 
f 1178/778/1187 1177/775/1186 1161/786/1195 
f 1197/800/1208 1198/803/1209 1199/802/1210 
f 1199/802/1210 1200/801/1211 1197/800/1208 
f 1200/801/1211 1199/802/1210 1201/805/1212 
f 1201/805/1212 1202/804/1213 1200/801/1211 
f 1198/803/1209 1203/807/1214 1204/806/1215 
f 1204/806/1215 1199/802/1210 1198/803/1209 
f 1199/802/1210 1204/806/1215 1205/808/1216 
f 1205/808/1216 1201/805/1212 1199/802/1210 
f 1190/789/1200 1189/790/1199 1197/800/1208 
f 1197/800/1208 1206/809/1217 1190/789/1200 
f 1206/809/1217 1197/800/1208 1200/801/1211 
f 1200/801/1211 1207/810/1218 1206/809/1217 
f 1207/810/1218 1200/801/1211 1202/804/1213 
f 1202/804/1213 1208/811/1219 1207/810/1218 
f 1208/811/1219 1202/804/1213 1137/716/1145 
f 1137/716/1145 1126/714/1134 1208/811/1219 
f 1202/804/1213 1201/805/1212 1142/729/1150 
f 1142/729/1150 1137/716/1145 1202/804/1213 
f 1201/805/1212 1205/808/1216 1141/727/1149 
f 1141/727/1149 1142/729/1150 1201/805/1212 
f 1205/808/1216 1209/812/1220 1072/728/1080 
f 1072/728/1080 1141/727/1149 1205/808/1216 
f 1204/806/1215 1210/813/1221 1209/812/1220 
f 1209/812/1220 1205/808/1216 1204/806/1215 
f 1203/807/1214 1211/814/1222 1210/813/1221 
f 1210/813/1221 1204/806/1215 1203/807/1214 
f 1192/792/1202 1194/793/1204 1211/814/1222 
f 1211/814/1222 1203/807/1214 1192/792/1202 
f 1191/791/1201 1192/792/1202 1203/807/1214 
f 1203/807/1214 1198/803/1209 1191/791/1201 
f 1189/790/1199 1191/791/1201 1198/803/1209 
f 1198/803/1209 1197/800/1208 1189/790/1199 
f 1212/815/1223 1213/818/1224 1214/817/1225 
f 1214/817/1225 1215/816/1226 1212/815/1223 
f 1215/816/1226 1214/817/1225 1216/820/1227 
f 1216/820/1227 1217/819/1228 1215/816/1226 
f 1213/818/1224 1218/822/1229 1219/821/1230 
f 1219/821/1230 1214/817/1225 1213/818/1224 
f 1214/817/1225 1219/821/1230 1220/823/1231 
f 1220/823/1231 1216/820/1227 1214/817/1225 
f 1158/824/1166 1157/826/1165 1212/815/1223 
f 1212/815/1223 1221/825/1232 1158/824/1166 
f 1221/825/1232 1212/815/1223 1215/816/1226 
f 1215/816/1226 1222/827/1233 1221/825/1232 
f 1222/827/1233 1215/816/1226 1217/819/1228 
f 1217/819/1228 1223/828/1234 1222/827/1233 
f 1223/828/1234 1217/819/1228 1224/830/1235 
f 1224/830/1235 1225/829/1236 1223/828/1234 
f 1217/819/1228 1216/820/1227 1226/831/1237 
f 1226/831/1237 1224/830/1235 1217/819/1228 
f 1216/820/1227 1220/823/1231 1227/832/1238 
f 1227/832/1238 1226/831/1237 1216/820/1227 
f 1220/823/1231 1188/834/1239 1190/833/1200 
f 1190/833/1200 1227/832/1238 1220/823/1231 
f 1219/821/1230 1187/835/1240 1188/834/1239 
f 1188/834/1239 1220/823/1231 1219/821/1230 
f 1218/822/1229 1186/836/1196 1187/835/1240 
f 1187/835/1240 1219/821/1230 1218/822/1229 
f 1160/837/1168 1162/838/1170 1186/836/1196 
f 1186/836/1196 1218/822/1229 1160/837/1168 
f 1159/839/1167 1160/837/1168 1218/822/1229 
f 1218/822/1229 1213/818/1224 1159/839/1167 
f 1157/826/1165 1159/839/1167 1213/818/1224 
f 1213/818/1224 1212/815/1223 1157/826/1165 
f 1228/840/1241 1229/843/1242 1230/842/1243 
f 1230/842/1243 1231/841/1244 1228/840/1241 
f 1231/841/1244 1230/842/1243 1232/845/1245 
f 1232/845/1245 1233/844/1246 1231/841/1244 
f 1229/843/1242 1234/847/1247 1235/846/1248 
f 1235/846/1248 1230/842/1243 1229/843/1242 
f 1230/842/1243 1235/846/1248 1236/848/1249 
f 1236/848/1249 1232/845/1245 1230/842/1243 
f 1225/829/1236 1224/830/1235 1228/840/1241 
f 1228/840/1241 1237/849/1250 1225/829/1236 
f 1237/849/1250 1228/840/1241 1231/841/1244 
f 1231/841/1244 1238/850/1251 1237/849/1250 
f 1238/850/1251 1231/841/1244 1233/844/1246 
f 1233/844/1246 1239/851/1252 1238/850/1251 
f 1239/851/1252 1233/844/1246 1117/691/1125 
f 1117/691/1125 1106/689/1114 1239/851/1252 
f 1233/844/1246 1232/845/1245 1127/704/1135 
f 1127/704/1135 1117/691/1125 1233/844/1246 
f 1232/845/1245 1236/848/1249 1125/702/1133 
f 1125/702/1133 1127/704/1135 1232/845/1245 
f 1236/848/1249 1208/852/1219 1126/703/1134 
f 1126/703/1134 1125/702/1133 1236/848/1249 
f 1235/846/1248 1207/853/1218 1208/852/1219 
f 1208/852/1219 1236/848/1249 1235/846/1248 
f 1234/847/1247 1206/854/1217 1207/853/1218 
f 1207/853/1218 1235/846/1248 1234/847/1247 
f 1227/832/1238 1190/833/1200 1206/854/1217 
f 1206/854/1217 1234/847/1247 1227/832/1238 
f 1226/831/1237 1227/832/1238 1234/847/1247 
f 1234/847/1247 1229/843/1242 1226/831/1237 
f 1224/830/1235 1226/831/1237 1229/843/1242 
f 1229/843/1242 1228/840/1241 1224/830/1235 
f 1240/855/1253 1241/858/1254 1242/857/1255 
f 1242/857/1255 1243/856/1256 1240/855/1253 
f 1243/856/1256 1242/857/1255 1244/860/1257 
f 1244/860/1257 1245/859/1258 1243/856/1256 
f 1241/858/1254 1246/862/1259 1247/861/1260 
f 1247/861/1260 1242/857/1255 1241/858/1254 
f 1242/857/1255 1247/861/1260 1248/863/1261 
f 1248/863/1261 1244/860/1257 1242/857/1255 
f 1152/864/1160 1154/866/1162 1240/855/1253 
f 1240/855/1253 1249/865/1262 1152/864/1160 
f 1249/865/1262 1240/855/1253 1243/856/1256 
f 1243/856/1256 1250/867/1263 1249/865/1262 
f 1250/867/1263 1243/856/1256 1245/859/1258 
f 1245/859/1258 1251/868/1264 1250/867/1263 
f 1251/868/1264 1245/859/1258 1252/870/1265 
f 1252/870/1265 1253/869/1266 1251/868/1264 
f 1245/859/1258 1244/860/1257 1254/871/1267 
f 1254/871/1267 1252/870/1265 1245/859/1258 
f 1244/860/1257 1248/863/1261 1255/872/1268 
f 1255/872/1268 1254/871/1267 1244/860/1257 
f 1248/863/1261 1223/874/1234 1225/873/1236 
f 1225/873/1236 1255/872/1268 1248/863/1261 
f 1247/861/1260 1222/875/1233 1223/874/1234 
f 1223/874/1234 1248/863/1261 1247/861/1260 
f 1246/862/1259 1221/876/1232 1222/875/1233 
f 1222/875/1233 1247/861/1260 1246/862/1259 
f 1156/877/1164 1158/878/1166 1221/876/1232 
f 1221/876/1232 1246/862/1259 1156/877/1164 
f 1155/879/1163 1156/877/1164 1246/862/1259 
f 1246/862/1259 1241/858/1254 1155/879/1163 
f 1154/866/1162 1155/879/1163 1241/858/1254 
f 1241/858/1254 1240/855/1253 1154/866/1162 
f 1256/880/1269 1257/883/1270 1258/882/1271 
f 1258/882/1271 1259/881/1272 1256/880/1269 
f 1259/881/1272 1258/882/1271 1260/885/1273 
f 1260/885/1273 1261/884/1274 1259/881/1272 
f 1257/883/1270 1262/887/1275 1263/886/1276 
f 1263/886/1276 1258/882/1271 1257/883/1270 
f 1258/882/1271 1263/886/1276 1264/888/1277 
f 1264/888/1277 1260/885/1273 1258/882/1271 
f 1253/869/1266 1252/870/1265 1256/880/1269 
f 1256/880/1269 1265/889/1278 1253/869/1266 
f 1265/889/1278 1256/880/1269 1259/881/1272 
f 1259/881/1272 1266/890/1279 1265/889/1278 
f 1266/890/1279 1259/881/1272 1261/884/1274 
f 1261/884/1274 1267/891/1280 1266/890/1279 
f 1267/891/1280 1261/884/1274 1097/893/1105 
f 1097/893/1105 1086/892/1094 1267/891/1280 
f 1261/884/1274 1260/885/1273 1107/894/1115 
f 1107/894/1115 1097/893/1105 1261/884/1274 
f 1260/885/1273 1264/888/1277 1105/895/1113 
f 1105/895/1113 1107/894/1115 1260/885/1273 
f 1264/888/1277 1239/897/1252 1106/896/1114 
f 1106/896/1114 1105/895/1113 1264/888/1277 
f 1263/886/1276 1238/898/1251 1239/897/1252 
f 1239/897/1252 1264/888/1277 1263/886/1276 
f 1262/887/1275 1237/899/1250 1238/898/1251 
f 1238/898/1251 1263/886/1276 1262/887/1275 
f 1255/872/1268 1225/873/1236 1237/899/1250 
f 1237/899/1250 1262/887/1275 1255/872/1268 
f 1254/871/1267 1255/872/1268 1262/887/1275 
f 1262/887/1275 1257/883/1270 1254/871/1267 
f 1252/870/1265 1254/871/1267 1257/883/1270 
f 1257/883/1270 1256/880/1269 1252/870/1265 
f 1268/900/1281 1269/903/1282 1270/902/1283 
f 1270/902/1283 1271/901/1284 1268/900/1281 
f 1271/901/1284 1270/902/1283 1272/905/1285 
f 1272/905/1285 1273/904/1286 1271/901/1284 
f 1269/903/1282 1274/907/1287 1275/906/1288 
f 1275/906/1288 1270/902/1283 1269/903/1282 
f 1270/902/1283 1275/906/1288 1276/908/1289 
f 1276/908/1289 1272/905/1285 1270/902/1283 
f 1166/909/1174 1165/911/1173 1268/900/1281 
f 1268/900/1281 1196/910/1206 1166/909/1174 
f 1196/910/1206 1268/900/1281 1271/901/1284 
f 1271/901/1284 1195/912/1205 1196/910/1206 
f 1195/912/1205 1271/901/1284 1273/904/1286 
f 1273/904/1286 1193/913/1203 1195/912/1205 
f 1193/913/1203 1273/904/1286 1277/915/1290 
f 1277/915/1290 1194/914/1204 1193/913/1203 
f 1273/904/1286 1272/905/1285 1278/916/1291 
f 1278/916/1291 1277/915/1290 1273/904/1286 
f 1272/905/1285 1276/908/1289 1279/917/1292 
f 1279/917/1292 1278/916/1291 1272/905/1285 
f 1276/908/1289 1251/919/1293 1253/918/1294 
f 1253/918/1294 1279/917/1292 1276/908/1289 
f 1275/906/1288 1250/920/1263 1251/919/1293 
f 1251/919/1293 1276/908/1289 1275/906/1288 
f 1274/907/1287 1249/921/1262 1250/920/1263 
f 1250/920/1263 1275/906/1288 1274/907/1287 
f 1153/922/1161 1152/923/1160 1249/921/1262 
f 1249/921/1262 1274/907/1287 1153/922/1161 
f 1167/924/1295 1153/922/1161 1274/907/1287 
f 1274/907/1287 1269/903/1282 1167/924/1295 
f 1165/911/1173 1167/924/1295 1269/903/1282 
f 1269/903/1282 1268/900/1281 1165/911/1173 
f 1280/925/1296 1281/928/1297 1282/927/1298 
f 1282/927/1298 1283/926/1299 1280/925/1296 
f 1283/926/1299 1282/927/1298 1284/930/1300 
f 1284/930/1300 1285/929/1301 1283/926/1299 
f 1281/928/1297 1286/932/1302 1287/931/1303 
f 1287/931/1303 1282/927/1298 1281/928/1297 
f 1282/927/1298 1287/931/1303 1288/933/1304 
f 1288/933/1304 1284/930/1300 1282/927/1298 
f 1194/914/1204 1277/915/1290 1280/925/1296 
f 1280/925/1296 1211/934/1222 1194/914/1204 
f 1211/934/1222 1280/925/1296 1283/926/1299 
f 1283/926/1299 1210/935/1221 1211/934/1222 
f 1210/935/1221 1283/926/1299 1285/929/1301 
f 1285/929/1301 1209/936/1220 1210/935/1221 
f 1209/936/1220 1285/929/1301 1073/641/1081 
f 1073/641/1081 1072/639/1080 1209/936/1220 
f 1285/929/1301 1284/930/1300 1087/654/1095 
f 1087/654/1095 1073/641/1081 1285/929/1301 
f 1284/930/1300 1288/933/1304 1085/652/1093 
f 1085/652/1093 1087/654/1095 1284/930/1300 
f 1288/933/1304 1267/937/1280 1086/653/1094 
f 1086/653/1094 1085/652/1093 1288/933/1304 
f 1287/931/1303 1266/938/1279 1267/937/1280 
f 1267/937/1280 1288/933/1304 1287/931/1303 
f 1286/932/1302 1265/939/1278 1266/938/1279 
f 1266/938/1279 1287/931/1303 1286/932/1302 
f 1279/917/1292 1253/918/1294 1265/939/1278 
f 1265/939/1278 1286/932/1302 1279/917/1292 
f 1278/916/1291 1279/917/1292 1286/932/1302 
f 1286/932/1302 1281/928/1297 1278/916/1291 
f 1277/915/1290 1278/916/1291 1281/928/1297 
f 1281/928/1297 1280/925/1296 1277/915/1290 
f 1289/630/1305 1290/633/1306 1291/632/1307 
f 1291/632/1307 1292/631/1308 1289/630/1305 
f 1292/631/1308 1291/632/1307 1293/635/1309 
f 1293/635/1309 1294/634/1310 1292/631/1308 
f 1290/633/1306 1295/637/1311 1296/636/1312 
f 1296/636/1312 1291/632/1307 1290/633/1306 
f 1291/632/1307 1296/636/1312 1297/638/1313 
f 1297/638/1313 1293/635/1309 1291/632/1307 
f 1298/639/1314 1299/641/1315 1289/630/1305 
f 1289/630/1305 1300/640/1316 1298/639/1314 
f 1300/640/1316 1289/630/1305 1292/631/1308 
f 1292/631/1308 1301/642/1317 1300/640/1316 
f 1301/642/1317 1292/631/1308 1294/634/1310 
f 1294/634/1310 1302/643/1318 1301/642/1317 
f 1302/643/1318 1294/634/1310 1303/645/1319 
f 1303/645/1319 1304/644/1320 1302/643/1318 
f 1294/634/1310 1293/635/1309 1305/646/1321 
f 1305/646/1321 1303/645/1319 1294/634/1310 
f 1293/635/1309 1297/638/1313 1306/647/1322 
f 1306/647/1322 1305/646/1321 1293/635/1309 
f 1297/638/1313 1307/649/1323 1308/648/1324 
f 1308/648/1324 1306/647/1322 1297/638/1313 
f 1296/636/1312 1309/650/1325 1307/649/1323 
f 1307/649/1323 1297/638/1313 1296/636/1312 
f 1295/637/1311 1310/651/1326 1309/650/1325 
f 1309/650/1325 1296/636/1312 1295/637/1311 
f 1311/652/1327 1312/653/1328 1310/651/1326 
f 1310/651/1326 1295/637/1311 1311/652/1327 
f 1313/654/1329 1311/652/1327 1295/637/1311 
f 1295/637/1311 1290/633/1306 1313/654/1329 
f 1299/641/1315 1313/654/1329 1290/633/1306 
f 1290/633/1306 1289/630/1305 1299/641/1315 
f 1314/655/1330 1315/658/1331 1316/657/1332 
f 1316/657/1332 1317/656/1333 1314/655/1330 
f 1317/656/1333 1316/657/1332 1318/660/1334 
f 1318/660/1334 1319/659/1335 1317/656/1333 
f 1315/658/1331 1320/662/1336 1321/661/1337 
f 1321/661/1337 1316/657/1332 1315/658/1331 
f 1316/657/1332 1321/661/1337 1322/663/1338 
f 1322/663/1338 1318/660/1334 1316/657/1332 
f 1312/664/1328 1323/666/1339 1314/655/1330 
f 1314/655/1330 1310/665/1326 1312/664/1328 
f 1310/665/1326 1314/655/1330 1317/656/1333 
f 1317/656/1333 1309/667/1325 1310/665/1326 
f 1309/667/1325 1317/656/1333 1319/659/1335 
f 1319/659/1335 1307/668/1323 1309/667/1325 
f 1307/668/1323 1319/659/1335 1324/670/1340 
f 1324/670/1340 1308/669/1324 1307/668/1323 
f 1319/659/1335 1318/660/1334 1325/671/1341 
f 1325/671/1341 1324/670/1340 1319/659/1335 
f 1318/660/1334 1322/663/1338 1326/672/1342 
f 1326/672/1342 1325/671/1341 1318/660/1334 
f 1322/663/1338 1327/674/1343 1328/673/1344 
f 1328/673/1344 1326/672/1342 1322/663/1338 
f 1321/661/1337 1329/675/1345 1327/674/1343 
f 1327/674/1343 1322/663/1338 1321/661/1337 
f 1320/662/1336 1330/676/1346 1329/675/1345 
f 1329/675/1345 1321/661/1337 1320/662/1336 
f 1331/677/1347 1332/678/1348 1330/676/1346 
f 1330/676/1346 1320/662/1336 1331/677/1347 
f 1333/679/1349 1331/677/1347 1320/662/1336 
f 1320/662/1336 1315/658/1331 1333/679/1349 
f 1323/666/1339 1333/679/1349 1315/658/1331 
f 1315/658/1331 1314/655/1330 1323/666/1339 
f 1334/680/1350 1335/683/1351 1336/682/1352 
f 1336/682/1352 1337/681/1353 1334/680/1350 
f 1337/681/1353 1336/682/1352 1338/685/1354 
f 1338/685/1354 1339/684/1355 1337/681/1353 
f 1335/683/1351 1340/687/1356 1341/686/1357 
f 1341/686/1357 1336/682/1352 1335/683/1351 
f 1336/682/1352 1341/686/1357 1342/688/1358 
f 1342/688/1358 1338/685/1354 1336/682/1352 
f 1332/689/1348 1343/691/1359 1334/680/1350 
f 1334/680/1350 1330/690/1346 1332/689/1348 
f 1330/690/1346 1334/680/1350 1337/681/1353 
f 1337/681/1353 1329/692/1345 1330/690/1346 
f 1329/692/1345 1337/681/1353 1339/684/1355 
f 1339/684/1355 1327/693/1343 1329/692/1345 
f 1327/693/1343 1339/684/1355 1344/695/1360 
f 1344/695/1360 1328/694/1344 1327/693/1343 
f 1339/684/1355 1338/685/1354 1345/696/1361 
f 1345/696/1361 1344/695/1360 1339/684/1355 
f 1338/685/1354 1342/688/1358 1346/697/1362 
f 1346/697/1362 1345/696/1361 1338/685/1354 
f 1342/688/1358 1347/699/1363 1348/698/1364 
f 1348/698/1364 1346/697/1362 1342/688/1358 
f 1341/686/1357 1349/700/1365 1347/699/1363 
f 1347/699/1363 1342/688/1358 1341/686/1357 
f 1340/687/1356 1350/701/1366 1349/700/1365 
f 1349/700/1365 1341/686/1357 1340/687/1356 
f 1351/702/1367 1352/703/1368 1350/701/1366 
f 1350/701/1366 1340/687/1356 1351/702/1367 
f 1353/704/1369 1351/702/1367 1340/687/1356 
f 1340/687/1356 1335/683/1351 1353/704/1369 
f 1343/691/1359 1353/704/1369 1335/683/1351 
f 1335/683/1351 1334/680/1350 1343/691/1359 
f 1354/705/1370 1355/708/1371 1356/707/1372 
f 1356/707/1372 1357/706/1373 1354/705/1370 
f 1357/706/1373 1356/707/1372 1358/710/1374 
f 1358/710/1374 1359/709/1375 1357/706/1373 
f 1355/708/1371 1360/712/1376 1361/711/1377 
f 1361/711/1377 1356/707/1372 1355/708/1371 
f 1356/707/1372 1361/711/1377 1362/713/1378 
f 1362/713/1378 1358/710/1374 1356/707/1372 
f 1352/714/1368 1363/716/1379 1354/705/1370 
f 1354/705/1370 1350/715/1366 1352/714/1368 
f 1350/715/1366 1354/705/1370 1357/706/1373 
f 1357/706/1373 1349/717/1365 1350/715/1366 
f 1349/717/1365 1357/706/1373 1359/709/1375 
f 1359/709/1375 1347/718/1363 1349/717/1365 
f 1347/718/1363 1359/709/1375 1364/720/1380 
f 1364/720/1380 1348/719/1364 1347/718/1363 
f 1359/709/1375 1358/710/1374 1365/721/1381 
f 1365/721/1381 1364/720/1380 1359/709/1375 
f 1358/710/1374 1362/713/1378 1366/722/1382 
f 1366/722/1382 1365/721/1381 1358/710/1374 
f 1362/713/1378 1302/724/1318 1304/723/1320 
f 1304/723/1320 1366/722/1382 1362/713/1378 
f 1361/711/1377 1301/725/1317 1302/724/1318 
f 1302/724/1318 1362/713/1378 1361/711/1377 
f 1360/712/1376 1300/726/1316 1301/725/1317 
f 1301/725/1317 1361/711/1377 1360/712/1376 
f 1367/727/1383 1298/728/1314 1300/726/1316 
f 1300/726/1316 1360/712/1376 1367/727/1383 
f 1368/729/1384 1367/727/1383 1360/712/1376 
f 1360/712/1376 1355/708/1371 1368/729/1384 
f 1363/716/1379 1368/729/1384 1355/708/1371 
f 1355/708/1371 1354/705/1370 1363/716/1379 
f 1369/730/1385 1370/733/1386 1371/732/1387 
f 1371/732/1387 1372/731/1388 1369/730/1385 
f 1372/731/1388 1371/732/1387 1373/735/1389 
f 1373/735/1389 1374/734/1390 1372/731/1388 
f 1370/733/1386 1375/737/1391 1376/736/1392 
f 1376/736/1392 1371/732/1387 1370/733/1386 
f 1371/732/1387 1376/736/1392 1377/738/1393 
f 1377/738/1393 1373/735/1389 1371/732/1387 
f 1378/739/1394 1379/741/1395 1369/730/1385 
f 1369/730/1385 1380/740/1396 1378/739/1394 
f 1380/740/1396 1369/730/1385 1372/731/1388 
f 1372/731/1388 1381/742/1397 1380/740/1396 
f 1381/742/1397 1372/731/1388 1374/734/1390 
f 1374/734/1390 1382/743/1398 1381/742/1397 
f 1382/743/1398 1374/734/1390 1383/745/1399 
f 1383/745/1399 1384/744/1400 1382/743/1398 
f 1374/734/1390 1373/735/1389 1385/746/1401 
f 1385/746/1401 1383/745/1399 1374/734/1390 
f 1373/735/1389 1377/738/1393 1386/747/1402 
f 1386/747/1402 1385/746/1401 1373/735/1389 
f 1377/738/1393 1387/749/1403 1388/748/1404 
f 1388/748/1404 1386/747/1402 1377/738/1393 
f 1376/736/1392 1389/750/1405 1387/749/1403 
f 1387/749/1403 1377/738/1393 1376/736/1392 
f 1375/737/1391 1390/751/1406 1389/750/1405 
f 1389/750/1405 1376/736/1392 1375/737/1391 
f 1391/752/1407 1392/753/1408 1390/751/1406 
f 1390/751/1406 1375/737/1391 1391/752/1407 
f 1393/754/1409 1391/752/1407 1375/737/1391 
f 1375/737/1391 1370/733/1386 1393/754/1409 
f 1379/741/1395 1393/754/1409 1370/733/1386 
f 1370/733/1386 1369/730/1385 1379/741/1395 
f 1394/755/1410 1395/758/1411 1396/757/1412 
f 1396/757/1412 1397/756/1413 1394/755/1410 
f 1397/756/1413 1396/757/1412 1398/760/1414 
f 1398/760/1414 1399/759/1415 1397/756/1413 
f 1395/758/1411 1400/762/1416 1401/761/1417 
f 1401/761/1417 1396/757/1412 1395/758/1411 
f 1396/757/1412 1401/761/1417 1402/763/1418 
f 1402/763/1418 1398/760/1414 1396/757/1412 
f 1328/694/1344 1344/695/1360 1394/755/1410 
f 1394/755/1410 1326/764/1342 1328/694/1344 
f 1326/764/1342 1394/755/1410 1397/756/1413 
f 1397/756/1413 1325/765/1341 1326/764/1342 
f 1325/765/1341 1397/756/1413 1399/759/1415 
f 1399/759/1415 1324/766/1340 1325/765/1341 
f 1324/766/1340 1399/759/1415 1306/768/1322 
f 1306/768/1322 1308/767/1324 1324/766/1340 
f 1399/759/1415 1398/760/1414 1305/769/1321 
f 1305/769/1321 1306/768/1322 1399/759/1415 
f 1398/760/1414 1402/763/1418 1303/770/1319 
f 1303/770/1319 1305/769/1321 1398/760/1414 
f 1402/763/1418 1366/772/1382 1304/771/1320 
f 1304/771/1320 1303/770/1319 1402/763/1418 
f 1401/761/1417 1365/773/1381 1366/772/1382 
f 1366/772/1382 1402/763/1418 1401/761/1417 
f 1400/762/1416 1364/774/1380 1365/773/1381 
f 1365/773/1381 1401/761/1417 1400/762/1416 
f 1346/697/1362 1348/698/1364 1364/774/1380 
f 1364/774/1380 1400/762/1416 1346/697/1362 
f 1345/696/1361 1346/697/1362 1400/762/1416 
f 1400/762/1416 1395/758/1411 1345/696/1361 
f 1344/695/1360 1345/696/1361 1395/758/1411 
f 1395/758/1411 1394/755/1410 1344/695/1360 
f 1403/775/1419 1404/778/1420 1405/777/1421 
f 1405/777/1421 1406/776/1422 1403/775/1419 
f 1406/776/1422 1405/777/1421 1407/780/1423 
f 1407/780/1423 1408/779/1424 1406/776/1422 
f 1404/778/1420 1409/782/1425 1410/781/1426 
f 1410/781/1426 1405/777/1421 1404/778/1420 
f 1405/777/1421 1410/781/1426 1411/783/1427 
f 1411/783/1427 1407/780/1423 1405/777/1421 
f 1388/784/1404 1387/786/1403 1403/775/1419 
f 1403/775/1419 1412/785/1428 1388/784/1404 
f 1412/785/1428 1403/775/1419 1406/776/1422 
f 1406/776/1422 1413/787/1429 1412/785/1428 
f 1413/787/1429 1406/776/1422 1408/779/1424 
f 1408/779/1424 1414/788/1430 1413/787/1429 
f 1414/788/1430 1408/779/1424 1415/790/1431 
f 1415/790/1431 1416/789/1432 1414/788/1430 
f 1408/779/1424 1407/780/1423 1417/791/1433 
f 1417/791/1433 1415/790/1431 1408/779/1424 
f 1407/780/1423 1411/783/1427 1418/792/1434 
f 1418/792/1434 1417/791/1433 1407/780/1423 
f 1411/783/1427 1419/794/1435 1420/793/1436 
f 1420/793/1436 1418/792/1434 1411/783/1427 
f 1410/781/1426 1421/795/1437 1419/794/1435 
f 1419/794/1435 1411/783/1427 1410/781/1426 
f 1409/782/1425 1422/796/1438 1421/795/1437 
f 1421/795/1437 1410/781/1426 1409/782/1425 
f 1390/797/1406 1392/798/1408 1422/796/1438 
f 1422/796/1438 1409/782/1425 1390/797/1406 
f 1389/799/1439 1390/797/1406 1409/782/1425 
f 1409/782/1425 1404/778/1420 1389/799/1439 
f 1387/786/1403 1389/799/1439 1404/778/1420 
f 1404/778/1420 1403/775/1419 1387/786/1403 
f 1423/800/1440 1424/803/1441 1425/802/1442 
f 1425/802/1442 1426/801/1443 1423/800/1440 
f 1426/801/1443 1425/802/1442 1427/805/1444 
f 1427/805/1444 1428/804/1445 1426/801/1443 
f 1424/803/1441 1429/807/1446 1430/806/1447 
f 1430/806/1447 1425/802/1442 1424/803/1441 
f 1425/802/1442 1430/806/1447 1431/808/1448 
f 1431/808/1448 1427/805/1444 1425/802/1442 
f 1416/789/1432 1415/790/1431 1423/800/1440 
f 1423/800/1440 1432/809/1449 1416/789/1432 
f 1432/809/1449 1423/800/1440 1426/801/1443 
f 1426/801/1443 1433/810/1450 1432/809/1449 
f 1433/810/1450 1426/801/1443 1428/804/1445 
f 1428/804/1445 1434/811/1451 1433/810/1450 
f 1434/811/1451 1428/804/1445 1363/716/1379 
f 1363/716/1379 1352/714/1368 1434/811/1451 
f 1428/804/1445 1427/805/1444 1368/729/1384 
f 1368/729/1384 1363/716/1379 1428/804/1445 
f 1427/805/1444 1431/808/1448 1367/727/1383 
f 1367/727/1383 1368/729/1384 1427/805/1444 
f 1431/808/1448 1435/812/1452 1298/728/1314 
f 1298/728/1314 1367/727/1383 1431/808/1448 
f 1430/806/1447 1436/813/1453 1435/812/1452 
f 1435/812/1452 1431/808/1448 1430/806/1447 
f 1429/807/1446 1437/814/1454 1436/813/1453 
f 1436/813/1453 1430/806/1447 1429/807/1446 
f 1418/792/1434 1420/793/1436 1437/814/1454 
f 1437/814/1454 1429/807/1446 1418/792/1434 
f 1417/791/1433 1418/792/1434 1429/807/1446 
f 1429/807/1446 1424/803/1441 1417/791/1433 
f 1415/790/1431 1417/791/1433 1424/803/1441 
f 1424/803/1441 1423/800/1440 1415/790/1431 
f 1438/815/1455 1439/818/1456 1440/817/1457 
f 1440/817/1457 1441/816/1458 1438/815/1455 
f 1441/816/1458 1440/817/1457 1442/820/1459 
f 1442/820/1459 1443/819/1460 1441/816/1458 
f 1439/818/1456 1444/822/1461 1445/821/1462 
f 1445/821/1462 1440/817/1457 1439/818/1456 
f 1440/817/1457 1445/821/1462 1446/823/1463 
f 1446/823/1463 1442/820/1459 1440/817/1457 
f 1384/824/1400 1383/826/1399 1438/815/1455 
f 1438/815/1455 1447/825/1464 1384/824/1400 
f 1447/825/1464 1438/815/1455 1441/816/1458 
f 1441/816/1458 1448/827/1465 1447/825/1464 
f 1448/827/1465 1441/816/1458 1443/819/1460 
f 1443/819/1460 1449/828/1466 1448/827/1465 
f 1449/828/1466 1443/819/1460 1450/830/1467 
f 1450/830/1467 1451/829/1468 1449/828/1466 
f 1443/819/1460 1442/820/1459 1452/831/1469 
f 1452/831/1469 1450/830/1467 1443/819/1460 
f 1442/820/1459 1446/823/1463 1453/832/1470 
f 1453/832/1470 1452/831/1469 1442/820/1459 
f 1446/823/1463 1414/834/1430 1416/833/1432 
f 1416/833/1432 1453/832/1470 1446/823/1463 
f 1445/821/1462 1413/835/1429 1414/834/1430 
f 1414/834/1430 1446/823/1463 1445/821/1462 
f 1444/822/1461 1412/836/1428 1413/835/1429 
f 1413/835/1429 1445/821/1462 1444/822/1461 
f 1386/837/1402 1388/838/1404 1412/836/1428 
f 1412/836/1428 1444/822/1461 1386/837/1402 
f 1385/839/1401 1386/837/1402 1444/822/1461 
f 1444/822/1461 1439/818/1456 1385/839/1401 
f 1383/826/1399 1385/839/1401 1439/818/1456 
f 1439/818/1456 1438/815/1455 1383/826/1399 
f 1454/840/1471 1455/843/1472 1456/842/1473 
f 1456/842/1473 1457/841/1474 1454/840/1471 
f 1457/841/1474 1456/842/1473 1458/845/1475 
f 1458/845/1475 1459/844/1476 1457/841/1474 
f 1455/843/1472 1460/847/1477 1461/846/1478 
f 1461/846/1478 1456/842/1473 1455/843/1472 
f 1456/842/1473 1461/846/1478 1462/848/1479 
f 1462/848/1479 1458/845/1475 1456/842/1473 
f 1451/829/1468 1450/830/1467 1454/840/1471 
f 1454/840/1471 1463/849/1480 1451/829/1468 
f 1463/849/1480 1454/840/1471 1457/841/1474 
f 1457/841/1474 1464/850/1481 1463/849/1480 
f 1464/850/1481 1457/841/1474 1459/844/1476 
f 1459/844/1476 1465/851/1482 1464/850/1481 
f 1465/851/1482 1459/844/1476 1343/691/1359 
f 1343/691/1359 1332/689/1348 1465/851/1482 
f 1459/844/1476 1458/845/1475 1353/704/1369 
f 1353/704/1369 1343/691/1359 1459/844/1476 
f 1458/845/1475 1462/848/1479 1351/702/1367 
f 1351/702/1367 1353/704/1369 1458/845/1475 
f 1462/848/1479 1434/852/1451 1352/703/1368 
f 1352/703/1368 1351/702/1367 1462/848/1479 
f 1461/846/1478 1433/853/1450 1434/852/1451 
f 1434/852/1451 1462/848/1479 1461/846/1478 
f 1460/847/1477 1432/854/1449 1433/853/1450 
f 1433/853/1450 1461/846/1478 1460/847/1477 
f 1453/832/1470 1416/833/1432 1432/854/1449 
f 1432/854/1449 1460/847/1477 1453/832/1470 
f 1452/831/1469 1453/832/1470 1460/847/1477 
f 1460/847/1477 1455/843/1472 1452/831/1469 
f 1450/830/1467 1452/831/1469 1455/843/1472 
f 1455/843/1472 1454/840/1471 1450/830/1467 
f 1466/855/1483 1467/858/1484 1468/857/1485 
f 1468/857/1485 1469/856/1486 1466/855/1483 
f 1469/856/1486 1468/857/1485 1470/860/1487 
f 1470/860/1487 1471/859/1488 1469/856/1486 
f 1467/858/1484 1472/862/1489 1473/861/1490 
f 1473/861/1490 1468/857/1485 1467/858/1484 
f 1468/857/1485 1473/861/1490 1474/863/1491 
f 1474/863/1491 1470/860/1487 1468/857/1485 
f 1378/864/1394 1380/866/1396 1466/855/1483 
f 1466/855/1483 1475/865/1492 1378/864/1394 
f 1475/865/1492 1466/855/1483 1469/856/1486 
f 1469/856/1486 1476/867/1493 1475/865/1492 
f 1476/867/1493 1469/856/1486 1471/859/1488 
f 1471/859/1488 1477/868/1494 1476/867/1493 
f 1477/868/1494 1471/859/1488 1478/870/1495 
f 1478/870/1495 1479/869/1496 1477/868/1494 
f 1471/859/1488 1470/860/1487 1480/871/1497 
f 1480/871/1497 1478/870/1495 1471/859/1488 
f 1470/860/1487 1474/863/1491 1481/872/1498 
f 1481/872/1498 1480/871/1497 1470/860/1487 
f 1474/863/1491 1449/874/1466 1451/873/1468 
f 1451/873/1468 1481/872/1498 1474/863/1491 
f 1473/861/1490 1448/875/1465 1449/874/1466 
f 1449/874/1466 1474/863/1491 1473/861/1490 
f 1472/862/1489 1447/876/1464 1448/875/1465 
f 1448/875/1465 1473/861/1490 1472/862/1489 
f 1382/877/1398 1384/878/1400 1447/876/1464 
f 1447/876/1464 1472/862/1489 1382/877/1398 
f 1381/879/1397 1382/877/1398 1472/862/1489 
f 1472/862/1489 1467/858/1484 1381/879/1397 
f 1380/866/1396 1381/879/1397 1467/858/1484 
f 1467/858/1484 1466/855/1483 1380/866/1396 
f 1482/880/1499 1483/883/1500 1484/882/1501 
f 1484/882/1501 1485/881/1502 1482/880/1499 
f 1485/881/1502 1484/882/1501 1486/885/1503 
f 1486/885/1503 1487/884/1504 1485/881/1502 
f 1483/883/1500 1488/887/1505 1489/886/1506 
f 1489/886/1506 1484/882/1501 1483/883/1500 
f 1484/882/1501 1489/886/1506 1490/888/1507 
f 1490/888/1507 1486/885/1503 1484/882/1501 
f 1479/869/1496 1478/870/1495 1482/880/1499 
f 1482/880/1499 1491/889/1508 1479/869/1496 
f 1491/889/1508 1482/880/1499 1485/881/1502 
f 1485/881/1502 1492/890/1509 1491/889/1508 
f 1492/890/1509 1485/881/1502 1487/884/1504 
f 1487/884/1504 1493/891/1510 1492/890/1509 
f 1493/891/1510 1487/884/1504 1323/893/1339 
f 1323/893/1339 1312/892/1328 1493/891/1510 
f 1487/884/1504 1486/885/1503 1333/894/1349 
f 1333/894/1349 1323/893/1339 1487/884/1504 
f 1486/885/1503 1490/888/1507 1331/895/1347 
f 1331/895/1347 1333/894/1349 1486/885/1503 
f 1490/888/1507 1465/897/1482 1332/896/1348 
f 1332/896/1348 1331/895/1347 1490/888/1507 
f 1489/886/1506 1464/898/1481 1465/897/1482 
f 1465/897/1482 1490/888/1507 1489/886/1506 
f 1488/887/1505 1463/899/1480 1464/898/1481 
f 1464/898/1481 1489/886/1506 1488/887/1505 
f 1481/872/1498 1451/873/1468 1463/899/1480 
f 1463/899/1480 1488/887/1505 1481/872/1498 
f 1480/871/1497 1481/872/1498 1488/887/1505 
f 1488/887/1505 1483/883/1500 1480/871/1497 
f 1478/870/1495 1480/871/1497 1483/883/1500 
f 1483/883/1500 1482/880/1499 1478/870/1495 
f 1494/900/1511 1495/903/1512 1496/902/1513 
f 1496/902/1513 1497/901/1514 1494/900/1511 
f 1497/901/1514 1496/902/1513 1498/905/1515 
f 1498/905/1515 1499/904/1516 1497/901/1514 
f 1495/903/1512 1500/907/1517 1501/906/1518 
f 1501/906/1518 1496/902/1513 1495/903/1512 
f 1496/902/1513 1501/906/1518 1502/908/1519 
f 1502/908/1519 1498/905/1515 1496/902/1513 
f 1392/909/1408 1391/911/1407 1494/900/1511 
f 1494/900/1511 1422/910/1438 1392/909/1408 
f 1422/910/1438 1494/900/1511 1497/901/1514 
f 1497/901/1514 1421/912/1437 1422/910/1438 
f 1421/912/1437 1497/901/1514 1499/904/1516 
f 1499/904/1516 1419/913/1435 1421/912/1437 
f 1419/913/1435 1499/904/1516 1503/915/1520 
f 1503/915/1520 1420/914/1436 1419/913/1435 
f 1499/904/1516 1498/905/1515 1504/916/1521 
f 1504/916/1521 1503/915/1520 1499/904/1516 
f 1498/905/1515 1502/908/1519 1505/917/1522 
f 1505/917/1522 1504/916/1521 1498/905/1515 
f 1502/908/1519 1477/919/1494 1479/918/1496 
f 1479/918/1496 1505/917/1522 1502/908/1519 
f 1501/906/1518 1476/920/1493 1477/919/1494 
f 1477/919/1494 1502/908/1519 1501/906/1518 
f 1500/907/1517 1475/921/1492 1476/920/1493 
f 1476/920/1493 1501/906/1518 1500/907/1517 
f 1379/922/1395 1378/923/1394 1475/921/1492 
f 1475/921/1492 1500/907/1517 1379/922/1395 
f 1393/924/1523 1379/922/1395 1500/907/1517 
f 1500/907/1517 1495/903/1512 1393/924/1523 
f 1391/911/1407 1393/924/1523 1495/903/1512 
f 1495/903/1512 1494/900/1511 1391/911/1407 
f 1506/925/1524 1507/928/1525 1508/927/1526 
f 1508/927/1526 1509/926/1527 1506/925/1524 
f 1509/926/1527 1508/927/1526 1510/930/1528 
f 1510/930/1528 1511/929/1529 1509/926/1527 
f 1507/928/1525 1512/932/1530 1513/931/1531 
f 1513/931/1531 1508/927/1526 1507/928/1525 
f 1508/927/1526 1513/931/1531 1514/933/1532 
f 1514/933/1532 1510/930/1528 1508/927/1526 
f 1420/914/1436 1503/915/1520 1506/925/1524 
f 1506/925/1524 1437/934/1454 1420/914/1436 
f 1437/934/1454 1506/925/1524 1509/926/1527 
f 1509/926/1527 1436/935/1453 1437/934/1454 
f 1436/935/1453 1509/926/1527 1511/929/1529 
f 1511/929/1529 1435/936/1452 1436/935/1453 
f 1435/936/1452 1511/929/1529 1299/641/1315 
f 1299/641/1315 1298/639/1314 1435/936/1452 
f 1511/929/1529 1510/930/1528 1313/654/1329 
f 1313/654/1329 1299/641/1315 1511/929/1529 
f 1510/930/1528 1514/933/1532 1311/652/1327 
f 1311/652/1327 1313/654/1329 1510/930/1528 
f 1514/933/1532 1493/937/1510 1312/653/1328 
f 1312/653/1328 1311/652/1327 1514/933/1532 
f 1513/931/1531 1492/938/1509 1493/937/1510 
f 1493/937/1510 1514/933/1532 1513/931/1531 
f 1512/932/1530 1491/939/1508 1492/938/1509 
f 1492/938/1509 1513/931/1531 1512/932/1530 
f 1505/917/1522 1479/918/1496 1491/939/1508 
f 1491/939/1508 1512/932/1530 1505/917/1522 
f 1504/916/1521 1505/917/1522 1512/932/1530 
f 1512/932/1530 1507/928/1525 1504/916/1521 
f 1503/915/1520 1504/916/1521 1507/928/1525 
f 1507/928/1525 1506/925/1524 1503/915/1520 
f 1515/630/1533 1516/631/1534 1517/632/1535 
f 1517/632/1535 1518/633/1536 1515/630/1533 
f 1516/631/1534 1519/634/1537 1520/635/1538 
f 1520/635/1538 1517/632/1535 1516/631/1534 
f 1518/633/1536 1517/632/1535 1521/636/1539 
f 1521/636/1539 1522/637/1540 1518/633/1536 
f 1517/632/1535 1520/635/1538 1523/638/1541 
f 1523/638/1541 1521/636/1539 1517/632/1535 
f 1524/639/1542 1525/640/1543 1515/630/1533 
f 1515/630/1533 1526/641/1544 1524/639/1542 
f 1525/640/1543 1527/642/1545 1516/631/1534 
f 1516/631/1534 1515/630/1533 1525/640/1543 
f 1527/642/1545 1528/643/1546 1519/634/1537 
f 1519/634/1537 1516/631/1534 1527/642/1545 
f 1528/643/1546 1529/644/1547 1530/645/1548 
f 1530/645/1548 1519/634/1537 1528/643/1546 
f 1519/634/1537 1530/645/1548 1531/646/1549 
f 1531/646/1549 1520/635/1538 1519/634/1537 
f 1520/635/1538 1531/646/1549 1532/647/1550 
f 1532/647/1550 1523/638/1541 1520/635/1538 
f 1523/638/1541 1532/647/1550 1533/648/1551 
f 1533/648/1551 1534/649/1552 1523/638/1541 
f 1521/636/1539 1523/638/1541 1534/649/1552 
f 1534/649/1552 1535/650/1553 1521/636/1539 
f 1522/637/1540 1521/636/1539 1535/650/1553 
f 1535/650/1553 1536/651/1554 1522/637/1540 
f 1537/652/1555 1522/637/1540 1536/651/1554 
f 1536/651/1554 1538/653/1556 1537/652/1555 
f 1539/654/1557 1518/633/1536 1522/637/1540 
f 1522/637/1540 1537/652/1555 1539/654/1557 
f 1526/641/1544 1515/630/1533 1518/633/1536 
f 1518/633/1536 1539/654/1557 1526/641/1544 
f 1540/655/1558 1541/656/1559 1542/657/1560 
f 1542/657/1560 1543/658/1561 1540/655/1558 
f 1541/656/1559 1544/659/1562 1545/660/1563 
f 1545/660/1563 1542/657/1560 1541/656/1559 
f 1543/658/1561 1542/657/1560 1546/661/1564 
f 1546/661/1564 1547/662/1565 1543/658/1561 
f 1542/657/1560 1545/660/1563 1548/663/1566 
f 1548/663/1566 1546/661/1564 1542/657/1560 
f 1538/664/1556 1536/665/1554 1540/655/1558 
f 1540/655/1558 1549/666/1567 1538/664/1556 
f 1536/665/1554 1535/667/1553 1541/656/1559 
f 1541/656/1559 1540/655/1558 1536/665/1554 
f 1535/667/1553 1534/668/1552 1544/659/1562 
f 1544/659/1562 1541/656/1559 1535/667/1553 
f 1534/668/1552 1533/669/1551 1550/670/1568 
f 1550/670/1568 1544/659/1562 1534/668/1552 
f 1544/659/1562 1550/670/1568 1551/671/1569 
f 1551/671/1569 1545/660/1563 1544/659/1562 
f 1545/660/1563 1551/671/1569 1552/672/1570 
f 1552/672/1570 1548/663/1566 1545/660/1563 
f 1548/663/1566 1552/672/1570 1553/673/1571 
f 1553/673/1571 1554/674/1572 1548/663/1566 
f 1546/661/1564 1548/663/1566 1554/674/1572 
f 1554/674/1572 1555/675/1573 1546/661/1564 
f 1547/662/1565 1546/661/1564 1555/675/1573 
f 1555/675/1573 1556/676/1574 1547/662/1565 
f 1557/677/1575 1547/662/1565 1556/676/1574 
f 1556/676/1574 1558/678/1576 1557/677/1575 
f 1559/679/1577 1543/658/1561 1547/662/1565 
f 1547/662/1565 1557/677/1575 1559/679/1577 
f 1549/666/1567 1540/655/1558 1543/658/1561 
f 1543/658/1561 1559/679/1577 1549/666/1567 
f 1560/680/1578 1561/681/1579 1562/682/1580 
f 1562/682/1580 1563/683/1581 1560/680/1578 
f 1561/681/1579 1564/684/1582 1565/685/1583 
f 1565/685/1583 1562/682/1580 1561/681/1579 
f 1563/683/1581 1562/682/1580 1566/686/1584 
f 1566/686/1584 1567/687/1585 1563/683/1581 
f 1562/682/1580 1565/685/1583 1568/688/1586 
f 1568/688/1586 1566/686/1584 1562/682/1580 
f 1558/689/1576 1556/690/1574 1560/680/1578 
f 1560/680/1578 1569/691/1587 1558/689/1576 
f 1556/690/1574 1555/692/1573 1561/681/1579 
f 1561/681/1579 1560/680/1578 1556/690/1574 
f 1555/692/1573 1554/693/1572 1564/684/1582 
f 1564/684/1582 1561/681/1579 1555/692/1573 
f 1554/693/1572 1553/694/1571 1570/695/1588 
f 1570/695/1588 1564/684/1582 1554/693/1572 
f 1564/684/1582 1570/695/1588 1571/696/1589 
f 1571/696/1589 1565/685/1583 1564/684/1582 
f 1565/685/1583 1571/696/1589 1572/697/1590 
f 1572/697/1590 1568/688/1586 1565/685/1583 
f 1568/688/1586 1572/697/1590 1573/698/1591 
f 1573/698/1591 1574/699/1592 1568/688/1586 
f 1566/686/1584 1568/688/1586 1574/699/1592 
f 1574/699/1592 1575/700/1593 1566/686/1584 
f 1567/687/1585 1566/686/1584 1575/700/1593 
f 1575/700/1593 1576/701/1594 1567/687/1585 
f 1577/702/1595 1567/687/1585 1576/701/1594 
f 1576/701/1594 1578/703/1596 1577/702/1595 
f 1579/704/1597 1563/683/1581 1567/687/1585 
f 1567/687/1585 1577/702/1595 1579/704/1597 
f 1569/691/1587 1560/680/1578 1563/683/1581 
f 1563/683/1581 1579/704/1597 1569/691/1587 
f 1580/705/1598 1581/706/1599 1582/707/1600 
f 1582/707/1600 1583/708/1601 1580/705/1598 
f 1581/706/1599 1584/709/1602 1585/710/1603 
f 1585/710/1603 1582/707/1600 1581/706/1599 
f 1583/708/1601 1582/707/1600 1586/711/1604 
f 1586/711/1604 1587/712/1605 1583/708/1601 
f 1582/707/1600 1585/710/1603 1588/713/1606 
f 1588/713/1606 1586/711/1604 1582/707/1600 
f 1578/714/1596 1576/715/1594 1580/705/1598 
f 1580/705/1598 1589/716/1607 1578/714/1596 
f 1576/715/1594 1575/717/1593 1581/706/1599 
f 1581/706/1599 1580/705/1598 1576/715/1594 
f 1575/717/1593 1574/718/1592 1584/709/1602 
f 1584/709/1602 1581/706/1599 1575/717/1593 
f 1574/718/1592 1573/719/1591 1590/720/1608 
f 1590/720/1608 1584/709/1602 1574/718/1592 
f 1584/709/1602 1590/720/1608 1591/721/1609 
f 1591/721/1609 1585/710/1603 1584/709/1602 
f 1585/710/1603 1591/721/1609 1592/722/1610 
f 1592/722/1610 1588/713/1606 1585/710/1603 
f 1588/713/1606 1592/722/1610 1529/723/1547 
f 1529/723/1547 1528/724/1546 1588/713/1606 
f 1586/711/1604 1588/713/1606 1528/724/1546 
f 1528/724/1546 1527/725/1545 1586/711/1604 
f 1587/712/1605 1586/711/1604 1527/725/1545 
f 1527/725/1545 1525/726/1543 1587/712/1605 
f 1593/727/1611 1587/712/1605 1525/726/1543 
f 1525/726/1543 1524/728/1542 1593/727/1611 
f 1594/729/1612 1583/708/1601 1587/712/1605 
f 1587/712/1605 1593/727/1611 1594/729/1612 
f 1589/716/1607 1580/705/1598 1583/708/1601 
f 1583/708/1601 1594/729/1612 1589/716/1607 
f 1595/730/1613 1596/731/1614 1597/732/1615 
f 1597/732/1615 1598/733/1616 1595/730/1613 
f 1596/731/1614 1599/734/1617 1600/735/1618 
f 1600/735/1618 1597/732/1615 1596/731/1614 
f 1598/733/1616 1597/732/1615 1601/736/1619 
f 1601/736/1619 1602/737/1620 1598/733/1616 
f 1597/732/1615 1600/735/1618 1603/738/1621 
f 1603/738/1621 1601/736/1619 1597/732/1615 
f 1604/739/1622 1605/740/1623 1595/730/1613 
f 1595/730/1613 1606/741/1624 1604/739/1622 
f 1605/740/1623 1607/742/1625 1596/731/1614 
f 1596/731/1614 1595/730/1613 1605/740/1623 
f 1607/742/1625 1608/743/1626 1599/734/1617 
f 1599/734/1617 1596/731/1614 1607/742/1625 
f 1608/743/1626 1609/744/1627 1610/745/1628 
f 1610/745/1628 1599/734/1617 1608/743/1626 
f 1599/734/1617 1610/745/1628 1611/746/1629 
f 1611/746/1629 1600/735/1618 1599/734/1617 
f 1600/735/1618 1611/746/1629 1612/747/1630 
f 1612/747/1630 1603/738/1621 1600/735/1618 
f 1603/738/1621 1612/747/1630 1613/748/1631 
f 1613/748/1631 1614/749/1632 1603/738/1621 
f 1601/736/1619 1603/738/1621 1614/749/1632 
f 1614/749/1632 1615/750/1633 1601/736/1619 
f 1602/737/1620 1601/736/1619 1615/750/1633 
f 1615/750/1633 1616/751/1634 1602/737/1620 
f 1617/752/1635 1602/737/1620 1616/751/1634 
f 1616/751/1634 1618/753/1636 1617/752/1635 
f 1619/754/1637 1598/733/1616 1602/737/1620 
f 1602/737/1620 1617/752/1635 1619/754/1637 
f 1606/741/1624 1595/730/1613 1598/733/1616 
f 1598/733/1616 1619/754/1637 1606/741/1624 
f 1620/755/1638 1621/756/1639 1622/757/1640 
f 1622/757/1640 1623/758/1641 1620/755/1638 
f 1621/756/1639 1624/759/1642 1625/760/1643 
f 1625/760/1643 1622/757/1640 1621/756/1639 
f 1623/758/1641 1622/757/1640 1626/761/1644 
f 1626/761/1644 1627/762/1645 1623/758/1641 
f 1622/757/1640 1625/760/1643 1628/763/1646 
f 1628/763/1646 1626/761/1644 1622/757/1640 
f 1553/694/1571 1552/764/1570 1620/755/1638 
f 1620/755/1638 1570/695/1588 1553/694/1571 
f 1552/764/1570 1551/765/1569 1621/756/1639 
f 1621/756/1639 1620/755/1638 1552/764/1570 
f 1551/765/1569 1550/766/1568 1624/759/1642 
f 1624/759/1642 1621/756/1639 1551/765/1569 
f 1550/766/1568 1533/767/1551 1532/768/1550 
f 1532/768/1550 1624/759/1642 1550/766/1568 
f 1624/759/1642 1532/768/1550 1531/769/1549 
f 1531/769/1549 1625/760/1643 1624/759/1642 
f 1625/760/1643 1531/769/1549 1530/770/1548 
f 1530/770/1548 1628/763/1646 1625/760/1643 
f 1628/763/1646 1530/770/1548 1529/771/1547 
f 1529/771/1547 1592/772/1610 1628/763/1646 
f 1626/761/1644 1628/763/1646 1592/772/1610 
f 1592/772/1610 1591/773/1609 1626/761/1644 
f 1627/762/1645 1626/761/1644 1591/773/1609 
f 1591/773/1609 1590/774/1608 1627/762/1645 
f 1572/697/1590 1627/762/1645 1590/774/1608 
f 1590/774/1608 1573/698/1591 1572/697/1590 
f 1571/696/1589 1623/758/1641 1627/762/1645 
f 1627/762/1645 1572/697/1590 1571/696/1589 
f 1570/695/1588 1620/755/1638 1623/758/1641 
f 1623/758/1641 1571/696/1589 1570/695/1588 
f 1629/775/1647 1630/776/1648 1631/777/1649 
f 1631/777/1649 1632/778/1650 1629/775/1647 
f 1630/776/1648 1633/779/1651 1634/780/1652 
f 1634/780/1652 1631/777/1649 1630/776/1648 
f 1632/778/1650 1631/777/1649 1635/781/1653 
f 1635/781/1653 1636/782/1654 1632/778/1650 
f 1631/777/1649 1634/780/1652 1637/783/1655 
f 1637/783/1655 1635/781/1653 1631/777/1649 
f 1613/784/1631 1638/785/1656 1629/775/1647 
f 1629/775/1647 1614/786/1632 1613/784/1631 
f 1638/785/1656 1639/787/1657 1630/776/1648 
f 1630/776/1648 1629/775/1647 1638/785/1656 
f 1639/787/1657 1640/788/1658 1633/779/1651 
f 1633/779/1651 1630/776/1648 1639/787/1657 
f 1640/788/1658 1641/789/1659 1642/790/1660 
f 1642/790/1660 1633/779/1651 1640/788/1658 
f 1633/779/1651 1642/790/1660 1643/791/1661 
f 1643/791/1661 1634/780/1652 1633/779/1651 
f 1634/780/1652 1643/791/1661 1644/792/1662 
f 1644/792/1662 1637/783/1655 1634/780/1652 
f 1637/783/1655 1644/792/1662 1645/793/1663 
f 1645/793/1663 1646/794/1664 1637/783/1655 
f 1635/781/1653 1637/783/1655 1646/794/1664 
f 1646/794/1664 1647/795/1665 1635/781/1653 
f 1636/782/1654 1635/781/1653 1647/795/1665 
f 1647/795/1665 1648/796/1666 1636/782/1654 
f 1616/797/1634 1636/782/1654 1648/796/1666 
f 1648/796/1666 1618/798/1636 1616/797/1634 
f 1615/799/1667 1632/778/1650 1636/782/1654 
f 1636/782/1654 1616/797/1634 1615/799/1667 
f 1614/786/1632 1629/775/1647 1632/778/1650 
f 1632/778/1650 1615/799/1667 1614/786/1632 
f 1649/800/1668 1650/801/1669 1651/802/1670 
f 1651/802/1670 1652/803/1671 1649/800/1668 
f 1650/801/1669 1653/804/1672 1654/805/1673 
f 1654/805/1673 1651/802/1670 1650/801/1669 
f 1652/803/1671 1651/802/1670 1655/806/1674 
f 1655/806/1674 1656/807/1675 1652/803/1671 
f 1651/802/1670 1654/805/1673 1657/808/1676 
f 1657/808/1676 1655/806/1674 1651/802/1670 
f 1641/789/1659 1658/809/1677 1649/800/1668 
f 1649/800/1668 1642/790/1660 1641/789/1659 
f 1658/809/1677 1659/810/1678 1650/801/1669 
f 1650/801/1669 1649/800/1668 1658/809/1677 
f 1659/810/1678 1660/811/1679 1653/804/1672 
f 1653/804/1672 1650/801/1669 1659/810/1678 
f 1660/811/1679 1578/714/1596 1589/716/1607 
f 1589/716/1607 1653/804/1672 1660/811/1679 
f 1653/804/1672 1589/716/1607 1594/729/1612 
f 1594/729/1612 1654/805/1673 1653/804/1672 
f 1654/805/1673 1594/729/1612 1593/727/1611 
f 1593/727/1611 1657/808/1676 1654/805/1673 
f 1657/808/1676 1593/727/1611 1524/728/1542 
f 1524/728/1542 1661/812/1680 1657/808/1676 
f 1655/806/1674 1657/808/1676 1661/812/1680 
f 1661/812/1680 1662/813/1681 1655/806/1674 
f 1656/807/1675 1655/806/1674 1662/813/1681 
f 1662/813/1681 1663/814/1682 1656/807/1675 
f 1644/792/1662 1656/807/1675 1663/814/1682 
f 1663/814/1682 1645/793/1663 1644/792/1662 
f 1643/791/1661 1652/803/1671 1656/807/1675 
f 1656/807/1675 1644/792/1662 1643/791/1661 
f 1642/790/1660 1649/800/1668 1652/803/1671 
f 1652/803/1671 1643/791/1661 1642/790/1660 
f 1664/815/1683 1665/816/1684 1666/817/1685 
f 1666/817/1685 1667/818/1686 1664/815/1683 
f 1665/816/1684 1668/819/1687 1669/820/1688 
f 1669/820/1688 1666/817/1685 1665/816/1684 
f 1667/818/1686 1666/817/1685 1670/821/1689 
f 1670/821/1689 1671/822/1690 1667/818/1686 
f 1666/817/1685 1669/820/1688 1672/823/1691 
f 1672/823/1691 1670/821/1689 1666/817/1685 
f 1609/824/1627 1673/825/1692 1664/815/1683 
f 1664/815/1683 1610/826/1628 1609/824/1627 
f 1673/825/1692 1674/827/1693 1665/816/1684 
f 1665/816/1684 1664/815/1683 1673/825/1692 
f 1674/827/1693 1675/828/1694 1668/819/1687 
f 1668/819/1687 1665/816/1684 1674/827/1693 
f 1675/828/1694 1676/829/1695 1677/830/1696 
f 1677/830/1696 1668/819/1687 1675/828/1694 
f 1668/819/1687 1677/830/1696 1678/831/1697 
f 1678/831/1697 1669/820/1688 1668/819/1687 
f 1669/820/1688 1678/831/1697 1679/832/1698 
f 1679/832/1698 1672/823/1691 1669/820/1688 
f 1672/823/1691 1679/832/1698 1641/833/1659 
f 1641/833/1659 1640/834/1658 1672/823/1691 
f 1670/821/1689 1672/823/1691 1640/834/1658 
f 1640/834/1658 1639/835/1657 1670/821/1689 
f 1671/822/1690 1670/821/1689 1639/835/1657 
f 1639/835/1657 1638/836/1656 1671/822/1690 
f 1612/837/1630 1671/822/1690 1638/836/1656 
f 1638/836/1656 1613/838/1631 1612/837/1630 
f 1611/839/1629 1667/818/1686 1671/822/1690 
f 1671/822/1690 1612/837/1630 1611/839/1629 
f 1610/826/1628 1664/815/1683 1667/818/1686 
f 1667/818/1686 1611/839/1629 1610/826/1628 
f 1680/840/1699 1681/841/1700 1682/842/1701 
f 1682/842/1701 1683/843/1702 1680/840/1699 
f 1681/841/1700 1684/844/1703 1685/845/1704 
f 1685/845/1704 1682/842/1701 1681/841/1700 
f 1683/843/1702 1682/842/1701 1686/846/1705 
f 1686/846/1705 1687/847/1706 1683/843/1702 
f 1682/842/1701 1685/845/1704 1688/848/1707 
f 1688/848/1707 1686/846/1705 1682/842/1701 
f 1676/829/1695 1689/849/1708 1680/840/1699 
f 1680/840/1699 1677/830/1696 1676/829/1695 
f 1689/849/1708 1690/850/1709 1681/841/1700 
f 1681/841/1700 1680/840/1699 1689/849/1708 
f 1690/850/1709 1691/851/1710 1684/844/1703 
f 1684/844/1703 1681/841/1700 1690/850/1709 
f 1691/851/1710 1558/689/1576 1569/691/1587 
f 1569/691/1587 1684/844/1703 1691/851/1710 
f 1684/844/1703 1569/691/1587 1579/704/1597 
f 1579/704/1597 1685/845/1704 1684/844/1703 
f 1685/845/1704 1579/704/1597 1577/702/1595 
f 1577/702/1595 1688/848/1707 1685/845/1704 
f 1688/848/1707 1577/702/1595 1578/703/1596 
f 1578/703/1596 1660/852/1679 1688/848/1707 
f 1686/846/1705 1688/848/1707 1660/852/1679 
f 1660/852/1679 1659/853/1678 1686/846/1705 
f 1687/847/1706 1686/846/1705 1659/853/1678 
f 1659/853/1678 1658/854/1677 1687/847/1706 
f 1679/832/1698 1687/847/1706 1658/854/1677 
f 1658/854/1677 1641/833/1659 1679/832/1698 
f 1678/831/1697 1683/843/1702 1687/847/1706 
f 1687/847/1706 1679/832/1698 1678/831/1697 
f 1677/830/1696 1680/840/1699 1683/843/1702 
f 1683/843/1702 1678/831/1697 1677/830/1696 
f 1692/855/1711 1693/856/1712 1694/857/1713 
f 1694/857/1713 1695/858/1714 1692/855/1711 
f 1693/856/1712 1696/859/1715 1697/860/1716 
f 1697/860/1716 1694/857/1713 1693/856/1712 
f 1695/858/1714 1694/857/1713 1698/861/1717 
f 1698/861/1717 1699/862/1718 1695/858/1714 
f 1694/857/1713 1697/860/1716 1700/863/1719 
f 1700/863/1719 1698/861/1717 1694/857/1713 
f 1604/864/1622 1701/865/1720 1692/855/1711 
f 1692/855/1711 1605/866/1623 1604/864/1622 
f 1701/865/1720 1702/867/1721 1693/856/1712 
f 1693/856/1712 1692/855/1711 1701/865/1720 
f 1702/867/1721 1703/868/1722 1696/859/1715 
f 1696/859/1715 1693/856/1712 1702/867/1721 
f 1703/868/1722 1704/869/1723 1705/870/1724 
f 1705/870/1724 1696/859/1715 1703/868/1722 
f 1696/859/1715 1705/870/1724 1706/871/1725 
f 1706/871/1725 1697/860/1716 1696/859/1715 
f 1697/860/1716 1706/871/1725 1707/872/1726 
f 1707/872/1726 1700/863/1719 1697/860/1716 
f 1700/863/1719 1707/872/1726 1676/873/1695 
f 1676/873/1695 1675/874/1694 1700/863/1719 
f 1698/861/1717 1700/863/1719 1675/874/1694 
f 1675/874/1694 1674/875/1693 1698/861/1717 
f 1699/862/1718 1698/861/1717 1674/875/1693 
f 1674/875/1693 1673/876/1692 1699/862/1718 
f 1608/877/1626 1699/862/1718 1673/876/1692 
f 1673/876/1692 1609/878/1627 1608/877/1626 
f 1607/879/1625 1695/858/1714 1699/862/1718 
f 1699/862/1718 1608/877/1626 1607/879/1625 
f 1605/866/1623 1692/855/1711 1695/858/1714 
f 1695/858/1714 1607/879/1625 1605/866/1623 
f 1708/880/1727 1709/881/1728 1710/882/1729 
f 1710/882/1729 1711/883/1730 1708/880/1727 
f 1709/881/1728 1712/884/1731 1713/885/1732 
f 1713/885/1732 1710/882/1729 1709/881/1728 
f 1711/883/1730 1710/882/1729 1714/886/1733 
f 1714/886/1733 1715/887/1734 1711/883/1730 
f 1710/882/1729 1713/885/1732 1716/888/1735 
f 1716/888/1735 1714/886/1733 1710/882/1729 
f 1704/869/1723 1717/889/1736 1708/880/1727 
f 1708/880/1727 1705/870/1724 1704/869/1723 
f 1717/889/1736 1718/890/1737 1709/881/1728 
f 1709/881/1728 1708/880/1727 1717/889/1736 
f 1718/890/1737 1719/891/1738 1712/884/1731 
f 1712/884/1731 1709/881/1728 1718/890/1737 
f 1719/891/1738 1538/892/1556 1549/893/1567 
f 1549/893/1567 1712/884/1731 1719/891/1738 
f 1712/884/1731 1549/893/1567 1559/894/1577 
f 1559/894/1577 1713/885/1732 1712/884/1731 
f 1713/885/1732 1559/894/1577 1557/895/1575 
f 1557/895/1575 1716/888/1735 1713/885/1732 
f 1716/888/1735 1557/895/1575 1558/896/1576 
f 1558/896/1576 1691/897/1710 1716/888/1735 
f 1714/886/1733 1716/888/1735 1691/897/1710 
f 1691/897/1710 1690/898/1709 1714/886/1733 
f 1715/887/1734 1714/886/1733 1690/898/1709 
f 1690/898/1709 1689/899/1708 1715/887/1734 
f 1707/872/1726 1715/887/1734 1689/899/1708 
f 1689/899/1708 1676/873/1695 1707/872/1726 
f 1706/871/1725 1711/883/1730 1715/887/1734 
f 1715/887/1734 1707/872/1726 1706/871/1725 
f 1705/870/1724 1708/880/1727 1711/883/1730 
f 1711/883/1730 1706/871/1725 1705/870/1724 
f 1720/900/1739 1721/901/1740 1722/902/1741 
f 1722/902/1741 1723/903/1742 1720/900/1739 
f 1721/901/1740 1724/904/1743 1725/905/1744 
f 1725/905/1744 1722/902/1741 1721/901/1740 
f 1723/903/1742 1722/902/1741 1726/906/1745 
f 1726/906/1745 1727/907/1746 1723/903/1742 
f 1722/902/1741 1725/905/1744 1728/908/1747 
f 1728/908/1747 1726/906/1745 1722/902/1741 
f 1618/909/1636 1648/910/1666 1720/900/1739 
f 1720/900/1739 1617/911/1635 1618/909/1636 
f 1648/910/1666 1647/912/1665 1721/901/1740 
f 1721/901/1740 1720/900/1739 1648/910/1666 
f 1647/912/1665 1646/913/1664 1724/904/1743 
f 1724/904/1743 1721/901/1740 1647/912/1665 
f 1646/913/1664 1645/914/1663 1729/915/1748 
f 1729/915/1748 1724/904/1743 1646/913/1664 
f 1724/904/1743 1729/915/1748 1730/916/1749 
f 1730/916/1749 1725/905/1744 1724/904/1743 
f 1725/905/1744 1730/916/1749 1731/917/1750 
f 1731/917/1750 1728/908/1747 1725/905/1744 
f 1728/908/1747 1731/917/1750 1704/918/1723 
f 1704/918/1723 1703/919/1722 1728/908/1747 
f 1726/906/1745 1728/908/1747 1703/919/1722 
f 1703/919/1722 1702/920/1721 1726/906/1745 
f 1727/907/1746 1726/906/1745 1702/920/1721 
f 1702/920/1721 1701/921/1720 1727/907/1746 
f 1606/922/1624 1727/907/1746 1701/921/1720 
f 1701/921/1720 1604/923/1622 1606/922/1624 
f 1619/924/1751 1723/903/1742 1727/907/1746 
f 1727/907/1746 1606/922/1624 1619/924/1751 
f 1617/911/1635 1720/900/1739 1723/903/1742 
f 1723/903/1742 1619/924/1751 1617/911/1635 
f 1732/925/1752 1733/926/1753 1734/927/1754 
f 1734/927/1754 1735/928/1755 1732/925/1752 
f 1733/926/1753 1736/929/1756 1737/930/1757 
f 1737/930/1757 1734/927/1754 1733/926/1753 
f 1735/928/1755 1734/927/1754 1738/931/1758 
f 1738/931/1758 1739/932/1759 1735/928/1755 
f 1734/927/1754 1737/930/1757 1740/933/1760 
f 1740/933/1760 1738/931/1758 1734/927/1754 
f 1645/914/1663 1663/934/1682 1732/925/1752 
f 1732/925/1752 1729/915/1748 1645/914/1663 
f 1663/934/1682 1662/935/1681 1733/926/1753 
f 1733/926/1753 1732/925/1752 1663/934/1682 
f 1662/935/1681 1661/936/1680 1736/929/1756 
f 1736/929/1756 1733/926/1753 1662/935/1681 
f 1661/936/1680 1524/639/1542 1526/641/1544 
f 1526/641/1544 1736/929/1756 1661/936/1680 
f 1736/929/1756 1526/641/1544 1539/654/1557 
f 1539/654/1557 1737/930/1757 1736/929/1756 
f 1737/930/1757 1539/654/1557 1537/652/1555 
f 1537/652/1555 1740/933/1760 1737/930/1757 
f 1740/933/1760 1537/652/1555 1538/653/1556 
f 1538/653/1556 1719/937/1738 1740/933/1760 
f 1738/931/1758 1740/933/1760 1719/937/1738 
f 1719/937/1738 1718/938/1737 1738/931/1758 
f 1739/932/1759 1738/931/1758 1718/938/1737 
f 1718/938/1737 1717/939/1736 1739/932/1759 
f 1731/917/1750 1739/932/1759 1717/939/1736 
f 1717/939/1736 1704/918/1723 1731/917/1750 
f 1730/916/1749 1735/928/1755 1739/932/1759 
f 1739/932/1759 1731/917/1750 1730/916/1749 
f 1729/915/1748 1732/925/1752 1735/928/1755 
f 1735/928/1755 1730/916/1749 1729/915/1748 
# 1792 faces

